time_s,torque,deflection
0.488203763961792,0.0037665201783783865,96934.755
0.5838344097137451,-0.00027559903744232096,96934.87950000001
0.6786890029907227,0.0037665201783783865,96935.59155000001
0.7738392353057861,0.010748362460250517,96937.13239500002
0.8685517311096191,-0.009002901889782484,96939.01915550003
0.9687213897705078,0.009370367273038912,96936.31723995003
1.0685646533966064,-0.0006430644206987489,96937.38551595503
1.1690223217010498,0.004042119215820707,96936.94696435954
1.268662929534912,0.0004593317290705349,96934.75226792358
1.3684942722320557,0.00018373269162821396,96934.97704113122
1.46864652633667,0.0031234557576796376,96933.5793370181
1.5686960220336914,0.0031234557576796376,96935.1214033163
1.6684064865112305,-0.0007349307665128559,96936.50926298466
1.7684128284454346,0.006063178823731061,96935.9583366862
1.868621826171875,0.00018373269162821396,96936.86250301759
1.9691364765167236,-0.0008267971123269628,96937.47625271583
2.068777561187744,0.0029397230660514234,96935.82862744425
2.169102191925049,-0.0007349307665128559,96936.74576469982
2.268437147140503,0.0026641240286091024,96935.37118822985
2.3692569732666016,0.0013779951872116046,96935.83406940688
2.4684712886810303,-0.0010105298039551768,96936.15066246619
2.569086790084839,0.006798109590243916,96935.03559621958
2.6688103675842285,9.186634581410698e-05,96936.73203659762
2.7687690258026123,-0.0038583865241924933,96937.15883293787
2.869110107421875,0.004133985561634814,96937.34294964408
2.9687111377716064,-0.0011942624955833907,96938.50865467967
3.06908917427063,0.004685183636519456,96937.95778921171
3.1693577766418457,0.0022047922995385677,96939.76201029055
3.268596649169922,-0.003674653832564279,96940.0858092615
3.3686883449554443,0.0061550451695451674,96940.37722833535
3.468395948410034,-0.005971312477916954,96941.43950550182
3.56876277923584,0.0021129259537244604,96941.69555495164
3.6685757637023926,0.0031234557576796376,96942.52599945648
3.7686922550201416,-0.0004593317290705349,96942.37339951085
3.869274139404297,0.0030315894118655303,96941.53605955976
3.968754768371582,0.0010105298039551768,96942.48245360379
4.068821668624878,-0.0011942624955833907,96941.93420824342
4.1685192584991455,0.0028478567202373166,96942.74078741908
4.268838405609131,-0.0016535942246539257,96942.06670867719
4.368815898895264,0.003399054795121958,96941.76003780946
4.468551158905029,0.0043177182532630285,96941.98403402852
4.569045543670654,0.00027559903744232096,96941.88563062568
4.668722867965698,0.004133985561634814,96941.69706756312
4.769093036651611,-0.0010105298039551768,96940.4273608068
4.868710041046143,0.0008267971123269628,96941.18462472613
4.9684693813323975,0.0018373269162821396,96941.4661622535
5.068826198577881,0.0014698615330257117,96941.21954602815
5.169062852859497,0.0026641240286091024,96941.49759142533
5.269272089004517,0.0005511980748846419,96939.9478322828
5.36909031867981,-9.186634581410698e-05,96940.35304905452
5.468631029129028,0.0034909211409360655,96940.51774414907
5.569187164306641,0.0011023961497692838,96939.46596973416
5.668584108352661,0.0011023961497692838,96939.31937276074
5.7690534591674805,0.00018373269162821396,96939.88743548468
5.869351148605347,0.0020210596079103535,96938.69869193621
5.968741416931152,0.0034909211409360655,96939.52882274259
6.068875312805176,-0.00036746538325642793,96940.17594046834
6.169058322906494,0.0016535942246539257,96938.65834642151
6.269050598144531,-0.0004593317290705349,96938.69251177936
6.36849308013916,-0.0014698615330257117,96939.22326060141
6.469254732131958,0.0008267971123269628,96938.10093454127
6.5688769817352295,0.0014698615330257117,96938.99084108714
6.668910503387451,0.0022966586453526745,96939.19175697844
6.769054174423218,-9.186634581410698e-05,96939.0725812806
6.868407249450684,0.0007349307665128559,96939.66532315254
6.969173908233643,0.0017454605704680327,96938.59879083728
7.068802118301392,0.0021129259537244604,96937.73891175355
7.168920993804932,0.0011942624955833907,96937.16502057819
7.268168687820435,0.0014698615330257117,96937.94851852038
7.369361639022827,-0.00036746538325642793,96938.65366666834
7.468583822250366,0.00018373269162821396,96938.08830000152
7.568312883377075,-0.00027559903744232096,96937.77947000136
7.668346881866455,0.0014698615330257117,96936.90152300122
7.76821756362915,0.0037665201783783865,96936.6113707011
7.868470191955566,0.0028478567202373166,96936.15023363098
7.968813180923462,-0.00027559903744232096,96936.73521026789
8.068297624588013,0.0020210596079103535,96936.2616892411
8.168179035186768,-0.0028478567202373166,96935.435520317
8.268508672714233,0.0011942624955833907,96934.5919682853
8.368452787399292,-0.0020210596079103535,96934.73277145678
8.468383312225342,9.186634581410698e-05,96936.85949431111
8.568222999572754,-0.00027559903744232096,96936.97354488
8.668600082397461,-0.0017454605704680327,96937.87619039201
8.768704891204834,-0.0022047922995385677,96938.9885713528
8.868401288986206,-0.004501450944891242,96940.28971421752
8.968333721160889,-0.0026641240286091024,96942.66074279576
9.068644762039185,-0.0030315894118655303,96943.6946685162
9.168507099151611,-0.0039502528700066,96943.82520166459
9.268423318862915,-0.0022966586453526745,96943.94268149813
9.368479251861572,-0.0016535942246539257,96944.24841334831
9.468516111373901,-0.0034909211409360655,96944.82357201348
9.56853985786438,-0.0019291932620962467,96944.94121481215
9.668462991714478,-0.0009186634581410698,96945.14709333093
9.768198728561401,-0.003399054795121958,96945.03238399784
9.868490934371948,-0.004777049982333563,96944.42914559806
9.968422889709473,-0.0022047922995385677,96943.68623103826
10.069123268127441,-0.004042119215820707,96943.31760793443
10.168195724487305,-0.0015617278788398188,96944.08584714099
10.268538236618042,-0.0039502528700066,96943.87726242689
10.369264841079712,-0.0024803913369808887,96945.3895361842
10.469017505645752,-0.0028478567202373166,96945.55058256577
10.568862438201904,-0.0033071884493078513,96945.1955243092
10.668928623199463,-0.0009186634581410698,96946.07597187826
10.768816471099854,-0.0030315894118655303,96946.56837469044
10.868780374526978,-0.0038583865241924933,96945.9115372214
10.968063116073608,-0.0019291932620962467,96946.72038349925
11.068377256393433,-0.005052649019775884,96947.24834514933
11.168368339538574,-0.004960782673961777,96946.7235106344
11.26834225654602,-0.004960782673961777,96947.25115957097
11.368206262588501,-0.0021129259537244604,96946.72604361387
11.4683518409729,-0.0023885249911667814,96946.25343925248
11.568241119384766,-0.0004593317290705349,96945.72809532724
11.668477058410645,-0.0039502528700066,96945.25528579453
11.768544435501099,-0.004777049982333563,96944.72975721507
11.868556499481201,-0.0032153221034937444,96944.15678149356
11.968571901321411,-0.003399054795121958,96944.6411033442
12.068403482437134,-0.0028478567202373166,96944.57699300977
12.16830039024353,-0.0024803913369808887,96944.21929370881
12.268486738204956,-0.0018373269162821396,96945.29736433794
12.36889910697937,-0.0019291932620962467,96945.46762790415
12.469017744064331,-0.0030315894118655303,96945.82086511372
12.568519115447998,-0.0022047922995385677,96945.03877860236
12.668579339981079,-0.003674653832564279,96944.83490074213
12.768535375595093,-0.0021129259537244604,96945.05141066792
12.868400573730469,-0.0022966586453526745,96945.04626960112
12.968568563461304,-0.0033071884493078513,96945.84164264101
13.068650245666504,-0.003399054795121958,96946.05747837691
13.168732643127441,-0.0010105298039551768,96945.35173053922
13.268364667892456,-0.0037665201783783865,96945.31655748529
13.369210004806519,-0.0021129259537244604,96945.28490173677
13.468748807907104,-0.0028478567202373166,96946.0564115631
13.569152593612671,-0.0014698615330257117,96944.35077040679
13.6682448387146,-0.0037665201783783865,96944.41569336611
13.768187284469604,-0.0011942624955833907,96944.77412402951
13.868665218353271,-0.0027559903744232093,96946.09671162657
13.96849799156189,-0.004225851907448921,96946.08704046391
14.068832397460938,-0.0028478567202373166,96945.37833641752
14.168719053268433,-0.003674653832564279,96945.54050277577
14.268769979476929,-0.003399054795121958,96946.0864524982
14.368444681167603,-0.0014698615330257117,96946.27780724839
14.469151973724365,-0.0025722576827949956,96946.15002652355
14.56873083114624,-0.0035827874867501723,96946.2350238712
14.668748378753662,-0.0021129259537244604,96944.81152148408
14.768736839294434,-0.0019291932620962467,96944.53036933567
14.868675708770752,-0.0022966586453526745,96944.2773324021
14.968804359436035,-0.0030315894118655303,96944.04959916188
15.068864583969116,-0.00036746538325642793,96943.3446392457
15.16901421546936,-0.0033071884493078513,96941.61017532114
15.269124984741211,-0.0030315894118655303,96940.74915778903
15.369159460067749,0.0005511980748846419,96941.77424201014
15.46837043762207,-0.0009186634581410698,96942.39681780913
15.568964004516602,0.0033071884493078513,96942.15713602823
15.669218301773071,-0.0007349307665128559,96942.0414224254
15.769240617752075,-0.00018373269162821396,96940.63728018287
15.86841082572937,0.0020210596079103535,96940.87355216459
15.96864652633667,0.0011942624955833907,96940.58619694813
16.068664073944092,-0.0004593317290705349,96941.52757725332
16.169291257858276,0.0022047922995385677,96940.27481952799
16.268866062164307,0.0017454605704680327,96940.3473375752
16.369189023971558,0.0014698615330257117,96939.31260381767
16.468708276748657,0.0016535942246539257,96938.8813434359
16.56911873817444,0.00036746538325642793,96939.49320909231
16.668421506881714,0.0011942624955833907,96938.64388818308
16.768826961517334,0.0005511980748846419,96937.87949936479
16.869165897369385,0.0011023961497692838,96937.4915494283
16.968701124191284,-0.0004593317290705349,96937.44239448548
17.069175958633423,-0.0012861288413974978,96936.29815503694
17.168753147125244,0.0025722576827949956,96935.46833953325
17.268626928329468,-0.0018373269162821396,96935.92150557993
17.368404388427734,0.0022047922995385677,96936.42935502194
17.468428373336792,-0.0005511980748846419,96936.18641951974
17.56849431991577,-0.00027559903744232096,96935.16777756778
17.668654203414917,-0.00027559903744232096,96935.15099981101
17.76828670501709,0.0010105298039551768,96935.13589982991
17.868387937545776,0.0020210596079103535,96935.12230984692
17.968564987182617,0.0011942624955833907,96936.01007886222
18.068524837493896,0.0019291932620962467,96936.409070976
18.1683292388916,0.0011942624955833907,96935.46816387841
18.268731832504272,-0.0009186634581410698,96936.12134749057
18.36868715286255,0.0,96936.9092127415
18.468585968017578,0.0019291932620962467,96937.41829146736
18.5682053565979,-0.0008267971123269628,96936.57646232062
18.668559312820435,-0.00018373269162821396,96936.21881608856
18.768800497055054,-9.186634581410698e-05,96937.19693447971
18.868612051010132,0.0004593317290705349,96937.27724103174
18.96822237968445,0.0011942624955833907,96937.94951692857
19.068474531173706,0.0019291932620962467,96937.75456523572
19.16896343231201,9.186634581410698e-05,96937.97910871216
19.268723726272583,0.0011942624955833907,96937.98119784094
19.368399381637573,0.0008267971123269628,96938.68307805686
19.468659162521362,0.0004593317290705349,96938.41477025118
19.568758010864258,0.0011023961497692838,96940.37329322608
19.668957233428955,0.0029397230660514234,96941.83596390348
19.76900315284729,0.0013779951872116046,96941.65236751313
19.86881422996521,0.0007349307665128559,96941.48713076182
19.96882677078247,0.0022047922995385677,96940.53841768563
20.068639755249023,0.0012861288413974978,96939.78457591707
20.1685049533844,0.0019291932620962467,96939.20611832537
20.268635034561157,0.00027559903744232096,96937.38550649284
20.36868190765381,0.0020210596079103535,96937.04695584354
20.46880030632019,-0.00027559903744232096,96936.4422602592
20.568339347839355,0.0008267971123269628,96937.59803423328
20.668750524520874,-0.00018373269162821396,96937.73823080995
20.768481254577637,0.0016535942246539257,96938.76440772896
20.868619441986084,0.0020210596079103535,96939.38796695607
20.96841526031494,0.00018373269162821396,96940.24917026047
21.06850552558899,0.0022047922995385677,96940.52425323443
21.168736219406128,-0.00036746538325642793,96939.97182791098
21.269249200820923,0.0011942624955833907,96941.17464511989
21.368611335754395,0.0030315894118655303,96941.5571806079
21.469407320022583,-0.0013779951872116046,96941.6014625471
21.568717002868652,0.0016535942246539257,96941.74131629239
21.66872239112854,0.0006430644206987489,96941.16718466317
21.76830220222473,-0.00018373269162821396,96940.85046619685
21.868786573410034,-0.00027559903744232096,96942.06541957716
21.96880054473877,0.0017454605704680327,96942.45887761946
22.068697452545166,0.0013779951872116046,96942.31298985751
22.168459177017212,0.0018373269162821396,96941.88169087177
22.268667697906494,0.0008267971123269628,96940.09352178458
22.368449687957764,0.0009186634581410698,96939.38416960613
22.468589305877686,0.0018373269162821396,96938.34575264552
22.569345474243164,-0.00027559903744232096,96938.01117738096
22.66858458518982,0.0032153221034937444,96938.61005964286
22.769222021102905,0.0011942624955833907,96938.74905367858
22.869208097457886,0.0016535942246539257,96938.27414831071
22.969016551971436,0.0009186634581410698,96938.24673347964
23.069063425064087,0.0014698615330257117,96938.82206013167
23.16915225982666,0.0034909211409360655,96937.93985411851
23.268643856048584,9.186634581410698e-05,96936.54586870666
23.368804693222046,0.0010105298039551768,96935.991281836
23.468658924102783,-0.0005511980748846419,96936.6921536524
23.56914973258972,0.0012861288413974978,96935.52293828716
23.66866660118103,0.0018373269162821396,96936.07064445845
23.769112825393677,0.0007349307665128559,96936.26358001262
23.868491411209106,0.0015617278788398188,96937.83722201135
23.968987941741943,0.0022047922995385677,96938.35349981023
24.068484783172607,0.00018373269162821396,96938.01814982921
24.168818473815918,0.0033071884493078513,96937.61633484629
24.268510341644287,0.0009186634581410698,96937.85470136166
24.36914849281311,0.00027559903744232096,96937.6692312255
24.468775987625122,0.00027559903744232096,96938.40230810296
24.568408727645874,0.0008267971123269628,96938.66207729267
24.668680906295776,-0.00018373269162821396,96939.5958695634
24.76854920387268,0.0010105298039551768,96940.43628260707
24.868813037872314,0.0013779951872116046,96940.89265434636
24.968568801879883,-0.0006430644206987489,96941.70338891172
25.068643808364868,0.0008267971123269628,96942.03305002055
25.168795347213745,0.0018373269162821396,96941.52974501849
25.26872682571411,0.0011023961497692838,96942.27677051663
25.368833780288696,0.0004593317290705349,96942.74909346497
25.46898913383484,0.0004593317290705349,96942.87418411847
25.569270610809326,0.00036746538325642793,96942.98676570662
25.66908311843872,0.004409584599077135,96943.38808913596
25.76838493347168,0.0020210596079103535,96943.04928022236
25.86896324157715,-0.0004593317290705349,96943.64435220012
25.96867799758911,0.0008267971123269628,96942.37991698012
26.06880283355713,0.0007349307665128559,96941.1419252821
26.168617248535156,0.0017454605704680327,96941.6277327539
26.268919944763184,0.0014698615330257117,96941.06495947852
26.368853330612183,0.0009186634581410698,96940.25846353067
26.468899250030518,0.0031234557576796376,96940.03261717761
26.568801641464233,9.186634581410698e-05,96939.42935545984
26.668855905532837,0.0037665201783783865,96938.78641991386
26.768927574157715,-0.0004593317290705349,96939.10777792247
26.868889331817627,0.0007349307665128559,96939.19700013023
26.968467712402344,0.0011942624955833907,96939.2773001172
27.06874704360962,-9.186634581410698e-05,96939.14957010548
27.168713569641113,0.0011942624955833907,96938.63461309492
27.26839828491211,0.0008267971123269628,96937.47115178543
27.368470668792725,-0.0013779951872116046,96936.02403660689
27.46859836578369,-0.00027559903744232096,96935.8216329462
27.569043397903442,0.0013779951872116046,96934.43946965158
27.66887068748474,0.0025722576827949956,96934.69552268642
27.76928997039795,0.0008267971123269628,96934.52597041779
27.868292331695557,0.0009186634581410698,96936.17337337602
27.96843934059143,0.0010105298039551768,96936.75603603842
28.068982362747192,0.0007349307665128559,96935.88043243458
28.16845393180847,0.0020210596079103535,96935.49238919113
28.269007444381714,-0.0007349307665128559,96934.14315027202
28.369308710098267,0.0012861288413974978,96934.22883524482
28.4684476852417,0.0031234557576796376,96936.50595172033
28.568610668182373,-0.00018373269162821396,96936.5553565483
28.66886019706726,-0.0006430644206987489,96936.79982089346
28.768829345703125,0.0027559903744232093,96936.11983880411
28.8688805103302,-0.0004593317290705349,96936.6078549237
28.968513011932373,0.0031234557576796376,96937.04706943134
29.06818914413452,0.0017454605704680327,96936.94236248822
29.168998956680298,-0.0023885249911667814,96937.1481262394
29.268635988235474,0.0005511980748846419,96937.43331361546
29.368592977523804,-0.0004593317290705349,96936.5899822539
29.46928119659424,0.0029397230660514234,96935.93098402851
29.568421840667725,0.0014698615330257117,96935.43788562567
29.669116497039795,0.0008267971123269628,96934.69409706311
29.76874613761902,0.0011023961497692838,96934.52468735681
29.868862628936768,0.0008267971123269628,96934.87221862114
29.96867561340332,-0.0011023961497692838,96934.88499675902
30.068564653396606,-0.0004593317290705349,96935.59649708311
30.168822526931763,0.0004593317290705349,96934.63684737482
30.268948554992676,0.0012861288413974978,96934.27316263734
30.369001388549805,0.0014698615330257117,96934.74584637361
30.468711137771606,0.0005511980748846419,96934.37126173626
30.568398475646973,0.0027559903744232093,96935.13413556264
30.66877818107605,0.0008267971123269628,96935.22072200639
30.76860547065735,0.0011942624955833907,96934.69864980575
30.868711709976196,0.0017454605704680327,96933.92878482517
30.968989372253418,0.0010105298039551768,96934.93590634265
31.068970680236816,0.0005511980748846419,96935.5423157084
31.16845464706421,0.0006430644206987489,96934.38808413755
31.2690749168396,0.0024803913369808887,96934.6492757238
31.369053602218628,0.0019291932620962467,96934.58434815142
31.468496322631836,0.0021129259537244604,96934.02591333627
31.5685133934021,0.0015617278788398188,96933.62332200265
31.66892719268799,0.0027559903744232093,96932.96098980238
31.7693350315094,0.0009186634581410698,96931.86489082214
31.868777751922607,0.0016535942246539257,96932.37840173992
31.969080924987793,0.00027559903744232096,96932.94056156593
32.06856060028076,9.186634581410698e-05,96933.04650540934
32.16875648498535,0.0005511980748846419,96933.7418548684
32.268933057785034,-0.0007349307665128559,96935.36766938157
32.3688542842865,0.0022966586453526745,96936.13090244342
32.46935987472534,0.0020210596079103535,96935.71781219907
32.569051027297974,0.0021129259537244604,96935.94603097918
32.66900157928467,0.0008267971123269628,96936.15142788127
32.7690749168396,-0.00018373269162821396,96936.43628509314
32.869025230407715,0.0013779951872116046,96936.29265658383
32.96883463859558,0.0008267971123269628,96936.26339092545
33.06865191459656,0.0010105298039551768,96936.6370518329
33.16907262802124,0.0016535942246539257,96935.67334664961
33.26872491836548,-0.00027559903744232096,96936.50601198465
33.36857771873474,0.0018373269162821396,96936.15541078619
33.46868085861206,0.004593317290705349,96935.73986970757
33.569297075271606,9.186634581410698e-05,96935.16588273681
33.6690673828125,0.00036746538325642793,96936.04929446313
33.7688148021698,0.0005511980748846419,96936.94436501681
33.868327617645264,0.00018373269162821396,96937.14992851512
33.968544244766235,0.0011942624955833907,96937.1349356636
34.068881034851074,0.0004593317290705349,96936.92144209724
34.1683886051178,-0.00027559903744232096,96938.12929788751
34.26922535896301,-0.0007349307665128559,96938.61636809877
34.36851263046265,0.0020210596079103535,96939.95473128889
34.468533992767334,-9.186634581410698e-05,96939.95925816
34.56925415992737,-0.0006430644206987489,96940.363332344
34.668623208999634,0.0006430644206987489,96940.92699910961
34.768511056900024,0.0021129259537244604,96940.53429919864
34.86915612220764,0.0018373269162821396,96939.68086927877
34.968799352645874,-0.00027559903744232096,96938.91278235089
35.06866216659546,0.0011023961497692838,96938.52150411581
35.16924047470093,0.0021129259537244604,96937.56935370422
35.26893067359924,0.0011023961497692838,96937.0124183338
35.36919403076172,-0.0011023961497692838,96936.61117650043
35.46859049797058,0.0022047922995385677,96936.65005885038
35.56867480278015,0.0,96936.58505296535
35.66838192939758,0.0009186634581410698,96936.82654766881
35.769020318984985,0.0,96937.34389290193
35.86899209022522,-0.0005511980748846419,96936.20950361175
35.969130516052246,0.0011023961497692838,96936.68855325058
36.06907272338867,0.0016535942246539257,96938.41969792552
36.169028759002686,0.0006430644206987489,96938.27772813296
36.268869400024414,0.00027559903744232096,96940.14995531966
36.36848163604736,0.0018373269162821396,96939.53495978769
36.4687659740448,0.0011023961497692838,96939.98146380892
36.56861901283264,0.0029397230660514234,96939.78331742802
36.66883063316345,-0.00027559903744232096,96940.20498568522
36.76894569396973,0.0010105298039551768,96940.6844871167
36.8689980506897,0.0021129259537244604,96940.11603840503
36.968770265579224,0.0007349307665128559,96939.60443456454
37.068838596343994,0.0024803913369808887,96938.54399110808
37.16930365562439,0.00018373269162821396,96938.28959199728
37.26870536804199,0.00027559903744232096,96937.16063279755
37.369306564331055,-0.0006430644206987489,96937.0445695178
37.469300985336304,-0.0006430644206987489,96937.04011256603
37.56892800331116,0.0008267971123269628,96937.13610130943
37.669191122055054,0.0023885249911667814,96936.72249117849
37.76857900619507,0.0015617278788398188,96936.95024206063
37.86909532546997,-0.0018373269162821396,96937.65521785457
37.96924543380737,-0.0023885249911667814,96936.48969606913
38.06910538673401,-0.0078086393941990935,96936.44072646223
38.168365716934204,-0.0017454605704680327,96939.49665381601
38.26876783370972,-0.03343934987633494,96950.4469884344
38.369290590286255,-0.20026863387475322,96993.20228959096
38.4684476852417,-0.2665042692067244,97049.18206063187
38.568623304367065,-0.2659530711318397,97097.66385456867
38.66890621185303,-0.22415388378642104,97130.19746911181
38.76875925064087,-0.15608092153816777,97143.17772220063
38.86928629875183,-0.158010114800264,97154.25994998057
38.9692645072937,-0.1288884831771921,97161.93395498252
39.06847310066223,-0.12870475048556387,97169.64055948427
39.16874694824219,-0.10436016884482553,97169.17650353584
39.26931047439575,-0.10739175825669106,97170.75885318225
39.368648290634155,-0.11115827843506945,97169.88296786403
39.46888971328735,-0.10959655055622963,97168.89467107764
39.56915020942688,-0.11125014478088356,97167.70520396988
39.66926980018616,-0.11060708036018481,97166.63468357289
39.769092082977295,-0.10693242652762053,97166.4712152156
39.86897611618042,-0.11216880823902463,97168.62409369404
39.968984842300415,-0.10619749576110767,97169.96168432463
40.06905007362366,-0.11804825437112747,97173.46551589217
40.168654918670654,-0.11924251686671086,97175.51896430294
40.26871418952942,-0.11354680342623623,97177.56706787266
40.36865592002869,-0.11520039765089016,97179.1103610854
40.4690580368042,-0.11740518995042873,97179.09932497687
40.568456411361694,-0.10867788709808857,97178.18939247918
40.66883730888367,-0.10013431693737661,97176.07045323127
40.76938343048096,-0.09287687561806215,97173.86340790814
40.86863970756531,-0.09177447946829287,97169.87706711733
40.9686861038208,-0.07698399779222165,97163.4893604056
41.068849325180054,-0.07707586413803576,97158.54042436504
41.16881275177002,-0.07275814588477272,97152.28638192854
41.269110679626465,-0.05594660460079115,97145.55774373568
41.36818218231201,-0.060172456508240074,97137.90196936211
41.4687659740448,-0.060448055545682396,97131.81177242589
41.568687200546265,-0.05805953055451561,97123.73059518331
41.66849374771118,-0.05962125843335543,97117.05753566498
41.76844930648804,-0.05879446132102847,97112.15178209849
41.86838960647583,-0.05998872381661186,97106.73660388864
41.9684693813324,-0.05805953055451561,97103.16294349979
42.06925320625305,-0.058610728629400255,97099.7466491498
42.1691107749939,-0.05778393151707329,97095.07198423483
42.268444538116455,-0.05934565939591311,97090.66478581136
42.36926221847534,-0.056681535367304005,97086.69830723022
42.46886730194092,-0.05741646613381687,97082.6284765072
42.56926250457764,-0.055211673834278295,97079.26562885648
42.66899561882019,-0.0512614209642717,97074.53906597082
42.76917004585266,-0.05089395558101527,97071.68515937375
42.86903691291809,-0.04832169789822027,97068.71664343638
42.968839168548584,-0.05429301037613723,97068.04497909274
43.068843364715576,-0.05420114403032312,97066.14048118347
43.16876983642578,-0.05750833247963097,97066.62643306513
43.2685923576355,-0.05842699593777204,97066.36378975862
43.369280099868774,-0.04914849501054724,97064.42741078275
43.4683883190155,-0.05475234210520776,97063.58466970449
43.568724632263184,-0.05144515365589991,97063.12620273404
43.669225454330444,-0.05080208923520116,97059.01358246064
43.768805265426636,-0.04795423251496384,97058.01222421457
43.86857795715332,-0.04749490078589331,97046.51100179311
43.96921181678772,-0.028846032585629594,97042.1599016138
44.069084882736206,-0.01800580377956497,97034.64391145243
44.169169425964355,-0.02397711625748192,97029.67952030718
44.26880860328674,-0.03068335950191173,97020.91156827647
44.36892533302307,-0.021496724920501035,97018.12041144882
44.468907594680786,-0.0079005057400132,97018.40837030395
44.56876850128174,-0.015984744171654616,97012.96753327355
44.66899561882019,-0.016260343209096934,97008.1707799462
44.76870822906494,-0.01671967493816747,97004.45370195158
44.86852169036865,-0.016535942246539256,97001.60833175643
44.9691321849823,-0.012401956684904443,96996.5474985808
45.06901693344116,-0.010289030731179982,96990.59274872272
45.16877055168152,-0.010105298039551769,96985.43347385044
45.26859211921692,-0.006338777861173382,96979.6901264654
45.368403673172,-0.007349307665128558,96974.12111381885
45.469035148620605,-0.0037665201783783865,96969.30900243697
45.56911063194275,-0.005236381711404098,96965.37810219328
45.66889023780823,-0.0034909211409360655,96961.04029197396
45.76882076263428,-0.0035827874867501723,96958.43626277657
45.86868405342102,-0.00486891632814767,96955.89263649892
45.968639850616455,-0.003674653832564279,96953.70337284902
46.068708658218384,-0.004225851907448921,96952.13303556413
46.1684832572937,-0.004960782673961777,96950.41973200772
46.26843190193176,-0.003399054795121958,96948.77775880694
46.3693060874939,-0.008359837469083736,96945.79998292624
46.468857526779175,-0.004409584599077135,96945.01998463362
46.56873869895935,-0.008359837469083736,96944.01798617026
46.66866731643677,-0.012401956684904443,96944.61618755324
46.768492460250854,-0.009554099964667126,96944.05456879792
46.86934018135071,-0.007716773048384987,96945.94911191813
46.969191789627075,-0.009278500927224806,96947.85420072632
47.068580627441406,-0.0078086393941990935,96948.86878065369
47.169304847717285,-0.011115827843506945,96950.38190258831
47.26914644241333,-0.012310090339090335,96952.74371232948
47.36857604980469,-0.013045021105603192,96953.06934109655
47.468924045562744,-0.013045021105603192,96955.3624069869
47.56925988197327,-0.0131368874514173,96957.92616628822
47.668983936309814,-0.01524981340514176,96960.4335496594
47.76845598220825,-0.012401956684904443,96962.39019469346
47.86915731430054,-0.016352209554911044,96964.25117522413
47.96903109550476,-0.0131368874514173,96963.92605770173
48.069387912750244,-0.01552541244258408,96966.33345193155
48.169212102890015,-0.012218223993276229,96968.4001067384
48.26937794685364,-0.013412486488859619,96968.26009606455
48.368650674819946,-0.010932095151878731,96969.2340864581
48.46901726722717,-0.013963684563744262,96970.0106778123
48.56878614425659,-0.011207694189321053,96971.10961003108
48.66909956932068,-0.01157515957257748,96969.99864902797
48.76865816116333,-0.011667025918391586,96969.29878412517
48.86891055107117,-0.01065649611443641,96968.86890571266
48.96875834465027,-0.010197164385365875,96968.58201514141
49.06867432594299,-0.010748362460250517,96967.92381362726
49.16899657249451,-0.011299560535135159,96968.03143226453
49.26893591880798,-0.010197164385365875,96969.22828903807
49.368696451187134,-0.015617278788398187,96971.30546013427
49.46926784515381,-0.014790481676071224,96972.77491412085
49.56902718544006,-0.016076610517468722,96973.29742270877
49.668644428253174,-0.011207694189321053,96971.2676804379
49.769124269485474,-0.011942624955833907,96969.24091239412
49.869393825531006,-0.011023961497692837,96966.3168211547
49.968544244766235,-0.012034491301648015,96965.78513903925
50.06859064102173,-0.010105298039551769,96965.10662513532
50.16883397102356,-0.01488234802188533,96965.5959626218
50.26918625831604,-0.013412486488859619,96966.43636635962
50.36933708190918,-0.014974214367699438,96966.49272972366
50.469324827194214,-0.010564629768622304,96966.64345675129
50.569275856018066,-0.012401956684904443,96965.87911107615
50.669278621673584,-0.014055550909558368,96966.59119996855
50.768521547317505,-0.014055550909558368,96967.2320799717
50.86853814125061,-0.009278500927224806,96968.40887197452
50.96876859664917,-0.005052649019775884,96968.56798477707
51.068915128707886,-0.007716773048384987,96969.51118629937
51.16917681694031,-0.00946223361885302,96969.66006766944
51.26937675476074,-0.01644407590072515,96970.19406090249
51.3684720993042,-0.00946223361885302,96970.77465481225
51.46871304512024,-0.010105298039551769,96969.89718933102
51.56865692138672,-0.020578061462359964,96968.80747039792
51.668808937072754,-0.014239283601186582,96967.52672335814
51.76846528053284,-0.013596219180487833,96965.47405102232
51.86839175224304,-0.014055550909558368,96964.72664592009
51.969109535217285,-0.009186634581410698,96964.65398132808
52.06891870498657,-0.012401956684904443,96963.48858319529
52.16925501823425,-0.016168476863282828,96962.13972487576
52.26927828788757,-0.014147417255372476,96961.72575238819
52.36933374404907,-0.013045021105603192,96962.15317714938
52.46923470497131,-0.017913937433750863,96963.23785943445
52.56855130195618,-0.01763833839630854,96963.814073491
52.66868567466736,-0.014239283601186582,96964.03266614191
52.76910877227783,-0.011667025918391586,96964.82939952772
52.86915731430054,-0.011023961497692837,96965.54645957495
52.96921467781067,-0.013504352834673727,96966.59181361746
53.06920289993286,-0.014423016292814797,96967.23263225572
53.16909837722778,-0.0078086393941990935,96966.80936903015
53.26911759376526,-0.0011023961497692838,96965.02843212713
53.3685884475708,0.006798109590243916,96963.22558891441
53.46921229362488,0.011115827843506945,96961.60303002298
53.56841802597046,0.0011942624955833907,96961.14272702068
53.668822050094604,-0.010289030731179982,96963.02845431861
53.76866149902344,-0.01644407590072515,96966.22560888676
53.868520975112915,-0.015709145134212295,96968.90304799809
53.96921133995056,-0.016995273975609793,96972.51274319828
54.06854820251465,-0.01828140281700729,96975.36146887846
54.168949842453,-0.015709145134212295,96977.92532199062
54.26897931098938,-0.013045021105603192,96978.93278979156
54.36848855018616,-0.014239283601186582,96980.4395108124
54.46911382675171,-0.012585689376532656,96980.39555973116
54.568588972091675,-0.01157515957257748,96979.45600375805
54.66891169548035,-0.012126357647462121,96978.31040338225
54.76912474632263,-0.010105298039551769,96977.77936304403
54.86856985092163,-0.010840228806064623,96976.90142673963
54.969045877456665,-0.011667025918391586,96976.31128406567
55.068798542022705,-0.0131368874514173,96976.18015565911
55.16855573654175,-0.010472763422808196,96976.1621400932
55.26875948905945,-0.00909476823559659,96975.14592608389
55.36892604827881,-0.01276942206816087,96974.2313334755
55.468910217285156,-0.010932095151878731,96977.20820012795
55.56898307800293,-0.03840013255029672,96977.18738011515
55.66899299621582,-0.0723906805015163,96986.36864210364
55.768489599227905,-0.08617063237363234,97004.83177789328
55.86850166320801,-0.08396584007409379,97017.04860010395
55.96917986869812,-0.08929408813131198,97030.94374009357
56.069350481033325,-0.08837542467317092,97042.54936608422
56.168495178222656,-0.08635436506526056,97064.7944294758
56.26886010169983,-0.051904485384970445,97071.01498652823
56.36893105506897,-0.022690987416084423,97069.8134878754
56.468488454818726,-0.040604924849835286,97069.93213908788
56.56915497779846,-0.03132642392261048,97068.63892517908
56.66879892349243,-0.05273128249729741,97070.37503266118
56.768879890441895,-0.05015902481450241,97069.63752939507
56.86896014213562,-0.0407886575414635,97067.27377645556
56.96901178359985,-0.035184810446802973,97066.54639881001
57.068596601486206,-0.04969969308543188,97068.19175892901
57.16923260688782,-0.04051305850402118,97064.67258303611
57.26918888092041,-0.042258519074489215,97062.3053247325
57.368518590927124,-0.042074786382860996,97060.97479225925
57.46886348724365,-0.051996351730784554,97061.47731303333
57.568811893463135,-0.0513532873100858,97063.32958173001
57.66918897628784,-0.05879446132102847,97066.99662355702
57.768731355667114,-0.06357151130336203,97067.6969612013
57.86890196800232,-0.04795423251496384,97081.82726508117
57.96831011772156,-0.03601160755912994,97083.84453857306
58.069007396698,-0.07285001223058683,97086.76008471576
58.16900300979614,-0.0526394161514833,97084.08407624418
58.26887631416321,-0.06145858534963757,97086.17566861976
58.369105100631714,-0.07487107183849719,97090.45810175779
58.46883010864258,-0.0749629381843113,97091.812291582
58.568894147872925,-0.06476577379894542,97094.9310624238
58.66882395744324,-0.06210164977033632,97094.73795618143
58.76862406730652,-0.0722069478098881,97095.66416056329
58.86912512779236,-0.07009402185616363,97097.39774450696
58.968820095062256,-0.07165574973500345,97096.25797005628
59.06881904602051,-0.06899162570639435,97098.53217305064
59.16908001899719,-0.048505430589848485,97098.97895574558
59.26899218559265,-0.05466047575939365,97096.48106017102
59.36889314651489,-0.0525475498056692,97095.53295415391
59.46903705596924,-0.05116955461845759,97091.27965873852
59.568878173828125,-0.051996351730784554,97091.15169286467
59.66891527175903,-0.04960782673961777,97087.9365235782
59.769126892089844,-0.048872895973104916,97085.94287122038
59.8690230846405,-0.04088052388727761,97082.34858409835
59.968783140182495,-0.03968626139169422,97077.21372568852
60.068873167037964,-0.037114003708899224,97073.39235311966
60.16920590400696,-0.05089395558101527,97073.05311780769
60.26903533935547,-0.048872895973104916,97071.74780602692
60.369272232055664,-0.057140867096374545,97073.77302542423
60.46923279762268,-0.051904485384970445,97074.29572288181
60.569141149520874,-0.05723273344218865,97076.36615059363
60.66885805130005,-0.05952939208754132,97075.22953553426
60.769046783447266,-0.061642318041265784,97075.80658198084
60.8692946434021,-0.06237724880777864,97078.22592378275
60.96858477592468,-0.06283658053684918,97080.00333140448
61.06916260719299,-0.06614376898615702,97081.90299826403
61.16862773895264,-0.058335129591957934,97081.81269843764
61.26899695396423,-0.05989685747079775,97081.53142859388
61.36884117126465,-0.064398308415689,97080.77828573449
61.468663930892944,-0.06430644206987489,97081.30045716105
61.568936347961426,-0.066970566098484,97080.87041144495
61.66874670982361,-0.05613033729241937,97081.18337030045
61.768927574157715,-0.07064521993104828,97081.4650332704
61.86907076835632,-0.05475234210520776,97080.01852994337
61.968724727630615,-0.05594660460079115,97080.71667694903
62.06912350654602,-0.048505430589848485,97079.74500925414
62.16867971420288,-0.050434623851944735,97078.97050832873
62.269206047058105,-0.05952939208754132,97078.57345749586
62.369200468063354,-0.05466047575939365,97080.01611174628
62.469019174575806,-0.06081552092893882,97080.71450057166
62.56901144981384,-0.06118298631219525,97080.8430505145
62.66871976852417,-0.06329591226591971,97081.55874546304
62.76891541481018,-0.06568443725708649,97083.60287091674
62.8682861328125,-0.0711964180059329,97083.54258382508
62.96866965293884,-0.058610728629400255,97083.68832544258
63.06871819496155,-0.0723906805015163,97084.01949289833
63.16896295547485,-0.06770549686499684,97085.41754360849
63.26872706413269,-0.0722069478098881,97086.47578924765
63.36924195289612,-0.07229881415570219,97090.32821032288
63.468549728393555,-0.07606533433408058,97094.0953892906
63.56864929199219,-0.08727302852340163,97098.88585036153
63.66930103302002,-0.08093425066222826,97101.29726532538
63.768643379211426,-0.08350650834502325,97105.16753879284
63.86815810203552,-0.08635436506526056,97109.05078491355
63.968894720077515,-0.0906720833185236,97111.84570642219
64.0693027973175,-0.08672183044851699,97114.66113577997
64.16930508613586,-0.09315247465550448,97117.69502220198
64.26922249794006,-0.08267971123269628,97116.82551998178
64.36833190917969,-0.08708929583177343,97118.0429679836
64.46882033348083,-0.09159074677666466,97120.83867118524
64.56918716430664,-0.08433330545735021,97121.85480406672
64.66916418075562,-0.07845385932524736,97122.06932366005
64.76908540725708,-0.07229881415570219,97120.86239129405
64.86912202835083,-0.11106641208925534,97124.57615216465
64.96924042701721,-0.06752176417336864,97127.11853694818
65.06927037239075,-0.07257441319314452,97122.60668325337
65.16919040679932,-0.09140701408503644,97127.74601492802
65.2687668800354,-0.058886327666842576,97118.97141343523
65.36919283866882,-0.10059364866644714,97121.8742720917
65.46900296211243,-0.028754166239815485,97108.28684488255
65.56916618347168,-0.010840228806064623,97094.4581603943
65.66823887825012,-0.011850758610019801,97082.31234435487
65.7691912651062,-0.01460674898444301,97071.38110991938
65.86928701400757,-0.012953154759789084,97062.34299892746
65.96913981437683,-0.013045021105603192,97055.5086990347
66.0686764717102,-0.015892877825840507,97047.45782913124
66.16824436187744,-0.016076610517468722,97039.61204621811
66.26921772956848,-0.01488234802188533,97033.9508415963
66.3685200214386,-0.013504352834673727,97029.45575743668
66.46884775161743,-0.017270873013052114,97024.01018169301
66.56930112838745,-0.017822071087936753,97020.60916352371
66.66924786567688,-0.028846032585629594,97027.44824717134
66.76922869682312,-0.19099013294752842,97091.60342245421
66.8682587146759,-0.3620452688533956,97159.94308020879
66.96907043457031,-0.4995691885371138,97249.8487721879
67.06838059425354,-0.5139922048299286,97333.16389496913
67.16895723342896,-0.5023251789115369,97405.84750547222
67.2684953212738,-0.5234544384487816,97475.162754925
67.36901473999023,-0.516105130783653,97540.8464794325
67.4683084487915,-0.4935060097133827,97587.56183148925
67.56846976280212,-0.38363386011971073,97601.20564834031
67.66828775405884,-0.2277366712731712,97576.28508350629
67.76930022239685,-0.08249597854106808,97526.65657515566
67.86928510665894,-0.03619534025075815,97475.1909176401
67.96915912628174,-0.04133985561634814,97430.57182587608
68.06820797920227,-0.04510637579472653,97391.01464328846
68.16829657554626,-0.046759970019380453,97354.61317895961
68.26841330528259,-0.04639250463612403,97322.65186106366
68.3690767288208,-0.04639250463612403,97293.08667495729
68.46824312210083,-0.04942409404798956,97267.07800746156
68.56849718093872,-0.048597296935662594,97243.97020671541
68.66834902763367,-0.048781029627290806,97223.17318604387
68.768226146698,-0.05144515365589991,97204.25586743948
68.86932063102722,-0.04639250463612403,97185.53028069553
68.96916913986206,-0.045381974832168846,97170.47725262598
69.06844687461853,-0.045381974832168846,97157.12952736337
69.16832637786865,-0.05162888634752812,97146.01657462705
69.26821112632751,-0.04767863347752152,97134.91491716435
69.36820888519287,-0.05245568345985509,97126.12342544792
69.46842741966248,-0.05291501518892562,97117.61108290314
69.56848692893982,-0.051996351730784554,97110.44997461283
69.66900491714478,-0.008727302852340163,97099.80497715154
69.76839423179626,-0.023701517220039603,97087.42447943639
69.86841082572937,-0.020945526845616392,97075.68203149276
69.96887135505676,-0.022782853761898533,97064.21382834349
70.0686948299408,-0.021772323957943356,97055.39244550915
70.16848373413086,-0.021404858574686925,97048.55320095824
70.26834726333618,-0.01984313069584711,97041.0978808624
70.36835741996765,-0.022599121070270317,97036.28809277617
70.46926760673523,-0.021680457612129247,97030.15928349856
70.56853413581848,-0.02342591818259728,97025.74335514872
70.66861486434937,-0.022047922995385674,97021.96901963385
70.76910734176636,-0.023334051836783172,97018.67211767046
70.86823582649231,-0.021956056649571568,97016.7049059034
70.96839189529419,-0.022690987416084423,97013.43441531307
71.06839227676392,-0.021496724920501035,97011.39097378176
71.16847372055054,-0.024252715294924242,97008.65187640359
71.26825714111328,-0.021496724920501035,97005.98668876322
71.3685154914856,-0.02250725472445621,97004.9880198869
71.46855401992798,-0.02342591818259728,97003.68921789821
71.56914687156677,-0.02315031914515496,97001.72029610838
71.6693069934845,-0.020118729733289428,97001.44826649754
71.76922750473022,-0.022690987416084423,97000.80343984779
71.86908316612244,-0.022415388378642105,96999.82309586302
71.96853160858154,-0.021680457612129247,96999.44078627673
72.06837296485901,-0.02315031914515496,96997.89670764905
72.16848111152649,-0.02379338356585371,96996.30703688414
72.26843070983887,-0.02223165568701389,96996.27633319574
72.36903285980225,-0.02287472010771264,96995.54869987616
72.46926140785217,-0.02406898260329603,96995.09382988856
72.56838250160217,-0.024160848949110136,96994.2844468997
72.66848707199097,-0.02250725472445621,96994.85600220974
72.76830172538757,-0.02397711625748192,96994.87040198877
72.86829566955566,-0.02250725472445621,96995.4833617899
72.9686450958252,-0.02462018067818067,96995.53502561092
73.06850409507751,-0.023242185490969066,96995.28152304984
73.16832232475281,-0.023242185490969066,96995.55337074486
73.2683367729187,-0.022782853761898533,96995.89803367037
73.36857557296753,-0.02315031914515496,96995.60823030333
73.46837067604065,-0.023058452799340854,96995.447407273
73.5685203075409,-0.025079512407251207,96995.2026665457
73.66886115074158,-0.024344581640738352,96994.28239989113
73.7691490650177,-0.02397711625748192,96992.95415990203
73.86896324157715,-0.026549373940276916,96992.45874391183
73.9686667919159,-0.024436447986552458,96991.31286952065
74.06871223449707,-0.024803913369808885,96990.4815825686
74.1684558391571,-0.02489577971562299,96990.03342431174
74.26875305175781,-0.02553884413632174,96990.63008188058
74.36880254745483,-0.023885249911667815,96990.16707369253
74.46851253509521,-0.02342591818259728,96989.75036632328
74.56875109672546,-0.02489577971562299,96988.47532969095
74.66852402687073,-0.022139789341199784,96988.02779672184
74.76859831809998,-0.023701517220039603,96986.82501704966
74.86932444572449,-0.022139789341199784,96987.34251534469
74.96860027313232,-0.024528314332366564,96988.50826381022
75.06846594810486,-0.023242185490969066,96990.4574374292
75.16861176490784,-0.02489577971562299,96990.51169368629
75.26878237724304,-0.02462018067818067,96991.66052431766
75.36869525909424,-0.02489577971562299,96993.0944718859
75.46923637390137,-0.02710057201516156,96993.88502469732
75.56907320022583,-0.02287472010771264,96993.5965222276
75.67054152488708,-0.023885249911667815,96993.63687000483
75.7699134349823,-0.023242185490969066,96993.67318300434
75.87085843086243,-0.025355111444693528,96993.30586470391
75.96825337409973,-0.02315031914515496,96994.37527823352
76.07050776481628,-0.024252715294924242,96994.43775041017
76.1699366569519,-0.02710057201516156,96993.29397536916
76.26821327209473,-0.025446977790507634,96992.96457783224
76.3692274093628,-0.027008705669347453,96993.76812004903
76.46979069709778,-0.023517784528411387,96993.79130804412
76.5699577331543,-0.024252715294924242,96995.9121772397
76.67148232460022,-0.023517784528411387,96997.22095951573
76.77142214775085,-0.024252715294924242,96998.69886356416
76.86877179145813,-0.025446977790507634,96999.02897720774
76.96907949447632,-0.0262737749028346,96999.72607948697
77.06858372688293,-0.0249876460614371,96998.85347153827
77.17149806022644,-0.02489577971562299,96998.66812438444
77.27061176300049,-0.023885249911667815,96998.101311946
77.36937022209167,-0.028386700856559057,96999.2911807514
77.47072887420654,-0.03252068641819387,97000.76206267627
77.56892895698547,-0.03665467197982868,97002.38585640864
77.66914486885071,-0.03858386524192493,97005.24727076778
77.77146792411804,-0.03591974121331583,97008.82254369101
77.87053370475769,-0.03904319697099547,97010.24028932191
77.9697368144989,-0.040604924849835286,97012.71626038972
78.0692367553711,-0.03830826620448261,97015.94463435074
78.17086434364319,-0.03904319697099547,97018.05017091567
78.27149176597595,-0.03840013255029672,97018.7451538241
78.37312197685242,-0.03904319697099547,97020.9706384417
78.4715223312378,-0.03656280563401458,97022.27357459752
78.57148861885071,-0.036930271017271005,97024.34621713778
78.66918992996216,-0.03803266716704029,97025.711595424
78.76963472366333,-0.03619534025075815,97025.94043588161
78.86822271347046,-0.0381245335128544,97025.74639229344
78.96844720840454,-0.03647093928820047,97026.27175306411
79.06875443458557,-0.0368384046714569,97026.5445777577
79.17143106460571,-0.03591974121331583,97027.49011998193
79.26951336860657,-0.03674653832564279,97027.74110798373
79.37013053894043,-0.03748146909215565,97028.76699718536
79.47103834152222,-0.039135063316809576,97029.69029746683
79.57150268554688,-0.03628720659657226,97029.62126772014
79.67027068138123,-0.03766520178378386,97030.55914094813
79.77073383331299,-0.03408241429703369,97031.4032268533
79.86891341209412,-0.033990547951219585,97030.96290416797
79.96884369850159,-0.03564414217587351,97030.86661375118
80.07046389579773,-0.035368543138431185,97030.97995237606
80.17107605934143,-0.03500107775517476,97031.58195713845
80.26906609535217,-0.03674653832564279,97030.72376142461
80.37160420417786,-0.03454174602610423,97029.55138528215
80.47217655181885,-0.035460409484245295,97029.49624675393
80.56875777244568,-0.03803266716704029,97028.84662207855
80.67079448699951,-0.03481734506354655,97028.86195987069
80.77161288261414,-0.03472547871773244,97029.47576388362
80.86880540847778,-0.03591974121331583,97028.72818749526
80.97058916091919,-0.03564414217587351,97028.45536874574
81.07122564315796,-0.032061354689123335,97028.00983187115
81.16926383972168,-0.032428820072379766,97028.90884868403
81.2684555053711,-0.03527667679261708,97028.21796381562
81.36828660964966,-0.0328881518014503,97028.49616743407
81.47059464454651,-0.03151015661423869,97027.24655069067
81.56942963600159,-0.02866229989400138,97026.52189562161
81.66834425926208,-0.028111101819116736,97025.56970605945
81.76936411857605,-0.02985656238958477,97024.61273545351
81.86869692802429,-0.032336953726565656,97022.75146190816
81.970862865448,-0.02471204702399478,97019.27631571735
82.07099843025208,-0.01488234802188533,97014.64868414562
82.16822862625122,-0.012126357647462121,97009.68381573106
82.26864123344421,-0.008911035543968377,97006.01543415796
82.36843371391296,-0.010380897076994088,97002.51389074218
82.46872782707214,0.00027559903744232096,96996.46250166796
82.56892085075378,0.003399054795121958,96990.71625150116
82.66919755935669,0.0017454605704680327,96984.94462635105
82.76861071586609,0.0023885249911667814,96981.15016371594
82.86902284622192,0.0021129259537244604,96977.03514734434
82.9687271118164,0.0032153221034937444,96972.83163260992
83.06875610351562,-0.00027559903744232096,96968.84846934893
83.16857385635376,0.0022966586453526745,96964.86362241404
83.26850008964539,0.0011023961497692838,96961.47726017264
83.36896586418152,0.0009186634581410698,96959.52953415537
83.46888065338135,0.0020210596079103535,96956.87658073984
83.56870818138123,0.0008267971123269628,96954.48892266587
83.66927361488342,0.0020210596079103535,96951.24003039928
83.76893711090088,-0.0008267971123269628,96949.41602735936
83.86839938163757,0.004593317290705349,96947.27442462342
83.969064950943,0.0022966586453526745,96946.74698216107
84.06864070892334,0.0021129259537244604,96944.27228394497
84.16896438598633,0.0039502528700066,96942.04505555048
84.26933073997498,0.0021129259537244604,96941.74054999543
84.3688862323761,0.0035827874867501723,96940.86649499589
84.46865010261536,0.0016535942246539257,96939.4798454963
84.56905269622803,-0.006522510552801596,96939.93186094667
84.66921067237854,-0.013045021105603192,96942.73867485201
84.76877236366272,-0.006798109590243916,96945.26480736681
84.86851763725281,-0.009002901889782484,96943.93832663013
84.96838068962097,-0.00881916919815427,96945.04449396711
85.06885409355164,-0.007073708627686238,96946.1400445704
85.16865396499634,-0.004409584599077135,96948.12604011338
85.26860618591309,-0.007533040356756773,96950.31343610203
85.36904573440552,-0.009645966310481233,96951.18209249183
85.46859741210938,-0.010748362460250517,96953.36388324265
85.569251537323,-0.015066080713513546,96955.5274949184
85.66845059394836,-0.011942624955833907,96957.57474542657
85.76928496360779,-0.0158010114800264,96959.7172708839
85.86865758895874,-0.013779951872116048,96960.04554379552
85.96932697296143,-0.015617278788398187,96963.14098941597
86.06877064704895,-0.015617278788398187,96964.32689047437
86.16852235794067,-0.016535942246539256,96965.79420142694
86.26838779449463,-0.016903407629795683,96967.81478128425
86.36890363693237,-0.01644407590072515,96968.73330315582
86.46841192245483,-0.015709145134212295,96970.25997284024
86.56930232048035,-0.01460674898444301,96970.93397555621
86.66866111755371,-0.0158010114800264,96971.34057800059
86.76935410499573,-0.015433546096769973,96971.30652020054
86.86895394325256,-0.014974214367699438,96971.9758681805
86.96913027763367,-0.011758892264205694,96973.07828136245
87.06903076171875,-0.01433114994700069,96974.07045322622
87.16893744468689,-0.008451703814897842,96975.7634079036
87.26805067062378,-0.004777049982333563,96973.88706711325
87.36878371238708,-0.009829699002109447,96973.69836040192
87.46840858459473,-0.013045021105603192,96975.22852436172
87.56845951080322,-0.01276942206816087,96975.70567192555
87.66932892799377,-0.011850758610019801,96975.635104733
87.76942229270935,-0.008727302852340163,96976.17159425971
87.8684401512146,-0.009645966310481233,96977.15443483375
87.9690580368042,-0.009554099964667126,96976.83899135036
88.06873106956482,-0.011391426880949266,96975.95509221533
88.16918778419495,-0.01065649611443641,96975.5595829938
88.26929092407227,-0.011667025918391586,96974.00362469442
88.36847019195557,-0.008176104777455522,96973.20326222498
88.46845865249634,-0.00909476823559659,96973.08293600248
88.56844711303711,-0.008176104777455522,96973.17464240223
88.66922807693481,-0.007992372085827308,96972.85717816201
88.76903986930847,-0.005971312477916954,96973.27146034582
88.86930179595947,-0.0031234557576796376,96971.14431431123
88.96855783462524,-0.005328248057218205,96969.9298828801
89.0692298412323,-0.00762490670257088,96967.73689459209
89.1684217453003,-0.00578757978628874,96967.36320513288
89.26929306983948,-0.00578757978628874,96967.2268846196
89.36929750442505,-0.007992372085827308,96966.40419615763
89.46934247016907,-0.0055119807488464186,96965.16377654186
89.5686388015747,-0.004133985561634814,96964.24739888767
89.66942429542542,-0.005971312477916954,96963.2226589989
89.76851391792297,-0.007165574973500345,96963.00039309902
89.86900877952576,-0.0055119807488464186,96964.20035378911
89.96928858757019,-0.005328248057218205,96963.88031841021
90.0684142112732,-0.004593317290705349,96962.69228656919
90.16866660118103,-0.005420114403032312,96962.62305791226
90.26912808418274,-0.0026641240286091024,96961.26075212103
90.36869502067566,-0.003674653832564279,96959.63467690893
90.46931338310242,-0.0009186634581410698,96958.67120921804
90.56874990463257,-0.0033071884493078513,96956.50408829623
90.66938376426697,-0.0030315894118655303,96957.35367946661
90.76864457130432,-0.0016535942246539257,96957.01831151995
90.86910247802734,-0.004501450944891242,96957.31648036795
90.96906280517578,-0.0017454605704680327,96955.58483233117
91.06926488876343,-0.005603847094660526,96954.82634909806
91.1687707901001,-0.004685183636519456,96954.44371418827
91.26874136924744,-0.005052649019775884,96953.49934276944
91.36925435066223,-0.0031234557576796376,96952.8494084925
91.46846270561218,-0.005971312477916954,96953.06446764326
91.56931400299072,-0.006338777861173382,96953.65802087892
91.66846990585327,-0.0067062432444298095,96953.39221879104
91.76865124702454,-0.005328248057218205,96953.85299691194
91.8688178062439,-0.005144515365589991,96954.26769722076
91.96904277801514,-0.006246911515359275,96954.74092749867
92.06835150718689,-0.006430644206987489,96954.9668347488
92.16878533363342,-0.007349307665128558,96955.57015127393
92.26864576339722,-0.007441174010942665,96956.71313614654
92.36842203140259,-0.008359837469083736,96956.34182253189
92.4689724445343,-0.0067062432444298095,96956.1076402787
92.56893610954285,-0.006063178823731061,96956.09687625084
92.66970443725586,-0.006338777861173382,96955.68718862576
92.7686562538147,-0.0079005057400132,96955.81846976318
92.86883735656738,-0.007716773048384987,96954.23662278686
92.96931076049805,-0.007992372085827308,96954.01296050817
93.06899428367615,-0.00762490670257088,96954.21166445737
93.16920328140259,-0.004960782673961777,96954.79049801163
93.26922392845154,-0.005879446132102847,96955.71144821047
93.36857533454895,-0.00578757978628874,96956.34030338941
93.46913623809814,-0.006338777861173382,96955.90627305047
93.56866812705994,-0.006430644206987489,96956.11564574542
93.66920614242554,-0.004501450944891242,96957.00408117087
93.76905107498169,-0.004501450944891242,96957.70367305378
93.86864733695984,-0.006246911515359275,96957.9333057484
93.96931171417236,-0.006522510552801596,96958.43997517356
94.06895732879639,-0.006246911515359275,96960.19597765621
94.16926717758179,-0.006246911515359275,96961.47637989059
94.2695984840393,-0.006338777861173382,96961.62874190154
94.36848592758179,-0.004685183636519456,96961.46586771139
94.46865200996399,-0.008267971123269628,96961.31928094025
94.5696337223053,-0.008359837469083736,96960.48735284623
94.66962099075317,-0.003674653832564279,96959.6386175616
94.76888537406921,-0.005971312477916954,96958.07475580544
94.86857032775879,-0.006889975936058024,96957.9672802249
94.96859502792358,-0.0078086393941990935,96956.5705522024
95.06924271583557,-0.005971312477916954,96956.61349698217
95.16910433769226,-0.006889975936058024,96956.95214728396
95.2693727016449,-0.005879446132102847,96957.75693255557
95.3687629699707,-0.005695713440474633,96956.98123930002
95.46898865699768,-0.0067062432444298095,96956.08311537003
95.56945061683655,-0.006430644206987489,96956.57480383303
95.66832137107849,-0.005052649019775884,96957.01732344973
95.76899218559265,-0.004777049982333563,96956.11559110477
95.86937355995178,-0.0072574413193144515,96956.1040319943
95.96932601928711,-0.005420114403032312,96955.59362879487
96.06937742233276,-0.004409584599077135,96955.83426591539
96.16896367073059,-0.0034909211409360655,96955.55083932386
96.26953029632568,-0.005052649019775884,96956.59575539148
96.36855792999268,-0.008359837469083736,96955.13617985233
96.46927952766418,-0.00854357016071195,96954.6225618671
96.56923055648804,-0.009645966310481233,96955.2603056804
96.66857624053955,-0.007992372085827308,96955.93427511235
96.76853656768799,-0.010105298039551769,96956.64084760111
96.86851382255554,-0.011667025918391586,96957.976762841
96.96939778327942,-0.014055550909558368,96960.3790865569
97.06956744194031,-0.0131368874514173,96962.34117790121
97.16866970062256,-0.011299560535135159,96964.40706011109
97.26868915557861,-0.013412486488859619,96967.56635409998
97.36874222755432,-0.02066992780817407,96971.10971868999
97.46882319450378,-0.02048619511654586,96973.79874682099
97.5689628124237,-0.02553884413632174,96975.9188721389
97.66919946670532,-0.026365641248648704,96977.226984925
97.7686595916748,-0.024803913369808885,96979.30428643251
97.86886262893677,-0.023242185490969066,96981.97385778927
97.96879124641418,-0.025998175865392277,96983.57647201035
98.06911873817444,-0.021956056649571568,96986.11882480931
98.16931438446045,-0.02462018067818067,96988.20694232838
98.26939058303833,-0.020578061462359964,96987.48624809555
98.36897492408752,-0.018648868200263718,96986.737623286
98.46920371055603,0.0061550451695451674,96990.46386095739
98.56958889961243,-0.01552541244258408,96988.71747486165
98.6686635017395,-0.016903407629795683,96989.04572737549
98.7685661315918,-0.014790481676071224,96987.04115463793
98.86934566497803,-0.011299560535135159,96983.83703917415
98.96956849098206,-0.0131368874514173,96982.45333525674
99.06876039505005,-0.010748362460250517,96979.70800173107
99.16863250732422,-0.01001343169373766,96977.23720155796
99.26873755455017,-0.007992372085827308,96975.71348140217
99.3685417175293,-0.008176104777455522,96974.44213326195
99.46872091293335,-0.01001343169373766,96973.49791993576
99.56896376609802,-0.008267971123269628,96971.94812794219
99.66913390159607,-0.00762490670257088,96970.35331514798
99.76929521560669,-0.00909476823559659,96970.11798363319
99.86858296394348,-0.006522510552801596,96968.90618526988
99.96855759620667,-0.011391426880949266,96969.8155667429
100.06890964508057,-0.2092715357645357,97007.3340100686
100.16870903968811,-0.2706382547683592,97045.20060906175
100.26882410049438,-0.4726523492135804,97165.28054815558
100.36919951438904,-0.6578549023748201,97307.65249334002
100.46861529350281,-0.7731471663715244,97456.58724400602
100.56897115707397,-0.6754013744253146,97556.72851960543
100.66908526420593,-0.2720162499555708,97550.55566764489
100.768789768219,-0.12806168606486512,97509.50010088041
100.86942315101624,-0.09526540060922895,97478.35009079237
100.9688651561737,-0.043912113299143136,97431.71508171313
101.06947159767151,-0.17399485897191863,97437.34357354183
101.16887402534485,-0.08194478046618343,97403.80921618764
101.26889204978943,-0.05732459978800276,97371.22829456888
101.36907196044922,-0.11281187265972338,97352.80546511199
101.46916270256042,-0.11262813996809516,97340.82491860079
101.56921911239624,-0.19007146948938736,97348.64242674071
101.66930961608887,-0.2758746364797633,97370.17818406664
101.76892256736755,-0.29544216813816804,97386.26036565998
101.86915802955627,-0.23545344432155618,97377.53432909398
101.96882224082947,-0.13219567162649995,97364.18089618458
102.0690085887909,-0.1392693802541862,97352.66280656612
102.16886186599731,-0.1749135224300597,97348.2965259095
102.26878237724304,-0.16085797152050132,97340.26687331856
102.36897540092468,-0.24160848949110136,97354.1401859867
102.46848011016846,-0.2933292421844436,97371.72616738804
102.56915664672852,-0.35837061502083134,97408.95355064924
102.6685540676117,-0.5093070211934091,97476.35819558433
102.7684531211853,-0.6555582437294675,97580.0223760259
102.86869144439697,-0.8627168535402787,97711.4201384233
102.96886897087097,-0.9723134040965083,97850.57812458098
103.06881356239319,-1.021829364490312,97999.12031212289
103.16912603378296,-1.0882487325139114,98124.80828091061
103.26832842826843,-1.072631453725513,98237.52745281954
103.36922311782837,-1.0728151864171414,98340.0747075376
103.46846675872803,-1.085400875793674,98436.66723678385
103.56833839416504,-1.0842984796439048,98523.40051310547
103.66898226737976,-1.0823692863818084,98599.86046179493
103.76922821998596,-1.0647309479854998,98661.57441561544
103.86838269233704,-1.0420399605694155,98713.2169740539
103.96868062019348,-0.9828780338651306,98738.3952766485
104.06879425048828,-0.6810970878657892,98686.45574898364
104.16916704177856,-0.4554733425463424,98609.71017408528
104.26837015151978,-0.3952090196922882,98524.03915667676
104.3685393333435,-0.2393118308457487,98414.13524100909
104.46884059906006,-0.14625122253605832,98294.82171690819
104.5690803527832,-0.06072365458312472,98170.93954521738
104.66843962669373,-0.051904485384970445,98058.14559069564
104.76863837242126,-0.04593317290705349,97957.43103162608
104.86844229698181,-0.04437144502821367,97866.18792846348
104.96911311149597,-0.0019291932620962467,97773.26913561713
105.06916356086731,0.0010105298039551768,97691.8422220554
105.16844511032104,-0.0055119807488464186,97619.55799984986
105.26875376701355,-0.007073708627686238,97554.20219986489
105.36883473396301,-0.02397711625748192,97499.88197987841
105.4691047668457,-0.03564414217587351,97450.69378189057
105.56827187538147,-0.0434527815700726,97403.62440370151
105.66840434074402,-0.0722069478098881,97373.76196333136
105.77133107185364,-0.08929408813131198,97349.68576699823
105.86884212493896,-0.12181477454950586,97335.31719029842
105.97195959091187,-0.148547881181411,97327.48547126858
106.06929159164429,-0.14588375715280189,97318.03692414172
106.17009615898132,-0.13642152353394887,97307.63323172755
106.26973247528076,-0.14156603889953887,97301.5699085548
106.37106966972351,-0.14174977159116708,97293.31291769931
106.46890759468079,-0.128796616831378,97285.0816259294
106.5687325000763,-0.12034491301648015,97274.67346333647
106.6710934638977,-0.10968841690204374,97264.90611700281
106.7699134349823,-0.10665682749017821,97254.31550530253
106.86995673179626,-0.10775922363994749,97237.28395477227
106.97108483314514,-0.028202968164930845,97219.15555929505
107.07040190696716,-0.029489097006328343,97201.54000336555
107.17116069793701,-0.03307188449307851,97186.78600302899
107.27017784118652,-0.03591974121331583,97172.7074027261
107.3701651096344,-0.0382163998586685,97160.23666245349
107.47030520439148,-0.040604924849835286,97145.81299620814
107.56921672821045,-0.04492264310309831,97134.33169658734
107.66953587532043,-0.04492264310309831,97121.5985269286
107.77012014389038,-0.032336953726565656,97111.83867423574
107.86919593811035,-0.04446331137402778,97104.55480681216
107.96974062919617,-0.037022137363085114,97096.89932613095
108.07103633880615,-0.03637907294238636,97091.10939351785
108.16883516311646,-0.038491998896110824,97084.99845416607
108.26919984817505,-0.03527667679261708,97079.39860874946
108.36904692649841,-0.0382163998586685,97075.8587478745
108.47110247612,-0.03895133062518136,97071.67287308705
108.57068800926208,-0.0341742806428478,97068.40558577834
108.66883301734924,-0.04005372677495064,97064.0650272005
108.7697434425354,-0.03435801333447601,97060.95852448046
108.87079644203186,-0.03647093928820047,97057.26267203242
108.97058272361755,-0.0382163998586685,97053.63640482919
109.07082724571228,-0.03196948834330923,97051.37276434628
109.17116379737854,-0.038491998896110824,97048.93548791164
109.27143359184265,-0.02618190855702049,97047.74193912047
109.37025761604309,-0.03077522584772584,97045.16774520843
109.47036266326904,-0.03647093928820047,97044.75097068759
109.57014465332031,-0.03444987968029012,97041.97587361882
109.67086696624756,-0.03757333543796976,97040.37828625695
109.76825022697449,-0.03766520178378386,97037.44045763127
109.87158513069153,-0.03674653832564279,97035.49641186814
109.96881580352783,-0.038767597933553145,97034.04677068134
110.0684974193573,-0.035552275830059404,97032.8420936132
110.16942477226257,-0.048505430589848485,97036.6578842519
110.2695848941803,-0.0526394161514833,97038.2920958267
110.36971473693848,-0.05309874788055383,97042.36288624404
110.4715576171875,-0.07257441319314452,97051.62659761963
110.56920337677002,-0.1209879774371789,97071.06393785767
110.66821455955505,-0.1460674898444301,97091.4575440719
110.76946115493774,-0.16425702631562328,97115.71178966471
110.87191581726074,-0.1816197656744895,97142.24061069825
110.97061777114868,-0.19475665312590681,97166.51654962843
111.06986546516418,-0.18465135508635502,97187.56489466559
111.1689441204071,-0.17316806185959166,97202.70840519902
111.2707211971283,-0.1647163580446938,97215.93756467913
111.37075090408325,-0.1525900003972317,97224.84380821123
111.4712142944336,-0.158010114800264,97233.85942739011
111.56887650489807,-0.15856131287514866,97242.37348465109
111.67062520980835,-0.15837758018352044,97249.83613618599
111.7682876586914,-0.15892877825840507,97256.1525225674
111.86844801902771,-0.16159290228701417,97263.03727031066
111.96811008453369,-0.1576426494170076,97265.7335432796
112.06928253173828,-0.06476577379894542,97248.86018895163
112.16830325126648,-0.03132642392261048,97232.97417005646
112.26884913444519,-0.03931879600843779,97209.27675305083
112.36901545524597,-0.10050178232063303,97210.84907774575
112.46852660179138,-0.09884818809597912,97204.26416997118
112.56874632835388,-0.0579676642087015,97193.23775297406
112.66933989524841,-0.053374346917996154,97186.71397767666
112.76841616630554,-0.06926722474383666,97183.04257990899
112.86876702308655,-0.10821855536901802,97189.23832191809
112.96846270561218,-0.17959870606657916,97204.41448972629
113.06922841072083,-0.1721575320556365,97219.97304075366
113.16880702972412,-0.1606742388288731,97229.47573667829
113.26927638053894,-0.1552541244258408,97239.02816301046
113.36926126480103,-0.1525900003972317,97247.82534670942
113.46869897842407,-0.14404643023651975,97252.94281203847
113.56843113899231,-0.14689428695675708,97258.54853083463
113.66938924789429,-0.19815570792102877,97277.09367775115
113.76947212219238,-0.23857690007923582,97302.38430997604
113.8691794872284,-0.29314550949281537,97331.24587897844
113.96955418586731,-0.30821159020632893,97361.22129108061
114.06991577148438,-0.30958958539354053,97390.69916197256
114.16920852661133,-0.31344797191773305,97415.8292457753
114.26957154273987,-0.28386700856559055,97432.74632119777
114.36933374404907,-0.2622784172992754,97443.671689078
114.47061562538147,-0.23921996449993457,97449.00452017019
114.56830883026123,-0.27422104225510935,97460.50406815317
114.66939043998718,-0.29727949505445017,97475.35366133785
114.77024483680725,-0.3307188449307851,97497.71829520406
114.86920642852783,-0.36507685826526115,97527.14646568365
114.97260808944702,-0.40972390233091716,97565.53181911529
115.06899952888489,-0.4788073943831256,97615.17863720376
115.16992282867432,-0.5391635835829939,97674.16077348338
115.26866555213928,-0.5922623314635477,97737.44469613505
115.3700783252716,-0.625977280377325,97798.60022652155
115.4696912765503,-0.6169743784875424,97847.8402038694
115.57105302810669,-0.4710906213347406,97852.75618348246
115.67013764381409,-0.36112660539525454,97843.68056513421
115.76806783676147,-0.32300207188240015,97827.91250862081
115.86821103096008,-0.3469791881398821,97816.72125775873
115.96899080276489,-0.3450499948777858,97809.74913198286
116.06906080245972,-0.34560119295267044,97799.27421878457
116.17116737365723,-0.33108631031404157,97785.24679690611
116.27053236961365,-0.3139991699926177,97778.4221172155
116.37117195129395,-0.3423858708491767,97771.57990549394
116.47097158432007,-0.35708448617943384,97773.82191494455
116.57005095481873,-0.3513887727389592,97767.0397234501
116.6724624633789,-0.30857905558958537,97754.93575110509
116.76990485191345,-0.3222671411158873,97748.94217599458
116.87044787406921,-0.35965674386222884,97747.94795839512
116.97073650360107,-0.30913025366447,97740.3531625556
117.07103753089905,-0.3885027764478584,97748.21784630005
117.17114591598511,-0.35570649099222224,97750.09606167005
117.26921677589417,-0.39824060910415376,97760.38645550304
117.36861228942871,-0.3937391581592625,97769.34780995274
117.4682605266571,-0.3770194832210951,97773.81302895746
117.57026052474976,-0.383817592811339,97780.43172606172
117.67064213752747,-0.42341198785721906,97795.08855345556
117.76912522315979,-0.4472972377688869,97813.97969811
117.8705587387085,-0.5044381048652614,97841.781728299
117.97089529037476,-0.5268534932439035,97870.4035554691
118.07086396217346,-0.5721436017302582,97906.0631999222
118.17066097259521,-0.5101338183057361,97922.85687992997
118.27092456817627,-0.48652416743151056,97934.07119193698
118.37302589416504,-0.48376817705708736,97942.86407274328
118.46921801567078,-0.4762351367003306,97948.97766546895
118.56863975524902,-0.51693192789598,97967.77989892205
118.67026901245117,-0.5991523073996058,97994.60190902985
118.76812386512756,-0.5794010430495727,98025.84171812686
118.86972880363464,-0.6326835236217548,98057.45754631417
118.97071266174316,-0.6730128494341477,98094.41179168275
119.06948137283325,-0.7107699175637457,98136.67061251447
119.16968488693237,-0.6898243907181293,98169.70355126302
119.27163767814636,-0.6774224340332249,98197.13319613674
119.36846351623535,-0.6732884484715901,98221.21987652307
119.47129225730896,-0.7146283040879382,98251.19788887077
119.57104873657227,-0.725560399239817,98278.07809998369
119.66952967643738,-0.7137096406297971,98298.77028998532
119.76996731758118,-0.6889975936058024,98314.59326098679
119.86827063560486,-0.6686951311808847,98325.23393488812
119.96812224388123,-0.6712673888636798,98328.31054139932
120.07034111022949,-0.6742989782755453,98329.2794872594
120.16937518119812,-0.6268959438354661,98316.05153853346
120.27121758460999,-0.5633244325321041,98303.1463846801
120.36897993087769,-0.51693192789598,98271.03174621209
120.4691596031189,-0.4734791463259074,98238.32857159087
120.56864047050476,-0.4642925117444967,98209.19571443179
120.66904473304749,-0.44389818297376493,98177.47614298861
120.76929092407227,-0.45584080792959886,98150.42852868975
120.86902332305908,-0.43241488974700154,98117.38567582078
120.96891260147095,-0.39419848988833306,98080.74710823872
121.06939101219177,-0.3993430052539231,98055.37239741485
121.16836977005005,-0.4651193088568237,98043.73515767336
121.26850867271423,-0.42681104265234104,98022.16164190603
121.37142300605774,-0.42965889937257834,98006.14547771543
121.47103643417358,-0.40329325812392963,97967.63092994389
121.57044792175293,-0.3906157024015829,97939.3678369495
121.67001104354858,-0.3559820900296646,97913.33105325454
121.7687087059021,-0.338343751633356,97878.39794792909
121.86883497238159,-0.3845525235778518,97861.25815313618
121.96828031539917,-0.3880434447187879,97854.83233782256
122.0686616897583,-0.3620452688533956,97837.44910404031
122.17152118682861,-0.2977388267835207,97807.50419363628
122.27041125297546,-0.21469165016756803,97757.55377427266
122.37056636810303,-0.17583218588820076,97708.49839684539
122.4707043170929,-0.16765608111074523,97666.84855716085
122.573007106781,-0.20872033768965106,97645.26370144477
122.66927433013916,-0.32713605744403496,97648.23733130029
122.76920294761658,-0.3882271774104161,97660.11359817025
122.87021851539612,-0.348632782364536,97660.20223835323
122.9697527885437,-0.328054720902176,97654.28201451791
123.06812047958374,-0.25979802596229457,97630.35381306612
123.16943788528442,-0.1735355272428481,97611.81843175952
123.26867914199829,-0.30196467869096966,97618.23658858358
123.36993360519409,-0.30619053059841855,97610.61292972522
123.46867609024048,-0.2514381884932108,97603.15163675271
123.56992101669312,-0.2699951903476604,97596.83647307743
123.66945838928223,-0.27036265573091683,97589.65282576969
123.7699465751648,-0.28993018738932164,97585.88754319272
123.8685450553894,-0.3471629208315103,97593.29878887345
123.9695074558258,-0.34890838140197833,97605.46890998611
124.06855607032776,-0.3144585017216882,97606.4220189875
124.16981077194214,-0.2617272192243908,97595.87981708876
124.26970839500427,-0.17987430510402147,97560.79183537989
124.36860799789429,-0.11253627362228105,97519.91265184189
124.46929407119751,-0.07404427472617023,97471.1213866577
124.56807398796082,0.0019291932620962467,97437.60924799195
124.66849112510681,-0.028570433548187273,97387.34832319275
124.77189373970032,-0.040237459466578855,97343.91349087348
124.86875438690186,-0.03343934987633494,97308.12214178614
124.97166347503662,-0.026733106631905132,97276.60992760753
125.0684494972229,-0.01920006627514836,97249.94893484678
125.17141890525818,-0.019751264350033,97223.7540413621
125.26837301254272,-0.0407886575414635,97203.77863722589
125.37159705162048,-0.01800580377956497,97179.7007735033
125.46864724159241,0.008451703814897842,97158.43069615297
125.56970858573914,0.01249382303071855,97143.88762653767
125.66976833343506,0.015892877825840507,97126.49886388391
125.77001476287842,0.00946223361885302,97117.34897749552
125.86981678009033,-0.03637907294238636,97106.51407974596
125.96861743927002,-0.07560600260501005,97103.76267177136
126.06999850273132,-0.04960782673961777,97091.68640459422
126.17238187789917,-0.027835502781674414,97078.91776413479
126.26945948600769,-0.02563071048213585,97064.02598772131
126.36945676803589,-0.012585689376532656,97049.62338894919
126.46808958053589,-0.038767597933553145,97039.66105005427
126.57057118415833,-0.05447674306776544,97035.69494504885
126.67053174972534,-0.08442517180316432,97040.82545054395
126.7688844203949,-0.09802139098365215,97047.64290548956
126.86920499801636,-0.08130171604548468,97050.37861494061
126.96896624565125,-0.0934280736929468,97056.44075344656
127.06923794746399,-0.10445203519063964,97065.7966781019
127.16997647285461,-0.09774579194620983,97075.11701029171
127.2689483165741,-0.09517353426341484,97084.00530926253
127.36886715888977,-0.10638122845273588,97092.80477833627
127.47097563743591,-0.1105152140143707,97098.72430050264
127.57102489471436,-0.09572473233829948,97104.55187045237
127.66975402832031,-0.09131514773922234,97107.79668340713
127.7713394165039,-0.06825669493988148,97102.61701506643
127.86848449707031,-0.040237459466578855,97090.1553135598
127.96902775764465,-0.04446331137402778,97080.93978220382
128.06909704208374,-0.04501450944891242,97071.74580398343
128.16842889785767,-0.04299344984100207,97065.5712235851
128.26854491233826,-0.038859464279367255,97059.91410122658
128.36923599243164,-0.037389602746341545,97054.92269110391
128.4692611694336,-0.03454174602610423,97052.03042199354
128.56862497329712,-0.03325561718470673,97049.42737979419
128.66907286643982,-0.035368543138431185,97045.48464181476
128.76879978179932,-0.035184810446802973,97042.2361776333
128.86860275268555,-0.03591974121331583,97040.51255986997
128.9692952632904,-0.03591974121331583,97037.96130388297
129.06871032714844,-0.035827874867501726,97035.26517349468
129.16845703125,-0.03463361237191833,97032.83865614522
129.26897287368774,-0.037297736400527436,97032.5547905307
129.36865949630737,-0.0382163998586685,97030.29931147763
129.468590259552,-0.035736008521687616,97029.06938032988
129.56844544410706,-0.03748146909215565,97027.7624422969
129.6694474220276,-0.03674653832564279,97025.48619806721
129.77447319030762,-0.03619534025075815,97025.33757826049
129.8703372478485,-0.03757333543796976,97025.80382043443
129.96991753578186,-0.03895133062518136,97024.223438391
130.0700294971466,-0.03435801333447601,97023.0010945519
130.17035388946533,-0.037205870054713326,97024.30098509672
130.2716042995453,-0.035736008521687616,97024.57088658705
130.36920881271362,-0.039502528700066,97024.71379792836
130.47182869911194,-0.03959439504588011,97025.04241813553
130.5687255859375,-0.03665467197982868,97024.53817632198
130.6703176498413,-0.0381245335128544,97024.48435868978
130.77131533622742,-0.03968626139169422,97022.8359228208
130.8700032234192,-0.03858386524192493,97023.05233053872
130.9714276790619,-0.03830826620448261,97022.54709748486
131.07130694389343,-0.03794080082122618,97021.39238773638
131.17104840278625,-0.0394106623542519,97020.55314896275
131.27177238464355,-0.03904319697099547,97020.29783406647
131.36927843093872,-0.039502528700066,97018.76805065983
131.46810293197632,-0.038491998896110824,97020.39124559384
131.56882691383362,-0.0394106623542519,97019.35212103446
131.67101192474365,-0.03895133062518136,97019.01690893102
131.76824069023132,-0.0382163998586685,97018.31521803793
131.8681516647339,-0.039135063316809576,97017.88369623413
131.96990084648132,-0.03564414217587351,97017.39532661073
132.06992030143738,-0.0341742806428478,97015.75579394966
132.16819763183594,-0.035092944100988864,97015.6802145547
132.27073287963867,-0.03647093928820047,97016.01219309922
132.36887073516846,-0.03794080082122618,97014.9109737893
132.47106218338013,-0.035184810446802973,97014.91987641038
132.5690393447876,-0.03674653832564279,97014.82788876933
132.66852831840515,-0.03601160755912994,97015.6450998924
132.76835989952087,-0.037389602746341545,97015.98058990315
132.87090706825256,-0.03591974121331583,97015.68253091283
132.97148633003235,-0.0341742806428478,97015.41427782156
133.0700340270996,-0.025998175865392277,97012.0728500394
133.17145156860352,-0.017546472050494432,97007.86556503546
133.26842594146729,-0.012126357647462121,97003.37900853192
133.37146043777466,-0.0035827874867501723,96997.54110767873
133.4704327583313,0.0024803913369808887,96990.48699691085
133.57022523880005,0.0055119807488464186,96982.33829721977
133.66854858398438,0.007716773048384987,96975.0044674978
133.7716362476349,0.00946223361885302,96969.20402074802
133.8695890903473,0.008727302852340163,96963.38361867322
133.96937942504883,0.010289030731179982,96958.44525680589
134.07107663154602,0.013504352834673727,96952.1007311253
134.16957426071167,0.009554099964667126,96946.89065801278
134.2717010974884,0.006889975936058024,96942.70159221151
134.37060475349426,0.00909476823559659,96937.33143299035
134.46921372413635,0.008359837469083736,96934.19828969133
134.5690257549286,0.013596219180487833,96929.17846072219
134.67161750793457,0.011299560535135159,96927.16061464997
134.77093625068665,0.011391426880949266,96924.84455318497
134.87148141860962,0.012218223993276229,96921.66009786648
134.97033953666687,0.011023961497692837,96918.89408807983
135.0711305141449,0.008451703814897842,96916.50467927185
135.16998958587646,0.012861288413974978,96913.45421134467
135.2689914703369,0.011667025918391586,96912.3087902102
135.36930322647095,0.012953154759789084,96908.97791118917
135.46933102607727,0.01488234802188533,96908.88012007026
135.57035517692566,0.011391426880949266,96908.39210806323
135.6709921360016,0.010105298039551769,96908.0528972569
135.76851439476013,0.013596219180487833,96908.54760753122
135.86863589286804,0.011483293226763372,96908.4928467781
135.97147464752197,0.012677555722346764,96907.7435621003
136.06968879699707,0.014239283601186582,96908.16920589027
136.17114090919495,0.011483293226763372,96907.65228530124
136.2716474533081,0.012585689376532656,96906.58705677112
136.37056684494019,0.011667025918391586,96905.02835109402
136.4706518650055,0.013504352834673727,96904.02551598463
136.56893587112427,0.011850758610019801,96903.72296438618
136.66913080215454,0.01001343169373766,96902.85066794757
136.76913809776306,0.012953154759789084,96901.16560115282
136.86834192276,0.010197164385365875,96901.94904103754
136.96910452842712,0.008267971123269628,96903.25413693379
137.06813025474548,0.009645966310481233,96904.4287232404
137.16837310791016,0.010197164385365875,96906.18585091636
137.26836276054382,0.011115827843506945,96906.56726582472
137.3686933517456,0.011299560535135159,96908.01053924226
137.46822500228882,0.027192438360975665,96919.70948531803
137.56945633888245,0.012585689376532656,96917.33853678624
137.66899418830872,-0.011483293226763372,96919.3046831076
137.7684941291809,-0.004225851907448921,96921.97421479685
137.86811804771423,-0.0020210596079103535,96920.57679331717
137.9695520401001,-0.0022966586453526745,96922.71911398545
138.06967425346375,-0.00578757978628874,96924.14720258692
138.16907262802124,0.0018373269162821396,96924.63248232822
138.26984643936157,-0.0034909211409360655,96927.5692340954
138.36887311935425,-0.0016535942246539257,96928.41231068586
138.46932244300842,0.0013779951872116046,96930.57107961728
138.5684850215912,-0.0039502528700066,96933.51397165556
138.66901206970215,0.0,96932.96257449001
138.76900482177734,-0.0007349307665128559,96934.36631704101
138.86855387687683,-0.0016535942246539257,96935.22968533692
138.96910309791565,-0.0004593317290705349,96936.20671680322
139.0687232017517,-0.0022966586453526745,96938.08604512291
139.16868925094604,-0.00036746538325642793,96938.27744061062
139.2687005996704,0.00027559903744232096,96938.64969654956
139.36925745010376,-0.004225851907448921,96939.38472689461
139.46895837783813,-0.0011023961497692838,96939.04625420515
139.56890845298767,-0.0035827874867501723,96939.84162878463
139.66917634010315,-0.0016535942246539257,96939.35746590617
139.76821732521057,-0.0032153221034937444,96939.82171931554
139.86957001686096,-0.0008267971123269628,96940.33954738399
139.96827006340027,0.0013779951872116046,96939.1055926456
140.0687394142151,-0.0016535942246539257,96937.59503338103
140.16838335990906,-0.0020210596079103535,96937.33553004292
140.26857995986938,0.0009186634581410698,96936.10197703863
140.36901140213013,-0.005695713440474633,96936.79177933477
140.469384431839,-0.0038583865241924933,96935.3126014013
140.56819653511047,-0.0008267971123269628,96933.58134126118
140.66886734962463,-0.0014698615330257117,96932.72320713506
140.76930785179138,-0.00027559903744232096,96933.05088642157
140.86953997612,-0.004042119215820707,96932.94579777941
140.96942806243896,-0.0008267971123269628,96932.55121800146
141.06911516189575,-0.0012861288413974978,96932.29609620132
141.16856336593628,-0.0025722576827949956,96931.46648658118
141.2691478729248,-0.0014698615330257117,96931.81983792306
141.36832475662231,-0.0017454605704680327,96931.63785413075
141.46819305419922,-0.0020210596079103535,96931.67406871768
141.5696816444397,-0.0016535942246539257,96931.30666184591
141.6681604385376,0.006522510552801596,96928.97599566133
141.7683298587799,0.012585689376532656,96925.6783960952
141.86868023872375,0.014055550909558368,96921.81055648568
141.96855807304382,0.012585689376532656,96919.5295008371
142.07072257995605,0.015157947059327652,96916.47655075339
142.16940021514893,0.014147417255372476,96914.12889567805
142.26973581314087,0.01524981340514176,96913.11600611024
142.37133502960205,0.0131368874514173,96912.20440549921
142.4685254096985,0.015157947059327652,96910.0839649493
142.56989550590515,0.00762490670257088,96908.37556845437
142.67045307159424,0.014055550909558368,96905.33801160894
142.76932954788208,0.015433546096769973,96902.80421044804
142.86956095695496,0.015617278788398187,96900.22378940323
142.9703710079193,0.016811541283981577,96897.7014104629
143.07026553153992,0.016627808592353365,96896.93126941661
143.16943049430847,0.016260343209096934,96895.83814247497
143.2695791721344,0.017270873013052114,96893.65432822747
143.37009024620056,0.016811541283981577,96893.28889540472
143.46939778327942,0.016535942246539256,96891.96000586425
143.57054233551025,0.01644407590072515,96891.16400527782
143.67105960845947,0.015709145134212295,96890.94760475004
143.7697296142578,0.017270873013052114,96891.15284427504
143.8694770336151,0.016627808592353365,96892.33755984754
143.96945333480835,0.016260343209096934,96893.40380386279
144.06866836547852,0.0158010114800264,96893.26342347651
144.1692533493042,0.01488234802188533,96894.33708112886
144.27005529403687,0.01828140281700729,96892.90337301597
144.36997365951538,0.015892877825840507,96891.91303571437
144.46880674362183,0.014790481676071224,96890.92173214293
144.57021737098694,0.015892877825840507,96889.62955892865
144.66892552375793,0.018373269162821396,96889.06660303578
144.76972365379333,0.017730204742122647,96888.1599427322
144.86812901496887,0.01828140281700729,96887.443948459
144.9702467918396,0.013045021105603192,96886.5995536131
145.07037043571472,0.014514882638628903,96885.43959825179
145.17081904411316,0.016076610517468722,96884.99563842661
145.27046966552734,0.01818953647119318,96884.69607458395
145.36835527420044,0.014514882638628903,96884.42646712555
145.46940541267395,0.016903407629795683,96884.583820413
145.57057762145996,0.01763833839630854,96883.22543837171
145.66940546035767,0.017822071087936753,96882.70289453454
145.76919627189636,0.016260343209096934,96883.2326050811
145.869313955307,0.017822071087936753,96882.40934457298
145.97075843811035,0.01671967493816747,96882.26841011569
146.07003164291382,0.019016333583520145,96882.54156910413
146.16872906684875,0.016903407629795683,96883.78741219372
146.26873898506165,0.018648868200263718,96883.80867097435
146.36839127540588,0.018648868200263718,96884.42780387691
146.46931838989258,0.017822071087936753,96884.28502348922
146.57018995285034,0.0170871403214239,96884.7565211403
146.6681661605835,0.016995273975609793,96884.48086902627
146.77126717567444,0.016260343209096934,96883.83278212365
146.86923456192017,0.015709145134212295,96884.24950391128
146.96840357780457,0.0158010114800264,96883.82455352016
147.06903100013733,0.01524981340514176,96884.14209816814
147.1687126159668,0.016168476863282828,96882.72788835134
147.26852345466614,0.018557001854449612,96882.8550995162
147.3691327571869,0.0158010114800264,96882.16958956458
147.4687008857727,0.015709145134212295,96883.05263060813
147.56867671012878,0.014974214367699438,96882.54736754732
147.66897225379944,0.015617278788398187,96882.3926307926
147.76891350746155,0.016535942246539256,96882.45336771334
147.86872363090515,0.0170871403214239,96881.90803094201
147.96858525276184,0.016076610517468722,96881.21722784781
148.0687439441681,0.017179006667238005,96880.09550506303
148.16879081726074,0.01524981340514176,96879.68595455673
148.26897168159485,0.0170871403214239,96878.81735910106
148.36928701400757,0.01524981340514176,96881.63562319094
148.46845722198486,0.01800580377956497,96884.27206087185
148.5688178539276,0.0025722576827949956,96884.14485478467
148.6692132949829,0.023242185490969066,96881.6303693062
148.76869773864746,-0.015066080713513546,96886.36733237556
148.86925387382507,0.0008267971123269628,96889.53059913802
148.96889972686768,0.016535942246539256,96890.77753922422
149.06905055046082,-0.03748146909215565,96905.4997853018
149.16900444030762,-0.010564629768622304,96911.14980677162
149.26927018165588,-0.016260343209096934,96924.93482609445
149.3688509464264,-0.020210596079103537,96932.44134348501
149.4689860343933,-0.008635436506526057,96940.19720913652
149.5689058303833,-0.018097670125379075,96946.47748822287
149.6692295074463,-0.017546472050494432,96953.72973940057
149.7689049243927,-0.009645966310481233,96957.65676546052
149.86927485466003,-0.01276942206816087,96962.29108891446
149.9690136909485,-0.018373269162821396,96966.561980023
150.0692174434662,-0.03656280563401458,96974.00578202071
150.16842007637024,-0.05144515365589991,96985.40520381865
150.26853251457214,-0.06210164977033632,96994.36468343678
150.36880111694336,-0.10840228806064624,97004.12821509311
150.46858406066895,-0.04960782673961777,97005.9153935838
150.5684778690338,-0.06118298631219525,97010.62385422543
150.66845107078552,-0.04979155943124598,97016.96146880288
150.76861596107483,-0.046943702711008665,97019.96532192259
150.86846780776978,-0.05098582192682938,97023.66878973033
150.9693796634674,-0.05879446132102847,97029.0019107573
151.068500995636,-0.058335129591957934,97038.20171968159
151.16939043998718,-0.08249597854106808,97051.38154771343
151.27006697654724,-0.07964812182083075,97062.0433929421
151.3704833984375,-0.07027775454779184,97069.33905364788
151.46834135055542,-0.07340121030547148,97078.2051482831
151.5706708431244,-0.09002901889782484,97087.0846334548
151.67009592056274,-0.09002901889782484,97095.27617010931
151.76922583580017,-0.08791609294410038,97102.24855309838
151.87056756019592,-0.0801993198957154,97107.22369778855
151.96922039985657,-0.07725959682966398,97108.6013280097
152.06809091567993,-0.07441174010942665,97111.34119520873
152.17040491104126,-0.07533040356756772,97114.70707568787
152.26898527145386,-0.09278500927224806,97122.03636811908
152.36808371543884,-0.13090954278510245,97136.13273130718
152.4685263633728,-0.11639466014647355,97149.61945817647
152.56869959831238,-0.13311433508464102,97162.35751235882
152.67004323005676,-0.15470292635095617,97177.12176112294
152.77063393592834,-0.16646181861516185,97193.30958501063
152.86970233917236,-0.180333636833092,97212.87862650957
152.9688527584076,-0.21368112036361284,97236.09076385862
153.07072734832764,-0.23343238471364583,97262.48168747275
153.16852736473083,-0.24059795968714617,97287.93351872548
153.2691295146942,-0.21928496745827336,97303.74016685293
153.37090849876404,-0.20320835694080464,97316.16615016764
153.46975779533386,-0.20146289637033662,97324.94953515088
153.56952381134033,-0.20752607519406768,97335.9545816358
153.67168712615967,-0.21772323957943354,97347.75912347222
153.768901348114,-0.22690987416084424,97360.583211125
153.87030839920044,-0.22801227031061352,97374.1248900125
153.96969890594482,-0.2199280318789721,97385.01240101126
154.07071805000305,-0.20872033768965106,97392.21116091014
154.17011332511902,-0.21900936842083105,97399.79004481914
154.27073884010315,-0.20311649059499054,97403.41104033723
154.36925172805786,-0.20862847134383697,97409.66993630351
154.46855998039246,-0.2119356597931448,97413.70294267316
154.56869745254517,-0.21064953095174732,97418.93264840585
154.670738697052,-0.22488881455293389,97425.83938356527
154.77063012123108,-0.23067639433922263,97433.15544520874
154.86886382102966,-0.23113572606829316,97439.43990068788
154.97059512138367,-0.23407544913434458,97446.39591061909
155.06915998458862,-0.23232998856387657,97451.35631955719
155.1680874824524,-0.22250028956176712,97453.22068760147
155.270188331604,-0.1841920233572845,97452.69861884133
155.37061762809753,-0.2170801751587348,97455.3287569572
155.470312833786,-0.21404858574686927,97457.09588126148
155.56959056854248,-0.19374612332195162,97451.58629313533
155.67026829719543,-0.15993930806236026,97436.8276638218
155.77112102508545,-0.09912378713342143,97404.74489743962
155.87014770507812,0.0043177182532630285,97363.07040769566
155.96869373321533,0.0078086393941990935,97320.8633669261
156.07091665267944,0.007716773048384987,97282.3770302335
156.17031025886536,0.013412486488859619,97246.03932721015
156.27168154716492,0.011850758610019801,97212.03539448914
156.3704674243927,0.01157515957257748,97180.73185504023
156.4699501991272,-0.0026641240286091024,97156.5586695362
156.56865000724792,0.01488234802188533,97130.30280258258
156.66881561279297,-0.0018373269162821396,97112.47252232431
156.76875829696655,-0.005971312477916954,97097.5252700919
156.86874675750732,-0.01736273935886622,97085.2727430827
156.96865344047546,-0.0249876460614371,97075.64546877443
157.07083296775818,0.004133985561634814,97058.68092189699
157.16974425315857,-0.012034491301648015,97046.61282970729
157.26870155334473,0.010472763422808196,97031.45154673656
157.36815071105957,0.009829699002109447,97021.5063920629
157.4702799320221,-0.0055119807488464186,97012.45575285662
157.56876158714294,0.00027559903744232096,97003.41017757096
157.67026019096375,-0.0037665201783783865,96996.06915981387
157.7696647644043,0.010472763422808196,96986.26224383249
157.86952447891235,0.009829699002109447,96977.23601944925
157.96809077262878,0.011023961497692837,96967.61241750434
158.06953358650208,0.00881916919815427,96961.35117575391
158.17076015472412,0.011483293226763372,96954.81605817852
158.2685124874115,0.014055550909558368,96949.23445236066
158.36964392662048,0.012034491301648015,96944.71100712458
158.47020983695984,0.016995273975609793,96938.63990641212
158.56957340240479,-0.00881916919815427,96931.4759157709
158.6685872077942,0.00881916919815427,96925.82832419382
158.77054524421692,0.0249876460614371,96915.94549177443
158.87006211280823,-0.016811541283981577,96920.05094259698
158.97000551223755,0.022139789341199784,96914.44584833727
159.07014989852905,0.02406898260329603,96911.70126350355
159.17045140266418,0.027008705669347453,96905.8311371532
159.27010893821716,0.02250725472445621,96903.74802343789
159.36965465545654,0.019383798966776573,96898.37322109411
159.47043466567993,0.029029765277257806,96895.4358989847
159.56885194778442,0.02553884413632174,96899.09230908622
159.67052602767944,0.0078086393941990935,96899.7830781776
159.77071332931519,0.013596219180487833,96898.40477035985
159.8703215122223,0.013320620143045513,96897.86429332387
159.96981024742126,0.01488234802188533,96895.97786399149
160.0685052871704,0.014790481676071224,96895.98007759235
160.17242121696472,0.01433114994700069,96896.18206983311
160.27073454856873,0.016811541283981577,96895.6638628498
160.36866760253906,0.015157947059327652,96894.69747656483
160.46985173225403,0.016535942246539256,96894.22772890836
160.5687484741211,0.01433114994700069,96894.00495601752
160.66950583457947,0.013228753797231405,96895.40446041578
160.76806735992432,0.01524981340514176,96894.96401437421
160.86814951896667,0.01368808552630194,96895.06761293681
160.97064208984375,0.014055550909558368,96894.86085164313
161.07046747207642,0.012401956684904443,96894.67476647881
161.16813445091248,0.013596219180487833,96893.20728983093
161.26995873451233,0.009554099964667126,96893.38656084784
161.36945605278015,0.012401956684904443,96893.34790476305
161.47143626213074,0.014790481676071224,96892.71311428674
161.56992936134338,0.012401956684904443,96892.44180285807
161.66896677017212,0.01368808552630194,96893.39762257226
161.76880359649658,0.013963684563744262,96892.35786031504
161.87000799179077,0.0131368874514173,96891.12207428354
161.9685332775116,0.01488234802188533,96890.5098668552
162.06983757019043,0.01644407590072515,96890.35888016968
162.16921854019165,0.014423016292814797,96890.12299215271
162.2717683315277,-0.014974214367699438,96899.11069293744
162.36868286132812,0.024344581640738352,96894.4996236437
162.4688572883606,-0.011483293226763372,96898.14966127934
162.56839323043823,0.018097670125379075,96906.2346951514
162.66872382164001,0.007992372085827308,96912.41122563627
162.7685067653656,-0.005420114403032312,96917.67010307264
162.86905193328857,0.011850758610019801,96915.80309276537
162.96926593780518,0.011023961497692837,96916.82278348884
163.0691225528717,0.0013779951872116046,96919.74050513997
163.16918444633484,0.01552541244258408,96916.96645462597
163.26868987083435,-0.009278500927224806,96916.26980916338
163.3692102432251,-0.008176104777455522,96916.64282824704
163.4691948890686,-0.005603847094660526,96916.07854542235
163.56886959075928,-0.0072574413193144515,96916.87069088011
163.66857361793518,-0.008727302852340163,96917.5836217921
163.76902985572815,-0.004042119215820707,96919.02525961288
163.8686876296997,-0.00881916919815427,96918.22273365161
163.96841406822205,-0.0005511980748846419,96916.00046028645
164.06896114349365,0.01552541244258408,96916.3004142578
164.16836047172546,0.006798109590243916,96911.67037283203
164.26915073394775,0.006889975936058024,96911.80333554883
164.36833930015564,0.03977812773750832,96908.12300199395
164.47046184539795,0.0027559903744232093,96912.31070179456
164.5682647228241,0.020210596079103537,96917.37963161511
164.67085647583008,0.07459547280105487,96928.64166845361
164.76979660987854,0.07808639394199093,96937.07750160825
164.86896967887878,0.07459547280105487,96943.36975144742
164.96974229812622,0.06109111996638114,96949.53277630267
165.06880474090576,0.051904485384970445,96958.37949867241
165.17027473449707,-0.06798109590243917,96949.84154880517
165.26993775367737,-0.07294187857640094,96929.15739392466
165.36994647979736,-0.030315894118655304,96914.3416545322
165.4690980911255,-0.02315031914515496,96898.40748907898
165.57056999206543,0.0023885249911667814,96870.46674017108
165.66860008239746,0.06770549686499684,96868.12006615396
165.77035307884216,0.07138015069756112,96871.00805953857
165.87000679969788,0.0750548045301254,96878.70725358471
165.9689862728119,0.06357151130336203,96886.73652822623
166.06987118721008,0.022966586453526745,96890.76287540361
166.16862607002258,-0.0043177182532630285,96898.88658786325
166.26927208900452,0.028754166239815485,96897.99792907693
166.36871552467346,-0.021680457612129247,96906.89813616923
166.46954536437988,0.019383798966776573,96910.20832255231
166.5706238746643,0.037114003708899224,96913.58749029707
166.67027640342712,0.03444987968029012,96911.82874126737
166.76966619491577,0.0499752921228742,96910.44586714063
166.87001180648804,0.06788922955662506,96909.80128042656
166.97059392929077,0.058518862283586146,96908.62115238392
167.0705726146698,0.02315031914515496,96909.85903714554
167.16863465309143,0.01276942206816087,96910.77313343098
167.2696409225464,0.016627808592353365,96910.69582008789
167.3694257736206,0.01892446723770604,96910.8262380791
167.47069787979126,0.027284304706789775,96910.9436142712
167.56921410560608,0.04446331137402778,96911.94925284408
167.66915655136108,0.04721930174845099,96914.15432755966
167.76816701889038,0.05475234210520776,96914.0388948037
167.87013506889343,0.05098582192682938,96912.83500532333
167.97053813934326,0.02921349796888602,96911.651504791
168.06996393203735,0.014239283601186582,96911.28635431192
168.16995978355408,0.012677555722346764,96909.05771888072
168.27052783966064,0.013228753797231405,96907.65194699266
168.36987948417664,0.013871818217930154,96906.28675229338
168.4688537120819,0.013504352834673727,96903.25807706405
168.56842827796936,0.012310090339090335,96901.83226935763
168.67254614830017,0.0158010114800264,96900.44904242188
168.7688488960266,0.015984744171654616,96899.8041381797
168.8694703578949,0.018465135508635502,96898.82372436173
168.96875047683716,0.015157947059327652,96896.54135192557
169.07050037384033,0.013779951872116048,96894.58721673301
169.17025923728943,0.017913937433750863,96892.9284950597
169.26963639259338,0.016352209554911044,96893.03564555373
169.36818051338196,0.01736273935886622,96891.23208099835
169.4696488380432,0.01736273935886622,96889.60887289852
169.5701024532318,0.016995273975609793,96887.74798560867
169.66957473754883,0.01883260089189193,96887.67318704781
169.76925897598267,0.015984744171654616,96887.80586834303
169.8690321445465,0.016076610517468722,96886.22528150873
169.96862292289734,0.016811541283981577,96886.10275335786
170.06965231895447,0.01883260089189193,96885.89247802207
170.16939234733582,0.019567531658404788,96885.20323021986
170.26917552947998,0.017454605704680326,96884.28290719789
170.37036776542664,0.018557001854449612,96884.0546164781
170.4696352481842,0.020210596079103537,96884.2491548303
170.570059299469,0.020761794153988176,96882.92423934727
170.66999745368958,0.01828140281700729,96883.33181541254
170.76913595199585,-0.00854357016071195,96885.2986338713
170.86854314804077,-0.0022966586453526745,96884.36877048417
170.96838688850403,0.008267971123269628,96884.53189343576
171.0684735774994,0.018097670125379075,96884.77870409218
171.16948080062866,0.01910819992933425,96885.10083368297
171.268789768219,0.017546472050494432,96885.49075031467
171.36810898780823,0.017454605704680326,96884.7416752832
171.47047114372253,0.015433546096769973,96884.96750775489
171.56873297691345,0.0170871403214239,96884.9707569794
171.67017078399658,0.019659398004218894,96886.27368128147
171.76967978477478,0.01892446723770604,96886.84631315332
171.86923360824585,0.018373269162821396,96886.06168183798
171.96883296966553,0.017730204742122647,96885.0555136542
172.06913447380066,0.0170871403214239,96885.04996228877
172.16826748847961,0.017270873013052114,96885.44496605989
172.26971793174744,0.016260343209096934,96884.6004694539
172.37039732933044,0.015157947059327652,96885.04042250851
172.46978449821472,0.017546472050494432,96885.23638025766
172.57050848007202,0.017913937433750863,96885.11274223188
172.6684968471527,0.018557001854449612,96885.2014680087
172.7688925266266,0.020118729733289428,96883.98132120783
172.8701732158661,0.017179006667238005,96885.08318908705
172.96969413757324,0.017913937433750863,96882.97487017834
173.0706024169922,0.018465135508635502,96881.47738316051
173.16908955574036,0.018740734546077824,96881.12964484446
173.2689025402069,-0.053374346917996154,96900.71668036001
173.3705394268036,-0.18327335989914342,96941.045012324
173.47011876106262,-0.18391642431984218,96981.6405110916
173.5701551437378,-0.20118729733289428,97019.47645998244
173.6707844734192,-0.16627808592353363,97048.5288139842
173.76998448371887,-0.158010114800264,97071.77593258579
173.87020468711853,-0.15562158980909724,97093.99833932721
173.96893858909607,-0.15295746578048813,97112.59850539449
174.06994652748108,-0.15552972346328311,97129.43865485505
174.1699149608612,-0.15451919365932795,97143.09478936956
174.26925897598267,-0.1498340100228085,97155.6853104326
174.3701629638672,-0.14891534656466743,97166.91677938934
174.47032022476196,-0.1474454850316417,97177.82510145042
174.5705361366272,-0.14570002446117367,97187.24259130537
174.670795917511,-0.1396368456374426,97192.61833217484
174.77025508880615,-0.1379832514127887,97197.25649895736
174.8700897693634,-0.1368808552630194,97202.53084906163
174.9694139957428,-0.14386269754489153,97208.17776415547
175.06853079795837,-0.15846944652933453,97213.75998773992
175.16923236846924,-0.0894778208229402,97201.28398896592
175.26883840560913,-0.01065649611443641,97178.05559006933
175.36926555633545,0.004685183636519456,97151.35003106241
175.46844577789307,0.003674653832564279,97126.81502795618
175.56896805763245,-0.027008705669347453,97112.83352516056
175.6693127155304,-0.0341742806428478,97103.2501726445
175.76878094673157,-0.045381974832168846,97096.32515538005
175.87041687965393,-0.04630063829030992,97089.89263984204
175.97011399269104,-0.03996186042913654,97083.10337585784
176.07021927833557,-0.04115612292471993,97073.79303827207
176.1722822189331,-0.03472547871773244,97067.11373444487
176.26866245269775,-0.05328248057218205,97064.70236100038
176.36886882781982,-0.043636514261700815,97061.23212490034
176.4700767993927,-0.0513532873100858,97058.80891241031
176.57002878189087,-0.05061835654357295,97058.12802116928
176.6724889278412,-0.05208821807659866,97057.51521905235
176.7707223892212,-0.06559257091127238,97058.26369714712
176.86988854408264,-0.06945095743546488,97064.03732743242
176.97022795677185,-0.07211508146407399,97067.23359468918
177.06939697265625,-0.0710126853143047,97070.81023522027
177.16924667358398,-0.05732459978800276,97072.02921169825
177.2696714401245,-0.08194478046618343,97077.12629052842
177.36950421333313,-0.09829699002109447,97083.81366147558
177.47022438049316,-0.09572473233829948,97089.33229532801
177.5688977241516,-0.10316590634924214,97095.5990657952
177.66896891593933,-0.10472763422808196,97102.13915921569
177.76865649223328,-0.10334963904087036,97107.82524329411
177.86835932731628,-0.10187977750784465,97112.8427189647
177.9683997631073,-0.09453046984271608,97116.35844706824
178.0707664489746,-0.10619749576110767,97121.12260236141
178.17078018188477,-0.10702429287343464,97128.41034212527
178.2682855129242,-0.1131793380429798,97132.96930791273
178.36829328536987,-0.10481950057389607,97135.67237712146
178.469247341156,-0.09241754388899162,97136.60513940932
178.57064652442932,-0.10013431693737661,97136.64462546838
178.66829442977905,-0.09783765829202394,97136.28016292155
178.77033185958862,-0.11382240246367856,97142.45214662941
178.86834692955017,-0.11262813996809516,97148.60693196647
178.9699342250824,-0.11464919957600551,97153.34623876982
179.06958198547363,-0.11097454574344123,97156.91161489284
179.1682665348053,-0.10941281786460141,97159.92045340355
179.27010583877563,-0.12548942838207014,97168.22840806321
179.36894845962524,-0.0698184228187213,97164.30556725689
179.46804976463318,-0.09324434100131859,97158.3750105312
179.5681414604187,-0.09397927176783144,97154.8375094781
179.6700518131256,-0.07303374492221505,97148.85375853028
179.76996850967407,-0.08047491893315771,97145.86838267725
179.86983442306519,-0.09655152945062644,97147.88154440952
179.96946954727173,-0.019567531658404788,97134.79338996857
180.06983995437622,0.005879446132102847,97111.81405097172
180.16985988616943,-0.013228753797231405,97095.63264587455
180.2695050239563,-0.03656280563401458,97092.06938128709
180.37007999420166,-0.04170732099960457,97084.4624431584
180.4701051712036,-0.03784893447541208,97081.51619884255
180.56858682632446,-0.05447674306776544,97082.26457895829
180.6697494983673,-0.07312561126802916,97087.33812106246
180.76885652542114,-0.08470077084060663,97091.50430895621
180.86830711364746,-0.08497636987804896,97093.85387806059
180.97076797485352,-0.07303374492221505,97093.16849025452
181.0688636302948,-0.07588160164245236,97094.45164122908
181.16921377182007,-0.08874289005642734,97098.00647710617
181.2692165374756,-0.09315247465550448,97102.40582939556
181.36848950386047,-0.09306060830969037,97108.165246456
181.46843194961548,-0.10013431693737661,97113.74872181039
181.5686490535736,-0.10334963904087036,97120.67384962935
181.6692578792572,-0.11226067458483874,97128.70646466642
181.76997447013855,-0.11492479861344783,97132.13581819978
181.86972308158875,-0.10702429287343464,97135.3222363798
181.96815490722656,-0.10187977750784465,97140.39001274183
182.07042026519775,-0.12796981971905103,97150.25101146764
182.1699242591858,-0.12842915144812156,97161.32591032088
182.2694113254547,-0.12999087932696138,97169.1933192888
182.371009349823,-0.13008274567277547,97174.77398735992
182.46833539009094,-0.1407392417872119,97180.69658862392
182.56870126724243,-0.1383507167960451,97186.62692976154
182.66969060897827,-0.13201193893487173,97190.96423678538
182.76900815963745,-0.11905878417508264,97192.06781310684
182.8713023662567,-0.1276023543357946,97194.96103179616
182.96860671043396,-0.1277860870274228,97199.06492861656
183.0706548690796,-0.12870475048556387,97201.1584357549
183.16837525367737,-0.12861288413974978,97203.4425921794
183.27009534835815,-0.13201193893487173,97205.89833296147
183.36908221244812,-0.12989901298114728,97208.80849966532
183.4699375629425,-0.1301746120185896,97210.62764969878
183.56968116760254,-0.12723488895253818,97212.16488472892
183.66920566558838,-0.12695928991509586,97214.34839625603
183.76871991157532,-0.13219567162649995,97218.51355663044
183.8708791732788,-0.13072581009347423,97220.3622009674
183.97038221359253,-0.13219567162649995,97220.22598087066
184.06972312927246,-0.13587032545906422,97221.2033827836
184.1701910495758,-0.1290722158688203,97224.18304450525
184.2681109905243,-0.12852101779393565,97225.26474005473
184.36883759498596,-0.13440046392603852,97228.33826604926
184.468740940094,-0.13522726103836546,97229.40443944433
184.56851840019226,-0.11115827843506945,97220.4639954999
184.6696321964264,-0.048597296935662594,97196.21759594991
184.7682662010193,-0.0031234557576796376,97170.79583635493
184.87022733688354,0.0028478567202373166,97147.31625271944
184.97019171714783,0.006889975936058024,97121.78462744749
185.0691339969635,0.019291932620962467,97102.00616470273
185.169007062912,-0.09756205925458161,97122.60554823246
185.26974892616272,-0.21634524439222194,97155.54499340922
185.36955857276917,-0.22939026549782512,97187.59049406831
185.46931767463684,-0.2420678212201719,97217.53144466148
185.57067251205444,-0.23361611740527405,97245.27830019534
185.66974401474,-0.2356371770131844,97268.3504701758
185.76881575584412,-0.24684487120250545,97291.31542315823
185.86870408058167,-0.24353768275319762,97311.0838808424
185.9685661792755,-0.2382094346959794,97328.07549275817
186.06832242012024,-0.22057109629967087,97338.76794348235
186.16887187957764,-0.21000646653104857,97347.19114913412
186.269136428833,-0.19255186082636824,97352.2720342207
186.37007665634155,-0.2118437934473307,97360.34483079864
186.4685618877411,-0.20320835694080464,97366.21034771878
186.57060194015503,-0.1841001570114704,97366.5893129469
186.67038655281067,-0.1775776464586688,97364.83038165221
186.76962447166443,-0.17693458203797005,97361.147343487
186.8701982498169,-0.1765671166547136,97359.9326091383
186.9688982963562,-0.16692115034423238,97357.53934822447
187.06879115104675,-0.17022833879354024,97355.38541340204
187.16906261444092,-0.17280059647633522,97352.34687206184
187.26920652389526,-0.16793168014818757,97348.91218485567
187.3685703277588,-0.16526755611957847,97345.2209663701
187.46870756149292,-0.16251156574515524,97343.3988697331
187.5686662197113,-0.16104170421212954,97339.65898275979
187.6686565876007,-0.17206566570982237,97339.59308448381
187.7692995071411,-0.16940154168121327,97337.73377603544
187.8694384098053,-0.17509725512168792,97337.0603984319
187.96852779388428,-0.17307619551377756,97338.2543585887
188.06853771209717,-0.2287472010771264,97353.52892272983
188.16859412193298,-0.2474879356232042,97367.77603045687
188.2685444355011,-0.227552938581543,97377.39842741117
188.36871242523193,-0.22167349244944015,97385.25858467007
188.46891140937805,-0.2234189530199082,97393.13272620305
188.56902027130127,-0.1921843954431118,97391.91945358276
188.66858434677124,-0.19852317330428518,97392.72750822449
188.76859402656555,-0.1366052562255771,97382.65475740204
188.86838722229004,-0.1920925290972977,97376.08928166183
188.9858057498932,-0.2078935405773241,97377.78035349565
189.0706377029419,-0.23086012703085085,97382.50231814609
189.16949224472046,-0.2291146664603828,97379.55208633149
189.26819014549255,-0.19016333583520145,97373.69687769834
189.3700134754181,-0.1946647867800927,97370.42718992851
189.47119092941284,-0.29727949505445017,97386.78447093566
189.56940054893494,-0.27275118072208365,97398.7060238421
189.66825199127197,-0.2801923547330263,97414.73542145788
189.77033829689026,-0.25042765868925565,97425.46187931209
189.8690528869629,-0.24675300485669135,97431.61569138088
189.97077798843384,-0.22488881455293389,97435.15412224279
190.06994128227234,-0.25171378753065315,97434.3387100185
190.16944098472595,-0.21478351651338212,97427.80483901665
190.27013278007507,-0.20256529252010588,97424.92435511498
190.36882138252258,-0.20183036175359303,97422.5319196035
190.47004461288452,-0.20348395597824698,97419.97872764315
190.5688440799713,-0.20201409444522125,97417.78085487883
190.66970109939575,-0.22452134916967748,97420.40276939094
190.7693772315979,-0.2484984654271594,97427.56249245185
190.86942839622498,-0.2304926616475944,97431.70624320666
190.96981549263,-0.2383013010417935,97434.435618886
191.06950092315674,-0.22167349244944015,97433.6920569974
191.17024064064026,-0.20357582232406107,97433.22285129766
191.26925253868103,-0.22727733954410068,97435.2005661679
191.36902475357056,-0.2509788567641403,97443.3805095511
191.46885442733765,-0.30472066906539286,97462.142458596
191.56964945793152,-0.33742508817521494,97485.52821273642
191.66831755638123,-0.34155907373684974,97504.87539146277
191.76835823059082,-0.33623082567963153,97520.6878523165
191.86908221244812,-0.3196948834330923,97530.51906708485
191.96960186958313,-0.3119781103847073,97539.06716037638
192.0690176486969,-0.334026033380093,97556.76044433875
192.16926789283752,-0.41799187345418676,97591.38439990488
192.2700080871582,-0.4622714521365863,97629.64595991439
192.37041640281677,-0.5019577135282806,97670.88136392295
192.46907997131348,-0.4763270030461447,97704.09322753065
192.56905889511108,-0.4563001396586694,97726.88390477758
192.6695077419281,-0.430210097447463,97742.09551429983
192.76962304115295,-0.3965870148794998,97748.68596286984
192.86817979812622,-0.3939228908508907,97755.61736658287
192.96974539756775,-0.4189105369123278,97766.25562992458
193.0712399482727,-0.4563001396586694,97784.83006693212
193.17036771774292,-0.46465997712775314,97806.24706023891
193.2703902721405,-0.47283608190520865,97824.42235421503
193.36931729316711,-0.4699882251849713,97838.68011879352
193.46832823753357,-0.4521661540970346,97849.61210691417
193.57047533988953,-0.42267705709070624,97850.55089622275
193.66902136802673,-0.38620611780250574,97843.09580660048
193.76870107650757,-0.35570649099222224,97830.58622594044
193.87065434455872,-0.3253905968735669,97813.62760334641
193.97049593925476,-0.29939242100817465,97788.26484301177
194.06937313079834,-0.2526324509887942,97759.1383587106
194.17052030563354,-0.23738263758365244,97730.92452283953
194.2689025402069,-0.2302170626101521,97702.43207055559
194.36911702156067,-0.29002205373513573,97704.38886350003
194.4689486026764,-0.4495938964142396,97731.54997715003
194.5689103603363,-0.4516149560221499,97749.69497943504
194.6690971851349,-0.4131229571260391,97755.62548149153
194.7685739994049,-0.32695232475240676,97741.66293334239
194.86845231056213,-0.31280490749703427,97729.39664000816
194.97054409980774,-0.28781726143559716,97712.55697600734
195.0700056552887,-0.27679329993790436,97691.7012784066
195.16954708099365,-0.2916756479597897,97678.13115056595
195.27079796791077,-0.3127130411512202,97670.31803550936
195.36937475204468,-0.3196948834330923,97662.58623195843
195.46860527992249,-0.3119781103847073,97659.22760876258
195.57000756263733,-0.30453693637376467,97650.00484788632
195.6684787273407,-0.27578277013394914,97637.30436309769
195.77027010917664,-0.26742293266486544,97627.67392678793
195.86819672584534,-0.2761502355172056,97620.80653410913
195.97019147872925,-0.2710975864974297,97614.02588069822
196.0702965259552,-0.2699033240018463,97607.1232926284
196.16986465454102,-0.26485067498207043,97600.81096336555
196.27114510536194,-0.2686171951604488,97595.729867029
196.3698501586914,-0.26751479901067954,97590.9568803261
196.46885085105896,-0.2548372432883328,97584.4611922935
196.57048630714417,-0.25878749615833935,97579.61507306415
196.66927218437195,-0.2549291096341469,97573.25356575774
196.76868772506714,-0.25456164425089045,97566.72820918197
196.87032079696655,-0.2434458164073835,97559.15538826378
196.96980547904968,-0.24013862795807564,97550.6398494374
197.0688352584839,-0.22488881455293389,97538.57586449366
197.17016983032227,-0.20431075309057392,97527.2182780443
197.26922035217285,-0.24399701448226815,97524.89645023986
197.36835193634033,-0.23242185490969067,97517.40680521587
197.46845602989197,-0.23040079530178031,97511.26612469429
197.5707676410675,-0.2278285376189853,97506.43951222487
197.66943335533142,-0.24160848949110136,97504.39556100238
197.7689962387085,-0.2341673154801587,97500.45600490215
197.8681242465973,-0.23444291451760102,97495.31040441194
197.96969318389893,-0.23223812221806245,97491.67936397075
198.06861400604248,-0.2288390674229405,97486.91142757366
198.16852045059204,-0.23104385972247907,97484.5202848163
198.27032446861267,-0.23040079530178031,97483.56825633468
198.36803531646729,-0.23719890489202422,97484.1114307012
198.46926021575928,-0.25740950097112775,97490.20028763109
198.56908798217773,-0.2697195913102181,97497.28025886799
198.6706030368805,-0.2672391999732372,97500.8522329812
198.7687840461731,-0.2659530711318397,97504.96700968308
198.86992764472961,-0.28377514221977646,97511.97030871478
198.96807885169983,-0.2813866172286097,97519.4732778433
199.0708441734314,-0.30462880271957876,97534.62595005898
199.17005109786987,-0.3165714276754127,97548.76335505309
199.2691524028778,-0.3206135468912334,97561.18701954778
199.37119102478027,-0.2949828364090975,97565.568317593
199.46981692314148,-0.2733023787969683,97565.0114858337
199.56912565231323,-0.26613680382346794,97564.51033725034
199.66849994659424,-0.277344498012789,97566.4593035253
199.7707507610321,-0.2793655576206993,97568.61337317278
199.86990308761597,-0.2935129748760718,97571.7520358555
199.96885085105896,-0.3030670748407389,97577.77683226996
200.07004141807556,-0.2933292421844436,97576.59914904297
200.16886520385742,-0.29176751430560377,97587.13923413868
200.26872277259827,-0.33191310742636854,97592.42531072482
200.36908054351807,-0.2738535768718529,97585.68277965234
200.46866941452026,-0.29654456428793735,97592.61450168712
200.56902384757996,-0.3487246487103501,97607.65305151841
200.66927766799927,-0.3321887064638108,97615.88774636657
200.76933646202087,-0.331453775697298,97624.39897172993
200.86893129348755,-0.33724135548358675,97632.25907455693
200.96837854385376,-0.3315456420431121,97637.63316710124
201.06906461715698,-0.3152852988340152,97638.96985039113
201.16914176940918,-0.31611209594634215,97640.57286535202
201.26872611045837,-0.316847026712855,97643.01557881682
201.3689911365509,-0.3120699767305214,97643.61402093513
201.46926474571228,-0.31289677384284836,97644.55261884163
201.5688509941101,-0.3080278575147007,97642.19735695748
201.66868495941162,-0.31767382382518194,97642.97762126173
201.7684268951416,-0.3179494228626243,97643.87985913556
201.86843156814575,-0.3103245161600534,97643.79187322201
201.9690101146698,-0.3026077431116684,97641.51268589983
202.06915163993835,-0.30738479309400196,97641.06141730984
202.16922235488892,-0.2963608315963091,97636.85527557886
202.26847457885742,-0.28846032585629594,97632.76974802098
202.36933779716492,-0.28717419701489844,97630.99277321888
202.46847939491272,-0.2895627220060652,97628.59349589699
202.56856489181519,-0.28772539508978306,97623.8341463073
202.66910910606384,-0.2722918489930131,97614.55073167657
202.7688488960266,-0.2563071048213585,97604.89565850892
202.87036228179932,-0.24326208371575528,97594.40609265803
202.96929907798767,-0.22847160203968406,97583.56548339223
203.06870698928833,-0.23361611740527405,97575.50893505302
203.16884517669678,-0.2247969482071198,97561.15804154772
203.27023077011108,-0.19383798966776572,97544.24223739294
203.37004899978638,-0.21643711073803604,97533.61801365366
203.47060132026672,-0.194940385817535,97519.0562122883
203.5688192844391,-0.17077953686842487,97498.25059105948
203.6704363822937,-0.1566321196130524,97478.92553195353
203.7697458267212,-0.16297089747422577,97466.43297875817
203.86831760406494,-0.18345709259077164,97454.68968088235
203.9694950580597,-0.17169820032656594,97442.62071279412
204.06889367103577,-0.17739391376704058,97432.8586415147
204.16816449165344,-0.19475665312590681,97428.97277736323
204.26936793327332,-0.2185500366917605,97430.9754996269
204.36856079101562,-0.2158859126631514,97430.87794966421
204.46834421157837,-0.23232998856387657,97434.2901546978
204.5694179534912,-0.19916623772498393,97430.56113922801
204.6703600883484,-0.19291932620962465,97426.00502530522
204.768892288208,-0.1329306023930128,97408.30452277469
204.8708736896515,-0.17077953686842487,97402.97407049722
204.96965503692627,-0.151120138864206,97391.5766634475
205.06906700134277,-0.16260343209096936,97386.51899710276
205.16988492012024,-0.12420329954067263,97367.06709739249
205.26910400390625,-0.11106641208925534,97352.26038765324
205.36986684799194,-0.10142044577877411,97335.63434888792
205.4700744152069,-0.12080424474555068,97324.27091399913
205.56908297538757,-0.10399270346156911,97309.54382259923
205.66836404800415,-0.09379553907620324,97295.0894403393
205.76922750473022,-0.08874289005642734,97282.78049630538
205.86853647232056,-0.10711615921924875,97273.70244667484
205.968364238739,-0.08874289005642734,97261.73220200735
206.06981563568115,-0.10426830249901142,97253.75898180662
206.16998195648193,-0.05061835654357295,97234.58308362596
206.26891446113586,-0.08718116217758752,97225.72477526337
206.36861872673035,-0.07202321511825988,97213.75229773704
206.47071146965027,-0.043636514261700815,97198.27706796332
206.57082176208496,-0.08056678527897182,97195.64936116699
206.66946816444397,-0.11281187265972338,97194.48442505028
206.76976895332336,-0.0869055631401452,97189.03598254525
206.8693106174469,-0.1050950996113384,97191.13238429073
206.96814107894897,-0.08460890449479253,97179.91914586166
207.07040643692017,-0.006889975936058024,97159.82723127549
207.16914892196655,-0.028386700856559057,97142.04450814794
207.27026915550232,-0.018097670125379075,97125.54005733314
207.36907315254211,-0.018557001854449612,97111.78605159983
207.46970343589783,-0.016535942246539256,97101.20744643986
207.570130109787,-0.015157947059327652,97091.28670179588
207.66899847984314,-0.016995273975609793,97080.85803161628
207.7707359790802,-0.010289030731179982,97068.77222845466
207.86915040016174,-0.0022966586453526745,97058.0950056092
207.96914911270142,-0.009370367273038912,97049.48550504827
208.06877064704895,-0.005144515365589991,97040.33695454345
208.16846203804016,-0.0513532873100858,97043.60325908911
208.2688844203949,0.008176104777455522,97039.4429331802
208.370591878891,0.011391426880949266,97038.29863986219
208.47055435180664,-0.15727518403375115,97071.46877587597
208.56830143928528,-0.1868561473858936,97095.92189828838
208.66817545890808,-0.1962265146589325,97122.82970845954
208.76876974105835,-0.23866876642504994,97161.1467376136
208.86989378929138,-0.25180565387646725,97195.13206385224
208.96907806396484,-0.23407544913434458,97223.91885746703
209.06929802894592,-0.25327551540949295,97251.12697172032
209.17051720619202,-0.24142475679947314,97274.41427454828
209.2701439857483,-0.2472123365857619,97298.97284709345
209.36860132217407,-0.2278285376189853,97315.27556238411
209.47103643417358,-0.224980680898748,97330.7480061457
209.57068824768066,-0.18896907333961807,97332.07320553112
209.66847038269043,-0.16811541283981576,97330.96588497802
209.7685890197754,-0.15341679750955867,97324.36929648022
209.869140625,-0.11814012071694158,97312.1323668322
209.97187066078186,-0.10886161978971677,97299.51913014898
210.06902027130127,-0.09581659868411359,97286.66721713409
210.16805624961853,-0.09949125251667786,97277.80049542068
210.2685387134552,-0.09811325732946626,97267.32044587862
210.36867547035217,-0.10344150538668447,97259.98840129076
210.4695167541504,-0.15038520809769312,97262.28956116168
210.56851840019226,-0.12787795337323693,97255.36060504553
210.66844964027405,-0.1433114994700069,97252.72454454096
210.7681269645691,-0.10968841690204374,97243.95209008687
210.8691849708557,-0.11143387747251177,97238.85688107819
210.9681384563446,-0.09315247465550448,97230.17119297037
211.0687713623047,-0.06945095743546488,97216.45407367335
211.16865301132202,-0.07248254684733041,97205.708666306
211.26879858970642,-0.06788922955662506,97197.0377996754
211.36971163749695,-0.07827012663361915,97187.03401970786
211.4682400226593,-0.06302031322847738,97175.83061773708
211.56989169120789,-0.05309874788055383,97163.34755596338
211.66878271102905,-0.043820246953329034,97153.01280036704
211.7684805393219,-0.04409584599077135,97142.71152033034
211.87093472480774,-0.05309874788055383,97134.3403682973
211.96839094161987,-0.04749490078589331,97127.40633146757
212.07056856155396,-0.06641936802359935,97124.66569832082
212.17077803611755,-0.09030461793526716,97129.99912848875
212.27014756202698,-0.10610562941529357,97135.99921563988
212.36842441558838,-0.1288884831771921,97145.89929407589
212.4703664779663,-0.13715645430046172,97158.6093646683
212.5684778690338,-0.15157947059327653,97172.74842820148
212.67032265663147,-0.17978243875820737,97197.17358538133
212.76978945732117,-0.21138446171826017,97219.9562268432
212.87044382095337,-0.2101901992226768,97242.26060415889
212.96954202651978,-0.21634524439222194,97261.83454374301
213.0694978237152,-0.2142323184384975,97276.95108936871
213.17014122009277,-0.19438918774265038,97287.95598043184
213.2699840068817,-0.19172506371404127,97296.56038238865
213.3694887161255,-0.20045236656638143,97308.2043441498
213.46856093406677,-0.23131945875992138,97323.78390973482
213.56980776786804,-0.20899593672709338,97334.40551876134
213.66897177696228,-0.2039432877073175,97340.56496688521
213.76892805099487,-0.21882563572920283,97349.5084701967
213.8722698688507,-0.222408423215953,97359.05762317702
213.96866083145142,-0.22525627993619032,97366.95186085932
214.06842756271362,-0.23765823662109475,97379.65667477339
214.16891980171204,-0.2577769663543842,97396.49100729605
214.2692563533783,-0.2766095672462761,97413.14190656645
214.36853790283203,-0.26521814036532687,97428.5277159098
214.4682674407959,-0.27073012111417327,97442.27494431884
214.56946802139282,-0.28175408261186613,97458.24744988696
214.66910028457642,-0.34550932660685635,97490.92270489826
214.76907658576965,-0.42423878496954603,97531.83043440843
214.8690493106842,-0.4802772559161513,97586.54739096758
214.96853613853455,-0.5134410067550439,97644.79265187081
215.0688226222992,-0.5099500856141078,97692.41338668374
215.1691358089447,-0.47357101267172147,97723.67204801536
215.26933574676514,-0.42745410707303977,97738.70484321383
215.368670463562,-0.3037101392614377,97723.43435889245
215.4692530632019,-0.25731763462531365,97704.69092300322
215.56868696212769,-0.3247475324528682,97704.8218307029
215.66896772384644,-0.372701764967832,97714.73964763261
215.76941585540771,-0.4054980504234682,97726.96568286936
215.86900568008423,-0.33595522664218924,97722.06911458242
215.96948504447937,-0.24803913369808886,97699.46220312419
216.06890082359314,-0.12558129472788424,97654.11598281178
216.16850423812866,-0.11758892264205693,97609.80438453061
216.26892924308777,-0.0906720833185236,97564.72394607755
216.36882615089417,-0.13862631583348745,97538.55155146979
216.46918368339539,-0.17684271569215593,97513.79639632282
216.56876611709595,-0.1052788323029666,97481.41675669054
216.66878843307495,-0.11584346207158891,97456.97508102149
216.76872277259827,-0.14395456389070563,97436.67757291933
216.86897540092468,-0.2039432877073175,97432.0098156274
216.96892929077148,-0.24151662314528727,97434.40883406467
217.0687222480774,-0.2407816923787744,97438.1679506582
217.16873002052307,-0.2642076105613717,97447.15115559238
217.26882600784302,-0.2956259008297963,97461.63604003315
217.36854243278503,-0.32695232475240676,97482.97243602983
217.4686794281006,-0.3286977853228748,97499.07519242684
217.56856751441956,-0.31895995266657945,97511.56767318415
217.66875791549683,-0.30729292674818787,97522.21090586574
217.7694914340973,-0.3004029508121298,97531.28981527917
217.8690435886383,-0.3321887064638108,97546.86083375126
217.9689712524414,-0.3937391581592625,97574.97475037613
218.0696084499359,-0.4074272436855645,97600.27727533852
218.17001748085022,-0.4049468523485836,97622.64954780467
218.26906752586365,-0.41661387826697516,97646.98459302422
218.36814522743225,-0.4314043599430464,97672.48613372179
218.4686861038208,-0.4563001396586694,97701.4375203496
218.56860733032227,-0.4799097905328949,97729.59376831465
218.66950178146362,-0.48735096454383753,97759.13439148318
218.7711489200592,-0.4909337520305877,97785.62095233487
218.86943006515503,-0.47945045880382436,97806.85885710138
218.9683244228363,-0.4630063829030992,97821.47297139125
219.06813836097717,-0.45868866464983615,97835.72567425213
219.16830968856812,-0.4536360156300603,97848.5531068269
219.2698540687561,-0.45997479349123366,97859.79779614422
219.36929774284363,-0.46475184347356724,97871.5180165298
219.46982192993164,-0.46116905598681707,97880.36621487682
219.56879496574402,-0.45979106079960547,97890.32959338913
219.66931915283203,-0.503243842369678,97909.49663405021
219.76889061927795,-0.5108687490722489,97924.7469706452
219.86961579322815,-0.49258734625524164,97937.37227358068
219.9693422317505,-0.5042543721736332,97949.5350462226
220.06811571121216,-0.5044381048652614,97961.58154160035
220.16819596290588,-0.5116036798387618,97973.02338744032
220.2689824104309,-0.5205147153827302,97986.22104869629
220.3697328567505,-0.5233625721029674,97998.19894382666
220.4687740802765,-0.5190448538497044,98006.679049444
220.56918716430664,-0.5182180567373775,98015.21114449961
220.6698648929596,-0.523821903832038,98024.69003004965
220.76973605155945,-0.5208821807659866,98032.52102704468
220.86814069747925,-0.5381530537790387,98042.86892434022
220.9680769443512,-0.5387961181997375,98050.7820319062
221.0696337223053,-0.5514736739220842,98062.3038287156
221.1686131954193,-0.6086145410184588,98086.87344584404
221.268625497818,-0.6215676957782479,98109.18610125965
221.36859607696533,-0.6261610130689532,98131.26749113368
221.4693500995636,-0.6380117716789729,98157.24074202032
221.56927156448364,-0.669797527330654,98187.11666781829
221.66903591156006,-0.7085651252642071,98222.30500103647
221.76843929290771,-0.7084732589183931,98252.27450093282
221.8691577911377,-0.6977248964581425,98274.34705083954
221.9691002368927,-0.6911105195595268,98298.71234575559
222.06895661354065,-0.7232637405944643,98324.54111118002
222.1687891483307,-0.7107699175637457,98346.28700006202
222.2691867351532,-0.7196809531077141,98367.35830005581
222.3687527179718,-0.7115048483302586,98383.52247005023
222.46863651275635,-0.7226206761737656,98402.57022304522
222.5693359375,-0.7302455828763365,98422.21320074069
222.66903734207153,-0.7346551674754135,98439.19188066662
222.7761242389679,-0.7460465943563628,98456.97269259996
222.86911582946777,-0.737686756887279,98468.67542333997
222.9695611000061,-0.7185785569579448,98476.00788100598
223.06821846961975,-0.7231718742486501,98485.20709290539
223.17000341415405,-0.6359907120710626,98479.68638361486
223.26836776733398,-0.5829838305363229,98458.61774525336
223.36956310272217,-0.5274965576646022,98424.95597072803
223.46824955940247,-0.5285070874685575,98399.56037365523
223.56914019584656,-0.6150451852254463,98390.3043362897
223.6685962677002,-0.5810546372742267,98376.67390266072
223.76999855041504,-0.505724233706659,98349.00651239466
223.86942172050476,-0.45170682236796406,98313.00586115518
223.96845054626465,-0.5525760700718535,98299.60527503966
224.0696005821228,-0.5481664854727764,98287.9447475357
224.1689212322235,-0.543573168182071,98274.05027278213
224.27000832557678,-0.5663560219439695,98267.44524550393
224.36866927146912,-0.5535865998758087,98258.90072095353
224.46946096420288,-0.538336786470667,98248.91064885817
224.5682554244995,-0.5439406335653274,98243.31958397236
224.66923308372498,-0.5401741133869491,98234.38762557512
224.76828718185425,-0.5686526805893222,98235.24886301762
224.86969351768494,-0.6102681352431126,98244.22397671586
224.96930932998657,-0.6263447457605814,98254.90157904428
225.06936311721802,-0.19889063868754162,98167.11142113985
225.1689910888672,-0.1711470022516813,98076.10027902586
225.26868295669556,-0.16407329362399506,97996.09025112329
225.36902737617493,-0.0368384046714569,97904.58122601097
225.46890807151794,-0.05576287190916294,97818.32310340987
225.56792163848877,-0.06375524399499025,97739.4907930689
225.6714746952057,-0.06329591226591971,97671.241713762
225.76967191696167,-0.04418771233658546,97609.41754238581
225.86991500854492,-0.04418771233658546,97553.97578814723
225.96886372566223,-0.05539540652590651,97503.37820933251
226.06833124160767,-0.054936074796835974,97457.44038839926
226.16914200782776,-0.0513532873100858,97416.09634955933
226.2697012424469,-0.04832169789822027,97378.38671460339
226.3696630001068,-0.047035569056822775,97346.24804314304
226.46957564353943,-0.046759970019380453,97316.92323882875
226.56839895248413,-0.05245568345985509,97289.33091494588
226.66903591156006,-0.04584130656123939,97264.6978234513
226.76940298080444,-0.04777049982333563,97242.72804110617
226.8686809539795,-0.04777049982333563,97222.25523699555
226.9690375328064,-0.05015902481450241,97204.829713296
227.0686662197113,-0.04924036135636134,97189.84674196641
227.16915130615234,-0.04832169789822027,97174.86206776978
227.26859188079834,-0.05309874788055383,97162.67586099281
227.36932277679443,-0.048505430589848485,97152.00827489354
227.46877312660217,-0.04574944021542528,97142.4074474042
227.5693359375,-0.047127435402636884,97131.86670266378
227.66900253295898,-0.051812619039156335,97123.28003239741
227.76883339881897,-0.0513532873100858,97115.65202915766
227.86888313293457,-0.04841356424403438,97108.78682624189
227.968731880188,-0.04988342577706009,97102.70814361771
228.06954717636108,-0.05245568345985509,97096.73732925595
228.1684947013855,-0.050250891160316516,97091.76359633035
228.26930260658264,-0.04795423251496384,97087.28723669732
228.36873865127563,-0.050434623851944735,97083.45851302758
228.46868181228638,-0.05484420845102187,97079.41266172483
228.5686776638031,-0.05447674306776544,97077.57139555235
228.6691370010376,-0.05098582192682938,97075.01425599711
228.76847982406616,-0.05172075269334223,97072.9128303974
228.86902236938477,-0.05328248057218205,97070.52154735765
228.9690797328949,-0.05723273344218865,97067.36939262188
229.06845259666443,-0.055487272871720617,97065.83245335969
229.1684308052063,-0.05649780267567579,97064.64920802372
229.26870036125183,-0.05438487672195133,97063.38428722134
229.36902737617493,-0.05328248057218205,97061.84585849922
229.46950435638428,-0.05245568345985509,97062.0612726493
229.56928658485413,-0.05282314884311151,97062.75514538436
229.66918516159058,-0.05410927768450901,97061.07963084594
229.76897025108337,-0.056957134404746326,97060.87166776134
229.86905431747437,-0.053466213263810264,97058.88450098521
229.96839833259583,-0.053466213263810264,97058.69605088669
230.06861090660095,-0.050250891160316516,97056.72644579802
230.1691870689392,-0.05015902481450241,97055.95380121822
230.2686173915863,-0.052271950768226876,97055.45842109641
230.36914777755737,-0.09636779675899823,97073.21257898677
230.46873497962952,-0.3261255276400798,97135.6913210881
230.56930446624756,-0.43076129552234765,97227.52218897929
230.66921210289001,-0.46952889345590076,97308.26997008137
230.76939058303833,-0.5022333125657229,97381.94297307324
230.86885952949524,-0.13908564756255798,97350.74867576592
230.96929955482483,0.010105298039551769,97316.37380818932
231.06858372688293,-0.0028478567202373166,97285.8364273704
231.1685814857483,-0.0079005057400132,97256.65278463336
231.2686471939087,-0.0055119807488464186,97228.88750617002
231.36850094795227,-0.031234557576796374,97206.89875555302
231.4687783718109,-0.014055550909558368,97188.70887999772
231.5692069530487,-0.04795423251496384,97176.63799199795
231.6684639453888,-0.04620877194449581,97163.97419279815
231.76916694641113,-0.00946223361885302,97144.47677351833
231.8686921596527,-0.035736008521687616,97135.4290961665
231.96851682662964,-0.01920006627514836,97120.18618654985
232.0689377784729,-0.01828140281700729,97103.56756789486
232.16908049583435,-0.03959439504588011,97099.51081110539
232.2684669494629,-0.08460890449479253,97095.15972999485
232.3684437274933,-0.10197164385365876,97095.74375699538
232.46889424324036,-0.15222253501397526,97105.46938129584
232.56915545463562,-0.19751264350033002,97121.42244316626
232.6683166027069,-0.1802417704872779,97132.88019884964
232.7689311504364,-0.16756421476493114,97142.89217896468
232.86897611618042,-0.13522726103836546,97142.40296106822
232.96902632713318,-0.10233910923691518,97134.46266496141
233.0685920715332,-0.061826050732893996,97122.51639846528
233.16870284080505,-0.04097239023309172,97112.06475861876
233.2692494392395,-0.05603847094660526,97108.95828275688
233.36902451515198,-0.0671542987901122,97105.8624544812
233.4686291217804,-0.0605399218914965,97102.07620903308
233.5691511631012,-0.060448055545682396,97097.36858812977
233.66916584968567,-0.06384711034080436,97091.8317293168
233.7693645954132,-0.06816482859406738,97087.54855638511
233.8684594631195,-0.0605399218914965,97084.7937007466
233.9689016342163,-0.07193134877244577,97095.61433067195
234.06880831718445,-0.12989901298114728,97104.25289760475
234.16927456855774,-0.2630133480657883,97153.82760784427
234.2686722278595,-0.3273197901356632,97202.74484705985
234.3686125278473,-0.3166632940212268,97243.97036235387
234.46918964385986,-0.31096758058075213,97275.47332611847
234.5688922405243,-0.2643913432529999,97301.32599350662
234.66938495635986,-0.273945443217667,97326.79339415596
234.76863026618958,-0.2473960692773901,97343.91405474037
234.86875224113464,-0.24087355872458852,97356.52264926634
234.9686381816864,-0.20578061462359964,97357.37038433971
235.06871938705444,-0.16930967533539917,97351.43334590574
235.1687409877777,-0.14542442542373135,97341.59001131517
235.26845717430115,-0.23517784528411387,97353.33101018365
235.3687822818756,-0.2223165568701389,97359.19790916529
235.4688138961792,-0.11207694189321052,97335.57811824877
235.56924152374268,0.016811541283981577,97304.32030642389
235.6694197654724,-0.02921349796888602,97263.6882757815
235.7684042453766,-0.008267971123269628,97236.01944820335
235.86841320991516,0.005052649019775884,97212.21750338303
235.96893167495728,0.0010105298039551768,97185.99575304473
236.06932830810547,-0.007349307665128558,97162.29617774025
236.16942358016968,-0.008727302852340163,97140.86655996623
236.2689926624298,-0.005420114403032312,97121.77990396961
236.36898374557495,-0.005236381711404098,97106.80191357265
236.46871876716614,-0.004042119215820707,97092.2217222154
236.56893467903137,-0.004501450944891242,97077.49954999387
236.6684386730194,-0.010197164385365875,97066.04959499449
236.7693314552307,-0.0061550451695451674,97053.74463549505
236.8687617778778,-0.005971312477916954,97043.27017194554
236.9685935974121,-0.004777049982333563,97035.543154751
237.06906652450562,-0.006889975936058024,97027.1888392759
237.16900253295898,-0.005971312477916954,97020.1699553483
237.26874709129333,-0.008176104777455522,97014.05295981347
237.3685953617096,-0.009554099964667126,97008.44766383214
237.46894645690918,-0.008359837469083736,97005.50289744893
237.56861281394958,-0.008267971123269628,97001.25260770404
237.66849374771118,-0.0078086393941990935,96996.62734693363
237.768967628479,-0.008084238431641414,96992.36461224026
237.868665933609,-0.008176104777455522,96987.92815101624
237.9688594341278,-0.0061550451695451674,96985.03533591461
238.0686593055725,-0.007349307665128558,96982.13180232316
238.16861820220947,-0.006063178823731061,96979.51862209085
238.2690327167511,-0.008359837469083736,96976.16675988177
238.36866688728333,-0.00854357016071195,96973.7500838936
238.46891236305237,-0.009002901889782484,96971.87507550424
238.56929349899292,-0.010289030731179982,96970.58756795381
238.66916394233704,-0.009370367273038912,96968.92881115843
238.76907181739807,-0.007992372085827308,96969.03593004259
238.86869883537292,-0.0079005057400132,96967.63233703833
238.9687671661377,-0.008451703814897842,96966.56910333449
239.06926465034485,-0.008084238431641414,96965.71219300105
239.16905808448792,0.003399054795121958,96965.64097370094
239.26917266845703,0.0010105298039551768,96966.27687633084
239.36890196800232,0.0,96963.74918869777
239.46922516822815,-0.01644407590072515,96960.874269828
239.56882548332214,-0.009370367273038912,96959.1868428452
239.66872429847717,-0.0009186634581410698,96958.96815856067
239.76863837242126,-0.0033071884493078513,96960.37134270462
239.86884808540344,-0.0022047922995385677,96959.03420843415
239.96886348724365,-0.0037665201783783865,96956.13078759074
240.06903910636902,-0.006063178823731061,96955.81770883167
240.16938495635986,-0.0006430644206987489,96954.93593794851
240.26923084259033,-0.047127435402636884,96962.64234415366
240.3686544895172,-0.06761363051918273,96971.3781097383
240.4691367149353,-0.09425487080527377,96986.14029876447
240.5690724849701,-0.10674869383599231,96994.42626888801
240.66912269592285,-0.021037393191430498,96984.8836419992
240.76841020584106,-0.03132642392261048,96976.19527779928
240.8694407939911,-0.01157515957257748,96967.87575001936
240.9689326286316,-0.03840013255029672,96974.38817501743
241.06905937194824,-0.08460890449479253,96978.2493575157
241.1690661907196,-0.052180084422412766,96977.22442176413
241.2690873146057,-0.188050409881477,97047.90197958771
241.36890482902527,-0.30554746617771983,97079.91178162895
241.46886539459229,-0.2556640404006597,97105.92060346606
241.56916284561157,-0.15194693597653294,97120.02854311945
241.66901421546936,-0.16765608111074523,97144.12568880751
241.7688431739807,-0.1488234802188533,97151.11311992675
241.8686969280243,-0.09002901889782484,97148.60180793409
241.96893119812012,-0.11878318513764033,97146.94162714068
242.06920456886292,-0.05805953055451561,97138.94746442662
242.1693241596222,-0.19291932620962465,97130.55271798396
242.26944947242737,-0.09333620734713269,97108.29744618556
242.36849761009216,-0.04905662866473313,97114.56770156701
242.46900939941406,-0.037022137363085114,97103.5109314103
242.56845712661743,-0.13706458795464763,97118.85983826927
242.66847324371338,-0.16921780898958505,97129.67385444234
242.76873970031738,-0.0842414391115361,97124.00646899811
242.86934542655945,-0.07560600260501005,97110.6058220983
242.96926927566528,-0.09030461793526716,97115.54523988847
243.0689582824707,-0.03298001814726441,97100.49071589962
243.16905760765076,-0.00946223361885302,97074.64164430965
243.26907110214233,-0.08047491893315771,97087.37747987869
243.3687686920166,-0.0022047922995385677,97072.83973189082
243.46897506713867,-0.017730204742122647,97054.85575870174
243.56873512268066,-0.14037177640395546,97063.77018283156
243.66858887672424,-0.09122328139340824,97068.19316454841
243.76893019676208,-0.08341464199920914,97070.27384809357
243.86928343772888,-0.15947997633328972,97086.34646328422
243.96914505958557,-0.22709360685247246,97119.21181695581
244.0692982673645,-0.2129461895971,97136.39063526024
244.1689896583557,-0.2718325172639426,97229.75157173422
244.26921153068542,-0.09691899483388286,97290.7764145608
244.36929488182068,-0.14147417255372474,97285.89877310471
244.46854186058044,-0.19705331177125948,97264.20889579423
244.56860613822937,-0.006522510552801596,97246.68800621481
244.66926312446594,-0.047311168094265096,97236.41920559332
244.76929259300232,-0.07441174010942665,97227.577285034
244.86921310424805,0.005695713440474633,97202.91955653061
244.96950268745422,-0.05723273344218865,97175.42760087756
245.06916093826294,-0.1263162254943971,97163.6848407898
245.16877365112305,-0.05769206517125919,97143.51635671082
245.26895117759705,-0.21037393191430498,97184.76472103976
245.3692045211792,-0.15966370902491794,97187.98824893578
245.4685881137848,-0.04979155943124598,97173.0894240422
245.56932854652405,-0.15102827251839188,97171.68048163799
245.66878938674927,-0.13118514182254476,97177.81243347419
245.76855397224426,-0.16783981380237345,97186.53119012677
245.86872792243958,-0.10592189672366535,97174.0780711141
245.96911025047302,-0.11621092745484533,97179.07026400269
246.0694043636322,-0.158010114800264,97182.66323760242
246.168621301651,-0.1395449792916285,97174.89691384218
246.2694230079651,-0.08708929583177343,97159.80722245797
246.3690116405487,-0.08708929583177343,97141.42650021218
246.46946930885315,-0.08855915736479913,97121.18385019097
246.56924033164978,-0.08203664681199753,97098.86546517187
246.668607711792,-0.13761578602953226,97090.57891865469
246.7693088054657,-0.1698608734102838,97086.92102678922
246.8685564994812,-0.08065865162478593,97074.0289241103
246.9690613746643,-0.09765392560039572,97068.12603169927
247.06915807724,-0.198339440612657,97072.91342852935
247.16861200332642,-0.20614808000685605,97068.62208567643
247.26887273788452,-0.19062266756427199,97063.25987710878
247.36941409111023,-0.2315031914515496,97066.1338893979
247.46880507469177,-0.18896907333961807,97069.62050045811
247.5691044330597,-0.22057109629967087,97070.6584504123
247.6690390110016,-0.2602573576913651,97082.29260537107
247.76906299591064,-0.24730420293157598,97081.36334483397
247.86915707588196,-0.24353768275319762,97079.72701035057
247.96929168701172,-0.23921996449993457,97079.95430931551
248.0692856311798,-0.2651262740195128,97089.95887838396
248.16934156417847,-0.27954929031232756,97102.56299054557
248.26874589920044,-0.2840507412572188,97118.10669149102
248.36930799484253,-0.27422104225510935,97127.59602234192
248.468665599823,-0.27982488934976985,97138.83642010773
248.56934142112732,-0.279916755695584,97148.55277809697
248.66912317276,-0.2880009941272254,97158.89750028728
248.76928734779358,-0.29038951911839217,97170.60775025855
248.86911153793335,-0.2820296816493084,97180.34697523271
248.9693479537964,-0.2801923547330263,97194.31227770944
249.06860494613647,-0.29590149986723857,97208.1810499385
249.1693880558014,-0.2949828364090975,97226.16294494466
249.2688603401184,-0.2959933662130527,97242.8466504502
249.36886072158813,-0.3224508738075155,97268.06198540518
249.46867966651917,-0.30830345655214303,97288.75578686465
249.56905841827393,-0.28910339027699467,97302.08020817819
249.66905522346497,-0.28790912778141126,97312.77218736036
249.7684669494629,-0.29783069312933486,97325.39496862431
249.86929297447205,-0.30067854984957215,97341.55547176188
249.96908950805664,-0.28919525662280876,97350.6999245857
250.0690975189209,-0.29948428735398874,97358.32993212713
250.16925168037415,-0.2928699104553731,97366.29693891443
250.26898956298828,-0.3025158767658543,97377.16724502298
250.36899399757385,-0.279916755695584,97382.85052052067
250.4688320159912,-0.29185938065141787,97391.56546846862
250.56923508644104,-0.28304021145326363,97390.50892162176
250.66917538642883,-0.27716076532116074,97386.35802945957
250.76897192001343,-0.27716076532116074,97388.12222651362
250.86908841133118,-0.257593233662756,97390.71000386224
250.9689176082611,-0.23315678567620352,97389.53900347602
251.06939601898193,-0.244731945248781,97385.98510312842
251.1686656475067,-0.24004676161226154,97374.28659281558
251.26883101463318,-0.24592620774436438,97359.75793353401
251.36904430389404,-0.2566745702046149,97353.58214018062
251.46871185302734,-0.2541023125218199,97349.02392616255
251.56929421424866,-0.26953585861858986,97353.92153354631
251.6690068244934,-0.2677903980481219,97361.92938019168
251.7689025402069,-0.2669636009357949,97369.6364421725
251.8689684867859,-0.25988989230810866,97378.07279795525
251.96929502487183,-0.2604410903829933,97382.86551815973
252.06853938102722,-0.255020975979961,97385.07896634376
252.16888570785522,-0.25731763462531365,97388.37106970939
252.26906275749207,-0.24491567794040922,97393.33396273846
252.36921072006226,-0.2590630951957817,97395.10056646462
252.46858978271484,-0.2655856057485833,97394.89050981817
252.56885838508606,-0.2685253288146347,97394.70145883635
252.6691813468933,-0.2582362980834547,97397.63131295271
252.76844120025635,-0.25603150578391615,97400.66818165744
252.86925530433655,-0.25796069904601243,97400.3013634917
252.96863079071045,-0.2596142932706663,97396.67122714252
253.06888484954834,-0.2609004221120638,97393.60410442828
253.16859030723572,-0.2555721740548456,97392.64369398545
253.26860284805298,-0.2548372432883328,97391.6793245869
253.368736743927,-0.25198938656809544,97391.11139212822
253.46882247924805,-0.24941712888530046,97386.8002529154
253.56900477409363,-0.2353615779757421,97378.12022762386
253.66926908493042,-0.23977116257481923,97367.80820486147
253.76864218711853,-0.24225155391180012,97358.72738437532
253.86878895759583,-0.24647740581924904,97351.3546459378
253.9691083431244,-0.24776353466064654,97344.21918134401
254.06844854354858,-0.2448238115945951,97338.69726320961
254.16901636123657,-0.2444563462113387,97334.72753688865
254.26907682418823,-0.23912809815412048,97331.85478319979
254.36915493011475,-0.2382094346959794,97328.6693048798
254.46936297416687,-0.22929839915201103,97326.70237439183
254.56887769699097,-0.2329730529845753,97329.83213695265
254.66894006729126,-0.21882563572920283,97332.04892325739
254.76913928985596,-0.2183663040001323,97333.74403093164
254.8690915107727,-0.23995489526644745,97334.56962783849
254.96920919418335,-0.2430783510241271,97335.31266505463
255.06828784942627,-0.24822286638971708,97335.08139854917
255.16827011108398,-0.25327551540949295,97334.77325869426
255.26867723464966,-0.25208125291390954,97334.59593282484
255.36881828308105,-0.2566745702046149,97341.53633954235
255.46905040740967,-0.25446977790507636,97351.38270558811
255.569105386734,-0.2551128423257751,97360.1444350293
255.668390750885,-0.2538267134843776,97367.82999152638
255.7690348625183,-0.264483209598814,97374.84699237374
255.86907720565796,-0.2740373095634811,97381.66229313637
255.96883463859558,-0.2881847268188536,97392.49606382273
256.06914496421814,-0.29314550949281537,97402.14645744045
256.1692998409271,-0.2882765931646677,97413.23181169642
256.2689254283905,-0.2909407171932768,97422.50863052678
256.36876225471497,-0.2807435528079109,97430.1577674741
256.4685204029083,-0.2723837153388272,97438.1419907267
256.56868290901184,-0.244731945248781,97446.22779165402
256.6688404083252,-0.24620180678180673,97452.90501248863
256.76892137527466,-0.25584777309228796,97454.31451123976
256.86856055259705,-0.25198938656809544,97454.18306011579
256.96951723098755,-0.25465351059670455,97454.76475410421
257.0687174797058,-0.2527243173346083,97454.28827869378
257.1690719127655,-0.25171378753065315,97454.25945082441
257.2686278820038,-0.2497845942685569,97453.73350574197
257.3693525791168,-0.2552965750174033,97453.76015516777
257.4689197540283,-0.25208125291390954,97453.084139651
257.5692048072815,-0.2510707231099544,97452.67572568588
257.6686980724335,-0.24950899523111456,97452.3081531173
257.7684118747711,-0.252448718297166,97451.17733780557
257.86903977394104,-0.24565060870692207,97451.959604025
257.9690990447998,-0.24785540100646064,97453.3636436225
258.0693061351776,-0.24831473273553117,97453.92727926026
258.1692509651184,-0.2501520596518133,97454.73455133423
258.268595457077,-0.2497845942685569,97455.36109620081
258.36915612220764,-0.2541023125218199,97456.92498658074
258.46854305267334,-0.25180565387646725,97458.53248792267
258.56928610801697,-0.251621921184839,97459.1792391304
258.66923332214355,-0.2488659308104158,97460.96131521737
258.76903772354126,-0.24647740581924904,97462.06518369564
258.8685956001282,-0.2515300548390249,97463.25866532607
258.9690091609955,-0.25116258945576847,97464.03279879347
259.0693528652191,-0.2568583028962431,97460.62951891412
259.16842913627625,-0.25713390193368546,97458.96656702271
259.2688627243042,-0.26145162018694845,97455.56991032044
259.3691449165344,-0.2564908375129867,97452.51291928839
259.4691529273987,-0.2580525653918265,97445.96162735955
259.5689661502838,-0.2643913432529999,97440.4654646236
259.6692192554474,-0.24757980196901833,97430.71891816125
259.76840686798096,-0.2553884413632174,97433.24702634513
259.86923336982727,-0.2437214154448258,97437.42232371062
259.96846437454224,-0.24960086157692868,97441.98009133956
260.0685188770294,-0.2513463221473967,97441.88208220562
260.16876006126404,-0.24500754428622332,97442.59387398505
260.26932072639465,-0.24666113851087726,97444.53448658655
260.3684868812561,-0.24914152984785815,97448.0810379279
260.4689612388611,-0.2535511144469353,97446.4729341351
260.5689899921417,-0.25842003077508297,97443.22564072159
260.66885328292847,-0.26016549134555095,97441.50307664945
260.7690501213074,-0.26273774902834596,97440.3527689845
260.8686726093292,-0.2603492240371792,97439.11749208606
260.9692335128784,-0.25869562981252525,97437.80574287746
261.0691065788269,-0.2551128423257751,97436.52516858972
261.16833424568176,-0.251621921184839,97436.57265173075
261.26862955093384,-0.25070325772669794,97436.01538655769
261.3685767650604,-0.255020975979961,97435.11384790191
261.46877217292786,-0.24941712888530046,97434.30246311172
261.5685803890228,-0.2502439259976274,97433.37221680055
261.66867303848267,-0.2510707231099544,97431.8349951205
261.76883459091187,-0.2509788567641403,97431.15149560846
261.86906266212463,-0.24555874236110797,97433.83634604761
261.96910095214844,-0.2472123365857619,97438.05271144286
262.06898760795593,-0.24252715294924243,97441.44744029857
262.16863203048706,-0.24941712888530046,97440.10269626872
262.26887488365173,-0.254194178867634,97438.09242664184
262.3684170246124,-0.2513463221473967,97436.98318397766
262.4688022136688,-0.2515300548390249,97434.88486557991
262.5691947937012,-0.26117602114950617,97434.49637902192
262.66862320899963,-0.30067854984957215,97445.24674111973
262.7693691253662,-0.3302595132017146,97461.52206700775
262.868736743927,-0.3158364969088998,97475.76986030697
262.9690914154053,-0.30472066906539286,97484.29287427629
263.0684154033661,-0.2792736912748852,97487.46358684867
263.1683917045593,-0.28515313740698806,97490.81722816381
263.2684528827667,-0.2710057201516156,97493.83550534744
263.36873984336853,-0.2721081163013849,97491.6519548127
263.4694490432739,-0.2792736912748852,97488.58675933143
263.56871008872986,-0.28377514221977646,97486.0280833983
263.6685104370117,-0.2815703499202379,97483.42527505847
263.7684066295624,-0.27817129512511596,97483.68274755264
263.86889910697937,-0.27973302300395575,97486.91447279738
263.9688310623169,-0.2779875624334877,97489.72302551764
264.0689072608948,-0.2721081163013849,97492.35072296589
264.1687774658203,-0.2699033240018463,97492.6156506693
264.26869082450867,-0.2721081163013849,97490.45408560237
264.36935329437256,-0.276517700900462,97488.00867704213
264.46864581108093,-0.2813866172286097,97484.60780933792
264.56911754608154,-0.27826316147093005,97480.24702840413
264.66922187805176,-0.2778038297418595,97476.82232556373
264.76900911331177,-0.27027078938510274,97470.64009300736
264.8690810203552,-0.2737617105260388,97465.47608370661
264.9693806171417,-0.2705463884225451,97461.72847533596
265.0687108039856,-0.26935212592696167,97458.55562780236
265.1685264110565,-0.27293491341371184,97454.70006502213
265.2693843841553,-0.26815786343137826,97451.23005851993
265.36906599998474,-0.2682497297771924,97447.90705266794
265.46924233436584,-0.2682497297771924,97444.71634740116
265.56932520866394,-0.2721081163013849,97441.44471266105
265.6691846847534,-0.2759665028255774,97440.10024139495
265.76942014694214,-0.27082198745998737,97440.99021725544
265.86844992637634,-0.2697195913102181,97442.29119552989
265.96940302848816,-0.2710975864974297,97443.16207597691
266.0684802532196,-0.2692602595811476,97442.04586837922
266.1691858768463,-0.27045452207673093,97440.44128154131
266.2688024044037,-0.2705463884225451,97439.19715338718
266.3685474395752,-0.2698114576560322,97437.77743804846
266.46853613853455,-0.26907652688951933,97436.29969424361
266.5685577392578,-0.2745885076383658,97436.16972481925
266.6684024333954,-0.2736698441802247,97433.95275233733
266.76834893226624,-0.27311864610534003,97434.55747710359
266.8693492412567,-0.2738535768718529,97436.50172939323
266.9692485332489,-0.2722918489930131,97438.35155645391
267.06877541542053,-0.26411574421555756,97441.71640080852
267.16838479042053,-0.2657693384402115,97442.44476072767
267.26882243156433,-0.2691683932353335,97434.9002846549
267.3689932823181,-0.26108415480369207,97432.41025618941
267.4684798717499,-0.2602573576913651,97429.86923057048
267.5694251060486,-0.2724755816846413,97428.08230751342
267.66917181015015,-0.269627724964404,97426.07407676209
267.768759727478,-0.26751479901067954,97424.56666908589
267.8685326576233,-0.25051952503506975,97430.9100021773
267.96851086616516,-0.2764258345546479,97425.11900195958
268.0691394805908,-0.26742293266486544,97423.90710176363
268.1690504550934,-0.2575013673169419,97423.01639158727
268.26893734931946,-0.26356454614067293,97421.31475242855
268.36866331100464,-0.26742293266486544,97421.58327718568
268.46864438056946,-0.26944399227277577,97421.72494946711
268.56878423690796,-0.2723837153388272,97420.35245452041
268.668808221817,-0.2566745702046149,97415.61720906838
268.7690646648407,-0.26273774902834596,97408.35548816156
268.8687934875488,-0.26485067498207043,97413.9199393454
268.96903944015503,-0.2637482788323011,97414.72794541086
269.0690038204193,-0.2672391999732372,97414.85515086979
269.1689922809601,-0.26760666535649363,97415.36963578282
269.2685160636902,-0.26870906150626295,97415.33267220453
269.36837577819824,-0.26898466054370523,97414.59940498408
269.4685504436493,-0.2657693384402115,97414.03946448567
269.5690965652466,-0.2691683932353335,97414.5355180371
269.669193983078,-0.2854287364444304,97416.98196623339
269.76917695999146,-0.2802842210788404,97418.28376961005
269.8689215183258,-0.30205654503678375,97420.75539264905
269.9687464237213,-0.3062823969442327,97423.47985338415
270.06871128082275,-0.27422104225510935,97427.23186804574
270.1692204475403,-0.26742293266486544,97430.20868124116
270.2687089443207,-0.26668800189835257,97431.48781311704
270.36849212646484,-0.27008705669347455,97432.23903180534
270.46895146369934,-0.2710975864974297,97432.4151286248
270.56892824172974,-0.2839588749114047,97431.47361576233
270.6690013408661,-0.2699951903476604,97434.82625418609
270.7686696052551,-0.26806599708556417,97437.44362876749
270.8690972328186,-0.27045452207673093,97438.69926589074
270.96856689453125,-0.27302677975952594,97439.52933930166
271.0686957836151,-0.2852450037528022,97440.47640537149
271.16900539398193,-0.2826727460700072,97441.32876483434
271.26855969429016,-0.2746803739841799,97440.79588835091
271.36927676200867,-0.26944399227277577,97441.51629951583
271.469277381897,-0.28120288453698145,97436.66466956426
271.5685601234436,-0.29176751430560377,97433.69820260783
271.668577671051,-0.2775282307044172,97433.12838234706
271.7684588432312,-0.27578277013394914,97431.31554411235
271.86922693252563,-0.2748641066758081,97430.78398970113
271.9688527584076,-0.2699951903476604,97438.90559073101
272.0692210197449,-0.25851189712089706,97444.61503165792
272.16871213912964,-0.2684334624688206,97445.95352849213
272.2686610221863,-0.2724755816846413,97446.65817564292
272.36866307258606,-0.255020975979961,97446.39235807862
272.46891140937805,-0.2748641066758081,97450.35312227077
272.5693826675415,-0.2732105124511542,97453.21781004369
272.6687569618225,-0.27219998264719897,97454.89602903932
272.7684552669525,-0.26273774902834596,97455.7064261354
272.8685517311096,-0.24151662314528727,97457.73578352186
272.9686851501465,-0.26540187305695506,97458.66220516968
273.06911039352417,-0.26797413073975007,97457.89598465271
273.16907835006714,-0.26126788749532026,97456.30638618744
273.26911664009094,-0.26411574421555756,97451.8757475687
273.3690085411072,-0.2623702836450895,97448.78817281184
273.4685683250427,-0.2580525653918265,97446.60935553066
273.56909680366516,-0.2760583691713915,97441.94841997759
273.66932678222656,-0.2867148652858279,97436.95357797983
273.7691559791565,-0.28368327587396236,97433.55822018185
273.86898946762085,-0.27440477494673754,97429.60239816365
273.96913027763367,-0.2761502355172056,97427.14215834728
274.0684084892273,-0.2763339682088338,97424.42794251256
274.1688463687897,-0.26273774902834596,97433.8851482613
274.2688136100769,-0.25116258945576847,97444.99663343516
274.36881399154663,-0.2522649856055378,97442.99697009166
274.46852803230286,-0.2605329567288074,97439.6972730825
274.5685844421387,-0.2603492240371792,97435.52754577425
274.66911363601685,-0.25731763462531365,97434.87479119682
274.7684426307678,-0.2602573576913651,97436.58731207714
274.8693492412567,-0.2686171951604488,97437.42858086943
274.9687705039978,-0.26411574421555756,97436.48572278248
275.0692493915558,-0.25851189712089706,97435.83715050423
275.16882824897766,-0.2487740644646017,97437.35343545381
275.2683844566345,-0.2549291096341469,97434.41809190843
275.3691930770874,-0.256766436550429,97433.77628271759
275.46855068206787,-0.24840659908134527,97429.49865444584
275.56933069229126,-0.2485903317729735,97425.14878900126
275.6692144870758,-0.2487740644646017,97423.33391010114
275.7691731452942,-0.2570420355878713,97421.80051909103
275.8691899776459,-0.25465351059670455,97420.42046718193
275.96939182281494,-0.255020975979961,97416.07842046373
276.06872844696045,-0.2578688327001983,97412.97057841736
276.16919708251953,-0.25878749615833935,97412.27352057563
276.26915216445923,-0.26889279419789114,97410.64616851808
276.36884593963623,-0.2497845942685569,97411.68155166629
276.469074010849,-0.2512544558015826,97412.31339649967
276.5692687034607,-0.2549291096341469,97411.7820568497
276.66909527778625,-0.25171378753065315,97411.50385116473
276.7689416408539,-0.2548372432883328,97411.05346604825
276.8685760498047,-0.2529080500262365,97411.44811944343
276.969491481781,-0.2595224269248522,97412.5033074991
277.06874227523804,-0.2722918489930131,97415.35297674919
277.16908860206604,-0.24904966350204402,97417.21767907427
277.26929473876953,-0.252448718297166,97415.39591116684
277.36893248558044,-0.25722576827949956,97413.45632005016
277.4689738750458,-0.25878749615833935,97412.01068804513
277.5690507888794,-0.2589712288499676,97412.00961924062
277.6687355041504,-0.2631052144116024,97411.60865731657
277.7686975002289,-0.2732105124511542,97411.64779158491
277.8690037727356,-0.2733023787969683,97411.68301242642
277.9689803123474,-0.2752315720590645,97411.21471118378
278.06860733032227,-0.2829483451074495,97412.09324006541
278.16887617111206,-0.26944399227277577,97414.08391605887
278.26901292800903,-0.2381175683501653,97422.87552445297
278.36903977394104,-0.24555874236110797,97428.78797200767
278.4687705039978,-0.24914152984785815,97432.9091748069
278.5686821937561,-0.2548372432883328,97429.11825732622
278.66901898384094,-0.2556640404006597,97426.2064315936
278.76834511756897,-0.25740950097112775,97422.48578843423
278.868408203125,-0.2590630951957817,97419.33720959081
278.96877813339233,-0.25593963943810205,97415.80348863173
279.06930351257324,-0.25796069904601243,97412.72313976857
279.1685309410095,-0.2569501692420572,97409.95082579172
279.2685055732727,-0.252448718297166,97408.35574321254
279.36857748031616,-0.2538267134843776,97406.0201688913
279.46889996528625,-0.2609004221120638,97402.31815200216
279.56926131248474,-0.26071668942043563,97399.88633680195
279.6684904098511,-0.25988989230810866,97398.19770312177
279.7685270309448,-0.257593233662756,97395.3779328096
279.86856055259705,-0.25345924810112114,97392.84013952863
279.96851086616516,-0.25860376346671116,97390.05612557578
280.06909680366516,-0.2604410903829933,97387.3505130182
280.16874051094055,-0.26411574421555756,97386.61546171638
280.268461227417,-0.2734861114885965,97385.25391554474
280.368771314621,-0.2801004883872122,97384.82852399028
280.46863651275635,-0.28175408261186613,97385.74567159124
280.568971157074,-0.2867148652858279,97388.27110443212
280.6690721511841,-0.29149191526816143,97392.3439939889
280.76878786087036,-0.28496940471535986,97395.80959459001
280.86886954307556,-0.2841426076030329,97399.42863513101
280.9688742160797,-0.27844689416255824,97402.58577161792
281.069207906723,-0.2776200970502313,97405.32719445613
281.16881942749023,-0.27559903744232095,97409.29447501052
281.268620967865,-0.2772526316669749,97412.06502750947
281.3686172962189,-0.2762421018630197,97414.35852475853
281.46869230270386,-0.27293491341371184,97416.72267228267
281.5692205429077,-0.27706889897534664,97418.4504050544
281.6690835952759,-0.2748641066758081,97419.60536454897
281.7689063549042,-0.2734861114885965,97417.74482809409
281.8687160015106,-0.2631970807574165,97415.0703452847
281.9688391685486,-0.2671473336274231,97412.96331075623
282.0684633255005,-0.24969272792274277,97410.66697968061
282.1689817905426,-0.2597061596164804,97408.10028171256
282.26914715766907,-0.2606248230746215,97406.9902535413
282.3690650463104,-0.26411574421555756,97405.99122818717
282.4687514305115,-0.26659613555253847,97404.49210536845
282.5686047077179,-0.2563071048213585,97404.74289483161
282.66911244392395,-0.26200281826183314,97406.26860534845
282.769202709198,-0.2581444317376406,97406.24174481361
282.86845874786377,-0.25327551540949295,97405.61757033225
282.9691710472107,-0.26751479901067954,97404.55581329903
283.06900668144226,-0.27569090378813504,97403.70023196914
283.16866087913513,-0.27431290860092344,97402.23020877222
283.26918959617615,-0.26870906150626295,97401.307187895
283.3685042858124,-0.2554803077090315,97397.9764691055
283.46942687034607,-0.24730420293157598,97392.27882219496
283.5690040588379,-0.244731945248781,97387.65093997547
283.6687648296356,-0.24326208371575528,97382.38584597793
283.76907658576965,-0.2356371770131844,97376.94726138015
283.8685312271118,-0.23214625587224835,97369.95253524213
283.969242811203,-0.21956056649571568,97362.35728171792
284.06860065460205,-0.23444291451760102,97356.92155354614
284.1688938140869,-0.25998175865392276,97356.32939819153
284.26912546157837,-0.274772240329994,97357.7964583724
284.3687119483948,-0.26898466054370523,97360.01681253516
284.46904277801514,-0.2367395731629537,97355.91513128164
284.56876516342163,-0.2327893202929471,97348.12361815348
284.6693367958069,-0.2090878030729075,97332.21125633812
284.7691738605499,-0.19503225216334913,97313.39013070431
284.8691620826721,-0.17077953686842487,97285.55111763388
284.96891617774963,-0.1446894946572185,97256.19600587049
285.0687589645386,-0.14955841098536618,97228.87640528344
285.16842675209045,-0.17675084934634183,97211.28876475511
285.26863408088684,-0.2196524328415298,97205.2598882796
285.368860244751,-0.2381175683501653,97206.43389945164
285.4691298007965,-0.1976045098461441,97194.69050950647
285.56919836997986,-0.15617278788398187,97175.72145855582
285.6687216758728,-0.16150103594120008,97154.64931270025
285.76858258247375,-0.17739391376704058,97145.18438143023
285.86894488334656,-0.20072796560382375,97142.26594328722
285.9692163467407,-0.21845817034594642,97141.3393489585
286.0687997341156,-0.22626680974014549,97143.80541406266
286.1692090034485,-0.21956056649571568,97145.4248726564
286.26878595352173,-0.19806384157521464,97138.58238539075
286.3693401813507,-0.17417859166354685,97127.92414685167
286.46860790252686,-0.17583218588820076,97118.0317321665
286.56921315193176,-0.18630494931100897,97104.32855894987
286.66895151138306,-0.19714517811707358,97095.4957030549
286.7685101032257,-0.22801227031061352,97096.74613274941
286.86903524398804,-0.22957399818945334,97098.67151947448
286.9691083431244,-0.22764480492735711,97093.90436752704
287.068341255188,-0.21110886268081785,97083.61393077434
287.1683793067932,-0.20183036175359303,97074.75253769691
287.268488407135,-0.22442948282386335,97075.37728392723
287.3683638572693,-0.24326208371575528,97079.93955553451
287.4687042236328,-0.2474879356232042,97084.74559998106
287.56890201568604,-0.24500754428622332,97088.87103998296
287.6684217453003,-0.22626680974014549,97083.38393598466
287.7685580253601,-0.19576718292986198,97072.8455423862
287.86851620674133,-0.19301119255543878,97076.56098814758
287.9688913822174,-0.2512544558015826,97088.40488933283
288.06841254234314,-0.2606248230746215,97100.06440039955
288.16865038871765,-0.2602573576913651,97111.8579603596
288.26893186569214,-0.2594305605790381,97121.37216432363
288.36837244033813,-0.2529999163720506,97126.93494789128
288.46881461143494,-0.2407816923787744,97125.74145310215
288.56872487068176,-0.20118729733289428,97110.96730779194
288.6685118675232,-0.1814360329828613,97094.37057701276
288.76924657821655,-0.16940154168121327,97077.13351931148
288.8689739704132,-0.17849630991680987,97060.72016738034
288.968496799469,-0.18777481084403466,97049.4481506423
289.0690219402313,-0.21000646653104857,97049.10333557808
289.16858887672424,-0.231870656834806,97053.69300202027
289.2685492038727,-0.23095199337666494,97058.32370181824
289.368399143219,-0.23058452799340853,97062.49133163643
289.46863770484924,-0.22424575013223513,97059.44219847278
289.569105386734,-0.2159777790089655,97048.4979786255
289.66931319236755,-0.22690987416084424,97041.24818076295
289.7684202194214,-0.2342591818259728,97034.52336268665
289.86856412887573,-0.24656927216506314,97038.47102641799
289.9684681892395,-0.2801004883872122,97068.7239237762
290.0691509246826,-0.28175408261186613,97096.55153139858
290.1687927246094,-0.2942479056425847,97126.39637825872
290.2687680721283,-0.3015972133077132,97152.95674043286
290.3685896396637,-0.29819815851259124,97176.56106638956
290.46908807754517,-0.30058668350375806,97199.6049597506
290.5686683654785,-0.30196467869096966,97219.54446377554
290.66861605644226,-0.3044450700279505,97237.49001739798
290.7689845561981,-0.2963608315963091,97250.74101565819
290.86852169036865,-0.2942479056425847,97263.06691409237
290.9688811302185,-0.2959933662130527,97273.16022268313
291.0685455799103,-0.2733942451427824,97268.24420041482
291.1689965724945,-0.22525627993619032,97252.81978037333
291.26860189437866,-0.21680457612129247,97232.63780233602
291.36857557296753,-0.20844473865220875,97210.67402210242
291.4685642719269,-0.21395671940105515,97194.10661989218
291.5685729980469,-0.24574247505273616,97188.09595790296
291.6691336631775,-0.2508869904183262,97184.08636211266
291.7687780857086,-0.24794726735227474,97177.3777259014
291.8684723377228,-0.22158162610362603,97162.53995331126
291.9693691730499,-0.1867642810400795,97136.68595798014
292.0690908432007,-0.17849630991680987,97118.01736218213
292.1685528755188,-0.1789556416458804,97098.81562596392
292.2689211368561,-0.18483508777798324,97082.63406336753
292.36912059783936,-0.20100356464126606,97069.37065703078
292.46870517730713,-0.20256529252010588,97073.3335913277
292.5691692829132,-0.23067639433922263,97081.70023219493
292.66843342781067,-0.23977116257481923,97090.73020897544
292.768536567688,-0.23582090970481262,97096.1571880779
292.86915278434753,-0.21634524439222194,97094.4414692701
292.96897172927856,-0.20366768866987517,97088.39732234308
293.06846499443054,-0.19907437137916983,97082.75759010877
293.16861629486084,-0.19962556945405446,97075.78183109789
293.2683525085449,-0.1908064002559002,97066.50364798811
293.3684227466583,-0.19751264350033002,97058.4532831893
293.4691846370697,-0.20467821847383036,97059.40795487037
293.5684332847595,-0.22488881455293389,97064.16715938333
293.6683280467987,-0.23260558760131889,97070.15044344499
293.7684872150421,-0.2355453106673703,97075.13539910049
293.86916279792786,-0.23122759241410729,97077.92185919045
293.9690933227539,-0.23196252318062013,97082.32967327141
294.06881380081177,-0.2315031914515496,97086.59670594426
294.1691586971283,-0.22856346838549818,97088.73703534984
294.26911664009094,-0.22305148763665175,97089.16333181487
294.3688426017761,-0.21900936842083105,97089.14699863338
294.46843004226685,-0.21928496745827336,97089.13229877004
294.56886434555054,-0.22323522032827997,97090.41906889304
294.6692912578583,-0.22424575013223513,97091.77716200374
294.7686393260956,-0.22562374531944676,97094.19944580337
294.8683383464813,-0.2291146664603828,97098.87950122304
294.96893525123596,-0.22929839915201103,97100.69155110074
295.06929755210876,-0.22700174050665836,97102.32239599066
295.1687295436859,-0.22929839915201103,97104.2901563916
295.26915645599365,-0.22856346838549818,97106.46114075245
295.36857533454895,-0.2291146664603828,97107.81502667721
295.46900033950806,-0.22764480492735711,97109.3335240095
295.568368434906,-0.22939026549782512,97110.10017160856
295.6688177585602,-0.22792040396479943,97111.9901544477
295.7692172527313,-0.22920653280619693,97112.89113900294
295.8686499595642,-0.22966586453526747,97116.30202510265
295.9687080383301,-0.2303089289559662,97118.07182259238
296.06838297843933,-0.2304926616475944,97120.46464033314
296.1688663959503,-0.22975773088108156,97121.71817629984
296.2690153121948,-0.22975773088108156,97122.54635866986
296.36842918395996,-0.2302170626101521,97122.99172280288
296.4692327976227,-0.23067639433922263,97123.39255052259
296.5692780017853,-0.23168692414317782,97123.15329547034
296.66858434677124,-0.2315950577973637,97123.13796592332
296.7692017555237,-0.22544001262781854,97122.72416933099
296.86855602264404,-0.2288390674229405,97123.1517523979
296.96921825408936,-0.22736920588991477,97123.53657715811
297.0686707496643,-0.22764480492735711,97124.8829194423
297.169011592865,-0.2277366712731712,97123.29462749806
297.26893973350525,-0.22856346838549818,97122.66516474825
297.36862778663635,-0.22902280011456871,97122.69864827344
297.4683828353882,-0.2264505424317737,97122.7287834461
297.5685169696808,-0.22727733954410068,97122.4559051015
297.6690945625305,-0.2261749433943314,97123.31031459135
297.7687075138092,-0.23324865202201764,97125.97928313221
297.8684506416321,-0.23407544913434458,97127.58135481899
297.96912813186646,-0.23141132510573548,97129.22321933709
298.06850695610046,-0.22314335398246585,97128.30089740339
298.1690409183502,-0.20881220403546516,97122.57080766305
298.26917719841003,-0.19824757426684286,97112.51372689675
298.3690085411072,-0.19558345023823376,97104.86235420709
298.46870517730713,-0.19613464831311841,97098.07611878638
298.56880497932434,-0.20872033768965106,97095.66850690774
298.6686270236969,-0.21928496745827336,97099.70165621697
298.76843309402466,-0.22452134916967748,97103.33149059529
298.86880350112915,-0.2247969482071198,97104.89834153575
298.96904253959656,-0.22351081936572229,97105.40850738218
299.0688760280609,-0.2210304280287414,97106.36765664397
299.1689524650574,-0.22277588859920944,97107.23089097957
299.26868510246277,-0.22139789341199784,97108.50780188161
299.36929988861084,-0.22286775494502353,97110.15702169345
299.46888613700867,-0.22222469052432478,97109.74131952411
299.56881642341614,-0.22222469052432478,97109.7671875717
299.6692578792572,-0.22351081936572229,97111.49046881453
299.76869797706604,-0.22167349244944015,97112.74142193308
299.86872720718384,-0.22415388378642104,97113.46727973978
299.96851420402527,-0.222408423215953,97114.22055176581
300.06870555877686,-0.22332708667409407,97114.49849658924
300.1686692237854,-0.2236026857115364,97114.44864693031
300.2687394618988,-0.2236026857115364,97115.90378223728
300.36896085739136,-0.22442948282386335,97116.91340401355
300.4693078994751,-0.22038736360804265,97117.1220636122
300.5688328742981,-0.22387828474897872,97117.50985725099
300.6688506603241,-0.2223165568701389,97118.25887152589
300.7690508365631,-0.22277588859920944,97118.8329843733
300.86880683898926,-0.22268402225339531,97119.54968593597
300.969361782074,-0.22259215590758122,97119.29471734237
301.06845450401306,-0.2236026857115364,97120.06524560813
301.16860008239746,-0.22847160203968406,97122.85872104732
301.2689485549927,-0.23141132510573548,97126.8728489426
301.36891865730286,-0.23444291451760102,97130.68556404834
301.46886348724365,-0.23517784528411387,97133.91700764351
301.56900119781494,-0.23572904335899852,97137.32530687917
301.66846203804016,-0.23269745394713298,97140.59277619125
301.7691867351532,-0.23572904335899852,97142.93349857212
301.8685553073883,-0.23370798375108817,97147.84014871491
301.9693024158478,-0.23499411259248565,97150.15613384343
302.06904554367065,-0.23462664720922924,97151.84052045908
302.16853761672974,-0.23591277605062674,97155.05646841317
302.2684807777405,-0.2393118308457487,97157.65082157186
302.3693459033966,-0.23609650874225493,97158.88573941468
302.46920108795166,-0.2382094346959794,97159.4971654732
302.5691225528717,-0.24041422699551798,97159.44744892589
302.6686677932739,-0.23508597893829977,97161.0027040333
302.7685263156891,-0.23490224624667155,97161.30243362996
302.8689773082733,-0.23214625587224835,97161.67219026697
302.96853041648865,-0.23370798375108817,97163.20497124027
303.06929087638855,-0.235269711629928,97162.98447411625
303.1691253185272,-0.23517784528411387,97164.08602670462
303.2691445350647,-0.23352425105945995,97165.37742403416
303.3692297935486,-0.2356371770131844,97166.63968163075
303.4691798686981,-0.2356371770131844,97168.57571346768
303.56901693344116,-0.23334051836783173,97169.31814212092
303.668594121933,-0.23269745394713298,97169.48632790883
303.7689061164856,-0.22984959722689566,97170.93769511794
303.8687357902527,-0.23131945875992138,97172.14392560616
303.9688894748688,-0.23058452799340853,97172.12953304555
304.0684823989868,-0.2304926616475944,97173.716579741
304.16869044303894,-0.22837973569386996,97174.4449217669
304.2685353755951,-0.23003332991852388,97174.20042959022
304.36898708343506,-0.22709360685247246,97175.6803866312
304.46887612342834,-0.22847160203968406,97176.51234796808
304.5689778327942,-0.230125196264338,97178.86111317127
304.66935443878174,-0.2315031914515496,97177.97500185414
304.7688639163971,-0.23232998856387657,97177.67750166873
304.8691792488098,-0.23131945875992138,97178.40975150187
304.9693365097046,-0.2327893202929471,97179.26877635167
305.06918454170227,-0.2315031914515496,97179.5418987165
305.1690366268158,-0.231870656834806,97179.78770884486
305.26845622062683,-0.23214625587224835,97179.70893796037
305.36862206459045,-0.23122759241410729,97179.63804416433
305.46930265426636,-0.23214625587224835,97179.4742397479
305.56911420822144,-0.22920653280619693,97179.8268157731
305.6686089038849,-0.22727733954410068,97178.54413419579
305.7687737941742,-0.22828786934805584,97178.98972077621
305.8684148788452,-0.23251372125550476,97177.49074869859
305.9691758155823,-0.23343238471364583,97176.94167382873
306.0687108039856,-0.231870656834806,97176.44750644585
306.1685290336609,-0.23113572606829316,97175.30275580127
306.2686915397644,-0.2315950577973637,97175.17248022114
306.36931681632996,-0.23205438952643423,97173.75523219904
306.4685080051422,-0.23453478086341512,97172.97970897914
306.5690472126007,-0.23058452799340853,97170.88173808123
306.6690046787262,-0.23104385972247907,97169.39356427311
306.76884150505066,-0.2341673154801587,97169.1542078458
306.8685631752014,-0.23361611740527405,97169.33878706124
306.96842551231384,-0.2339835827885305,97169.4049083551
307.069189786911,-0.23361611740527405,97169.8644175196
307.16930198669434,-0.2353615779757421,97171.17797576764
307.26850271224976,-0.23306491933038942,97172.76017819087
307.3684048652649,-0.2356371770131844,97172.68416037179
307.46921396255493,-0.23315678567620352,97172.11574433462
307.56890201568604,-0.2356371770131844,97172.00416990116
307.6689352989197,-0.23343238471364583,97172.00375291104
307.7686104774475,-0.23490224624667155,97172.60337761995
307.86872458457947,-0.23370798375108817,97173.64303985795
307.96850752830505,-0.23453478086341512,97173.97873587215
308.06841111183167,-0.2328811866387612,97173.58086228494
308.1690618991852,-0.231870656834806,97174.32277605646
308.26911520957947,-0.2315031914515496,97174.09049845081
308.3693025112152,-0.23260558760131889,97174.78144860573
308.46858167648315,-0.23214625587224835,97175.80330374517
308.56866812705994,-0.2342591818259728,97176.52297337065
308.6687355041504,-0.23205438952643423,97176.4706760336
308.7686936855316,-0.23260558760131889,97176.72360843023
308.86844205856323,-0.23214625587224835,97178.05124758721
308.9687268733978,-0.23223812221806245,97178.7461228285
309.0688774585724,-0.23260558760131889,97179.07151054565
309.1685447692871,-0.23196252318062013,97177.06435949108
309.26889204978943,-0.2328811866387612,97176.85792354197
309.36863946914673,-0.23517784528411387,97176.47213118778
309.46901965141296,-0.23517784528411387,97176.524918069
309.5686037540436,-0.22939026549782512,97176.4724262621
309.6684443950653,-0.23067639433922263,97176.5251836359
309.76846408843994,-0.23131945875992138,97176.87266527231
309.86908078193665,-0.23481037990085746,97176.68539874509
309.9691984653473,-0.2327893202929471,97176.61685887059
310.06924414634705,-0.22948213184363925,97176.75517298354
310.16908288002014,-0.23232998856387657,97175.47965568518
310.2683744430542,-0.23086012703085085,97176.33169011665
310.3686535358429,-0.2315950577973637,97176.59852110498
310.46889996528625,-0.2289309337687546,97175.7386689945
310.56907510757446,-0.23131945875992138,97176.86480209505
310.6689233779907,-0.23122759241410729,97176.47832188554
310.76858258247375,-0.22856346838549818,97176.23048969699
310.8691952228546,-0.22929839915201103,97175.6074407273
310.96855783462524,-0.23122759241410729,97175.74669665456
311.06927490234375,-0.23214625587224835,97176.67202698911
311.1687526702881,-0.230125196264338,97177.2048242902
311.26835346221924,-0.22994146357270978,97175.78434186117
311.36843156814575,-0.23499411259248565,97174.00590767506
311.4686532020569,-0.230125196264338,97173.40531690756
311.56881976127625,-0.2315950577973637,97173.2647852168
311.6686477661133,-0.2287472010771264,97172.93830669513
311.76867604255676,-0.23242185490969067,97172.94447602562
311.8686010837555,-0.230125196264338,97172.45002842306
311.968430519104,-0.23196252318062013,97172.70502558076
312.0684401988983,-0.2471204702399478,97172.43452302268
312.1690559387207,-0.24730420293157598,97173.49107072041
312.2684450149536,-0.22332708667409407,97173.54196364837
312.36890625953674,-0.23214625587224835,97173.88776728354
312.46903800964355,-0.23251372125550476,97173.99899055519
312.56859517097473,-0.23214625587224835,97174.59909149968
312.66867423057556,-0.23205438952643423,97174.23918234972
312.76859402656555,-0.2302170626101521,97175.81526411475
312.868371963501,-0.23095199337666494,97176.03373770327
312.9683997631073,-0.2315031914515496,97176.33036393294
313.06827902793884,-0.23113572606829316,97176.09732753964
313.1682872772217,-0.23086012703085085,97176.68759478568
313.2683403491974,-0.230125196264338,97176.41883530711
313.3689937591553,-0.23122759241410729,97175.67695177639
313.46910405158997,-0.22994146357270978,97175.70925659876
313.56857466697693,-0.23122759241410729,97174.83833093887
313.66913986206055,-0.23260558760131889,97176.354497845
313.7691140174866,-0.23131945875992138,97175.71904806049
313.868816614151,-0.23214625587224835,97176.34714325445
313.9685673713684,-0.23269745394713298,97176.31242892901
314.0687141418457,-0.22948213184363925,97176.18118603612
314.16838932037354,-0.22984959722689566,97175.9630674325
314.26831889152527,-0.2303089289559662,97176.66676068926
314.36816573143005,-0.23086012703085085,97176.20008462033
314.4688608646393,-0.23232998856387657,97176.28007615829
314.56893587112427,-0.23141132510573548,97175.85206854246
314.66891145706177,-0.23067639433922263,97176.66686168821
314.76880836486816,-0.23269745394713298,97178.40017551939
314.8688929080963,-0.22975773088108156,97179.36015796746
314.96860241889954,-0.22948213184363925,97178.8241421707
315.0686104297638,-0.23205438952643423,97180.04172795365
315.1686942577362,-0.23232998856387657,97182.33755515829
315.26855421066284,-0.2303089289559662,97182.70379964246
315.3690538406372,-0.22994146357270978,97183.83341967821
315.46809244155884,-0.2315950577973637,97183.35007771039
315.5686376094818,-0.23122759241410729,97184.31506993936
315.66899013519287,-0.22929839915201103,97183.58356294542
315.7684886455536,-0.23067639433922263,97184.32520665089
315.86868619918823,-0.23122759241410729,97184.1926859858
315.9682950973511,-0.22920653280619693,97184.87341738724
316.0690507888794,-0.23076826068503675,97184.7860756485
316.1688802242279,-0.22792040396479943,97185.50746808366
316.26876854896545,-0.22975773088108156,97185.5567212753
316.3684437274933,-0.22948213184363925,97184.70104914777
316.4683961868286,-0.22994146357270978,97185.430944233
316.56874084472656,-0.2291146664603828,97186.2878498097
316.66836285591125,-0.22957399818945334,97185.75906482873
316.76920890808105,-0.2302170626101521,97186.08315834585
316.86900758743286,-0.2288390674229405,97186.87484251126
316.96921038627625,-0.23205438952643423,97187.08735826013
317.0687415599823,-0.2315031914515496,97186.07862243411
317.1691942214966,-0.23269745394713298,97185.6707601907
317.2684073448181,-0.22957399818945334,97185.30368417162
317.3687484264374,-0.2302170626101521,97185.27331575446
317.4692041873932,-0.23122759241410729,97186.54598417901
317.56864857673645,-0.23177879048899191,97187.29138576111
317.6688811779022,-0.22948213184363925,97186.462247185
317.7684328556061,-0.231870656834806,97186.5160224665
317.86845898628235,-0.2303089289559662,97187.26442021984
317.96879839897156,-0.230125196264338,97187.53797819786
318.06847643852234,-0.23040079530178031,97186.78418037808
318.1690123081207,-0.23196252318062013,97186.40576234028
318.26903319358826,-0.2328811866387612,97186.26518610625
318.3691956996918,-0.23242185490969067,97186.03866749562
318.4688425064087,-0.23214625587224835,97186.23480074607
318.568434715271,-0.22810413665642765,97186.61132067147
318.6688618659973,-0.23214625587224835,97186.45018860431
318.7688286304474,-0.23214625587224835,97185.90516974388
318.8691108226776,-0.2303089289559662,97185.9146527695
318.96836948394775,-0.23324865202201764,97185.32318749256
319.06901240348816,-0.2396792962290051,97186.1908687433
319.16840076446533,-0.2341673154801587,97186.67178186898
319.2692291736603,-0.23076826068503675,97186.00460368209
319.36877942085266,-0.2315031914515496,97184.00414331388
319.46920824050903,-0.2380257020043512,97184.8037289825
319.5689013004303,-0.22984959722689566,97182.72335608424
319.6690728664398,-0.22736920588991477,97181.15102047582
319.76852560043335,-0.19411358870520806,97162.83591842825
319.8691842556,-0.198339440612657,97156.35232658543
319.96934270858765,-0.20982273383942035,97154.91709392688
320.0690152645111,-0.22387828474897872,97157.12538453419
320.16873049736023,-0.22259215590758122,97159.51284608078
320.26932311058044,-0.22424575013223513,97160.5615614727
320.36891436576843,-0.2220409578326966,97161.20540532543
320.46900629997253,-0.2220409578326966,97162.28486479288
320.5684597492218,-0.2250725472445621,97163.85637831359
320.6691846847534,-0.2236026857115364,97164.37074048223
320.7682554721832,-0.2263586760859596,97166.03366643401
320.8681869506836,-0.2274610722357289,97167.03029979063
320.96816420555115,-0.2287472010771264,97167.72726981156
321.0684027671814,-0.2278285376189853,97170.2545428304
321.1681821346283,-0.22792040396479943,97170.32908854737
321.26874136924744,-0.22984959722689566,97171.89617969265
321.36910104751587,-0.2329730529845753,97173.50656172339
321.4691209793091,-0.2315031914515496,97174.85590555106
321.56896114349365,-0.22801227031061352,97176.67031499595
321.6690094470978,-0.22920653280619693,97177.10328349637
321.7690501213074,-0.2315950577973637,97176.39295514673
321.86918473243713,-0.22902280011456871,97177.25365963206
321.96878933906555,-0.22792040396479943,97178.82829366886
322.0688488483429,-0.23242185490969067,97179.14546430198
322.1687362194061,-0.22966586453526747,97179.63091787178
322.26884603500366,-0.22792040396479943,97179.26782608462
322.36899423599243,-0.2289309337687546,97179.34104347616
322.4691410064697,-0.23141132510573548,97179.50693912855
322.56880021095276,-0.2291146664603828,97180.3562452157
322.66840386390686,-0.2289309337687546,97180.82062069414
322.76936435699463,-0.23058452799340853,97181.53855862473
322.8683748245239,-0.2277366712731712,97181.18470276226
322.9689316749573,-0.2288390674229405,97182.76623248603
323.06858491897583,-0.22920653280619693,97183.88960923742
323.1690833568573,-0.22764480492735711,97184.00064831368
323.26849460601807,-0.22975773088108156,97184.60058348232
323.36925196647644,-0.227552938581543,97185.9405251341
323.4688277244568,-0.22819600300224174,97185.84647262069
323.5684199333191,-0.2289309337687546,97185.56182535863
323.66836810112,-0.2278285376189853,97186.10564282277
323.7690451145172,-0.22727733954410068,97187.39507854049
323.8687677383423,-0.22663427512340192,97188.15557068645
323.96870017051697,-0.2263586760859596,97189.14001361781
324.0687279701233,-0.22847160203968406,97189.52601225604
324.16862893104553,-0.227552938581543,97190.57341103045
324.26921343803406,-0.22801227031061352,97190.41606992739
324.36899518966675,-0.22939026549782512,97190.47446293467
324.46862983703613,-0.22948213184363925,97191.52701664121
324.5685248374939,-0.22865533473131228,97192.37431497709
324.66876888275146,-0.2329730529845753,97193.83688347938
324.76905941963196,-0.23315678567620352,97194.35319513144
324.86845564842224,-0.22984959722689566,97194.11787561829
324.9684271812439,-0.22948213184363925,97193.90608805646
325.06814193725586,-0.22718547319828658,97194.91547925082
325.168958902359,-0.2291146664603828,97195.12393132574
325.26914739608765,-0.23076826068503675,97194.81153819317
325.3690667152405,-0.23040079530178031,97195.13038437386
325.46848344802856,-0.23113572606829316,97196.81734593648
325.5692672729492,-0.22920653280619693,97198.03561134283
325.6685869693756,-0.23196252318062013,97198.43205020855
325.7689781188965,-0.23334051836783173,97199.6888451877
325.8690176010132,-0.2328811866387612,97199.21996066894
325.96930408477783,-0.22939026549782512,97199.49796460205
326.0685966014862,-0.23122759241410729,97199.74816814184
326.16875886917114,-0.23324865202201764,97199.07335132766
326.2684712409973,-0.22984959722689566,97199.2660161949
326.3686227798462,-0.2288390674229405,97199.73941457541
326.468957901001,-0.2304926616475944,97199.96547311786
326.56905126571655,-0.23076826068503675,97199.76892580609
326.6691961288452,-0.2327893202929471,97199.29203322547
326.76853036880493,-0.23040079530178031,97199.66282990293
326.8691623210907,-0.23058452799340853,97200.99654691263
326.9685580730438,-0.22920653280619693,97200.49689222137
327.06927824020386,-0.2304926616475944,97201.14720299923
327.1684982776642,-0.2302170626101521,97202.0324826993
327.26896238327026,-0.22948213184363925,97202.42923442938
327.3685278892517,-0.23223812221806245,97203.58631098644
327.46912026405334,-0.23251372125550476,97203.1276798878
327.56918144226074,-0.23058452799340853,97204.11491189901
327.6689476966858,-0.23334051836783173,97204.90342070912
327.7687449455261,-0.23223812221806245,97204.7130786382
327.86931800842285,-0.23315678567620352,97204.74177077439
327.9687178134918,-0.23334051836783173,97205.76759369695
328.0690031051636,-0.23352425105945995,97205.19083432725
328.16860723495483,-0.23499411259248565,97205.97175089453
328.26850509643555,-0.2327893202929471,97205.77457580507
328.3693494796753,-0.23352425105945995,97206.59711822456
328.46883630752563,-0.2329730529845753,97206.5374064021
328.56896328926086,-0.2353615779757421,97207.0836657619
328.668564081192,-0.23710703854621012,97205.8752991857
328.76929664611816,-0.23903623180830635,97200.98776926713
328.8690195083618,-0.24317021736994118,97194.88899234042
328.9693145751953,-0.2499683269601851,97191.90009310638
329.0691657066345,-0.24730420293157598,97188.51008379574
329.16865396499634,-0.25042765868925565,97186.35907541617
329.26847982406616,-0.2500601933059992,97185.52316787456
329.36899852752686,-0.2510707231099544,97184.07085108712
329.46933221817017,-0.24923339619367224,97183.26376597841
329.56871151924133,-0.2502439259976274,97182.73738938058
329.6693127155304,-0.2488659308104158,97179.26365044253
329.76891708374023,-0.2500601933059992,97177.9372853983
329.86888909339905,-0.24684487120250545,97173.74355685848
329.9690098762512,-0.24813100004390296,97173.06920117264
330.068487405777,-0.24923339619367224,97172.26228105537
330.1688177585602,-0.24822286638971708,97170.83605294985
330.26875472068787,-0.24675300485669135,97170.65244765485
330.36835861206055,-0.24684487120250545,97170.38720288937
330.46858763694763,-0.2448238115945951,97169.74848260042
330.5685729980469,-0.26531000671114097,97175.67363434038
330.6683986186981,-0.27431290860092344,97182.30627090634
330.7689197063446,-0.28230528068675076,97191.17564381572
330.8684878349304,-0.30674172867330324,97202.15807943416
330.96912932395935,-0.30995705077679697,97220.54227149075
331.0688042640686,-0.34155907373684974,97243.98804434168
331.168692111969,-0.35193997081384387,97274.18923990752
331.26890301704407,-0.3727936313136461,97304.47031591677
331.36907505989075,-0.3694864428643383,97329.5232843251
331.46871399879456,-0.3617696698159533,97347.07095589259
331.56845784187317,-0.3448662621861576,97361.96386030334
331.66925740242004,-0.3463361237191833,97374.067474273
331.7688732147217,-0.34293706892406134,97386.4607268457
331.868533372879,-0.3462442573733692,97400.61465416114
331.96933937072754,-0.3477141189063949,97411.45318874501
332.06880617141724,-0.3511131737015169,97424.10786987052
332.1691439151764,-0.36029980828292757,97443.39708288347
332.2688479423523,-0.3877678456813456,97467.65737459513
332.36888456344604,-0.37949987455807593,97488.19163713562
332.46844577789307,-0.382990795699012,97503.47247342207
332.5684127807617,-0.3828989293531979,97514.22522607987
332.66860795021057,-0.38482812261529414,97524.90270347189
332.7688627243042,-0.38078600339947344,97533.7124331247
332.86884212493896,-0.382990795699012,97541.54118981223
332.96897554397583,-0.38096973609110163,97548.587070831
333.0691411495209,-0.38142906782017216,97555.5283637479
333.16895151138306,-0.3796836072497042,97560.57552737312
333.2687957286835,-0.3850118553069224,97564.5179746358
333.3689637184143,-0.3866654495315763,97570.46617717222
333.4690115451813,-0.3961276831504293,97577.81955945499
333.5691063404083,-0.4141334869299943,97582.93760350949
333.6689684391022,-0.4197373340246548,97589.14384315854
333.76935052871704,-0.4263517109232705,97597.42945884269
333.86865282058716,-0.41881867056651373,97602.28651295842
333.9688856601715,-0.41541961577139175,97604.95786166258
334.0684986114502,-0.4081621744520773,97607.16207549632
334.16870856285095,-0.4102751004058018,97608.0458679467
334.26837038993835,-0.413031090780225,97609.14128115203
334.36933493614197,-0.4115612292471993,97609.92715303683
334.4694321155548,-0.41238802635952626,97611.23443773315
334.56854486465454,-0.4102751004058018,97612.01099395983
334.6685616970062,-0.4158789475004623,97612.90989456385
334.76937460899353,-0.4148684176965071,97614.01890510747
334.869197845459,-0.41606268019209053,97615.21701459672
334.968868970871,-0.42276892343652034,97616.09531313705
335.0689911842346,-0.43737567242096337,97616.48578182334
335.1689841747284,-0.4486752329560985,97619.33720364101
335.2692036628723,-0.44702163873144457,97620.20348327691
335.36888432502747,-0.4421527224032969,97623.38313494922
335.4692368507385,-0.4405909945244571,97625.0448214543
335.5693383216858,-0.4406828608702712,97626.34033930888
335.66885709762573,-0.4406828608702712,97628.206305378
335.76844239234924,-0.4400397964495724,97628.98567484021
335.8684422969818,-0.4408665935618994,97629.58710735619
335.96845531463623,-0.44316325220725206,97629.72839662057
336.0686864852905,-0.442244588749111,97628.85555695853
336.16857981681824,-0.4434388512446944,97629.17000126268
336.26933002471924,-0.4419689897116687,97628.85300113642
336.36843156814575,-0.44114219259934173,97628.76770102278
336.4688997268677,-0.44095845990771354,97629.2909309205
336.56858587265015,-0.44031539548701476,97628.86183782844
336.6691904067993,-0.44380631662795084,97628.0756540456
336.76918745040894,-0.44242832144073924,97629.06808864106
336.86926460266113,-0.4414177916367841,97630.66127977695
336.9694895744324,-0.44371445028213674,97631.59515179925
337.0688033103943,-0.444816846431906,97631.53563661933
337.1687455177307,-0.443990049319579,97632.4820729574
337.26865673065186,-0.4461948416191176,97633.83386566167
337.3689169883728,-0.4434388512446944,97635.15047909551
337.4690160751343,-0.4449087127777201,97635.43543118596
337.56903195381165,-0.44500057912353425,97635.19188806738
337.66894149780273,-0.4400397964495724,97635.77269926065
337.7690508365631,-0.437100073383521,97635.09542933459
337.86875319480896,-0.43507901377561065,97635.38588640113
337.9690134525299,-0.4406828608702712,97635.74729776102
338.06912994384766,-0.4366407416544505,97635.17256798492
338.1688153743744,-0.43884553395398906,97635.05531118643
338.26845359802246,-0.4352627464672389,97634.54978006778
338.3691453933716,-0.44022352914120066,97633.494802061
338.46893286705017,-0.44518431181516244,97632.0453218549
338.5693266391754,-0.43691634069189283,97631.7407896694
338.6688549518585,-0.43838620222491853,97632.66671070247
338.7685468196869,-0.4526254858261051,97633.00003963223
338.86928153038025,-0.44536804450679063,97634.40003566901
338.96873450279236,-0.45170682236796406,97635.86003210211
339.06863617897034,-0.4556570752379706,97636.7740288919
339.16845059394836,-0.4591479963789067,97637.69662600273
339.26883363723755,-0.4801853895703372,97638.22696340246
339.36850810050964,-0.49681319816269054,97634.20426706222
339.4693410396576,-0.513532873100858,97628.38384035601
339.56923389434814,-0.5194123192329608,97622.14545632042
339.66858077049255,-0.5407253114618337,97611.73091068838
339.7693009376526,-0.5527598027634817,97600.35781961954
339.86858010292053,-0.5579043181290717,97590.32203765759
339.96935772895813,-0.5588229815872128,97580.98983389183
340.0686101913452,-0.5582717835123281,97573.09085050265
340.1690762042999,-0.5567100556334883,97565.38176545239
340.26921463012695,-0.5575368527458153,97558.74358890715
340.3690810203552,-0.558179917166514,97552.06923001644
340.46905994415283,-0.5550564614088344,97547.1623070148
340.56871461868286,-0.554780862371392,97542.24607631333
340.6689040660858,-0.5566181892876743,97537.721468682
340.7691168785095,-0.5557913921753472,97532.9493218138
340.86901807785034,-0.5552401941004625,97529.15438963241
340.9689507484436,-0.5556995258295331,97524.63895066916
341.0686047077179,-0.5555157931379049,97522.07505560224
341.1686255931854,-0.5550564614088344,97519.86755004202
341.26868176460266,-0.5548727287172062,97516.98079503783
341.3688962459564,-0.5560669912127896,97514.78271553405
341.46899247169495,-0.5558832585211614,97512.90444398065
341.5687985420227,-0.5544133969881356,97511.61399958258
341.66878962516785,-0.5596497786995397,97511.35259962431
341.76913022994995,-0.5815139690032972,97509.71733966189
341.8690450191498,-0.886969568835203,97501.4456056957
341.96906542778015,-0.8495799660888613,97492.50104512613
342.0691602230072,-0.8486613026307203,97484.55094061352
342.16873383522034,-0.8222956613820716,97482.59584655217
342.2684202194214,-0.8211932652323023,97481.63626189696
342.3690915107727,-0.8203664681199754,97480.67263570726
342.4686460494995,-0.8128334277632185,97480.00537213653
342.56935715675354,-0.8155894181376417,97479.40483492287
342.66929745674133,-0.8124659623799622,97480.16435143058
342.7687737941742,-0.8197234036992767,97481.74791628752
342.8684186935425,-0.826888978672777,97481.17312465877
342.9693820476532,-0.847467040135137,97478.1558121929
343.0691421031952,-0.8670345717935417,97473.14023097361
343.1686885356903,-0.8774154688705358,97465.62620787625
343.26927280426025,-0.8849485092272925,97452.96358708863
343.3685393333435,-0.8935839457338186,97438.26722837977
343.4693560600281,-0.9046997735773256,97420.6405055418
343.5688853263855,-0.9087418927931463,97401.47645498761
343.66843914985657,-0.915356269691762,97383.62880948886
343.7690517902374,-0.9250022360022432,97366.16592853997
343.86890387535095,-0.9204089187115378,97351.64933568597
343.9693236351013,-0.9181122600661852,97339.58440211738
344.06878089904785,-0.9221543792820059,97328.82596190565
344.16902804374695,-0.9170098639164159,97319.04336571509
344.2688021659851,-0.9184797254494416,97311.53902914358
344.36893820762634,-0.917928527374557,97305.28512622921
344.4689335823059,-0.9190309235243262,97299.65661360629
344.5690293312073,-0.9167342648789736,97294.09095224566
344.6689112186432,-0.9188471908326981,97289.1818570211
344.76896834373474,-0.9182959927578134,97284.963671319
344.86888337135315,-0.9176529283371146,97279.5673041871
344.96878719329834,-0.9189390571785121,97276.3105737684
345.06925415992737,-0.9167342648789736,97273.97951639156
345.1690511703491,-0.9159074677666467,97271.5815647524
345.2686483860016,-0.9171935966080441,97270.42340827716
345.3684289455414,-0.9163667994957172,97267.98106744945
345.4684672355652,-0.91710173026223,97267.78296070451
345.56860065460205,-0.9157237350750184,97266.40466463406
345.6686489582062,-0.9116816158591977,97265.36419817066
345.7688100337982,-0.915356269691762,97265.1277783536
345.86876010894775,-0.9169179975706018,97264.61500051824
345.9685082435608,-0.9161830668040889,97263.55350046641
346.0684072971344,-0.9165505321873454,97263.49815041978
346.16851472854614,-0.9159993341124607,97264.6483353778
346.2684440612793,-0.9184797254494416,97265.08350184002
346.3692445755005,-0.9149888043085056,97265.27515165602
346.4691324234009,-0.9168261312247877,97266.24763649043
346.5693311691284,-0.9168261312247877,97266.22287284139
346.6689760684967,-0.9164586658415312,97266.50058555725
346.76865434646606,-0.915356269691762,97266.95052700154
346.8692467212677,-0.9182041264119993,97267.65547430138
346.96889209747314,-0.9164586658415312,97268.38992687124
347.06901454925537,-0.91710173026223,97270.25093418412
347.16913533210754,-0.9193065225617686,97271.2258407657
347.2685844898224,-0.9174691956454865,97272.20325668914
347.36872935295105,-0.9182041264119993,97273.28293102024
347.46885442733765,-0.9171935966080441,97273.85463791821
347.56902170181274,-0.9164586658415312,97274.4691741264
347.6690037250519,-0.9157237350750184,97274.92225671375
347.76888060569763,-0.9218787802445636,97275.93003104237
347.86883211135864,-0.9185715917952557,97276.53702793813
347.96892738342285,-0.9209601167864225,97277.68332514432
348.06872391700745,-0.9204089187115378,97279.01499262989
348.16878938674927,-0.91710173026223,97280.3134933669
348.26881098747253,-0.9193065225617686,97280.58214403022
348.36861085891724,-0.9163667994957172,97280.82392962721
348.46944761276245,-0.915356269691762,97281.74153666449
348.5690324306488,-0.9154481360375761,97282.06738299804
348.6684889793396,-0.9169179975706018,97282.86064469823
348.7686450481415,-0.9168261312247877,97283.2745802284
348.8693389892578,-0.9165505321873454,97283.34712220557
348.9691536426544,-0.9165505321873454,97284.61240998501
349.0693039894104,-0.9168261312247877,97285.75116898652
349.16863799095154,-0.9138864081587362,97286.77605208788
349.2686359882355,-0.9166423985331594,97286.9984468791
349.368527173996,-0.9201333196740955,97287.49860219119
349.4694013595581,-0.9195821215992109,97287.34874197208
349.56871581077576,-0.9174691956454865,97287.31386777486
349.66858172416687,-0.9182959927578134,97287.48248099738
349.7686023712158,-0.9210519831322366,97288.33423289764
349.8688135147095,-0.9158156014208325,97289.30080960788
349.9690980911255,-0.9165505321873454,97289.8707286471
350.06845569610596,-0.9149888043085056,97290.8836557824
350.1688003540039,-0.9155400023833902,97292.29529020416
350.2690999507904,-0.9141620071961786,97293.46576118373
350.3685245513916,-0.9160912004582749,97293.91918506536
350.4691171646118,-0.9155400023833902,97295.42726655882
350.56872057914734,-0.9249103696564291,97294.88453990294
350.6688165664673,-0.9372204599955194,97293.09608591265
350.76911640167236,-0.94282430709018,97291.08647732138
350.86903142929077,-0.9301467513678332,97291.87782958924
350.9693229198456,-0.9234405081234034,97292.09004663031
351.0688302516937,-0.9190309235243262,97292.88104196728
351.1693580150604,-0.9165505321873454,97294.19293777057
351.26917481422424,-0.9177447946829288,97294.87364399352
351.36910939216614,-0.917928527374557,97295.18627959417
351.46928095817566,-0.915356269691762,97296.26765163476
351.56864047050476,-0.914529472579435,97296.74088647129
351.6691462993622,-0.9171935966080441,97298.16679782417
351.7691595554352,-0.9195821215992109,97298.75011804176
351.86889266967773,-0.9209601167864225,97299.87510623758
351.9689927101135,-0.9234405081234034,97301.38759561382
352.06862020492554,-0.9216031812071213,97301.04883605245
352.16890048980713,-0.9227055773568905,97300.8439524472
352.26922059059143,-0.9208682504406084,97301.05955720249
352.36842131614685,-0.9210519831322366,97301.05360148224
352.46908617019653,-0.9197658542908391,97301.44824133402
352.56881165504456,-0.9238998398524739,97302.50341720061
352.6684684753418,-0.9224299783194482,97302.45307548055
352.7690198421478,-0.9211438494780507,97303.60776793248
352.8684802055359,-0.92224624562782,97303.64699113923
352.9691298007965,-0.9169179975706018,97302.9822920253
353.06899070739746,-0.91710173026223,97303.68406282278
353.1686797142029,-0.9150806706543196,97304.2156565405
353.26919054985046,-0.914529472579435,97305.49409088645
353.36899757385254,-0.9151725370001338,97305.54468179781
353.4689266681671,-0.9148969379626914,97307.89021361803
353.56918811798096,-0.9193065225617686,97307.80119225623
353.6686635017395,-0.9195821215992109,97307.92107303061
353.7684688568115,-0.9168261312247877,97306.82896572755
353.8686637878418,-0.9187553244868839,97306.04606915479
353.9688322544098,-0.9150806706543196,97306.54146223931
354.06915068626404,-0.920500785057352,97305.38731601539
354.1688346862793,-0.9166423985331594,97307.84858441385
354.2687916755676,-0.9109466850926848,97309.96372597245
354.3691930770874,-0.9133352100838517,97310.6673533752
354.4688982963562,-0.9198577206366532,97312.30061803768
354.5690312385559,-0.9195821215992109,97312.37055623392
354.66891527175903,-0.9166423985331594,97312.53350061052
354.76922369003296,-0.9263802311894548,97312.38015054948
354.8685293197632,-0.9333620734713269,97310.24213549454
354.9684941768646,-0.9438348368941352,97309.71792194509
355.0693018436432,-0.9457640301562313,97309.04612975058
355.16865134239197,-0.9369448609580772,97308.44151677554
355.26920676231384,-0.948060688801584,97306.99736509798
355.36876153945923,-0.9570635906913666,97304.8976285882
355.468674659729,-0.9400683167157567,97303.10786572937
355.5689187049866,-0.9329027417422564,97300.59707915643
355.6692852973938,-0.9343726032752822,97298.33737124079
355.7686302661896,-0.9341888705836539,97297.10363411672
355.86918210983276,-0.9329946080880706,97295.79327070505
355.96868348121643,-0.9290443552180639,97294.41394363454
356.0687737464905,-0.9288606225264358,97292.47254927109
356.16861367225647,-0.9298711523303909,97291.72529434398
356.269330739975,-0.9306979494427179,97290.75276490959
356.36900067329407,-0.9311572811717884,97291.67748841863
356.46897864341736,-0.9284931571431793,97292.40973957676
356.5689980983734,-0.9290443552180639,97291.56876561909
356.6686770915985,-0.9312491475176025,97292.11188905718
356.76866269111633,-0.9289524888722498,97291.90070015147
356.86848998069763,-0.9284931571431793,97291.01063013633
356.9690647125244,-0.9306979494427179,97291.4095671227
357.0689277648926,-0.9301467513678332,97291.66861041043
357.1690311431885,-0.9312491475176025,97291.70174936939
357.2686595916748,-0.9266558302268971,97292.73157443244
357.36883783340454,-0.9282175581057369,97293.55841698921
357.4690840244293,-0.9247266369648008,97294.60257529028
357.5686960220337,-0.9250022360022432,97296.04231776125
357.66849398612976,-0.920592651403166,97297.13808598513
357.7692859172821,-0.920500785057352,97298.42427738663
357.8688962459564,-0.9201333196740955,97300.68184964797
357.96937584877014,-0.9189390571785121,97301.61366468317
358.06935262680054,-0.9239917061982881,97303.45229821486
358.16900992393494,-0.9481525551473982,97302.40706839338
358.2686200141907,-0.9588090512618346,97298.46636155405
358.369300365448,-0.9586253185702064,97295.41972539865
358.46912717819214,-0.9671688887309183,97293.17775285878
358.56888365745544,-0.9699248791053415,97291.35997757291
358.66910552978516,-0.9743344637044187,97288.82397981563
358.7689850330353,-0.983245499248387,97283.74158183407
358.8692669868469,-0.9934426636337529,97278.16742365067
358.9696111679077,-1.0187977750784465,97273.7506812856
359.0684130191803,-1.0274332115849725,97271.17561315704
359.16875290870667,-1.0524208576464096,97267.65805184135
359.2688639163971,-1.0566467095538585,97264.49224665723
359.3690855503082,-1.0552687143666468,97263.64302199152
359.46878814697266,-1.050216065346871,97263.47871979237
359.5691661834717,-1.0539825855252494,97263.03084781313
359.668657541275,-1.0561873778247879,97263.52776303183
359.76884293556213,-1.0558199124415315,97263.87498672865
359.86927103996277,-1.0616074922278202,97264.48748805579
359.96887278556824,-1.0556361797499034,97264.93873925021
360.06844878196716,-1.0670276066308526,97263.74486532519
360.16927194595337,-1.0720802556506286,97263.67037879268
360.268917798996,-1.0958736392164823,97259.60334091343
360.3686761856079,-1.1125933141546496,97255.84300682208
360.46891498565674,-1.1238928746897847,97252.25870613987
360.5688660144806,-1.1279349939056056,97249.53283552588
360.66915798187256,-1.119667022782336,97246.0795519733
360.76924419403076,-1.1124095814630215,97244.17159677597
360.8683843612671,-1.1108478535841817,97242.65443709836
360.96857023239136,-1.1131445122295343,97242.28899338852
361.0690860748291,-1.1124095814630215,97241.16009404967
361.16908740997314,-1.1114909180048804,97240.7440846447
361.2688617706299,-1.109561724742784,97239.96967618023
361.36889028549194,-1.1101129228176687,97239.57270856222
361.4690492153168,-1.1129607795379062,97239.315437706
361.5684823989868,-1.1169110324079128,97240.48389393541
361.6689348220825,-1.1182890275951243,97238.73550454187
361.76916909217834,-1.1173703641369832,97237.16195408769
361.8691027164459,-1.1170947650995409,97236.04575867893
361.9688708782196,-1.1193914237448936,97236.34118281103
362.0683193206787,-1.1184727602867526,97235.30706452993
362.1686990261078,-1.1210450179695475,97235.87635807694
362.26863074302673,-1.1226986121942015,97235.68872226925
362.3687608242035,-1.119850755473964,97235.71985004233
362.468905210495,-1.1224230131567592,97235.84786503809
362.56903648376465,-1.1258220679518811,97236.76307853428
362.66892075538635,-1.1219636814276885,97237.88677068085
362.7683849334717,-1.1260976669893235,97238.29809361277
362.8689615726471,-1.124995270839554,97237.3682842515
362.9690682888031,-1.1217799487360605,97238.13145582635
363.06930351257324,-1.1028554814983542,97235.31831024372
363.16939520835876,-1.0550849816750187,97226.48647921934
363.26819491386414,-1.029454271192883,97215.33783129741
363.36885595321655,-1.0027211645609777,97202.90404816768
363.4714205265045,-0.977182320424656,97190.21364335091
363.5698685646057,-0.9471420253434429,97172.79227901583
363.669242143631,-0.9183878591036275,97155.61305111425
363.76855397224426,-0.9182041264119993,97141.45174600283
363.868670463562,-0.9238079735066598,97128.60657140255
363.96883177757263,-0.9211438494780507,97118.64591426229
364.0689413547516,-0.9276663600308523,97111.08132283606
364.169047832489,-0.9298711523303909,97103.67319055245
364.2687523365021,-0.9295955532929485,97098.60587149722
364.3690960407257,-0.9301467513678332,97092.6452843475
364.4683654308319,-0.9308816821343461,97088.78075591274
364.5688142776489,-0.9308816821343461,97086.50268032147
364.66898679733276,-0.9321678109757435,97082.85241228933
364.76894760131836,-0.9332702071255128,97080.3671710604
364.86859464645386,-0.9324434100131859,97077.73045395435
364.97105646133423,-0.9050672389605819,97073.05740855893
365.0693039894104,-0.8763130727207665,97063.55166770304
365.1716763973236,-0.8556431449125924,97052.19650093274
365.27014803886414,-0.8272564440560334,97037.57685083947
365.37052369117737,-0.7993290749285449,97019.81916575553
365.4707510471344,-0.7825175336445632,97003.23724917998
365.5700557231903,-0.7681863836975625,96987.21352426198
365.66850209236145,-0.7759950230917617,96976.39217183579
365.7687075138092,-0.7816907365322363,96967.6529546522
365.8686578273773,-0.784814192289916,96959.487659187
365.9686324596405,-0.7903261730387624,96952.2388932683
366.06874442100525,-0.7912448364969035,96947.21500394147
366.1704971790314,-0.7807720730740952,96941.59350354734
366.26848125457764,-0.7574380212373121,96931.7341531926
366.369993686676,-0.7375030241956508,96922.16073787336
366.469384431839,-0.7251010675107464,96912.34466408602
366.57057523727417,-0.7153632348544511,96904.51019767742
366.6701126098633,-0.7109536502553739,96897.75917790967
366.77614068984985,-0.7018588820197773,96890.1832601187
366.8693337440491,-0.706727798347925,96886.26493410685
366.9687547683716,-0.7110455166011881,96884.03844069615
367.0691628456116,-0.7148120367795664,96882.93459662654
367.1686556339264,-0.7087488579558354,96881.64113696388
367.27182507514954,-0.706635932002111,96878.9770232675
367.3683135509491,-0.674115245583917,96872.77932094074
367.4691872596741,-0.6664903388813461,96868.10138884667
367.5703179836273,-0.6679602004143719,96865.191249962
367.6709945201874,-0.6661228734980897,96865.1721249658
367.76890659332275,-0.66456114561925,96864.85491246922
367.87161684036255,-0.6532615850841148,96864.2694212223
367.96887278556824,-0.6653879427315769,96867.84247910007
368.0692539215088,-0.6732884484715901,96872.55823119007
368.1686999797821,-0.6772387013415967,96876.10240807106
368.26926827430725,-0.6785248301829941,96879.99216726396
368.36923599243164,-0.680086558061834,96884.79295053757
368.4699819087982,-0.6638262148527371,96885.51365548381
368.5701973438263,-0.6424213562780501,96885.16228993543
368.66964316368103,-0.6396653659036269,96884.64606094189
368.7709536552429,-0.6313973947803573,96883.4814548477
368.87057518959045,-0.6220270275073184,96883.73330936294
368.9684419631958,-0.6074202785228754,96882.45997842666
369.06965255737305,-0.5977743122123942,96882.11398058399
369.1690135002136,-0.6070528131396189,96885.0025825256
369.2692952156067,-0.6126566602342794,96889.10232427304
369.3685791492462,-0.6173418438707989,96895.29209184575
369.4692060947418,-0.6302031322847739,96899.66288266117
369.5684976577759,-0.6333265880424536,96904.49659439505
369.66884541511536,-0.6333265880424536,96908.64693495556
369.76889395713806,-0.6313055284345431,96913.38224146001
369.86926341056824,-0.6329591226591971,96916.444017314
369.9683222770691,-0.6166987794501002,96917.59961558261
370.06925892829895,-0.6009896343158879,96915.93965402436
370.16849398612976,-0.5888632766684258,96914.64568862192
370.2684259414673,-0.5764613199835213,96912.18111975973
370.36938643455505,-0.569295745010021,96910.26300778375
370.46917033195496,-0.5595579123537257,96910.73670700537
370.5685977935791,-0.5571693873625588,96911.96303630483
370.66865587234497,-0.5635081652237323,96914.96673267435
370.7688899040222,-0.5689282796267645,96919.57005940692
370.86904859542847,-0.5728785324967711,96924.21305346624
370.9706962108612,-0.5704900075056044,96927.99174811962
371.07096004486084,-0.5446755643318403,96927.69257330766
371.16859102249146,-0.5284152211227434,96926.3233159769
371.2706038951874,-0.5191367201955186,96926.19098437921
371.3682165145874,-0.5128898086801593,96927.47188594128
371.4710237979889,-0.5069184962022423,96928.92469734716
371.57022309303284,-0.5018658471824664,96929.73222761245
371.66839933395386,-0.5064591644731717,96933.35900485121
371.76890993118286,-0.5101338183057361,96937.6231043661
371.8693120479584,-0.5157376654003966,96942.56079392949
371.9795141220093,-0.5101338183057361,96946.60471453654
372.0688261985779,-0.5118792788762041,96949.2442430829
372.17085337638855,-0.47899112707475383,96947.2198187746
372.2700991630554,-0.4677834328854328,96946.49783689714
372.36919260025024,-0.4642925117444967,96947.44805320742
372.46849727630615,-0.46410877905286846,96946.40324788669
372.5709819793701,-0.4553814762005283,96947.26292309802
372.6681227684021,-0.4550140108172719,96947.23663078822
372.76910185813904,-0.4496857627600537,96948.3129677094
372.86838006973267,-0.4472053714230728,96949.98167093846
372.9688229560852,-0.44564364354423297,96952.38350384461
373.07112741470337,-0.4400397964495724,96952.14515346015
373.1692192554474,-0.43755940511259156,96954.13063811413
373.268262386322,-0.43737567242096337,96956.41757430272
373.3700065612793,-0.43691634069189283,96957.27581687244
373.4695248603821,-0.4326904887844439,96958.8482351852
373.57092475891113,-0.43223115705537335,96959.16341166668
373.6682951450348,-0.43232302340118745,96962.24707050002
373.7687773704529,-0.430210097447463,96965.22236345001
373.8684780597687,-0.42956703302676424,96967.50012710501
373.9687650203705,-0.4290158349518796,96969.95011439451
374.0690085887909,-0.43076129552234765,96972.95510295506
374.1686141490936,-0.42938330033513605,96975.35959265956
374.28317499160767,-0.4354464791588671,96977.42363339361
374.36983585357666,-0.43774313780421975,96980.38127005425
374.4695780277252,-0.42157466094093693,96984.84314304883
374.56844782829285,-0.4182674724916291,96986.85882874395
374.6703472137451,-0.4195536013330266,96988.77294586957
374.7687406539917,-0.42185025997837927,96989.99565128262
374.86878395080566,-0.4235957205488473,96990.09608615436
374.96872210502625,-0.4263517109232705,96992.78647753892
375.06859827041626,-0.42414691862373194,96993.60782978503
375.1799268722534,-0.42295265612814853,96995.34704680654
375.27150201797485,-0.4258005128483859,96996.51234212588
375.3715898990631,-0.42671917630652695,96998.0611079133
375.46865367889404,-0.42478998304443066,96998.75499712197
375.56806445121765,-0.41661387826697516,96998.37949740977
375.6699755191803,-0.42212585901582156,96998.94154766879
375.7689504623413,-0.42276892343652034,96999.0473929019
375.86834192276,-0.42129906190349464,96999.04265361172
375.9684371948242,-0.42010479940791123,96998.93838825055
376.0689642429352,-0.422493324399078,97000.0445494255
376.1691904067993,-0.4202885320995394,97000.94009448294
376.26919746398926,-0.4211153292118664,97001.64608503465
376.3683660030365,-0.4185430715290714,97001.98147653119
376.4687705039978,-0.42056413113698177,97001.98332887806
376.5702631473541,-0.42047226479116767,97001.58499599027
376.6684639453888,-0.42019666575372533,97003.42649639124
376.7693021297455,-0.4211153292118664,97003.98384675212
376.86843824386597,-0.4208397301744241,97005.9854620769
376.9708445072174,-0.41597081384627643,97008.7869158692
377.0706796646118,-0.41909426960395607,97010.0082242823
377.170818567276,-0.4157870811546482,97010.80740185408
377.2687957286835,-0.41394975423836605,97011.82666166867
377.36905813217163,-0.4117449619388275,97012.94399550182
377.46886801719666,-0.4141334869299943,97012.84959595163
377.5683116912842,-0.4101832340599877,97014.16463635648
377.67050671577454,-0.4107344321348723,97015.74817272084
377.76988339424133,-0.4115612292471993,97017.87335544876
377.8712854385376,-0.4092645706018466,97019.58601990389
377.971560716629,-0.41459281865906483,97021.0274179135
378.0703320503235,-0.4135822888551096,97023.32467612215
378.1707010269165,-0.41459281865906483,97024.99220850994
378.2688534259796,-0.4162464128837187,97024.49298765894
378.36899995803833,-0.41881867056651373,97022.94368889305
378.46875739097595,-0.41790000710837266,97022.74932000376
378.5686774253845,-0.41863493787488554,97023.17438800338
378.67138504981995,-0.42423878496954603,97022.75694920303
378.76931166648865,-0.4303938301390912,97021.78125428273
378.8704607486725,-0.42607611188582817,97021.00312885446
378.9684672355652,-0.43085316186816175,97020.402815969
379.06897711753845,-0.4303938301390912,97019.66253437211
379.16998195648193,-0.43066942917653356,97020.99628093491
379.2703411579132,-0.4277297061104821,97020.69665284142
379.3692104816437,-0.4277297061104821,97021.62698755728
379.46902346611023,-0.42396318593210375,97022.46428880155
379.568922996521,-0.42267705709070624,97023.5178599214
379.6691210269928,-0.4217583936325652,97024.36607392925
379.76892280578613,-0.42065599748279586,97025.82946653632
379.8689920902252,-0.42148279459512283,97026.64651988269
379.96880435943604,-0.42212585901582156,97026.38186789442
380.06918954849243,-0.421666527286751,97027.64368110498
380.169545173645,-0.421666527286751,97027.57931299448
380.27165508270264,-0.41918613594977017,97027.12138169503
380.37164306640625,-0.41863493787488554,97028.10924352553
380.47081899642944,-0.41790000710837266,97029.19831917297
380.5702419281006,-0.4197373340246548,97028.97848725566
380.66843342781067,-0.4185430715290714,97028.8806385301
380.76886224746704,-0.4168894773044175,97029.49257467709
380.86890387535095,-0.4155114821172059,97029.44331720937
380.96930408477783,-0.41790000710837266,97029.79898548844
381.07022857666016,-0.41523588307976356,97030.1190869396
381.16826605796814,-0.41909426960395607,97030.30717824564
381.26996064186096,-0.41744067537930213,97030.77646042108
381.37032747268677,-0.4168894773044175,97031.19881437898
381.4700057506561,-0.41633827922953287,97032.17893294108
381.5703411102295,-0.41541961577139175,97031.36103964697
381.668838262558,-0.4155114821172059,97031.72493568227
381.76899099349976,-0.4155114821172059,97032.05244211404
381.86931228637695,-0.41523588307976356,97032.74719790263
381.96847009658813,-0.4131229571260391,97033.67247811236
382.06912183761597,-0.4120205609762698,97034.70523030113
382.16931438446045,-0.4133985561634814,97035.73470727103
382.26879501342773,-0.41110189751812876,97035.76123654393
382.3690094947815,-0.40999950136835944,97036.78511288954
382.4683644771576,-0.4114693629013852,97036.50660160059
382.5687298774719,-0.41137749655557104,97036.05594144053
382.67021203041077,-0.4101832340599877,97036.35034729647
382.7711937427521,-0.41119376386394285,97037.01531256683
382.86963987350464,-0.41119376386394285,97038.31378131015
382.96908378601074,-0.4120205609762698,97039.18240317913
383.07033681869507,-0.40981576867673125,97038.86416286122
383.17063069343567,-0.4080703081062632,97039.8777465751
383.2685010433197,-0.4114693629013852,97040.6899719176
383.3683180809021,-0.4092645706018466,97041.12097472584
383.4688057899475,-0.40834590714370556,97041.30887725326
383.5691010951996,-0.4103669667516159,97041.07798952794
383.6685802936554,-0.40972390233091716,97040.97019057514
383.76912117004395,-0.4076109763771927,97042.77317151762
383.8685975074768,-0.4121124273220839,97042.39585436585
383.9693148136139,-0.4106425657890582,97043.35626892926
384.06869673728943,-0.40852963983533375,97044.42064203633
384.16845703125,-0.40981576867673125,97043.9785778327
384.2685558795929,-0.40999950136835944,97044.38072004943
384.36925888061523,-0.41137749655557104,97043.5426480445
384.46849751472473,-0.41128563020975695,97042.98838324005
384.57636165618896,-0.4106425657890582,97043.98954491605
384.67031502723694,-0.4133066898176673,97045.79059042445
384.7689576148987,-0.4103669667516159,97046.01153138201
384.8690423965454,-0.4116530955930134,97047.21037824382
384.9703903198242,-0.41394975423836605,97048.18934041944
385.07068705558777,-0.4117449619388275,97049.4704063775
385.1694452762604,-0.4122961600137121,97049.72336573974
385.27301478385925,-0.41128563020975695,97049.65102916576
385.3688614368439,-0.4120205609762698,97049.7859262492
385.4692211151123,-0.4101832340599877,97050.90733362429
385.5686950683594,-0.4103669667516159,97051.81660026187
385.6692736148834,-0.4106425657890582,97051.93494023569
385.76843070983887,-0.41247989270534036,97051.24144621212
385.8708264827728,-0.4115612292471993,97051.91730159092
385.9699459075928,-0.40972390233091716,97052.32557143184
386.0701026916504,-0.4092645706018466,97052.79301428865
386.17084193229675,-0.4133985561634814,97052.81371285979
386.2709789276123,-0.41128563020975695,97052.03234157381
386.37133979797363,-0.4115612292471993,97052.22910741642
386.47101950645447,-0.4082540407978914,97052.6061966748
386.56881976127625,-0.40834590714370556,97051.84557700732
386.6692671775818,-0.4089889715644043,97052.56101930658
386.76901507377625,-0.4100913677141736,97051.30491737592
386.8687062263489,-0.4082540407978914,97050.17442563832
386.96851921081543,-0.4105506994432441,97049.3569830745
387.0691592693329,-0.4108262984806864,97049.42128476704
387.16877722740173,-0.4133066898176673,97048.77915629034
387.2685344219208,-0.41128563020975695,97048.20124066132
387.3692171573639,-0.41101003117231466,97047.6811165952
387.4688723087311,-0.4103669667516159,97048.01300493568
387.5699472427368,-0.4105506994432441,97047.41170444211
387.66956067085266,-0.41137749655557104,97046.5705339979
387.771511554718,-0.38629798414831984,97040.31348059811
387.86917066574097,-0.3586462140582737,97030.9821325383
387.9714250564575,-0.347805985252209,97021.48391928447
388.07077622413635,-0.3405485439328946,97014.93552735602
388.16934871673584,-0.33127004300566976,97008.14197462042
388.2686975002289,-0.33880308336242654,97006.32777715838
388.3689250946045,-0.3487246487103501,97005.59499944255
388.4688603878021,-0.3490002477477924,97007.1354994983
388.5689170360565,-0.35423662945919654,97007.32194954847
388.6686692237854,-0.35166437177640153,97009.48975459361
388.76870369911194,-0.3558902236838504,97011.44077913425
388.868878364563,-0.3525830352345426,97013.09670122083
388.9691209793091,-0.3554308919547799,97014.68703109874
389.06919717788696,-0.35625768906710686,97017.31832798888
389.16899847984314,-0.358095015983389,97019.48649518998
389.2689428329468,-0.3579112832917608,97022.33784567099
389.3689794540405,-0.3577275506001326,97024.80406110389
389.4690248966217,-0.3573600852168762,97027.3236549935
389.5691092014313,-0.35763568425431846,97030.49128949414
389.66896319389343,-0.3601160755912994,97032.74216054473
389.7683160305023,-0.3592892784789724,97033.26794449026
389.8712201118469,-0.3579112832917608,97033.54115004124
389.96825981140137,-0.3286977853228748,97029.28703503712
390.06960368156433,-0.3077522584772584,97023.45833153342
390.17098355293274,-0.30619053059841855,97019.61249838008
390.2715599536896,-0.30279147580329663,97017.65124854208
390.3716630935669,-0.2923187123804884,97015.38612368787
390.47129464149475,-0.2839588749114047,97013.9475113191
390.5687506198883,-0.28368327587396236,97014.55276018719
390.66842699050903,-0.2985656238958477,97017.79748416846
390.7692942619324,-0.2999436190830593,97022.11773575163
390.86923933029175,-0.3193274180498359,97028.00596217647
390.9694230556488,-0.3186843536291371,97034.70536595883
391.06875491142273,-0.30940585270191234,97037.93482936294
391.16964173316956,-0.28855219220211004,97037.74134642666
391.2703015804291,-0.2801923547330263,97036.767211784
391.3715522289276,-0.2656774720943974,97035.8904906056
391.4702470302582,-0.2523568519513519,97035.20144154504
391.57039070129395,-0.2509788567641403,97035.48129739054
391.66959023475647,-0.2488659308104158,97035.93316765148
391.7684154510498,-0.25731763462531365,97037.93985088634
391.8685669898987,-0.2609004221120638,97041.74586579771
391.9689655303955,-0.26356454614067293,97046.27127921794
392.06846261024475,-0.2642076105613717,97051.84415129614
392.16924834251404,-0.26668800189835257,97058.05973616653
392.2692835330963,-0.269627724964404,97063.15376254987
392.36863684654236,-0.2758746364797633,97065.73838629488
392.4686517715454,-0.27817129512511596,97068.86454766539
392.5685362815857,-0.2804679537704686,97071.87809289884
392.6686668395996,-0.2806516864620968,97075.09028360895
392.7694094181061,-0.2828564787616354,97076.58125524806
392.868447303772,-0.2763339682088338,97080.82312972326
392.9694221019745,-0.2699951903476604,97083.94081675092
393.06864833831787,-0.2732105124511542,97087.54673507584
393.16864371299744,-0.27982488934976985,97090.89206156826
393.26865696907043,-0.2861636672109433,97093.90285541143
393.3685076236725,-0.2869904643232702,97096.8125698703
393.47148060798645,-0.2604410903829933,97095.13131288327
393.57104778289795,-0.239587429883191,97089.91818159494
393.6684591770172,-0.22424575013223513,97084.02636343545
393.76989006996155,-0.21202752613895892,97080.12372709191
393.86996030807495,-0.20486195116545858,97076.41135438273
393.96919536590576,-0.20063609925800965,97073.87021894446
394.06851720809937,-0.19558345023823376,97070.48319705001
394.1691200733185,-0.20826100596058053,97070.134877345
394.26859974861145,-0.2145997838217539,97070.9213896105
394.36846590042114,-0.20210596079103535,97071.32925064946
394.46843814849854,-0.21120072902663195,97073.19632558452
394.5774517059326,-0.2119356597931448,97075.17669302608
394.66965103149414,-0.20072796560382375,97076.25902372348
394.7682898044586,-0.17280059647633522,97072.23312135115
394.8701870441437,-0.16480822439050793,97070.50980921603
394.96934747695923,-0.16352209554911043,97071.35882829443
395.06868624687195,-0.15947997633328972,97070.92294546498
395.16986107826233,-0.14689428695675708,97068.33065091848
395.2688159942627,-0.138258850450231,97068.09758582663
395.36877393722534,-0.15157947059327653,97070.68782724396
395.4685776233673,-0.1539679955844433,97073.31904451957
395.56863260269165,-0.15562158980909724,97076.28714006761
395.6705758571625,-0.1579182484544499,97078.45842606085
395.7708911895752,-0.12310090339090336,97075.71258345478
395.8710148334503,-0.11905878417508264,97074.6413251093
395.9715692996979,-0.11804825437112747,97073.77719259838
396.0707960128784,-0.11529226399670427,97072.79947333854
396.17038011550903,-0.10426830249901142,97072.01952600469
396.27047538757324,-0.09535726695504304,97069.81757340422
396.36897230148315,-0.09489793522597251,97069.93581606381
396.4687440395355,-0.10334963904087036,97070.94223445743
396.5690846443176,-0.10849415440646035,97073.14801101168
396.66900539398193,-0.12337650242834568,97077.33320991052
396.7688035964966,-0.12319276973671746,97081.29988891947
396.8699893951416,-0.11134201112669766,97081.16990002753
396.9698100090027,-0.08920222178549787,97079.25291002478
397.0696747303009,-0.07725959682966398,97075.3276190223
397.1709973812103,-0.06862416032313792,97069.39485712007
397.2695014476776,-0.0525475498056692,97064.65537140807
397.3688757419586,-0.04510637579472653,97059.48983426727
397.47150135040283,-0.03748146909215565,97055.64085084054
397.56850576400757,-0.044003979644957246,97054.17676575649
397.6687424182892,-0.04905662866473313,97053.05908918085
397.7688088417053,-0.052180084422412766,97052.65318026276
397.86898159980774,-0.051812619039156335,97052.58786223648
397.96848154067993,-0.05319061422636794,97053.92907601285
398.06845116615295,-0.05631406998404758,97054.93616841156
398.1689169406891,-0.05649780267567579,97055.4425515704
398.2688910961151,-0.0565896690214899,97056.39829641336
398.3688337802887,-0.04767863347752152,97055.25846677202
398.47069120407104,-0.021037393191430498,97049.13262009481
398.56992292404175,-0.007992372085827308,97042.71935808533
398.671443939209,-0.006430644206987489,97037.54742227681
398.7711443901062,-0.005695713440474633,97032.69268004912
398.8715169429779,-0.0016535942246539257,97027.12341204421
398.9755656719208,0.0034909211409360655,97022.4110708398
399.06904673576355,-0.0006430644206987489,97019.06996375581
399.1685037612915,-0.004777049982333563,97017.06296738023
399.2687668800354,-0.00762490670257088,97013.45667064222
399.36877155303955,-0.0031234557576796376,97012.111003578
399.46887159347534,-0.005052649019775884,97010.0999032202
399.56872844696045,-0.007349307665128558,97008.38991289819
399.6691417694092,-0.005420114403032312,97006.25092160837
399.76827478408813,-0.006430644206987489,97003.42582944754
399.8685483932495,-0.006063178823731061,97002.48324650279
399.968159198761,-0.01157515957257748,97001.2349218525
400.06871366500854,-0.00909476823559659,97000.41142966726
400.168404340744,-0.006614376898615703,96998.07028670053
400.26815581321716,-0.008084238431641414,96997.26325803048
400.36884689331055,-0.007441174010942665,96997.33693222744
400.4685139656067,-0.00881916919815427,96997.00323900468
400.56844186782837,-0.007441174010942665,96996.30291510421
400.6683316230774,-0.01001343169373766,96996.9726235938
400.7686393260956,-0.008084238431641414,96997.77536123442
400.86858916282654,-0.00946223361885302,96998.49782511099
400.9685859680176,-0.008267971123269628,96999.54804259988
401.0684082508087,-0.011758892264205694,96999.8932383399
401.16849088668823,-0.011391426880949266,97000.70391450591
401.2685618400574,-0.011942624955833907,97001.33352305532
401.36900520324707,-0.010748362460250517,97002.00017074979
401.4684543609619,-0.007441174010942665,97002.5001536748
401.56876158714294,-0.011758892264205694,97002.35013830733
401.6692771911621,-0.01065649611443641,97001.4151244766
401.7687964439392,-0.010289030731179982,97002.67361202893
401.8686308860779,-0.011115827843506945,97002.30625082603
401.9688928127289,-0.011758892264205694,97002.47562574342
402.06857347488403,-0.012953154759789084,97001.92806316908
402.16874289512634,-0.010105298039551769,97000.73525685217
402.26857686042786,-0.010748362460250517,96999.86173116695
402.36848497390747,-0.010472763422808196,97001.27555805026
402.46903133392334,-0.011850758610019801,97002.24800224524
402.5689146518707,-0.011483293226763372,97001.62320202072
402.6693365573883,-0.010564629768622304,97001.36088181865
402.76869463920593,-0.011667025918391586,97001.52479363678
402.86880111694336,-0.011483293226763372,97001.8723142731
402.9685444831848,-0.010197164385365875,97002.58508284579
403.06925559043884,-0.015066080713513546,97003.72657456121
403.1689465045929,-0.013320620143045513,97003.05391710509
403.26910161972046,-0.012034491301648015,97003.24852539458
403.3687000274658,-0.013596219180487833,97002.52367285512
403.46848917007446,-0.011391426880949266,97001.37130556961
403.5689194202423,-0.012310090339090335,97001.53417501265
403.6693172454834,-0.011483293226763372,97001.58075751139
403.768746137619,-0.014423016292814797,97002.32268176024
403.8685145378113,-0.011483293226763372,97001.49041358421
403.96868801116943,-0.01249382303071855,97001.04137222578
404.06906747817993,-0.010564629768622304,97001.8372350032
404.1687443256378,-0.014423016292814797,97001.75351150289
404.2691078186035,-0.01276942206816087,97001.2781603526
404.3687093257904,-0.0131368874514173,97000.95034431735
404.46920800209045,-0.012677555722346764,97001.0553098856
404.568559885025,-0.013871818217930154,97000.84977889704
404.66854429244995,-0.013412486488859619,97001.26480100735
404.76902437210083,-0.012585689376532656,97000.73832090662
404.868625164032,-0.011758892264205694,97000.86448881596
404.96916341781616,-0.010472763422808196,96999.37803993437
405.0691113471985,-0.012034491301648015,96997.54023594093
405.16853070259094,-0.011850758610019801,96997.18621234683
405.26911425590515,-0.013045021105603192,96996.96759111214
405.36830401420593,-0.014239283601186582,96996.97083200092
405.46842980384827,-0.013412486488859619,96998.77374880083
405.56837916374207,-0.014790481676071224,96999.29637392075
405.66844606399536,-0.015892877825840507,97000.56673652868
405.76846981048584,-0.016535942246539256,97001.2100628758
405.868901014328,-0.01368808552630194,97002.08905658823
405.9688618183136,-0.012034491301648015,97001.98015092942
406.0687177181244,-0.01488234802188533,97001.18213583647
406.16928005218506,-0.01488234802188533,97000.76392225282
406.2689471244812,-0.014514882638628903,97000.58753002754
406.36890721321106,-0.015617278788398187,97002.32877702478
406.4683609008789,-0.013504352834673727,97003.0958993223
406.5690989494324,-0.016995273975609793,97002.68630939008
406.66888451576233,-0.013871818217930154,97002.21767845107
406.7692084312439,-0.01800580377956497,97001.79591060597
406.8691201210022,-0.01818953647119318,97001.11631954537
406.96839714050293,-0.014974214367699438,97001.10468759084
407.06847071647644,-0.015984744171654616,97001.39421883175
407.1689829826355,-0.01488234802188533,97001.85479694858
407.26867151260376,-0.014423016292814797,97002.76931725373
407.36913561820984,-0.014055550909558368,97003.89238552835
407.4690282344818,-0.016811541283981577,97002.90314697551
407.5688052177429,-0.016627808592353365,97002.41283227797
407.668904542923,-0.014423016292814797,97001.77154905019
407.7688000202179,-0.01488234802188533,97000.19439414518
407.86887288093567,-0.014055550909558368,97000.27495473066
407.9685797691345,-0.014147417255372476,97000.14745925758
408.0687999725342,-0.011023961497692837,97000.63271333183
408.16842555999756,-0.014239283601186582,97000.46944199863
408.26899003982544,-0.0131368874514173,96999.12249779877
408.36877942085266,-0.01524981340514176,96999.61024801889
408.4689099788666,-0.012218223993276229,96999.849223217
408.5691192150116,-0.012953154759789084,97000.9643008953
408.6688928604126,-0.013596219180487833,96999.76787080576
408.7687277793884,-0.013596219180487833,97000.39108372519
408.8686263561249,-0.012677555722346764,96999.75197535267
408.9684498310089,-0.012953154759789084,96999.0767778174
409.06901264190674,-0.01276942206816087,97000.16910003567
409.1688687801361,-0.01433114994700069,97001.85219003209
409.26850032806396,-0.014423016292814797,97003.26697102889
409.3688907623291,-0.01276942206816087,97004.84027392599
409.4688355922699,-0.011942624955833907,97005.1562465334
409.5686891078949,-0.01524981340514176,97005.44062188006
409.66924118995667,-0.012218223993276229,97006.29655969205
409.76909136772156,-0.014514882638628903,97005.66690372286
409.8686923980713,-0.013045021105603192,97006.90021335057
409.96876978874207,-0.014147417255372476,97007.21019201551
410.06896567344666,-0.015341679750955866,97006.38917281396
410.16914772987366,-0.013412486488859619,97007.05025553257
410.2688090801239,-0.015433546096769973,97006.24522997931
410.3690083026886,-0.015341679750955866,97005.22070698139
410.46905493736267,-0.014239283601186582,97005.09863628325
410.5691318511963,-0.013412486488859619,97004.98877265492
410.66846656799316,-0.014055550909558368,97005.58989538944
410.76914978027344,-0.014239283601186582,97004.8309058505
410.86906480789185,-0.016627808592353365,97005.34781526544
410.9689145088196,-0.013871818217930154,97005.3130337389
411.0685796737671,-0.014698615330257117,97005.78173036501
411.1689884662628,-0.014698615330257117,97006.6035573285
411.26910734176636,-0.015617278788398187,97006.54320159566
411.3689374923706,-0.015341679750955866,97006.3888814361
411.4691731929779,-0.01460674898444301,97007.54999329249
411.5685029029846,-0.013412486488859619,97006.39499396324
411.6692316532135,-0.012401956684904443,97006.85549456693
411.76900815963745,-0.013871818217930154,97006.26994511025
411.8689293861389,-0.01524981340514176,97005.54295059922
411.96929574012756,-0.013871818217930154,97003.4886555393
412.06903171539307,-0.016076610517468722,97003.43978998538
412.16924118995667,-0.0170871403214239,97003.19581098684
412.2687180042267,-0.015066080713513546,97002.77622988816
412.36858654022217,-0.013871818217930154,97002.49860689935
412.4692122936249,-0.01763833839630854,97002.94874620941
412.5692353248596,-0.014790481676071224,97002.35387158846
412.66911458969116,-0.01276942206816087,97002.11848442962
412.7681200504303,-0.014055550909558368,97003.60663598665
412.86937046051025,-0.014239283601186582,97003.94597238798
412.96913385391235,-0.016535942246539256,97003.55137514918
413.06885170936584,-0.013779951872116048,97003.79623763428
413.1689269542694,-0.0131368874514173,97002.51661387086
413.2689960002899,-0.01552541244258408,97001.66495248377
413.3692228794098,-0.013871818217930154,97001.1984572354
413.4691879749298,-0.01460674898444301,97000.87861151186
413.5689871311188,-0.014147417255372476,97002.19075036066
413.668660402298,-0.01552541244258408,97003.07167532461
413.7682602405548,-0.015066080713513546,97002.06450779215
413.8690884113312,-0.01552541244258408,97001.85805701294
413.9684431552887,-0.015433546096769973,97002.87225131165
414.0686731338501,-0.014514882638628903,97004.48502618048
414.16852593421936,-0.013228753797231405,97004.83652356244
414.2685856819153,-0.014239283601186582,97004.5528712062
414.36866307258606,-0.01552541244258408,97005.39758408559
414.4683780670166,-0.014514882638628903,97005.35782567703
414.5684235095978,-0.016260343209096934,97004.72204310932
414.6684036254883,-0.014239283601186582,97003.64983879837
414.7685742378235,-0.016168476863282828,97003.08485491855
414.8690721988678,-0.016903407629795683,97003.0763694267
414.9692008495331,-0.01671967493816747,97002.56873248403
415.068457365036,-0.016260343209096934,97002.91185923562
415.1683769226074,-0.0158010114800264,97002.12067331206
415.2684426307678,-0.01488234802188533,97003.20860598086
415.3687837123871,-0.014514882638628903,97002.78774538277
415.4691023826599,-0.014514882638628903,97001.90897084448
415.5686180591583,-0.015617278788398187,97001.91807376003
415.669237613678,-0.014514882638628903,97001.92626638402
415.76880383491516,-0.01644407590072515,97003.33363974563
415.8687789440155,-0.01644407590072515,97003.50027577108
415.9690625667572,-0.01368808552630194,97003.45024819397
416.069194316864,-0.01524981340514176,97002.50522337457
416.16882967948914,-0.013779951872116048,97001.7547010371
416.2687420845032,-0.0158010114800264,96999.97923093339
416.3688497543335,-0.01736273935886622,97000.08130784005
416.46880435943604,-0.014974214367699438,97000.47317705605
416.56865334510803,-0.014239283601186582,97000.32585935044
416.66914224624634,-0.014974214367699438,97000.6932734154
416.7691731452942,-0.0131368874514173,97000.12394607386
416.8687205314636,-0.014974214367699438,96999.11155146647
416.96861147880554,-0.014974214367699438,97000.10039631982
417.06890177726746,-0.012953154759789084,97000.59035668784
417.16899061203003,-0.01488234802188533,96998.93132101906
417.26878809928894,-0.01671967493816747,96997.63818891716
417.3686988353729,-0.015617278788398187,96996.77437002544
417.469083070755,-0.016168476863282828,96996.49693302289
417.56889152526855,-0.015984744171654616,96996.64723972061
417.66877794265747,-0.014698615330257117,96998.38251574854
417.76865315437317,-0.013320620143045513,96997.74426417369
417.8691899776459,-0.014790481676071224,96997.76983775632
417.96892261505127,-0.015066080713513546,96998.49285398069
418.0689971446991,-0.013963684563744262,96998.84356858261
418.1686339378357,-0.015892877825840507,96998.85921172435
418.2688617706299,-0.014790481676071224,96998.37329055191
418.3684136867523,-0.017546472050494432,96998.63596149674
418.46881341934204,-0.014514882638628903,96998.37236534707
418.56903862953186,-0.012677555722346764,96998.93512881236
418.66885566711426,-0.015157947059327652,96999.24161593113
418.7688772678375,-0.017730204742122647,96999.01745433801
418.8689365386963,-0.014514882638628903,97000.71570890422
418.96880555152893,-0.016260343209096934,97000.3441380138
419.06909227371216,-0.015341679750955866,96999.80972421242
419.1688084602356,-0.016535942246539256,97000.32875179118
419.2693123817444,-0.017454605704680326,97001.29587661207
419.36865973472595,-0.018557001854449612,97001.46628895088
419.46905422210693,-0.01800580377956497,97001.61966005579
419.5688667297363,-0.018373269162821396,97002.45769405022
419.66899967193604,-0.01920006627514836,97002.8119246452
419.76871824264526,-0.018648868200263718,97001.73073218067
419.868910074234,-0.015984744171654616,97002.15765896262
419.96891498565674,-0.017913937433750863,97002.84189306636
420.0688941478729,-0.01818953647119318,97004.15770375973
420.16887307167053,-0.017179006667238005,97003.64193338375
420.2683026790619,-0.016627808592353365,97003.77774004538
420.368408203125,-0.01552541244258408,97003.79996604084
420.4693238735199,-0.016076610517468722,97003.01996943676
420.56883454322815,-0.016811541283981577,97002.71797249309
420.66854763031006,-0.016903407629795683,97002.74617524378
420.7687187194824,-0.01920006627514836,97003.6715577194
420.8692717552185,-0.015617278788398187,97003.10440194746
420.96912837028503,-0.016076610517468722,97003.09396175272
421.0691554546356,-0.015617278788398187,97002.58456557745
421.16926980018616,-0.016995273975609793,97002.0261090197
421.2691924571991,-0.016352209554911044,97002.22349811773
421.3690278530121,-0.01460674898444301,97002.50114830596
421.4691081047058,-0.015433546096769973,97002.95103347537
421.5690984725952,-0.017454605704680326,97003.35593012783
421.6691641807556,-0.01763833839630854,97002.62033711505
421.7684099674225,-0.01947566531259068,97002.15830340354
421.8688898086548,-0.016535942246539256,97001.94247306319
421.96861934661865,-0.015984744171654616,97001.44822575687
422.06904697418213,-0.01524981340514176,97001.90340318119
422.1690819263458,-0.015984744171654616,97001.61306286306
422.2687990665436,-0.016811541283981577,97000.85175657675
422.36879324913025,-0.01644407590072515,97001.46658091908
422.4691684246063,-0.0170871403214239,97000.91992282718
422.569224357605,-0.011850758610019801,97000.22793054445
422.6686508655548,-0.018740734546077824,97001.10513749
422.76872754096985,-0.01671967493816747,96999.394623741
422.869101524353,-0.015617278788398187,97000.55516136691
422.9689815044403,-0.016627808592353365,97001.09964523022
423.06910943984985,-0.017270873013052114,97001.58968070721
423.1684687137604,-0.015617278788398187,97001.0307126365
423.2691135406494,-0.013412486488859619,97001.92764137285
423.3690938949585,-0.0158010114800264,97001.13487723556
423.46917819976807,-0.012861288413974978,97001.721389512
423.5685157775879,-0.016352209554911044,97003.3492505608
423.6691610813141,-0.018648868200263718,97004.21432550473
423.76913690567017,-0.014423016292814797,97004.29289295425
423.869019985199,-0.01433114994700069,97005.96360365883
423.9692463874817,-0.015066080713513546,97007.16724329296
424.0692901611328,-0.015984744171654616,97007.25051896367
424.1685302257538,-0.018097670125379075,97006.4254670673
424.26910281181335,-0.015709145134212295,97006.88292036057
424.3684449195862,-0.016260343209096934,97006.69462832452
424.46902537345886,-0.014790481676071224,97006.92516549207
424.56926345825195,-0.015892877825840507,97007.53264894287
424.66877603530884,-0.01671967493816747,97007.47938404858
424.7691173553467,-0.01736273935886622,97007.93144564373
424.868483543396,-0.01763833839630854,97009.03830107934
424.96907210350037,-0.016535942246539256,97008.33447097141
425.0687487125397,-0.015433546096769973,97008.00102387427
425.169198513031,-0.018097670125379075,97006.70092148684
425.26877212524414,-0.015066080713513546,97008.33082933817
425.3688995838165,-0.018097670125379075,97008.79774640437
425.4687204360962,-0.016168476863282828,97009.81797176393
425.5687372684479,-0.014974214367699438,97009.93617458755
425.6692593097687,-0.018097670125379075,97009.5425571288
425.76885628700256,-0.017270873013052114,97008.58830141593
425.86899280548096,-0.011942624955833907,97007.42947127434
425.96922302246094,-0.0170871403214239,97008.28652414691
426.06857681274414,-0.017270873013052114,97008.25787173223
426.16862535476685,-0.01488234802188533,97006.93208455901
426.2689507007599,-0.01671967493816747,97008.33887610312
426.36856341362,-0.017730204742122647,97008.60498849282
426.4688353538513,-0.018465135508635502,97008.84448964355
426.5688877105713,-0.014790481676071224,97009.4600406792
426.66851258277893,-0.016811541283981577,97010.8140366113
426.76860880851746,-0.015157947059327652,97010.33263295017
426.8685851097107,-0.015433546096769973,97009.89936965516
426.9693887233734,-0.016260343209096934,97008.90943268964
427.06880831718445,-0.016168476863282828,97008.81848942068
427.16886472702026,-0.016995273975609793,97009.3366404786
427.26908111572266,-0.01828140281700729,97009.10297643075
427.36856341362,-0.017546472050494432,97009.49267878768
427.4693808555603,-0.015892877825840507,97009.24341090891
427.568736076355,-0.017179006667238005,97009.71906981802
427.66926169395447,-0.0170871403214239,97008.84716283623
427.76859998703003,-0.018557001854449612,97007.66244655261
427.8690960407257,-0.016903407629795683,97006.29620189735
427.9687581062317,-0.01524981340514176,97005.86658170761
428.06920194625854,-0.014698615330257117,97005.37992353686
428.1685049533844,-0.017454605704680326,97005.74193118318
428.2687737941742,-0.0158010114800264,97003.86773806486
428.3687553405762,-0.01671967493816747,97003.78096425837
428.46890926361084,-0.016168476863282828,97004.40286783254
428.56926822662354,-0.017179006667238005,97004.0625810493
428.668972492218,-0.017913937433750863,97005.05632294437
428.76919746398926,-0.017546472050494432,97005.25069064993
428.8687574863434,-0.016535942246539256,97005.62562158494
428.96857261657715,-0.017913937433750863,97005.36305942645
429.06870770454407,-0.016535942246539256,97006.0267534838
429.1686751842499,-0.017913937433750863,97006.72407813543
429.2684814929962,-0.016903407629795683,97006.05167032189
429.36931896209717,-0.021404858574686925,97005.7465032897
429.46906995773315,-0.021496724920501035,97005.77185296074
429.5688772201538,-0.022047922995385674,97004.59466766466
429.6693367958069,-0.02250725472445621,97003.7352008982
429.768639087677,-0.02379338356585371,97002.36168080838
429.8686947822571,-0.02379338356585371,97001.52551272753
429.96853947639465,-0.022415388378642105,97000.77296145477
430.0689046382904,-0.02250725472445621,97001.09566530929
430.1686086654663,-0.022047922995385674,97000.68609877836
430.26915216445923,-0.021864190303757462,97000.21748890053
430.3687934875488,-0.023885249911667815,96999.79574001048
430.46865153312683,-0.02223165568701389,96998.81616600943
430.56857895851135,-0.020853660499802286,96999.3345494085
430.6684310436249,-0.01920006627514836,96999.90109446764
430.76838970184326,-0.015892877825840507,96999.91098502088
430.8692247867584,-0.014698615330257117,97000.81988651879
430.96879053115845,-0.016076610517468722,97001.83789786692
431.0691432952881,-0.01433114994700069,97002.45410808023
431.1688277721405,-0.015341679750955866,97002.9086972722
431.2687873840332,-0.0170871403214239,97002.81782754498
431.36869597435,-0.01763833839630854,97003.73604479048
431.4689576625824,-0.01818953647119318,97003.16244031144
431.5691797733307,-0.01883260089189193,97003.5461962803
431.66893553733826,-0.016168476863282828,97004.09157665227
431.7688989639282,-0.016168476863282828,97003.98241898704
431.86861872673035,-0.016168476863282828,97005.28417708834
431.9685809612274,-0.017270873013052114,97005.4557593795
432.0686857700348,-0.017454605704680326,97005.01018344155
432.16849756240845,-0.016995273975609793,97005.9091650974
432.2684805393219,-0.018557001854449612,97005.51824858766
432.36845684051514,-0.016903407629795683,97006.36642372889
432.4684934616089,-0.017454605704680326,97006.329781356
432.5693156719208,-0.017546472050494432,97005.4968032204
432.66885447502136,-0.018373269162821396,97005.24712289836
432.7692630290985,-0.017546472050494432,97005.62241060853
432.86899995803833,-0.016811541283981577,97006.76016954768
432.9687020778656,-0.015984744171654616,97005.78415259291
433.0685946941376,-0.01524981340514176,97005.60573733362
433.1690740585327,-0.02048619511654586,97005.64516360027
433.26923537254333,-0.02737617105260388,97006.08064724025
433.3684527873993,-0.02737617105260388,97006.07258251624
433.4687569141388,-0.024803913369808885,97006.56532426462
433.56933665275574,-0.026549373940276916,97006.10879183815
433.66854453086853,-0.026549373940276916,97006.29791265434
433.768513917923,-0.025446977790507634,97005.46812138891
433.8686330318451,-0.02379338356585371,97005.92130925003
433.9687464237213,-0.02563071048213585,97006.32917832503
434.0687999725342,-0.02563071048213585,97006.59626049253
434.1687593460083,-0.025171378753065313,97006.53663444328
434.2685899734497,-0.02618190855702049,97006.78297099895
434.3686566352844,-0.026090042211206383,97005.20467389906
434.469176530838,-0.026549373940276916,97005.68420650916
434.5693266391754,-0.02462018067818067,97006.61578585824
434.6693971157074,-0.026365641248648704,97007.15420727243
434.76904034614563,-0.024160848949110136,97006.13878654518
434.8689498901367,-0.024160848949110136,97007.02490789066
434.9689304828644,-0.025722576827949956,97007.3224171016
435.06918501853943,-0.025446977790507634,97007.29017539145
435.16887497901917,-0.025998175865392277,97007.16115785232
435.26856422424316,-0.025998175865392277,97007.14504206709
435.3693060874939,-0.02553884413632174,97007.03053786038
435.4687719345093,-0.02406898260329603,97007.32748407434
435.5687954425812,-0.026641240286091026,97008.39473566691
435.6687083244324,-0.024436447986552458,97008.75526210021
435.76856994628906,-0.023701517220039603,97009.07973589019
435.8692500591278,-0.025998175865392277,97009.87176230118
435.9690728187561,-0.025355111444693528,97009.08458607105
436.06917810440063,-0.024160848949110136,97010.47612746396
436.16920924186707,-0.0262737749028346,97010.52851471757
436.2691035270691,-0.025998175865392277,97010.47566324582
436.3687319755554,-0.02462018067818067,97009.52809692125
436.46848917007446,-0.027835502781674414,97010.57528722912
436.56892013549805,-0.025446977790507634,97010.11775850621
436.6689269542694,-0.02526324509887942,97009.60598265559
436.7688980102539,-0.02553884413632174,97008.94538439003
436.8689775466919,-0.025171378753065313,97008.75084595103
436.9691963195801,-0.025722576827949956,97010.67576135593
437.0690047740936,-0.027927369127488524,97010.60818522034
437.1691460609436,-0.025355111444693528,97010.2473666983
437.26906847953796,-0.02563071048213585,97010.12263002846
437.36902594566345,-0.027835502781674414,97009.91036702562
437.469110250473,-0.02563071048213585,97010.21933032306
437.5689675807953,-0.024160848949110136,97010.99739729076
437.6691014766693,-0.02489577971562299,97012.49765756169
437.7687740325928,-0.024528314332366564,97012.84789180553
437.86928963661194,-0.023885249911667815,97013.16310262498
437.9685888290405,-0.02397711625748192,97012.64679236249
438.06926441192627,-0.022047922995385674,97012.28211312623
438.16860580444336,-0.024160848949110136,97012.4539018136
438.26908826828003,-0.023701517220039603,97011.80851163225
438.3692719936371,-0.02315031914515496,97012.02766046902
438.4692621231079,-0.022599121070270317,97012.02489442211
438.56900811195374,-0.020302462424917643,97011.5224049799
438.66916584968567,-0.02223165568701389,97010.17016448191
438.7693178653717,-0.020118729733289428,97010.05314803372
438.8683874607086,-0.020578061462359964,97011.14783323035
438.9689292907715,-0.021037393191430498,97010.03304990732
439.068487405777,-0.021864190303757462,97008.82974491658
439.16872239112854,-0.02342591818259728,97008.04677042493
439.26918506622314,-0.023058452799340854,97007.54209338245
439.36900091171265,-0.021496724920501035,97007.78788404421
439.469345331192,-0.021496724920501035,97008.3090956398
439.5686774253845,-0.020945526845616392,97007.67818607582
439.6686840057373,-0.02397711625748192,97007.01036746825
439.7690041065216,-0.02406898260329603,97006.30933072143
439.8690721988678,-0.0249876460614371,97007.57839764928
439.96927094459534,-0.028570433548187273,97007.92055788437
440.06916403770447,-0.024344581640738352,97008.02850209593
440.1691517829895,-0.026641240286091026,97007.72565188634
440.2689085006714,-0.025998175865392277,97007.75308669772
440.3689982891083,-0.028570433548187273,97007.27777802796
440.46937561035156,-0.02563071048213585,97007.25000022516
440.56902027130127,-0.028754166239815485,97006.62500020265
440.6690447330475,-0.026365641248648704,97006.0625001824
440.7691309452057,-0.028846032585629594,97005.15625016416
440.86849212646484,-0.0262737749028346,97005.44062514775
440.9685356616974,-0.027284304706789775,97004.39656263297
441.0690715312958,-0.02563071048213585,97005.25690636969
441.1686508655548,-0.026641240286091026,97006.13121573272
441.26894760131836,-0.02737617105260388,97005.71809415944
441.3685579299927,-0.028478567202373163,97005.6462847435
441.46925950050354,-0.027559903744232096,97004.68165626917
441.5690863132477,-0.026733106631905132,97005.61349064225
441.66913986206055,-0.024528314332366564,97006.25214157802
441.76887369155884,-0.02002686338747532,97006.32692742022
441.868216753006,-0.02342591818259728,97006.3942346782
441.9689874649048,-0.021496724920501035,97006.95481121038
442.06901025772095,-0.02223165568701389,97007.45933008935
442.168771982193,-0.02039432877073175,97007.91339708041
442.2684233188629,-0.019751264350033,97007.42205737237
442.3691384792328,-0.01984313069584711,97007.47985163514
442.4685335159302,-0.02002686338747532,97009.13186647162
442.5687277317047,-0.01892446723770604,97010.51867982447
442.6692006587982,-0.018648868200263718,97011.86681184202
442.7684681415558,-0.018373269162821396,97011.5801306578
442.8688921928406,-0.01883260089189193,97012.42211759202
442.96918058395386,-0.020118729733289428,97013.07990583281
443.0687940120697,-0.020945526845616392,97012.47191524952
443.1683518886566,-0.019567531658404788,97012.02472372458
443.26906847953796,-0.01920006627514836,97012.12225135212
443.3691051006317,-0.02048619511654586,97011.21002621691
443.46924090385437,-0.018648868200263718,97011.48902359522
443.5684766769409,-0.01763833839630854,97011.0401212357
443.66888213157654,-0.020578061462359964,97010.13610911212
443.76913833618164,-0.02066992780817407,97009.22249820092
443.86926007270813,-0.021496724920501035,97009.50024838083
443.96939158439636,-0.01883260089189193,97009.95022354275
444.06856536865234,-0.02066992780817407,97011.15520118848
444.1688346862793,-0.020945526845616392,97011.93968106962
444.2690989971161,-0.019751264350033,97011.64571296265
444.3689603805542,-0.019659398004218894,97011.78114166639
444.4689407348633,-0.02131299222887282,97012.40302749975
444.5687961578369,-0.01984313069584711,97011.86272474978
444.6690106391907,-0.020210596079103537,97011.3764522748
444.76894974708557,-0.019934997041661216,97009.93880704732
444.8691897392273,-0.02048619511654586,97011.44492634259
444.9684753417969,-0.020118729733289428,97012.60043370834
445.06862139701843,-0.021129259537244607,97012.64039033752
445.168758392334,-0.021129259537244607,97013.47635130378
445.2687318325043,-0.02048619511654586,97013.42871617341
445.3683533668518,-0.021221125883058713,97013.78584455607
445.4692816734314,-0.020761794153988176,97013.60726010046
445.56859946250916,-0.020945526845616392,97014.84653409042
445.66876554489136,-0.019291932620962467,97014.56188068137
445.7682611942291,-0.019659398004218894,97013.90569261325
445.86833214759827,-0.018648868200263718,97013.11512335193
445.9688844680786,-0.020302462424917643,97011.50361101674
446.0683901309967,-0.021680457612129247,97011.35324991508
446.1682674884796,-0.021772323957943356,97012.21792492356
446.26834654808044,-0.02066992780817407,97011.09613243121
446.36832427978516,-0.01910819992933425,97011.4865191881
446.468297958374,-0.01920006627514836,97012.73786726929
446.5683000087738,-0.021680457612129247,97013.16408054235
446.6683988571167,-0.021680457612129247,97012.04767248812
446.7683250904083,-0.018740734546077824,97012.1429052393
446.86825227737427,-0.021221125883058713,97012.22861471538
446.9684419631958,-0.02066992780817407,97011.70575324383
447.0684278011322,-0.021037393191430498,97011.23517791944
447.1684613227844,-0.01947566531259068,97009.7116601275
447.2682547569275,-0.021680457612129247,97010.64049411475
447.36847949028015,-0.019934997041661216,97009.37644470327
447.46842336654663,-0.01947566531259068,97009.13880023295
447.5692448616028,-0.021404858574686925,97009.02492020966
447.66837191581726,-0.01883260089189193,97008.52242818869
447.76846408843994,-0.01984313069584711,97008.17018536982
447.8693115711212,-0.017179006667238005,97009.45316683284
447.9687669277191,-0.022415388378642105,97009.60785014956
448.0685222148895,-0.020761794153988176,97008.64706513462
448.16909623146057,-0.02002686338747532,97008.18235862115
448.26881074905396,-0.02048619511654586,97008.56412275904
448.3684313297272,-0.021404858574686925,97010.30771048315
448.46844148635864,-0.020578061462359964,97010.87693943483
448.56924533843994,-0.021221125883058713,97010.28924549135
448.6685450077057,-0.022047922995385674,97009.96032094222
448.76909136772156,-0.021404858574686925,97011.264288848
448.86833667755127,-0.020578061462359964,97010.7378599632
448.9686710834503,-0.02048619511654586,97011.36407396689
449.06836676597595,-0.02066992780817407,97012.22766657021
449.1689269542694,-0.020118729733289428,97012.10489991319
449.2683129310608,-0.017822071087936753,97011.89440992188
449.36892676353455,-0.020853660499802286,97013.9049689297
449.4686279296875,-0.020761794153988176,97013.21447203672
449.56848669052124,-0.018097670125379075,97013.49302483306
449.669317483902,-0.02131299222887282,97013.04372234976
449.76884937286377,-0.02315031914515496,97012.43935011479
449.8683934211731,-0.019934997041661216,97012.79541510332
449.9684154987335,-0.021956056649571568,97013.115873593
450.0683214664459,-0.019934997041661216,97013.8042862337
450.1692621707916,-0.022139789341199784,97014.52385761034
450.2686035633087,-0.02039432877073175,97013.27147184931
450.36872816085815,-0.020578061462359964,97012.74432466438
450.4690182209015,-0.022139789341199784,97013.26989219795
450.56899642944336,-0.022047922995385674,97013.04290297817
450.6693561077118,-0.018373269162821396,97012.23861268035
450.76849269866943,-0.02002686338747532,97011.31475141231
450.8684024810791,-0.020118729733289428,97011.58327627108
450.96930408477783,-0.020945526845616392,97011.22494864397
451.06895875930786,-0.02158859126631514,97011.60245377957
451.1693322658539,-0.019751264350033,97011.64220840162
451.2690920829773,-0.021129259537244607,97011.57798756147
451.36930799484253,-0.022047922995385674,97011.62018880532
451.4692163467407,-0.021956056649571568,97011.65816992479
451.56859278678894,-0.021404858574686925,97011.09235293232
451.66863918304443,-0.02066992780817407,97009.78311763909
451.76871156692505,-0.019934997041661216,97010.20480587518
451.86880230903625,-0.02158859126631514,97010.48432528767
451.9693822860718,-0.021772323957943356,97009.53589275891
452.06864047050476,-0.020578061462359964,97010.98230348302
452.16910123825073,-0.019291932620962467,97011.28407313471
452.26921010017395,-0.020945526845616392,97011.85566582123
452.36928725242615,-0.022139789341199784,97012.5700992391
452.46947383880615,-0.021772323957943356,97012.21308931519
452.5690896511078,-0.02158859126631514,97013.59178038368
452.6685252189636,-0.021956056649571568,97013.2326023453
452.7687768936157,-0.021404858574686925,97013.20934211079
452.8683202266693,-0.02131299222887282,97013.3884078997
452.96869707107544,-0.025079512407251207,97013.44956710974
453.0688376426697,-0.021221125883058713,97013.20461039877
453.16848397254944,-0.02131299222887282,97014.9841493589
453.2686152458191,-0.021129259537244607,97015.78573442301
453.36891984939575,-0.020761794153988176,97016.10716098071
453.46902084350586,-0.021496724920501035,97016.59644488264
453.56917548179626,-0.02223165568701389,97017.43680039438
453.668395280838,-0.021956056649571568,97017.49312035495
453.7684853076935,-0.022047922995385674,97018.44380831945
453.86849331855774,-0.018465135508635502,97019.4994274875
453.96841859817505,-0.02250725472445621,97019.14948473877
454.06856393814087,-0.02250725472445621,97019.3345362649
454.16869354248047,-0.022323522032827996,97018.50108263841
454.269305229187,-0.017913937433750863,97018.35097437457
454.3688540458679,-0.021680457612129247,97018.11587693712
454.46881771087646,-0.021129259537244607,97017.40428924342
454.5684907436371,-0.02379338356585371,97016.26386031909
454.66893219947815,-0.02131299222887282,97018.03747428718
454.76915979385376,-0.023242185490969066,97017.33372685847
454.86855721473694,-0.022415388378642105,97016.50035417262
454.9692919254303,-0.020853660499802286,97017.45031875536
455.068736076355,-0.020578061462359964,97016.50528687984
455.16870617866516,-0.022323522032827996,97017.25475819185
455.26913118362427,-0.02066992780817407,97017.52928237266
455.36902260780334,-0.021221125883058713,97019.17635413539
455.4689314365387,-0.02039432877073175,97018.65871872184
455.56837368011475,-0.020945526845616392,97018.89284684966
455.668475151062,-0.020210596079103537,97018.1035621647
455.76849007606506,-0.02131299222887282,97018.39320594825
455.86849451065063,-0.022139789341199784,97018.25388535342
455.96857714653015,-0.020118729733289428,97017.92849681809
456.06840348243713,-0.021680457612129247,97018.03564713628
456.16853618621826,-0.020945526845616392,97017.43208242265
456.26870107650757,-0.019659398004218894,97017.08887418038
456.3685712814331,-0.02250725472445621,97016.87998676235
456.4685044288635,-0.020118729733289428,97016.5919880861
456.5687358379364,-0.020302462424917643,97015.63278927749
456.6689214706421,-0.02131299222887282,97015.16951034975
456.7683856487274,-0.019567531658404788,97014.55255931478
456.8689754009247,-0.020302462424917643,97013.0973033833
456.9687867164612,-0.020118729733289428,97013.28757304497
457.06853723526,-0.02131299222887282,97012.85881574047
457.16860604286194,-0.019751264350033,97014.37293416643
457.2693045139313,-0.021129259537244607,97014.63564074978
457.3684332370758,-0.017822071087936753,97014.3720766748
457.4690992832184,-0.020578061462359964,97013.33486900732
457.5685484409332,-0.019934997041661216,97013.40138210659
457.66907596588135,-0.02066992780817407,97013.66124389594
457.76909136772156,-0.021680457612129247,97014.49511950635
457.86897897720337,-0.020578061462359964,97014.34560755572
457.9690980911255,-0.01892446723770604,97014.61104680014
458.0686824321747,-0.020578061462359964,97015.24994212014
458.16910433769226,-0.020945526845616392,97015.22494790812
458.2693121433258,-0.021680457612129247,97014.9024531173
458.3691301345825,-0.021037393191430498,97016.11220780558
458.4687638282776,-0.018097670125379075,97018.30098702502
458.56867504119873,-0.01947566531259068,97018.87088832252
458.669118642807,-0.01892446723770604,97019.08379949027
458.7688555717468,-0.020945526845616392,97019.17541954125
458.86868262290955,-0.02066992780817407,97020.35787758713
458.96874237060547,-0.02158859126631514,97020.82208982842
459.0687758922577,-0.02131299222887282,97021.53988084558
459.1685094833374,-0.022139789341199784,97021.68589276103
459.2684860229492,-0.020761794153988176,97022.71730348493
459.3686718940735,-0.022047922995385674,97023.24557313643
459.46869587898254,-0.02039432877073175,97022.9210158228
459.5685336589813,-0.02002686338747532,97023.52891424051
459.6690607070923,-0.01984313069584711,97023.47602281647
459.7688555717468,-0.021037393191430498,97023.42842053482
459.86867809295654,-0.021864190303757462,97023.08557848135
459.9684453010559,-0.02287472010771264,97022.97702063322
460.0684509277344,-0.020578061462359964,97022.7793185699
460.16887187957764,-0.022323522032827996,97024.20138671291
460.26863265037537,-0.021221125883058713,97025.38124804162
460.36920380592346,-0.021680457612129247,97025.04312323745
460.46903920173645,-0.022139789341199784,97025.4388109137
460.5692481994629,-0.021129259537244607,97024.89492982235
460.6685862541199,-0.021404858574686925,97025.50543684012
460.7693169116974,-0.021221125883058713,97025.75489315612
460.86852836608887,-0.021956056649571568,97026.6794038405
460.96921706199646,-0.02039432877073175,97026.21146345645
461.0683798789978,-0.022599121070270317,97025.19031711081
461.16911220550537,-0.02342591818259728,97025.27128539974
461.2686839103699,-0.019751264350033,97024.24415685977
461.36864590644836,-0.020578061462359964,97023.01974117379
461.4694130420685,-0.020302462424917643,97021.71776705641
461.56904196739197,-0.01883260089189193,97021.34599035078
461.66907000541687,-0.021496724920501035,97022.41139131569
461.7689116001129,-0.02223165568701389,97023.17025218412
461.86924862861633,-0.020761794153988176,97023.35322696572
461.96875381469727,-0.021680457612129247,97022.41790426914
462.06904339790344,-0.022323522032827996,97023.07611384222
462.16886353492737,-0.021864190303757462,97023.568502458
462.2686629295349,-0.01947566531259068,97024.1116522122
462.3683891296387,-0.021772323957943356,97022.90048699098
462.4687056541443,-0.01984313069584711,97021.11043829189
462.5685291290283,-0.021129259537244607,97020.6993944627
462.6690535545349,-0.02250725472445621,97021.12945501643
462.7687997817993,-0.022690987416084423,97019.8165095148
462.86850810050964,-0.019934997041661216,97019.93485856333
462.9688723087311,-0.02223165568701389,97021.541372707
463.0685307979584,-0.020578061462359964,97020.9872354363
463.1686279773712,-0.019383798966776573,97021.38851189267
463.26873779296875,-0.019016333583520145,97021.6496607034
463.36860632896423,-0.01984313069584711,97021.98469463307
463.46863627433777,-0.018740734546077824,97021.68622516976
463.5687828063965,-0.01947566531259068,97021.71760265279
463.668532371521,-0.018465135508635502,97020.84584238751
463.7686233520508,-0.01892446723770604,97021.06125814877
463.8686373233795,-0.018373269162821396,97020.1551323339
463.9687485694885,-0.01892446723770604,97018.8396191005
464.06851267814636,-0.019567531658404788,97018.85565719045
464.16875982284546,-0.019567531658404788,97018.4700914714
464.26853704452515,-0.018648868200263718,97018.12308232427
464.36869406700134,-0.019567531658404788,97018.91077409184
464.4690628051758,-0.021221125883058713,97018.91969668266
464.56869626045227,-0.02039432877073175,97017.9277270144
464.6686420440674,-0.020210596079103537,97017.03495431296
464.76841855049133,-0.021496724920501035,97018.23145888165
464.86856985092163,-0.021864190303757462,97018.30831299348
464.96875,-0.020853660499802286,97018.47748169414
465.06867575645447,-0.019751264350033,97017.32973352472
465.1688437461853,-0.020118729733289428,97015.89676017225
465.2686665058136,-0.020210596079103537,97015.70708415503
465.36902141571045,-0.02066992780817407,97016.23637573954
465.4686551094055,-0.01892446723770604,97015.61273816558
465.56878542900085,-0.02002686338747532,97015.65146434904
465.66929292678833,-0.020302462424917643,97015.58631791413
465.7689847946167,-0.02039432877073175,97015.12768612272
465.8687081336975,-0.022139789341199784,97014.41491751045
465.96874237060547,-0.02048619511654586,97015.8734257594
466.06915760040283,-0.021864190303757462,97015.98608318347
466.1686112880707,-0.019383798966776573,97017.48747486513
466.2690460681915,-0.022047922995385674,97017.83872737864
466.36896777153015,-0.02131299222887282,97018.15485464079
466.46860361099243,-0.020210596079103537,97016.43936917672
466.5687017440796,-0.019751264350033,97015.29543225905
466.6687297821045,-0.02250725472445621,97016.26588903315
466.7687873840332,-0.022323522032827996,97016.93930012984
466.86879086494446,-0.022415388378642105,97016.94537011685
466.96900820732117,-0.020578061462359964,97017.25083310516
467.06876373291016,-0.022599121070270317,97016.92574979464
467.1690983772278,-0.022966586453526745,97017.33317481518
467.26841020584106,-0.02223165568701389,97018.19985733368
467.36916971206665,-0.022415388378642105,97017.2798716003
467.4689943790436,-0.020210596079103537,97016.85188444027
467.5690941810608,-0.025355111444693528,97017.16669599625
467.6688086986542,-0.02250725472445621,97017.25002639662
467.76922273635864,-0.023517784528411387,97017.62502375696
467.86901473999023,-0.02801923547330263,97018.16252138127
467.96982169151306,-0.02829483451074495,97017.44626924314
468.06890392303467,-0.028202968164930845,97016.90164231883
468.16841316223145,-0.026733106631905132,97016.21147808695
468.2688844203949,-0.027468037398417987,97016.09033027825
468.36847281455994,-0.026824972977719238,97016.48129725043
468.4693355560303,-0.028478567202373163,97017.13316752539
468.568630695343,-0.02958096335214245,97017.11985077285
468.6692600250244,-0.02958096335214245,97016.40786569557
468.76867175102234,-0.03196948834330923,97015.56707912602
468.86899876594543,-0.029397230660514233,97014.71037121341
468.9685080051422,-0.030958958539354053,97015.73933409207
469.06863594055176,-0.027835502781674414,97016.26540068287
469.1688942909241,-0.028478567202373163,97016.83886061457
469.2685978412628,-0.027008705669347453,97017.35497455312
469.36871457099915,-0.027559903744232096,97018.6194770978
469.4687101840973,-0.025906309519578168,97018.15752938802
469.5685284137726,-0.028570433548187273,97017.94177644922
469.6686737537384,-0.026641240286091026,97017.94759880431
469.76874017715454,-0.02710057201516156,97018.75283892389
469.86885380744934,-0.029397230660514233,97017.97755503151
469.96885347366333,-0.02921349796888602,97016.97979952836
470.06881165504456,-0.028202968164930845,97016.28181957552
470.1686751842499,-0.026090042211206383,97016.05363761797
470.2686860561371,-0.025998175865392277,97016.24827385618
470.3688688278198,-0.02563071048213585,97016.52344647056
470.46895265579224,-0.028202968164930845,97018.2711018235
470.5686571598053,-0.02645750759446281,97018.84399164114
470.66871547698975,-0.026641240286091026,97019.05959247703
470.76832365989685,-0.028111101819116736,97019.45363322934
470.8686947822571,-0.027008705669347453,97018.7082699064
470.9687354564667,-0.027743636435860308,97018.63744291577
471.0687165260315,-0.0262737749028346,97018.7736986242
471.16861271858215,-0.02618190855702049,97019.69632876178
471.26910972595215,-0.026916839323533347,97019.52669588561
471.36872720718384,-0.02462018067818067,97018.77402629705
471.4685146808624,-0.028202968164930845,97017.89662366734
471.5688395500183,-0.026549373940276916,97017.80696130061
471.66862869262695,-0.02801923547330263,97018.02626517056
471.7685720920563,-0.026641240286091026,97018.9236386535
471.8686671257019,-0.02801923547330263,97018.73127478815
471.96852231025696,-0.027192438360975665,97018.15814730934
472.06869554519653,-0.027468037398417987,97017.7423325784
472.16844844818115,-0.027468037398417987,97017.16809932057
472.26883840560913,-0.027651770090046202,97016.55128938852
472.36872124671936,-0.027284304706789775,97016.49616044968
472.4688229560852,-0.026365641248648704,97015.74654440471
472.5686914920807,-0.02618190855702049,97016.27188996425
472.6689522266388,-0.027192438360975665,97016.34470096782
472.7687351703644,-0.026365641248648704,97018.01023087105
472.86878299713135,-0.027743636435860308,97017.80920778395
472.9683184623718,-0.029121631623071912,97017.62828700557
473.0686755180359,-0.02866229989400138,97018.06545830502
473.1687111854553,-0.026365641248648704,97017.25891247451
473.26872420310974,-0.027927369127488524,97017.03302122706
473.3686013221741,-0.027008705669347453,97017.12971910436
473.4688913822174,-0.028202968164930845,97017.01674719393
473.56885957717896,-0.029305364314700127,97016.91507247456
473.6686637401581,-0.026641240286091026,97017.82356522711
473.76877069473267,-0.027468037398417987,97018.8412087044
473.86875772476196,-0.026365641248648704,97019.75708783396
473.9686064720154,-0.027008705669347453,97020.28137905056
474.06886553764343,-0.025722576827949956,97020.0532411455
474.1686613559723,-0.03068335950191173,97020.54791703096
474.26905059814453,-0.026916839323533347,97020.79312532787
474.36869168281555,-0.026365641248648704,97021.01381279508
474.46922540664673,-0.02710057201516156,97020.41243151558
474.56864309310913,-0.029489097006328343,97020.77118836401
474.66908288002014,-0.03049962681028352,97021.79406952762
474.76877093315125,-0.02958096335214245,97021.41466257487
474.8688385486603,-0.03049962681028352,97022.87319631739
474.9691655635834,-0.02976469604377066,97022.78587668565
475.0685303211212,-0.030040295081212982,97021.90728901708
475.168913602829,-0.031234557576796374,97020.61656011536
475.2691249847412,-0.029489097006328343,97020.75490410383
475.36930799484253,-0.030867092193539947,97019.97941369345
475.4685306549072,-0.031234557576796374,97020.08147232412
475.56927466392517,-0.02985656238958477,97020.67332509172
475.66883277893066,-0.029121631623071912,97020.70599258256
475.768923997879,-0.03068335950191173,97020.13539332431
475.8685419559479,-0.030040295081212982,97019.42185399188
475.9691412448883,-0.0316020229600528,97019.8796685927
476.06892800331116,-0.0316020229600528,97021.39170173343
476.1689820289612,-0.028754166239815485,97021.15253156009
476.26872730255127,-0.03252068641819387,97020.03727840408
476.36933755874634,-0.030867092193539947,97021.83355056368
476.4687671661377,-0.02866229989400138,97022.65019550732
476.5686926841736,-0.03252068641819387,97023.08517595658
476.6683859825134,-0.03169388930586691,97022.37665836094
476.76866483688354,-0.03307188449307851,97022.83899252485
476.86862301826477,-0.032245087380751554,97022.45509327237
476.9691789150238,-0.032336953726565656,97022.20958394514
477.06907892227173,-0.030867092193539947,97022.78862555063
477.1684832572937,-0.032245087380751554,97023.50976299557
477.269065618515,-0.0328881518014503,97023.25878669602
477.36844515800476,-0.03049962681028352,97023.13290802643
477.46887135505676,-0.032428820072379766,97023.71961722377
477.56908988952637,-0.03049962681028352,97024.44765550141
477.66844511032104,-0.029305364314700127,97025.50288995127
477.7685761451721,-0.03040776046446941,97025.75260095614
477.86851167678833,-0.030040295081212982,97026.67734086052
477.969393491745,-0.030867092193539947,97028.50960677447
478.0688762664795,-0.03316375083889262,97027.75864609703
478.16869354248047,-0.03049962681028352,97026.68278148732
478.2686264514923,-0.030867092193539947,97026.1145033386
478.36841583251953,-0.03132642392261048,97026.20305300473
478.46909642219543,-0.03187762199749512,97025.38274770427
478.56931161880493,-0.03151015661423869,97025.54447293383
478.66866183280945,-0.031234557576796374,97026.49002564045
478.7684121131897,-0.031142691230982268,97025.94102307642
478.8685600757599,-0.029672829697956555,97025.54692076877
478.96946597099304,-0.029397230660514233,97024.9922286919
479.069123506546,-0.03049962681028352,97025.19300582272
479.1687436103821,-0.030040295081212982,97025.57370524044
479.2691948413849,-0.03169388930586691,97025.5163347164
479.3709309101105,-0.03040776046446941,97025.46470124477
479.4723298549652,-0.020210596079103537,97022.81823112028
479.569367647171,0.01065649611443641,97014.73640800825
479.66879963874817,0.036930271017271005,97003.36276720744
479.76871037483215,0.0512614209642717,96992.1264904867
479.86906361579895,0.05273128249729741,96979.31384143802
479.96870160102844,0.0578757978628874,96965.38245729422
480.06907534599304,0.07092081896849059,96950.8442115648
480.16817331314087,0.08359837469083735,96934.75979040832
480.29126143455505,0.08396584007409379,96919.3838113675
480.4067883491516,0.08185291412036932,96904.74543023076
480.5229368209839,0.08102611700804235,96892.67088720769
480.5886914730072,0.0776270622129204,96882.40379848692
480.70319151878357,0.07735146317547809,96872.76341863823
480.81877994537354,0.07569786895082416,96863.38707677441
480.88224506378174,0.07523853722175362,96854.84836909697
480.99760150909424,0.07689213144640754,96848.36353218727
481.11381363868713,0.07578973529663827,96843.12717896856
481.22897815704346,0.0736768093429138,96836.3144610717
481.2929906845093,0.0763409333715229,96830.88301496452
481.4090166091919,0.07551413625919594,96825.49471346807
481.5235273838043,0.0749629381843113,96819.74524212127
481.5872757434845,0.07468733914686898,96814.67071790913
481.7018620967865,0.07413614107198434,96811.20364611821
481.81805086135864,0.07477920549268309,96808.28328150639
481.88226795196533,0.07606533433408058,96805.45495335576
481.99861431121826,0.07459547280105487,96802.50945802018
482.1129596233368,0.07330934395965737,96799.75851221816
482.2287449836731,0.07413614107198434,96797.88266099636
482.2919635772705,0.07330934395965737,96795.59439489672
482.40771675109863,0.07441174010942665,96793.93495540704
482.52053809165955,0.07229881415570219,96793.74145986633
482.5707483291626,0.07606533433408058,96792.2673138797
482.67151141166687,0.10417643615319731,96786.04058249173
482.7719519138336,0.11942624955833908,96776.93652424256
482.87129855155945,0.1288884831771921,96767.34287181831
482.9705271720886,0.13715645430046172,96755.50858463648
483.07062101364136,0.14919094560210974,96741.55772617285
483.1708273887634,0.16490009073632203,96725.10195355557
483.2683563232422,0.1841920233572845,96706.59175820001
483.39954471588135,0.18896907333961807,96689.13258238001
483.5136630535126,0.1817116320203036,96673.51932414202
483.62925457954407,0.17739391376704058,96659.36739172782
483.69264221191406,0.170871403214239,96648.13065255503
483.80858421325684,0.16756421476493114,96639.51758729953
483.9222939014435,0.16480822439050793,96632.06582856958
483.9870173931122,0.1668292839984183,96625.15924571262
484.10130548477173,0.16241969939934114,96618.04332114136
484.2160482406616,0.16388956093236687,96610.13898902723
484.33065271377563,0.16287903112841168,96604.3250901245
484.39699697494507,0.16287903112841168,96599.79258111205
484.51147294044495,0.16287903112841168,96594.71332300085
484.6258599758148,0.160582372483059,96590.64199070077
484.6895637512207,0.16150103594120008,96586.5777916307
484.8034870624542,0.16122543690375776,96582.32001246762
484.92001271247864,0.16223596670771293,96579.38801122087
484.9836194515228,0.16241969939934114,96577.84921009878
485.10008096694946,0.16085797152050132,96576.1642890889
485.21407985687256,0.16131730324957186,96574.64786018002
485.329434633255,0.16140916959538598,96573.88307416202
485.39244532585144,0.16186850132445652,96572.19476674582
485.50772523880005,0.1616847686328283,96568.87529007123
485.62165117263794,0.1603986397914308,96566.58776106412
485.68557357788086,0.1606742388288731,96565.2289849577
485.76997232437134,0.18217096374937414,96560.80608646195
485.87078285217285,0.19714517811707358,96554.12547781575
485.9708569049835,0.20936340211034982,96546.41293003417
486.0705029964447,0.21790697227106176,96538.27163703076
486.16812777519226,0.22856346838549818,96527.7444733277
486.2715539932251,0.24252715294924243,96515.57002599494
486.36885476112366,0.2569501692420572,96502.71302339544
486.4717495441437,0.26071668942043563,96488.24172105589
486.6100194454193,0.26117602114950617,96475.01754895032
486.7235310077667,0.2594305605790381,96463.1157940553
486.78861474990845,0.2583281644292688,96452.40421464977
486.902636051178,0.2589712288499676,96442.9637931848
487.01881647109985,0.25593963943810205,96434.86741386632
487.0822443962097,0.2549291096341469,96427.28067247968
487.1966907978058,0.2562152384755444,96420.85260523172
487.31159114837646,0.2551128423257751,96415.46734470855
487.4254970550537,0.2552047086715892,96409.32061023769
487.4910469055176,0.2541023125218199,96403.18854921393
487.6052107810974,0.2528161836804224,96398.16969429253
487.7210125923157,0.2507951240725121,96394.05272486329
487.7842879295349,0.2527243173346083,96389.64745237696
487.900426864624,0.2540104461760058,96386.28270713927
488.01577281951904,0.251621921184839,96382.75443642536
488.1313202381134,0.25116258945576847,96379.77899278283
488.194922208786,0.2500601933059992,96376.30109350455
488.31028628349304,0.2521731192597237,96374.17098415409
488.42302227020264,0.2497845942685569,96371.85388573869
488.487096786499,0.25042765868925565,96370.06849716482
488.6020448207855,0.2509788567641403,96367.76164744834
488.7187271118164,0.2486821981187876,96365.58548270351
488.7812342643738,0.249876460614371,96364.52693443316
488.8694088459015,0.2501520596518133,96361.97424098985
488.97037744522095,0.26889279419789114,96357.97681689086
489.07035541534424,0.2867148652858279,96349.97913520178
489.16980957984924,0.3050881344486493,96341.1812216816
489.27132296562195,0.3198786161247205,96328.76309951344
489.37124514579773,0.33246430550125317,96315.78678956209
489.4684360027313,0.34477439584034353,96301.10811060587
489.5707721710205,0.35092944100988865,96286.69729954528
489.71173310279846,0.3626883332740944,96271.42756959076
489.8254039287567,0.357268218871062,96257.88481263169
489.89067459106445,0.3560739563754787,96246.79633136852
490.0068552494049,0.3621371351992097,96234.91669823167
490.12178683280945,0.357268218871062,96222.7250284085
490.1848428249359,0.3594730111706006,96212.15252556765
490.300498008728,0.3573600852168762,96202.63727301089
490.41373443603516,0.35625768906710686,96193.07354570979
490.52782130241394,0.3540528967675683,96185.86619113882
490.5921268463135,0.3545122284966388,96179.17957202494
490.7056677341461,0.3566251544503633,96172.96161482244
490.82099866867065,0.3552471592631517,96167.1654533402
490.88332772254944,0.3546959611882671,96162.44890800619
490.99800872802734,0.3538691640759401,96157.00401720557
491.11250138282776,0.3545122284966388,96153.10361548502
491.2259030342102,0.35148063908477334,96150.79325393651
491.29041266441345,0.3531342333094272,96147.01392854287
491.40353322029114,0.3527667679261708,96144.61253568859
491.51686906814575,0.3550634265715235,96142.75128211975
491.63235878944397,0.3538691640759401,96140.47615390777
491.69521713256836,0.3545122284966388,96138.228538517
491.809298992157,0.35304236696361313,96136.80568466529
491.92300605773926,0.3523993025429144,96135.52511619875
491.9858138561249,0.3517562381222156,96133.47260457888
492.0688729286194,0.3525830352345426,96131.525344121
492.1717104911804,0.38069413705365934,96127.4728097089
492.270653963089,0.40448752061951304,96119.52552873801
492.36971712112427,0.4128473580885968,96111.07297586421
492.46868538856506,0.42332012151140497,96101.26567827779
492.5703468322754,0.4316799589804887,96091.63911045002
492.67149114608765,0.4446331137402778,96083.27519940502
492.7706182003021,0.45731066946262455,96072.14767946451
492.9134213924408,0.46410877905286846,96061.33291151805
493.02668738365173,0.46006665983704775,96049.39962036625
493.0916864871979,0.45997479349123366,96038.55965832964
493.20513010025024,0.45731066946262455,96029.20369249668
493.31964921951294,0.4567594713877399,96021.68332324701
493.38259840011597,0.4596073281079772,96016.31499092231
493.49597334861755,0.4564838723502976,96010.2834918301
493.61010909080505,0.45721880311681046,96007.15514264708
493.72367310523987,0.4563920060044835,96001.43962838237
493.78641510009766,0.45878053099565025,95995.99566554413
493.9011688232422,0.4569432040793681,95991.69609898972
494.01429986953735,0.4549221444714578,95988.02648909076
494.1281485557556,0.45574894158378476,95983.72384018169
494.1924960613251,0.45391161466750257,95979.45145616353
494.3056185245514,0.454279080050759,95975.40631054717
494.41975712776184,0.4555652088921565,95971.96567949247
494.4829750061035,0.4535441492842462,95969.16911154322
494.59630846977234,0.4524417531344769,95966.2522003889
494.71015095710754,0.4526254858261051,95963.62698035002
494.82348346710205,0.4528092185177333,95960.66428231502
494.88584303855896,0.4512474906388935,95959.09785408352
494.999920129776,0.44941016372261133,95956.58806867516
495.1135880947113,0.4509718916014512,95954.42926180764
495.1693866252899,0.4581374665749515,95950.08633562688
495.27152013778687,0.48863709338523503,95945.8777020642
495.36977219581604,0.505816100052473,95939.58993185779
495.4696114063263,0.5168400615501659,95931.030938672
495.5687527656555,0.5243731019069227,95920.4278448048
495.6712989807129,0.5380611874332246,95908.78506032431
495.76971340179443,0.5568937883251165,95894.00655429189
495.8723511695862,0.5764613199835213,95875.8058988627
495.9881019592285,0.5894144747433104,95857.32530897643
496.1022834777832,0.5827082314988806,95841.49277807878
496.21564412117004,0.5829838305363229,95827.7435002709
496.3290581703186,0.5703062748139761,95815.1691502438
496.39340901374817,0.5702144084681621,95803.45223521943
496.5065062046051,0.5704900075056044,95792.7070116975
496.62043356895447,0.5707656065430466,95783.03631052775
496.6832129955292,0.56681535367304,95773.33267947499
496.7961883544922,0.5674584180937389,95767.19941152749
496.91011786460876,0.5653454921400144,95760.57947037475
497.02402114868164,0.5637837642611746,95754.92152333727
497.08682012557983,0.5681933488602516,95749.02937100355
497.2012174129486,0.5674584180937389,95743.52643390319
497.3145067691803,0.566723487327226,95738.87379051287
497.4300112724304,0.5688364132809505,95734.68641146157
497.4936034679413,0.565896690214899,95730.91777031541
497.6062808036804,0.5654373584858284,95728.12599328387
497.719685792923,0.5665397546355978,95725.91339395549
497.7837293148041,0.5660804229065273,95723.02205455994
497.8977358341217,0.5669072200188542,95720.41984910394
498.0122170448303,0.5645186950276874,95718.17786419355
498.1249113082886,0.5651617594483862,95715.0600777742
498.1878800392151,0.5652536257942002,95714.65406999679
498.2732992172241,0.5637837642611746,95713.0886629971
498.37043738365173,0.5923541978093618,95708.6797966974
498.47041296958923,0.6081552092893883,95700.81181702766
498.56871724128723,0.6222107601989466,95691.0306353249
498.6714737415314,0.6398490985952552,95677.72757179242
498.76872539520264,0.6550070456545828,95662.35481461318
498.86898040771484,0.6719104532843785,95645.41933315186
498.9688889980316,0.6827506820904431,95627.07739983668
499.11173582077026,0.6898243907181293,95607.16965985301
499.2250256538391,0.6838530782402124,95591.45269386772
499.2874855995178,0.6806377561367186,95577.40742448095
499.40076327323914,0.6771468349957825,95563.56668203285
499.515097618103,0.6769631023041544,95553.21001382956
499.6279282569885,0.674023379238103,95543.68901244662
499.69146180152893,0.6750339090420581,95534.62011120196
499.8052861690521,0.6729209830883336,95526.15810008177
499.9180648326874,0.6722779186676349,95517.94229007358
499.9813983440399,0.6706243244429809,95510.84806106622
500.0950982570648,0.671542987901122,95506.4632549596
500.2080190181732,0.6722779186676349,95501.21692946364
500.3218152523041,0.6708999234804233,95496.09523651729
500.3848206996918,0.6722779186676349,95491.58571286556
500.50155377388,0.6704405917513527,95486.42714157901
500.6153230667114,0.6691544629099553,95483.88442742112
500.7282600402832,0.6710836561720515,95479.995984679
500.79183554649353,0.6701649927139104,95476.1963862111
500.90539026260376,0.669797527330654,95472.77674758999
501.01962876319885,0.6657554081148332,95470.69907283099
501.08398389816284,0.6670415369562308,95469.3291655479
501.1971204280853,0.667225269647859,95466.89624899311
501.3114867210388,0.6673171359936731,95465.0066240938
501.3754642009735,0.6662147398439038,95464.10596168443
501.46924328804016,0.6785248301829941,95461.99536551599
501.57094621658325,0.6963469012709309,95457.0958289644
501.6702446937561,0.7107699175637457,95448.78624606796
501.7686343193054,0.7286838549974965,95437.10762146117
501.8719689846039,0.7287757213433107,95428.89685931505
501.9715814590454,0.7230800079028361,95419.90717338354
502.069935798645,0.7195890867619,95412.2164560452
502.1693286895752,0.7036962089360594,95406.89481044067
502.3088274002075,0.6837612118943983,95403.6053293966
502.42385482788086,0.674115245583917,95400.94479645694
502.48674178123474,0.6699812600222822,95401.15031681125
502.5988507270813,0.6685113984892566,95399.33528513013
502.7144384384155,0.6642855465818076,95397.80175661712
502.82950615882874,0.6593247639078458,95395.2215809554
502.8940088748932,0.655190778346211,95394.69942285986
503.00723671913147,0.656017575458538,95394.32948057388
503.1199276447296,0.6514242581678326,95393.5965325165
503.18396615982056,0.6474740052978261,95391.73687926485
503.2971522808075,0.649219465868294,95391.66319133838
503.4118764400482,0.6437074851194476,95391.99687220455
503.5295684337616,0.6428806880071206,95391.8971849841
503.59477281570435,0.641502692819909,95392.3074664857
503.7090628147125,0.6417782918573514,95393.57671983713
503.8227365016937,0.6402165639785116,95393.41904785341
503.88542914390564,0.6384711034080435,95393.57714306808
503.9985182285309,0.6383792370622294,95394.41942876126
504.1128716468811,0.6374605736040884,95395.17748588514
504.2259364128113,0.6365419101459473,95394.85973729663
504.28828716278076,0.6324079245843125,95393.97376356697
504.40185379981995,0.6325916572759407,95395.27638721028
504.51628494262695,0.6322241918926843,95394.94874848925
504.5699384212494,0.627722740947793,95394.85387364031
504.67094445228577,0.6519754562427172,95393.16848627629
504.7689142227173,0.6585898331413329,95390.35163764867
504.86926770210266,0.6061341496814778,95398.21647388379
504.97073578834534,0.5723273344218865,95409.39482649541
505.0703601837158,0.5583636498581422,95422.85534384586
505.1692805290222,0.457678134845881,95456.16980946128
505.2697353363037,0.4289239686060655,95491.85282851516
505.40021800994873,0.4155114821172059,95527.56754566364
505.515677690506,0.40366072350718607,95560.91079109728
505.6333029270172,0.39695448026275626,95591.61971198756
505.6963737010956,0.39566835142135875,95620.1577407888
505.80953454971313,0.392453029317865,95646.74196670993
505.92397260665894,0.3912587668222816,95670.76777003893
505.98677468299866,0.39171809855135215,95692.19099303504
506.10007667541504,0.39024823701832645,95710.57189373154
506.2160186767578,0.3878597120271597,95728.91470435838
506.3289120197296,0.38887024183111485,95745.22323392254
506.3930118083954,0.3868491822232045,95759.30091053029
506.50753140449524,0.385563053381807,95772.17081947727
506.62080335617065,0.3851955879985506,95785.35373752954
506.6842153072357,0.3851037216527365,95796.9183637766
506.797739982605,0.386389850494134,95808.92652739893
506.91094040870667,0.38335826108226845,95818.43387465904
507.0263650417328,0.38473625626948005,95826.69048719315
507.08865690231323,0.3817046668576145,95834.92143847383
507.20221519470215,0.3801429389787747,95841.62929462644
507.3103573322296,0.3815209341659863,95848.9663651638
507.4241819381714,0.3810616024369158,95854.86972864742
507.48693466186523,0.38207213224087094,95860.68275578268
507.59999108314514,0.3790405428290054,95864.91448020442
507.68019914627075,0.3817965332034286,95869.22303218397
507.76879715919495,0.3986080744874102,95870.90072896559
507.87150716781616,0.4090808379102184,95871.31065606904
507.96997690200806,0.3960358168046152,95873.57959046213
508.0690393447876,0.39631141584205754,95875.12163141591
508.17184042930603,0.40182339659090394,95876.80946827432
508.27169585227966,0.40779470906882087,95875.02852144689
508.3701362609863,0.4065085802274234,95873.12566930222
508.46936893463135,0.40871337252696194,95869.31310237199
508.58350682258606,0.3951171533464741,95867.4817921348
508.69721841812134,0.3937391581592625,95868.43361292132
508.8108539581299,0.380418538016217,95869.59025162918
508.9250204563141,0.37959174090389003,95871.03122646626
508.98792457580566,0.3801429389787747,95872.32810381963
509.1007227897644,0.37949987455807593,95872.89529343767
509.2157633304596,0.3776625476417938,95873.20576409392
509.32911229133606,0.37803001302505024,95873.68518768453
509.39527702331543,0.37665201783783864,95875.11666891609
509.50876021385193,0.3769276168752809,95875.50500202448
509.62370443344116,0.37858121109993487,95874.65450182203
509.6875355243683,0.37656015149202454,95874.28905163983
509.80088233947754,0.3749984236131847,95874.86014647585
509.91527223587036,0.37591708707132576,95875.77413182826
510.0287640094757,0.3761926861087681,95876.79671864545
510.0915422439575,0.3787649437915631,95877.9170467809
510.2065260410309,0.37545775534225523,95879.72534210281
510.31966257095337,0.37600895341713986,95880.75280789254
510.3828315734863,0.37297736400527437,95881.57752710328
510.498193025589,0.37656015149202454,95880.81977439295
510.61130571365356,0.37334482938853075,95882.93779695366
510.7266933917999,0.3756414880338835,95883.84401725829
510.79193091392517,0.37545775534225523,95883.25961553247
510.8705313205719,0.3885027764478584,95881.13365397922
510.96855878829956,0.4049468523485836,95876.62028858131
511.0707097053528,0.4114693629013852,95871.05825972318
511.16924715042114,0.413031090780225,95866.95243375086
511.27228689193726,0.42194212632419337,95861.05719037578
511.37114334106445,0.427637839764668,95853.3514713382
511.47016191482544,0.43700820703770693,95844.81632420438
511.572518825531,0.4394885983746878,95836.03469178395
511.7158169746399,0.43691634069189283,95826.83122260556
511.8291118144989,0.4315880926346746,95819.848100345
511.8922951221466,0.4325986224386298,95812.6632903105
512.0072975158691,0.4299344984100207,95805.89696127946
512.120441198349,0.42956703302676424,95800.50726515151
512.186681509018,0.42671917630652695,95796.75653863636
512.3004994392395,0.42745410707303977,95792.68088477272
512.4140682220459,0.4292914339893219,95788.91279629545
512.528795003891,0.42534118111931535,95784.9215166659
512.5915138721466,0.42570864650257173,95782.6293649993
512.7071022987366,0.42616797823164226,95780.36642849937
512.8208589553833,0.42552491381094354,95779.72978564943
512.8846046924591,0.42414691862373194,95779.65680708448
512.999814748764,0.4252493147735012,95778.59112637604
513.1131527423859,0.4248818493902448,95777.43201373843
513.2284157276154,0.42276892343652034,95776.4888123646
513.2914710044861,0.4258923791942,95775.03993112814
513.4057922363281,0.4223095917074498,95773.53593801532
513.5195715427399,0.4225851907448921,95771.6823442138
513.5863573551178,0.42139092824930874,95771.51410979242
513.6998047828674,0.4223095917074498,95770.66269881319
513.8172285556793,0.42267705709070624,95769.09642893188
513.8800220489502,0.42341198785721906,95767.8867860387
513.9684762954712,0.4230445224739627,95766.59810743482
514.0720160007477,0.4440819156653932,95762.93829669134
514.1691002845764,0.45859679830402206,95757.5444670222
514.2684922218323,0.4682427646145033,95749.49002031998
514.3720905780792,0.480001656878709,95738.64101828799
514.469655752182,0.49176054914291467,95725.3769164592
514.5696761608124,0.5019577135282806,95712.73922481327
514.6702275276184,0.5102256846515502,95699.96530233194
514.7684009075165,0.5196879182704032,95685.46877209874
514.8687443733215,0.5149108682880696,95673.22189488888
514.9691708087921,0.5136247394466721,95662.4997054
515.0694003105164,0.5132572740634157,95652.14973486
515.1690413951874,0.5139922048299286,95641.934761374
515.2689270973206,0.5142678038673709,95633.2412852366
515.3690187931061,0.5121548779136464,95624.41715671294
515.4691219329834,0.5124304769510888,95616.57544104166
515.5692231655121,0.51178741253039,95610.7178969375
515.6688532829285,0.5131654077176016,95606.34610724375
515.7686622142792,0.510041951959922,95599.61149651937
515.8687188625336,0.5105931500348067,95594.45034686744
515.9687807559967,0.5120630115678323,95590.9053121807
516.0687205791473,0.5094907538850373,95586.01478096262
516.1688041687012,0.510960615418063,95583.51330286637
516.2688670158386,0.5099500856141078,95581.56197257973
516.3688073158264,0.5088476894643386,95577.90577532176
516.4690103530884,0.5087558231185245,95575.81519778959
516.5683426856995,0.5105012836889925,95572.53367801063
516.6688148975372,0.5105931500348067,95570.18031020956
516.7686867713928,0.5089395558101527,95569.4622791886
516.868727684021,0.508388357735268,95569.11605126975
516.9687187671661,0.5098582192682938,95567.10444614278
517.068696975708,0.5080208923520116,95565.49400152851
517.1685583591461,0.5101338183057361,95564.54460137567
517.2684514522552,0.5066428971648,95563.69014123811
517.3691432476044,0.5065510308189859,95561.5211271143
517.4689638614655,0.5101338183057361,95561.06901440288
517.5687839984894,0.5075615606229411,95560.0621129626
517.6689546108246,0.5077452933145693,95559.75590166633
517.7689509391785,0.5065510308189859,95559.3803114997
517.8691039085388,0.5086639567727104,95559.14228034973
517.9688127040863,0.5069184962022423,95558.42805231475
518.0689334869385,0.5072859615854988,95557.98524708327
518.168524980545,0.5072859615854988,95558.08672237494
518.269327878952,0.5087558231185245,95557.87805013746
518.3689329624176,0.5067347635106141,95557.59024512372
518.4685323238373,0.5071940952396846,95558.63122061135
518.5688483715057,0.5072859615854988,95557.86809855023
518.6691040992737,0.5085720904268962,95558.0812886952
518.7689638137817,0.5051730356317743,95557.87315982569
518.8687272071838,0.5075615606229411,95557.98584384311
518.9683122634888,0.507469694277127,95558.0872594588
519.0689806938171,0.505816100052473,95559.07853351292
519.1689302921295,0.5056323673608448,95559.37068016162
519.2688336372375,0.507469694277127,95559.73361214546
519.3687207698822,0.505816100052473,95559.86025093091
519.4692809581757,0.5052649019775884,95559.47422583782
519.5686881542206,0.5056323673608448,95558.92680325404
519.6685154438019,0.504897436594332,95558.43412292864
519.7687714099884,0.5056323673608448,95559.39071063578
519.8689048290253,0.5037031740987485,95559.4516395722
519.9688920974731,0.5054486346692166,95560.00647561498
520.068531036377,0.5063672981273577,95559.70582805348
520.1684005260468,0.5029682433322358,95560.33524524815
520.2689309120178,0.5028763769864216,95560.70172072333
520.3687055110931,0.5045299712110756,95561.731548651
520.468665599823,0.504070639482005,95562.15839378591
520.5685701370239,0.5037950404445627,95562.54255440732
520.6685569286346,0.5051730356317743,95563.18829896659
520.7686355113983,0.5037950404445627,95565.06946906993
520.8693618774414,0.5019577135282806,95567.16252216295
520.9691400527954,0.5021414462199087,95567.34626994665
521.0687401294708,0.5026007779489793,95567.91164295199
521.1688101291656,0.5041625058278191,95567.8204786568
521.2693204879761,0.503243842369678,95566.53843079112
521.3692917823792,0.5029682433322358,95566.98458771201
521.4685704708099,0.5013146491075818,95566.98612894081
521.568451166153,0.5026926442947934,95565.28751604674
521.6684267520905,0.5035194414071203,95564.65876444207
521.7690992355347,0.5023251789115369,95564.79288799787
521.8688621520996,0.5026926442947934,95564.21359919808
521.9690334796906,0.5035194414071203,95564.89223927827
522.0691056251526,0.5003041193036266,95564.70301535045
522.1691918373108,0.503243842369678,95564.1327138154
522.268458366394,0.5020495798740947,95564.11944243386
522.3685879707336,0.5035194414071203,95564.40749819047
522.468816280365,0.5041625058278191,95563.96674837143
522.5683629512787,0.5045299712110756,95563.57007353428
522.6686637401581,0.5037950404445627,95563.51306618087
522.7684941291809,0.5019577135282806,95563.46175956278
522.8688008785248,0.5014065154533959,95562.4155836065
522.9684133529663,0.5026926442947934,95561.57402524585
523.0686032772064,0.5028763769864216,95559.61662272127
523.1692678928375,0.503243842369678,95559.45496044915
523.2693116664886,0.5015902481450242,95559.60946440425
523.3686156272888,0.5024170452573511,95558.84851796382
523.4686625003815,0.5034275750613063,95558.36366616744
523.5691273212433,0.4995691885371138,95557.7272995507
523.6685380935669,0.5001203866119984,95556.65456959563
523.7692096233368,0.5034275750613063,95556.38911263607
523.8692235946655,0.5004878519952548,95557.35020137246
523.9688773155212,0.504070639482005,95558.91518123522
524.0689103603363,0.5019577135282806,95559.1236631117
524.168829202652,0.5009471837243253,95557.41129680054
524.2689981460571,0.5023251789115369,95557.97016712048
524.3692739009857,0.5001203866119984,95557.87315040843
524.4686601161957,0.5003041193036266,95557.28583536758
524.5685708522797,0.5004878519952548,95556.15725183084
524.6686925888062,0.5015902481450242,95557.04152664775
524.7692675590515,0.5037031740987485,95557.63737398299
524.8693699836731,0.5010390500701395,95557.07363658468
524.9683787822723,0.5002122529578125,95558.36627292621
525.0686030387878,0.5023251789115369,95560.42964563359
525.1692178249359,0.5027845106406075,95560.78668107023
525.2685194015503,0.5018658471824664,95560.70801296321
525.3685901165009,0.5003959856494408,95562.2372116669
525.4692621231079,0.5002122529578125,95562.2134905002
525.5686755180359,0.5020495798740947,95563.5921414502
525.668416261673,0.5028763769864216,95563.43292730517
525.7685127258301,0.4998447875745561,95563.18963457466
525.8689811229706,0.5000285202661843,95562.5706711172
525.9684300422668,0.500579718341069,95562.21360400548
526.0684895515442,0.5016821144908382,95561.89224360492
526.1693298816681,0.5007634510326971,95561.30301924443
526.2689054012299,0.5030601096780498,95560.57271731998
526.3683738708496,0.5021414462199087,95561.71544558798
526.468608379364,0.5014065154533959,95561.84390102919
526.5685532093048,0.5030601096780498,95560.65951092627
526.6686747074127,0.5021414462199087,95559.99355983365
526.7685782909393,0.5013146491075818,95558.19420385027
526.8686711788177,0.5003959856494408,95557.07478346524
526.9687056541443,0.5004878519952548,95556.16730511872
527.0690956115723,0.5013146491075818,95556.65057460686
527.1688537597656,0.5019577135282806,95557.08551714617
527.268618106842,0.5025089116031652,95557.17696543156
527.3689885139465,0.5003959856494408,95557.6592688884
527.4683849811554,0.5010390500701395,95557.19334199956
527.5688495635986,0.5001203866119984,95558.17400779961
527.668853521347,0.5026926442947934,95558.65660701966
527.7687158584595,0.5015902481450242,95559.3909463177
527.868706703186,0.4983749260415304,95559.55185168593
527.9689409732819,0.5018658471824664,95559.09666651733
528.0688872337341,0.5002122529578125,95559.78699986561
528.1688814163208,0.5000285202661843,95560.40829987905
528.2685036659241,0.5014065154533959,95559.96746989115
528.3690450191498,0.5012227827617677,95561.07072290205
528.4690082073212,0.5009471837243253,95560.56365061185
528.5692369937897,0.5026926442947934,95560.90728555065
528.6689314842224,0.49938545584548555,95561.71655699558
528.7690796852112,0.4995691885371138,95560.54490129603
528.8690664768219,0.5019577135282806,95561.19041116643
528.9687731266022,0.5001203866119984,95560.77137004978
529.068902015686,0.5010390500701395,95559.29423304481
529.1692237854004,0.5033357087154922,95558.16480974034
529.2693240642548,0.5011309164159536,95557.84832876631
529.3689019680023,0.500579718341069,95557.26349588968
529.4688501358032,0.5012227827617677,95558.23714630071
529.5691027641296,0.5006715846868831,95558.21343167065
529.6688935756683,0.5003041193036266,95556.79208850359
529.7687499523163,0.5001203866119984,95556.81287965323
529.8688633441925,0.5007634510326971,95557.0315916879
529.9688642024994,0.5009471837243253,95557.02843251912
530.0689973831177,0.5015902481450242,95556.0255892672
530.1688675880432,0.4985586587331586,95556.02303034048
530.2689116001129,0.5002122529578125,95555.02072730644
530.3687784671783,0.5027845106406075,95555.3186545758
530.4688582420349,0.5007634510326971,95555.38678911823
530.5690190792084,0.49929358949967145,95555.64811020641
530.6692216396332,0.4990179904622291,95556.18329918578
530.768933057785,0.4998447875745561,95556.9649692672
530.8688387870789,0.49791559431245985,95557.06847234048
530.9693126678467,0.49910985680804326,95556.76162510643
531.0683472156525,0.49947732219129964,95557.58546259579
531.1691508293152,0.4972725298917611,95558.92691633622
531.268639087677,0.4962620000878059,95560.1342247026
531.3691802024841,0.49313854433012627,95560.52080223233
531.4688091278076,0.4944246731715238,95561.8687220091
531.5685274600983,0.4942409404798956,95561.68184980818
531.6691219806671,0.49267921260105574,95561.91366482736
531.7693476676941,0.4960782673961777,95562.32229834463
531.8688485622406,0.4958945347045495,95562.99006851016
531.9684247970581,0.4956189356671072,95563.59106165914
532.069174528122,0.49451653951733787,95564.23195549323
532.1686460971832,0.4950677375922225,95563.30875994392
532.2685675621033,0.4959864010503636,95563.77788394953
532.3683738708496,0.49258734625524164,95564.80009555457
532.4684257507324,0.4934141433675686,95565.02008599912
532.569258928299,0.4947921385547802,95565.11807739921
532.6685345172882,0.4930466779843122,95565.00626965928
532.7691330909729,0.4955270693212931,95565.70564269336
532.8688473701477,0.4960782673961777,95565.83507842402
532.968430519104,0.4947921385547802,95566.55157058162
533.0685122013092,0.5004878519952548,95565.99641352346
533.1686198711395,0.4995691885371138,95566.19677217113
533.2692840099335,0.5014065154533959,95565.77709495401
533.3693406581879,0.5020495798740947,95565.19938545862
533.4688093662262,0.5014065154533959,95564.47944691277
533.5686657428741,0.5043462385194474,95563.43150222149
533.6684658527374,0.504897436594332,95562.88835199934
533.7693393230438,0.5055405010150307,95562.9995167994
533.868889093399,0.5065510308189859,95562.99956511948
533.9685280323029,0.5056323673608448,95562.49960860754
534.0687274932861,0.5022333125657229,95563.3496477468
534.1686797142029,0.5050811692859601,95564.31468297212
534.2688114643097,0.5029682433322358,95564.68321467492
534.3688380718231,0.5026926442947934,95564.71489320743
534.4687902927399,0.5030601096780498,95564.5434038867
534.5689558982849,0.5018658471824664,95564.38906349803
534.6690649986267,0.5054486346692166,95562.95015714824
534.7688291072845,0.5021414462199087,95563.95514143343
534.8685917854309,0.5015902481450242,95562.55962729009
534.9693622589111,0.5036113077529345,95562.20366456108
535.0687763690948,0.500579718341069,95561.08329810498
535.168643951416,0.5029682433322358,95560.97496829448
535.2693061828613,0.4998447875745561,95560.67747146504
535.3686807155609,0.5010390500701395,95561.50972431853
535.4685547351837,0.5001203866119984,95561.75875188668
535.5692155361176,0.5011309164159536,95560.982876698
535.6690595149994,0.5023251789115369,95560.5845890282
535.7687616348267,0.49920172315385736,95561.22613012539
535.8685626983643,0.5007634510326971,95562.20351711285
535.9685904979706,0.5017739808366524,95560.78316540158
536.0686190128326,0.5011309164159536,95560.30484886143
536.1686849594116,0.5014065154533959,95561.3743639753
536.2687504291534,0.5030601096780498,95560.93692757776
536.3687019348145,0.5008553173785113,95561.84323481999
536.4688150882721,0.5003959856494408,95561.55891133798
536.5687630176544,0.5026007779489793,95562.10302020419
536.6686999797821,0.5014065154533959,95563.19271818377
536.7692198753357,0.49947732219129964,95563.77344636539
536.8687393665314,0.4990179904622291,95563.99610172886
536.9688811302185,0.5012227827617677,95563.59649155597
537.0692410469055,0.5010390500701395,95563.83684240039
537.1683871746063,0.5028763769864216,95563.15315816035
537.2691593170166,0.5025089116031652,95564.43784234433
537.3686459064484,0.5026926442947934,95564.89405810989
537.4692280292511,0.5013146491075818,95565.80465229889
537.568843126297,0.4990179904622291,95564.924187069
537.6686732769012,0.5003041193036266,95564.6317683621
537.768482208252,0.4998447875745561,95565.0685915259
537.8690555095673,0.5004878519952548,95567.16173237331
537.9686634540558,0.5013146491075818,95568.64555913597
538.0685608386993,0.5006715846868831,95568.58100322238
538.1692085266113,0.4996610548829279,95568.92290290014
538.2687652111053,0.49938545584548555,95569.73061261013
538.3685019016266,0.4995691885371138,95570.45755134911
538.468558549881,0.5002122529578125,95570.01179621421
538.5692622661591,0.5003041193036266,95569.41061659278
538.6689691543579,0.5007634510326971,95569.9695549335
538.7687931060791,0.4998447875745561,95569.87259944015
538.8683931827545,0.5019577135282806,95569.18533949614
538.9686028957367,0.5026007779489793,95569.86680554652
539.0687034130096,0.5014065154533959,95569.98012499188
539.1685359477997,0.5021414462199087,95570.1821124927
539.268479347229,0.5014065154533959,95571.16390124343
539.3685066699982,0.5017739808366524,95570.54751111909
539.4684302806854,0.5019577135282806,95569.29276000719
539.5686187744141,0.4974562625833893,95568.06348400646
539.6683673858643,0.5002122529578125,95567.05713560582
539.7684168815613,0.5002122529578125,95568.15142204524
539.8685538768768,0.499752921228742,95567.43627984072
539.968386888504,0.4990179904622291,95565.79265185665
540.0684208869934,0.498926124116415,95566.11338667099
540.168429851532,0.49653759912524825,95566.20204800389
540.2693026065826,0.4936897424050109,95566.7818432035
540.3691737651825,0.48900455876849147,95566.40365888315
540.4687478542328,0.49111748472221595,95566.86329299485
540.5685949325562,0.49038255395570307,95566.17696369537
540.6683819293976,0.48973948953500435,95566.35926732584
540.7690818309784,0.4889126924226774,95566.92334059326
540.8685417175293,0.4908418856847736,95566.93100653394
540.9687309265137,0.49047442030151717,95565.93790588055
541.068737745285,0.48973948953500435,95565.3441152925
541.1684250831604,0.490290687609889,95566.30970376324
541.2685852050781,0.4906581529931454,95565.77873338692
541.3689234256744,0.48854522703942094,95565.30086004824
541.4684045314789,0.49139308375965823,95565.87077404343
541.5683887004852,0.48909642511430557,95566.28369663909
541.6690564155579,0.4921280145261711,95566.55532697518
541.768709897995,0.4833088453280168,95566.59979427766
541.8689405918121,0.4934141433675686,95566.03981484991
541.9691462516785,0.5116955461845759,95565.13583336491
542.0691859722137,0.5006715846868831,95565.02225002841
542.1684281826019,0.4896476231891902,95564.02002502557
542.269189119339,0.4683346309603174,95564.31802252302
542.3691883087158,0.4737547453633497,95565.48622027073
542.4691591262817,0.4948840049005943,95566.03759824367
542.5683839321136,0.5082046250436398,95567.2338384193
542.6689205169678,0.5037031740987485,95568.51045457736
542.7691335678101,0.5291501518892562,95568.95940911963
542.8684587478638,0.5651617594483862,95570.46346820767
542.9689345359802,0.5810546372742267,95570.11712138691
543.0689299106598,0.5842699593777204,95571.20540924823
543.1683566570282,0.5703062748139761,95572.4848683234
543.2686874866486,0.57195986903863,95572.03638149107
543.3685102462769,0.5276802903562305,95571.83274334196
543.4690411090851,0.5021414462199087,95571.44946900777
543.5692946910858,0.4956189356671072,95572.20452210699
543.6692461967468,0.49920172315385736,95572.68406989629
543.7691991329193,0.49185241548872877,95572.01566290668
543.8691987991333,0.48303324629057454,95572.41409661602
543.9689190387726,0.49313854433012627,95571.67268695442
544.0689268112183,0.4934141433675686,95571.20541825898
544.1689059734344,0.49323041067594037,95571.38487643309
544.2689583301544,0.49323041067594037,95571.14638878978
544.3686814308167,0.4915768164512865,95571.7317499108
544.4687004089355,0.49130121741384414,95571.35857491972
544.5688049793243,0.49038255395570307,95571.12271742774
544.6686773300171,0.48918829146011966,95569.71044568496
544.7690613269806,0.48716723185220934,95570.03940111648
544.8685710430145,0.4852380385901131,95568.33546100483
544.9689688682556,0.48909642511430557,95567.20191490435
545.0690252780914,0.486891632814767,95567.18172341392
545.1687512397766,0.48781029627290806,95567.86355107251
545.2689003944397,0.48716723185220934,95567.37719596527
545.3687415122986,0.48487057320685667,95568.33947636874
545.4690713882446,0.4874428308896516,95568.30552873187
545.56915807724,0.4909337520305877,95568.37497585868
545.6686246395111,0.49056628664733126,95567.03747827282
545.7688331604004,0.492036148180357,95566.53373044553
545.8688309192657,0.49120935106803004,95565.68035740098
545.9689824581146,0.48973948953500435,95565.31232166088
546.0689399242401,0.48992322222663254,95564.3810894948
546.1687746047974,0.49010695491826073,95563.84298054532
546.2692949771881,0.49277107894686983,95564.65868249079
546.3687720298767,0.492862945292684,95565.19281424172
546.468829870224,0.48973948953500435,95566.07353281754
546.5692069530487,0.4909337520305877,95565.16617953578
546.6687097549438,0.48872895973104913,95564.3495615822
546.7687768936157,0.489463890497562,95564.11460542398
546.868451833725,0.4892801578059338,95563.00314488159
546.9684257507324,0.490290687609889,95562.70283039343
547.0689532756805,0.49056628664733126,95561.7325473541
547.1686580181122,0.4910256183764018,95561.5592926187
547.2687623500824,0.4879940289645363,95560.70336335684
547.3685846328735,0.4919442818345429,95561.73302702115
547.4688630104065,0.4879940289645363,95561.45972431904
547.5686767101288,0.4901988212640749,95561.31375188714
547.66934633255,0.49047442030151717,95560.38237669843
547.7688746452332,0.48716723185220934,95560.64413902859
547.869048833847,0.48735096454383753,95560.67972512574
547.9690101146698,0.4867079001231388,95561.81175261317
548.0692551136017,0.4888208260768633,95562.43057735186
548.1690692901611,0.49010695491826073,95562.48751961668
548.2686033248901,0.4880858953103504,95563.03876765502
548.3689019680023,0.48725909819802343,95563.63489088952
548.4686615467072,0.4861567020482542,95564.27140180056
548.5689268112183,0.48790216261872216,95562.84426162051
548.668942451477,0.48716723185220934,95562.25983545846
548.7687273025513,0.48496243955267077,95561.83385191263
548.8686292171478,0.4867079001231388,95562.15046672136
548.9689900875092,0.48606483570244,95562.83542004922
549.0686750411987,0.48496243955267077,95563.25187804429
549.1688833236694,0.48652416743151056,95561.62669023986
549.269159078598,0.48634043473988237,95561.96402121588
549.3691759109497,0.4866160337773247,95561.0676190943
549.4689729213715,0.4861567020482542,95561.66085718488
549.5687890052795,0.4842275087861579,95561.79477146639
549.6691918373108,0.48505430589848486,95560.21529431976
549.7685220241547,0.4818389837949911,95560.89376488778
549.8688831329346,0.48367631071127326,95561.304388399
549.9691352844238,0.48441124147778614,95562.0739495591
550.0688035488129,0.48248204821568985,95561.46655460319
550.1691973209381,0.48165525110336294,95562.01989914288
550.2684693336487,0.48174711744917703,95560.81790922859
550.3685972690582,0.4751327405505613,95560.43611830573
550.4689915180206,0.4995691885371138,95560.89250647517
550.5685636997223,0.4839519097487156,95561.60325582765
550.6690123081207,0.48790216261872216,95561.24293024489
550.7691478729248,0.4936897424050109,95560.51863722039
550.8690874576569,0.5023251789115369,95560.26677349836
550.9686353206635,0.48441124147778614,95559.94009614852
551.0687384605408,0.4819308501408052,95561.04608653368
551.1685557365417,0.4847787068610425,95560.84147788031
551.2687902450562,0.48973948953500435,95561.15733009228
551.3693470954895,0.4962620000878059,95560.74159708305
551.4691936969757,0.5020495798740947,95560.96743737475
551.5690865516663,0.49819119334990214,95562.37069363728
551.6686146259308,0.4888208260768633,95563.03362427355
551.7684378623962,0.4636494473237979,95563.8302618462
551.8687808513641,0.48496243955267077,95565.94723566159
551.9685535430908,0.48634043473988237,95565.55251209543
552.0687956809998,0.4792667261121961,95565.49726088588
552.1684982776642,0.5025089116031652,95565.0475347973
552.2692408561707,0.4919442818345429,95565.34278131757
552.3685283660889,0.47017195787659954,95565.7085031858
552.4688372612,0.47145808671799705,95565.33765286722
552.5686268806458,0.5121548779136464,95566.40388758051
552.6691117286682,0.5348458653297309,95566.76349882246
552.7691991329193,0.4895557568433761,95566.28714894022
552.8687624931335,0.4521661540970346,95565.9584340462
552.9686734676361,0.472284883830324,95565.56259064158
553.0690720081329,0.4845949741694143,95564.50633157743
553.1690447330475,0.4888208260768633,95564.55569841969
553.2688581943512,0.4916686827971006,95564.80012857771
553.3692018985748,0.48652416743151056,95564.42011571996
553.4692459106445,0.4875346972354658,95565.27810414796
553.5689430236816,0.49929358949967145,95565.15029373317
553.6686336994171,0.49120935106803004,95566.03526435985
553.7691204547882,0.4804609886077795,95565.43173792386
553.8688576221466,0.4820227164866193,95566.18856413149
553.9688403606415,0.5071940952396846,95564.96970771834
554.0689599514008,0.48973948953500435,95563.97273694651
554.1690545082092,0.47219301748450987,95563.87546325187
554.2690851688385,0.47559207227963185,95562.78791692668
554.3691027164459,0.48992322222663254,95562.80912523402
554.4689724445343,0.48248204821568985,95561.42821271061
554.5691030025482,0.48349257801964507,95561.48539143955
554.6687874794006,0.48312511263638863,95561.4368522956
554.7690715789795,0.49644573277943416,95561.79316706605
554.8691492080688,0.5010390500701395,95562.41385035944
554.9688267707825,0.49139308375965823,95563.3724653235
555.0687334537506,0.5153702000171402,95564.03521879115
555.1692531108856,0.5080208923520116,95563.83169691204
555.2689204216003,0.5168400615501659,95563.94852722084
555.3689684867859,0.48781029627290806,95564.45367449876
555.468888759613,0.4842275087861579,95564.70830704887
555.5685482025146,0.48358444436545917,95563.63747634398
555.6693315505981,0.49120935106803004,95563.97372870958
555.7685303688049,0.5132572740634157,95565.27635583862
555.8684332370758,0.504897436594332,95565.14872025476
555.9694130420685,0.48376817705708736,95564.83384822927
556.068525314331,0.484319375131972,95565.75046340634
556.16929936409,0.49672133181687644,95565.97541706571
556.268406867981,0.5072859615854988,95565.17787535915
556.3686363697052,0.48762656358127987,95564.06008782324
556.4684131145477,0.4854217712817413,95564.75407904093
556.5684285163879,0.48229831552406166,95564.97867113684
556.6691610813141,0.49249547990942755,95564.38080402315
556.769166469574,0.5026926442947934,95564.04272362085
556.8683938980103,0.48863709338523503,95564.33845125877
556.9684998989105,0.48312511263638863,95564.40460613288
557.0692894458771,0.4834007116738309,95563.86414551959
557.1692571640015,0.4833088453280168,95562.87773096762
557.2687721252441,0.4829413799447604,95562.48995787086
557.3686337471008,0.48358444436545917,95563.74096208377
557.4685604572296,0.48376817705708736,95562.96686587541
557.5687069892883,0.48303324629057454,95563.67017928787
557.6685566902161,0.4832169789822027,95564.20316135908
557.7685117721558,0.4842275087861579,95564.18284522317
557.8692331314087,0.4841356424403438,95563.66456070085
557.9690546989441,0.4813796520659206,95563.19810463076
558.0684380531311,0.4845949741694143,95562.77829416769
558.1689450740814,0.484319375131972,95562.60046475093
558.2684972286224,0.4827576472531322,95561.74041827583
558.3685600757599,0.48239018186987576,95561.86637644825
558.468478679657,0.48367631071127326,95562.07973880343
558.5691373348236,0.4829413799447604,95562.17176492308
558.6686189174652,0.48303324629057454,95561.25458843078
558.7686471939087,0.4853299049359272,95560.8291295877
558.8688559532166,0.48239018186987576,95561.44621662893
558.9685852527618,0.4777968645791704,95562.60159496604
559.0686628818512,0.4792667261121961,95562.34143546944
559.1687972545624,0.49001508857244663,95561.9072919225
559.2687013149261,0.5107768827264348,95561.51656273025
559.3686525821686,0.48790216261872216,95561.56490645722
559.4689428806305,0.49396534144245324,95561.4084158115
559.5687234401703,0.5026926442947934,95561.26757423035
559.6688094139099,0.4814715184117347,95562.34081680732
559.7691864967346,0.4833088453280168,95561.4067351266
559.8692438602448,0.49515960393803665,95560.36606161395
559.9692726135254,0.4960782673961777,95559.62945545257
560.0693545341492,0.4806447212994077,95559.36650990731
560.1688749790192,0.47706193381265755,95559.32985891658
560.2686693668365,0.4780724636166127,95558.19687302492
560.3690295219421,0.4788992607289397,95558.97718572244
560.4692559242249,0.49047442030151717,95559.0794671502
560.569251537323,0.4950677375922225,95558.97152043518
560.6690719127655,0.4944246731715238,95558.97436839166
560.7689924240112,0.5087558231185245,95559.3769315525
560.8688855171204,0.5018658471824664,95559.23923839725
560.968918800354,0.47706193381265755,95558.81531455752
561.069082736969,0.46263891751984276,95560.23378310178
561.16868019104,0.486891632814767,95560.01040479161
561.2690374851227,0.47834806265405505,95560.10936431246
561.3683836460114,0.4814715184117347,95560.49842788122
561.469250202179,0.4892801578059338,95560.2485850931
561.5687427520752,0.4813796520659206,95560.0237265838
561.669347524643,0.47559207227963185,95560.62135392542
561.7688870429993,0.4867997664689529,95560.45921853288
561.8691990375519,0.4785317953456833,95560.41329667959
561.9685468673706,0.4758676713170742,95560.37196701163
562.0688712596893,0.48220644917824756,95559.03477031046
562.1688866615295,0.4840437760945297,95558.33129327942
562.268878698349,0.4846868405152284,95558.0981639515
562.3690748214722,0.48386004340290145,95557.58834755635
562.4692087173462,0.4834007116738309,95557.02951280071
562.5687644481659,0.48386004340290145,95558.22656152064
562.6689913272858,0.48367631071127326,95557.50390536859
562.7688188552856,0.48303324629057454,95557.45351483174
562.868668794632,0.48239018186987576,95557.50816334857
562.969099521637,0.4827576472531322,95558.05734701372
563.06858086586,0.4840437760945297,95558.65161231234
563.1689598560333,0.484319375131972,95559.08645108111
563.2692971229553,0.4840437760945297,95558.577805973
563.3687281608582,0.482573914561504,95557.92002537569
563.4693050384521,0.4852380385901131,95558.12802283812
563.568451166153,0.48220644917824756,95558.61522055432
563.6689460277557,0.4812877857201065,95558.15369849888
563.7688071727753,0.48220644917824756,95559.138328649
563.8693706989288,0.4820227164866193,95560.2244957841
563.9691243171692,0.48165525110336294,95561.10204620569
564.0685541629791,0.486891632814767,95560.89184158512
564.1684772968292,0.48312511263638863,95560.80265742661
564.2691793441772,0.4832169789822027,95561.12239168395
564.368390083313,0.4854217712817413,95561.51015251556
564.4688477516174,0.4846868405152284,95561.059137264
564.5690321922302,0.4840437760945297,95562.3532235376
564.669350862503,0.48312511263638863,95561.31790118384
564.769036769867,0.4819308501408052,95561.98611106546
564.8685436248779,0.4879940289645363,95560.58749995891
564.9691154956818,0.48781029627290806,95561.02874996302
565.06849360466,0.470539423259856,95561.72587496672
565.169011592865,0.47081502229729827,95561.55328747006
565.2692954540253,0.4786236616914974,95560.49795872306
565.3687896728516,0.4683346309603174,95560.74816285077
565.4687457084656,0.48101218668266416,95560.7733465657
565.5686323642731,0.4766944684294011,95561.29601190913
565.668625831604,0.48101218668266416,95561.96641071822
565.7690417766571,0.4820227164866193,95561.5697696464
565.8686943054199,0.4826657809073181,95561.61279268176
565.9684801101685,0.4815633847575488,95561.45151341359
566.0688850879669,0.48707536550639524,95562.50636207222
566.1687846183777,0.5084802240810822,95563.755725865
566.2692677974701,0.5026007779489793,95564.5801532785
566.3690693378448,0.48239018186987576,95564.62213795065
566.4689061641693,0.4818389837949911,95564.55992415558
566.5688619613647,0.48588110301081183,95562.70393174002
566.6685135364532,0.5046218375568896,95561.73353856603
566.7693927288055,0.5076534269687552,95562.06018470942
566.8684284687042,0.5062754317815436,95562.25416623848
566.9688467979431,0.4881777616561645,95562.12874961464
567.068879365921,0.484319375131972,95562.11587465317
567.1690878868103,0.4788992607289397,95561.50428718787
567.2684125900269,0.47834806265405505,95560.85385846908
567.3691666126251,0.4874428308896516,95561.16847262217
567.4692573547363,0.5069184962022423,95560.95162535996
567.5690867900848,0.5124304769510888,95561.35646282397
567.6691381931305,0.5105931500348067,95561.52081654158
567.7686054706573,0.4942409404798956,95561.66873488743
567.8687376976013,0.4747652751673049,95561.6018613987
567.9692902565002,0.48220644917824756,95561.34167525882
568.0685038566589,0.49249547990942755,95561.60750773294
568.1688227653503,0.5068266298564282,95561.34675695964
568.269082069397,0.5000285202661843,95560.91208126367
568.3690090179443,0.49819119334990214,95561.42087313731
568.4684932231903,0.49258734625524164,95561.67878582358
568.568794965744,0.48909642511430557,95561.91090724121
568.6689643859863,0.4933222770217545,95561.31981651709
568.7684381008148,0.4893720241517479,95561.68783486538
568.8684470653534,0.48790216261872216,95561.91905137885
568.9687266349792,0.4815633847575488,95561.72714624097
569.068409204483,0.4845949741694143,95562.55443161688
569.1691255569458,0.47945045880382436,95563.7989884552
569.2685334682465,0.4807365876452218,95563.21908960967
569.369170665741,0.48578923666499774,95563.2971806487
569.4684932231903,0.48441124147778614,95564.66746258384
569.5690267086029,0.4847787068610425,95564.00071632546
569.6686227321625,0.4847787068610425,95563.80064469292
569.7691540718079,0.4854217712817413,95564.02058022363
569.8684175014496,0.48624856839406827,95564.41852220127
569.9692442417145,0.4834007116738309,95564.47666998114
570.0690286159515,0.48174711744917703,95564.32900298304
570.1693067550659,0.4790829934205679,95563.89610268474
570.2684121131897,0.477429399195914,95564.20649241627
570.3688967227936,0.4720092847928817,95564.38584317465
570.4691474437714,0.47421407709242025,95564.04725885719
570.5692164897919,0.470539423259856,95563.44253297147
570.6684236526489,0.4847787068610425,95563.59827967433
570.7686324119568,0.4930466779843122,95564.1384517069
570.869069814682,0.48505430589848486,95564.92460653621
570.9688975811005,0.4759595376628883,95565.43214588259
571.0684614181519,0.47550020593381775,95564.98893129434
571.1687207221985,0.48101218668266416,95564.6900381649
571.2693090438843,0.48239018186987576,95564.92103434842
571.3693091869354,0.482573914561504,95564.02893091358
571.4685807228088,0.47972605784126665,95564.22603782223
571.5684902667999,0.4745815424756767,95565.00343404
571.6688294410706,0.4642925117444967,95566.703090636
571.7688314914703,0.4570350704251822,95569.3327815724
571.8691508769989,0.4642925117444967,95571.59950341516
571.9691138267517,0.467967165577061,95573.63955307363
572.06933760643,0.474857141513119,95574.87559776628
572.1683595180511,0.4760514040087024,95575.28803798965
572.2689332962036,0.47357101267172147,95576.25923419069
572.3688027858734,0.4765107357377729,95577.33331077162
572.4691476821899,0.47090688864311236,95579.79997969445
572.5690371990204,0.46815089826868916,95581.51998172501
572.6685729026794,0.47154995306381114,95582.66798355251
572.7684762477875,0.4776131318875422,95584.60118519726
572.8693130016327,0.47687820112102935,95585.94106667754
572.9687912464142,0.46879396268938794,95586.9469600098
573.0685675144196,0.4606178579119324,95587.15226400881
573.1685125827789,0.45933172907053493,95587.23703760793
573.2692708969116,0.45326855024680385,95587.51333384715
573.3683526515961,0.45878053099565025,95587.76200046243
573.4692285060883,0.440499128178643,95588.68580041619
573.5685360431671,0.44013166279538657,95588.11722037458
573.6686601638794,0.49662946547106235,95587.80549833713
573.7688856124878,0.48211458283243347,95589.32494850342
573.8690428733826,0.49414907413408143,95590.29245365308
573.9692296981812,0.48110405302847825,95591.86320828777
574.0687308311462,0.49176054914291467,95591.27688745901
574.1690452098846,0.5066428971648,95591.94919871312
574.2690653800964,0.4910256183764018,95592.4542788418
574.3684742450714,0.4712743540263688,95592.50885095763
574.4686377048492,0.46631357135240703,95592.55796586187
574.5691473484039,0.45933172907053493,95592.00216927569
574.6688814163208,0.4773375328500999,95593.20195234811
574.7690334320068,0.47550020593381775,95593.7817571133
574.8687915802002,0.47963419149545256,95594.10358140197
574.9691262245178,0.46603797231496474,95594.99322326177
575.0687680244446,0.46383318001542617,95594.9939009356
575.1687405109406,0.46668103673566347,95594.79451084205
575.2684164047241,0.46603797231496474,95594.71505975784
575.3692243099213,0.46254705117402867,95596.14355378205
575.4690098762512,0.4549221444714578,95596.82919840385
575.5690538883209,0.4481240348812139,95597.24627856347
575.6692054271698,0.4495020300684255,95597.62165070714
575.7686741352081,0.4501450944891242,95597.75948563642
575.8686587810516,0.4563001396586694,95596.88353707278
575.968878030777,0.46135278867844526,95597.0951833655
576.0686213970184,0.46107718964100297,95596.48566502896
576.1691901683807,0.47145808671799705,95597.33709852607
576.2686789035797,0.4745815424756767,95598.60338867347
576.3684303760529,0.4815633847575488,95599.34304980612
576.4693529605865,0.4867079001231388,95600.20874482552
576.5691969394684,0.47899112707475383,95600.08787034296
576.6685705184937,0.48624856839406827,95600.67908330867
576.7691271305084,0.5093070211934091,95600.6111749778
576.8686072826385,0.5361319941711283,95601.05005748002
576.9686541557312,0.5770125180584059,95601.94505173202
577.0691425800323,0.5585473825497704,95600.65054655881
577.1690142154694,0.46677290308147756,95601.68549190294
577.2689366340637,0.42616797823164226,95600.91694271265
577.3685534000397,0.43480341473816836,95600.02524844138
577.4693100452423,0.4263517109232705,95598.72272359724
577.5685722827911,0.42690290899815514,95597.45045123753
577.6688544750214,0.4447249800860919,95595.40540611377
577.768990278244,0.48900455876849147,95594.5648655024
577.8689322471619,0.5669990863646683,95594.00837895216
577.9686801433563,0.6316729938177996,95593.70754105695
578.0692291259766,0.658681699487147,95593.33678695126
578.1691579818726,0.6610702244783139,95593.80310825614
578.2687120437622,0.5456860941357955,95594.22279743053
578.3688905239105,0.4685183636519456,95593.10051768748
578.4685528278351,0.4642925117444967,95592.69046591873
578.5683887004852,0.46548677424008006,95592.72141932686
578.668948173523,0.4608934569493747,95592.34927739417
578.7689652442932,0.46116905598681707,95592.31434965476
578.8689942359924,0.4623633184824004,95592.38291468928
578.9692277908325,0.46401691270705436,95592.54462322035
579.0687520503998,0.46346571463216973,95592.79016089832
579.1692481040955,0.4644762444361249,95593.71114480849
579.269092798233,0.46263891751984276,95594.24003032764
579.3692138195038,0.46245518482821457,95593.41602729488
579.468403339386,0.45942359541634903,95593.3744245654
579.5682165622711,0.4630982492489133,95593.03698210885
579.6691670417786,0.4632819819405415,95592.13328389796
579.7686569690704,0.46337384828635564,95592.21995550816
579.8690814971924,0.4608934569493747,95593.49795995734
579.9682025909424,0.46263891751984276,95593.94816396161
580.0687346458435,0.4650274425110095,95593.75334756545
580.1687400341034,0.46208771944495813,95595.47801280892
580.2691686153412,0.45979106079960547,95594.83021152802
580.3684892654419,0.46263891751984276,95594.04719037522
580.469269990921,0.463741313669612,95593.94247133771
580.5685694217682,0.4619039867533299,95595.34822420395
580.6691691875458,0.46135278867844526,95595.11340178356
580.7693395614624,0.4608934569493747,95594.3020616052
580.8692579269409,0.4631901155947274,95595.07185544468
580.968505859375,0.4629145165572851,95595.66466990022
581.068407535553,0.4616283877158876,95597.7982029102
581.1684093475342,0.46420064539868255,95598.21838261918
581.2687358856201,0.4632819819405415,95597.99654435727
581.3689632415771,0.4583211992665797,95599.59688992154
581.4687838554382,0.4630982492489133,95600.53720092938
581.5685830116272,0.46245518482821457,95600.88348083643
581.6690058708191,0.46135278867844526,95601.4951327528
581.769289970398,0.46144465502425935,95601.64561947752
581.8689594268799,0.4606178579119324,95601.28105752978
581.968588590622,0.45850493195820796,95601.75295177681
582.0687575340271,0.4623633184824004,95601.47765659913
582.1693480014801,0.4616283877158876,95601.32989093922
582.2684700489044,0.4605259915661183,95601.39690184529
582.369062423706,0.46199585309914404,95601.55721166077
582.4688086509705,0.46245518482821457,95601.4014904947
582.5686161518097,0.46126092233263116,95601.46134144523
582.669061422348,0.46208771944495813,95601.61520730071
582.7684569358826,0.46245518482821457,95600.85368657064
582.8692281246185,0.4623633184824004,95600.26831791358
582.9686937332153,0.45878053099565025,95599.24148612222
583.0686283111572,0.4631901155947274,95597.91733751
583.168817281723,0.46080159060356063,95598.42560375901
583.2687892913818,0.46080159060356063,95599.28304338311
583.3689985275269,0.4605259915661183,95601.15473904481
583.4688611030579,0.4606178579119324,95601.63926514034
583.5687234401703,0.4609853232951888,95601.87533862631
583.6689677238464,0.46254705117402867,95600.78780476369
583.7690331935883,0.4609853232951888,95600.70902428732
583.8688683509827,0.46144465502425935,95598.83812185859
583.9690320491791,0.46199585309914404,95598.25430967273
584.0690457820892,0.46006665983704775,95598.32887870545
584.1692488193512,0.45795373388332333,95598.79599083491
584.2688717842102,0.4574944021542528,95598.41639175142
584.3689858913422,0.4565757386961117,95597.57475257629
584.4691071510315,0.4529010848635474,95596.71727731865
584.5691959857941,0.4619039867533299,95596.04554958678
584.6688764095306,0.4644762444361249,95596.44099462811
584.769031047821,0.46144465502425935,95596.6968951653
584.868490934372,0.46392504636124027,95596.62720564878
584.9689400196075,0.45850493195820796,95598.06448508392
585.0684907436371,0.45731066946262455,95597.35803657553
585.168970823288,0.4581374665749515,95598.02223291798
585.2685348987579,0.45942359541634903,95597.62000962617
585.3689460754395,0.460250392528676,95596.55800866356
585.4685516357422,0.4606178579119324,95596.4022077972
585.5685968399048,0.4655786405858942,95595.76198701748
585.6691014766693,0.46401691270705436,95595.58578831573
585.7693910598755,0.46273078386565686,95597.02720948416
585.8684425354004,0.46217958579077223,95596.72448853575
585.968756198883,0.46622170500659293,95596.05203968218
586.0687355995178,0.46686476942729166,95596.34683571396
586.1687843799591,0.4677834328854328,95596.31215214258
586.2686245441437,0.46759970019380453,95596.68093692833
586.3687443733215,0.467967165577061,95596.3128432355
586.4692347049713,0.4659461059691506,95597.68155891195
586.5689754486084,0.46521117520263777,95598.11340302076
586.6689147949219,0.4604341252203042,95597.30206271869
586.768548488617,0.4604341252203042,95597.67185644683
586.8691539764404,0.4595154617621631,95597.10467080215
586.9694674015045,0.4590561300330926,95597.69420372194
587.0686585903168,0.45721880311681046,95597.82478334974
587.1684844493866,0.4595154617621631,95596.84230501477
587.268711566925,0.4605259915661183,95597.05807451329
587.368949174881,0.46080159060356063,95596.55226706195
587.4687535762787,0.4583211992665797,95596.29704035576
587.5686075687408,0.4583211992665797,95595.46733632019
587.6692576408386,0.45795373388332333,95595.82060268817
587.768684387207,0.45721880311681046,95597.53854241935
587.86931848526,0.45721880311681046,95598.08468817742
587.9686367511749,0.45804560022913743,95597.77621935969
588.0691635608673,0.45859679830402206,95597.99859742372
588.1692931652069,0.46006665983704775,95598.79873768135
588.268660068512,0.47283608190520865,95600.31886391321
588.3685007095337,0.4888208260768633,95599.4869775219
588.4694328308105,0.47678633477521526,95599.7382797697
588.5687999725342,0.4591479963789067,95599.16445179273
588.6685807704926,0.45740253580843865,95599.14800661345
588.7689964771271,0.44647044065655994,95599.53320595212
588.8688161373138,0.44371445028213674,95598.57988535691
588.9686980247498,0.4408665935618994,95598.72189682123
589.0689642429352,0.509215154847595,95599.5497071391
589.1687388420105,0.45878053099565025,95600.29473642519
589.2690880298615,0.4565757386961117,95601.26526278268
589.368577003479,0.4603422588744901,95601.8387365044
589.469232082367,0.4554733425463424,95602.15486285396
589.5693244934082,0.4650274425110095,95602.43937656857
589.6686894893646,0.4596991944537913,95603.69543891172
589.7687630653381,0.4554733425463424,95603.22589502054
589.8685448169708,0.4592398627247208,95602.50330551849
589.9684867858887,0.47412221074660615,95603.05297496665
590.0685133934021,0.4745815424756767,95604.54767747
590.1684708595276,0.45979106079960547,95604.592909723
590.269279718399,0.4582293329207656,95602.9336187507
590.3690888881683,0.48312511263638863,95602.94025687563
590.4692015647888,0.46080159060356063,95601.24623118808
590.569078207016,0.45712693677099636,95600.22160806927
590.6686716079712,0.45666760504192583,95598.09944726234
590.7686583995819,0.480001656878709,95598.6895025361
590.8685915470123,0.46245518482821457,95598.92055228249
590.9693427085876,0.4514312233305217,95598.22849705424
591.0690605640411,0.46144465502425935,95599.30564734881
591.1688346862793,0.4759595376628883,95598.97508261394
591.2686493396759,0.477429399195914,95598.07757435254
591.3684973716736,0.4461948416191176,95599.2698169173
591.4685454368591,0.42570864650257173,95599.74283522557
591.5692853927612,0.41257175905115445,95599.46855170302
591.6685428619385,0.42341198785721906,95599.9216965327
591.769238948822,0.49387347509663915,95600.32952687943
591.8684985637665,0.48634043473988237,95601.4965741915
591.968722820282,0.5056323673608448,95601.24691677235
592.0692656040192,0.4747652751673049,95600.12222509511
592.169106721878,0.4692532944184585,95599.7100025856
592.2687208652496,0.44518431181516244,95599.53900232704
592.3689684867859,0.4632819819405415,95601.18510209434
592.4690546989441,0.44500057912353425,95601.06659188491
592.5685296058655,0.463741313669612,95600.65993269642
592.6689426898956,0.48918829146011966,95601.79393942677
592.7686626911163,0.4786236616914974,95602.71454548411
592.8686640262604,0.470539423259856,95602.6430909357
592.969295501709,0.48588110301081183,95601.97878184213
593.0691101551056,0.5490851489309174,95602.08090365793
593.168425321579,0.49111748472221595,95603.57281329214
593.2686569690704,0.4984667923873445,95604.51553196293
593.3693675994873,0.508388357735268,95604.26397876663
593.4694209098816,0.5039787731361909,95604.83758088997
593.5692300796509,0.533284137450891,95604.85382280097
593.668924331665,0.5154620663629543,95603.76844052087
593.769059419632,0.49947732219129964,95604.29159646879
593.8693385124207,0.5282314884311151,95604.46243682191
593.9693067073822,0.5009471837243253,95604.11619313972
594.0687665939331,0.4664973040440353,95603.50457382576
594.1688675880432,0.4618121204075158,95601.65411644318
594.2688789367676,0.44702163873144457,95601.88870479887
594.3691439628601,0.4664973040440353,95601.59983431897
594.4684934616089,0.45326855024680385,95602.03985088709
594.5691361427307,0.44702163873144457,95601.33586579838
594.6685733795166,0.4509718916014512,95602.00227921855
594.768723487854,0.44977762910586777,95602.80205129669
594.8687765598297,0.46107718964100297,95601.92184616702
594.9689209461212,0.44674603969400223,95603.12966155032
595.0690755844116,0.46805903192287507,95602.51669539529
595.169319152832,0.4732035472884651,95602.56502585576
595.2692723274231,0.49782372796664576,95602.60852327019
595.3683660030365,0.48119591937429235,95602.34767094317
595.4688065052032,0.4682427646145033,95602.21290384886
595.5684015750885,0.4225851907448921,95603.49161346398
595.6691491603851,0.4802772559161513,95603.94245211758
595.7685735225677,0.520422849036916,95604.64820690583
595.8690295219421,0.4780724636166127,95605.58338621524
595.9693288803101,0.4632819819405415,95605.02504759372
596.0691766738892,0.4792667261121961,95605.62254283436
596.1683983802795,0.49672133181687644,95605.76028855093
596.2684297561646,0.5052649019775884,95604.88425969583
596.368528842926,0.49938545584548555,95606.69583372625
596.4690933227539,0.46337384828635564,95608.32625035362
596.5691587924957,0.4574944021542528,95609.49362531827
596.6687223911285,0.45979106079960547,95611.54426278644
596.7690258026123,0.45859679830402206,95609.78983650779
596.8686378002167,0.4578618675375092,95609.21085285701
596.9686050415039,0.4589642636872785,95609.28976757132
597.0685060024261,0.45868866464983615,95609.56079081418
597.1692936420441,0.456851337733554,95609.10471173277
597.2683517932892,0.4590561300330926,95608.99424055949
597.3692719936371,0.4569432040793681,95607.79481650355
597.4693748950958,0.45740253580843865,95608.31533485319
597.5685856342316,0.4589642636872785,95608.28380136788
597.668740272522,0.45804560022913743,95608.55542123111
597.7685513496399,0.45795373388332333,95609.399879108
597.8686900138855,0.4577700011916951,95608.3598911972
597.9693386554718,0.4570350704251822,95609.82390207748
598.0684649944305,0.45740253580843865,95609.54151186973
598.1685094833374,0.4592398627247208,95610.18736068276
598.268835067749,0.4567594713877399,95610.16862461448
598.3684456348419,0.4591479963789067,95610.65176215304
598.4690780639648,0.4693451607642726,95610.08658593774
598.5685427188873,0.42809717149373855,95610.97792734396
598.6690316200256,0.38611425145669165,95609.98013460958
598.7686314582825,0.37398789380922953,95610.18212114862
598.8684873580933,0.39759754468345504,95610.26390903378
598.9686458110809,0.40724351099393624,95611.7375181304
599.0688943862915,0.44784843584377154,95612.66376631736
599.1686947345734,0.456851337733554,95612.79738968563
599.2685091495514,0.4604341252203042,95612.91765071706
599.3684327602386,0.4657623732775224,95612.42588564537
599.4688832759857,0.4583211992665797,95612.68329708083
599.5689790248871,0.4508800252556371,95613.11496737275
599.6690273284912,0.456851337733554,95613.40347063549
599.7693381309509,0.45042069352656655,95613.16312357194
599.8685014247894,0.4461948416191176,95613.64681121476
599.9686765670776,0.4328742214760721,95613.98213009328
600.0693304538727,0.45804560022913743,95613.98391708396
600.1691706180573,0.44986949545168187,95615.28552537556
600.2692720890045,0.45574894158378476,95616.756972838
600.3684248924255,0.44536804450679063,95616.3812755542
600.4685657024384,0.4521661540970346,95616.64314799878
600.5687696933746,0.4565757386961117,95616.97883319891
600.6688272953033,0.4513393569847076,95616.58094987902
600.7688796520233,0.4550140108172719,95616.02285489113
600.8692421913147,0.4564838723502976,95616.62056940202
600.9689652919769,0.4591479963789067,95616.15851246181
601.0692644119263,0.45740253580843865,95615.94266121562
601.1690702438354,0.4372838060751492,95616.44839509406
601.2692584991455,0.40237459466578857,95615.50355558466
601.3684883117676,0.2984737575500336,95622.5532000262
601.4694540500641,0.2487740644646017,95630.09788002359
601.5685157775879,0.27807942877930186,95636.48809202123
601.6686437129974,0.33935428143731117,95641.93928281912
601.7685129642487,0.36305579865735077,95647.74535453721
601.868912935257,0.3647093928820047,95651.5708190835
601.9687693119049,0.3026077431116684,95657.01373717516
602.068808555603,0.289378989314437,95661.11236345765
602.1692156791687,0.3619534025075815,95664.10112711189
602.2691073417664,0.3617696698159533,95667.1910144007
602.3686101436615,0.3613103380868828,95670.77191296063
602.4686825275421,0.36039167462874167,95673.99472166457
602.5686919689178,0.360667273666184,95675.49524949811
602.6686360836029,0.3620452688533956,95678.54572454831
602.7685441970825,0.3619534025075815,95679.99115209348
602.868611574173,0.361494070778511,95681.49203688414
602.9685492515564,0.3619534025075815,95682.94283319573
603.0689148902893,0.3776625476417938,95684.24854987617
603.1686234474182,0.39135063316809576,95685.32369488855
603.2685496807098,0.3896051725976277,95685.7913253997
603.3693699836731,0.3923611629720509,95688.01219285974
603.4687936306,0.4034769908155579,95691.01097357376
603.569310426712,0.418175606145815,95692.5098762164
603.6686084270477,0.4245143840069884,95693.25888859476
603.7689797878265,0.43204742436374516,95692.7329997353
603.8688094615936,0.3919018312429804,95693.25969976177
603.9691209793091,0.38262333031575557,95693.0337297856
604.0690274238586,0.39300422739274965,95692.93035680705
604.1685261726379,0.4090808379102184,95692.63732112634
604.2692332267761,0.42478998304443066,95692.97358901371
604.3691837787628,0.44426564835702137,95692.17623011234
604.4688398838043,0.4414177916367841,95692.9586071011
604.5688471794128,0.37123190343480633,95693.462746391
604.6688797473907,0.35166437177640153,95692.8164717519
604.7692575454712,0.3501026438975617,95692.7348245767
604.8694086074829,0.3974138119918268,95694.36134211904
604.9688444137573,0.42947516668095015,95693.92520790713
605.0691905021667,0.47945045880382436,95693.63268711642
605.1687157154083,0.5166563288585376,95693.96941840478
605.2684803009033,0.4615365213700735,95693.7724765643
605.369264125824,0.3880434447187879,95693.19522890788
605.4690852165222,0.37582522072551167,95693.4757060171
605.5687901973724,0.367557249602242,95694.02813541538
605.6690771579742,0.3669141851815433,95694.32532187384
605.7684440612793,0.36654671979828685,95694.79278968646
605.8684616088867,0.3667304524899151,95696.0135107178
605.9693741798401,0.36654671979828685,95695.61215964603
606.0686240196228,0.36930271017271005,95695.75094368143
606.1691558361053,0.36764911594805616,95697.2758493133
606.2687609195709,0.3681084476771267,95698.04826438197
606.3684537410736,0.3668223188357292,95698.44343794377
606.4693899154663,0.3693945765185242,95698.0990941494
606.5689325332642,0.36039167462874167,95698.58918473446
606.66921210289,0.3685677794061972,95699.13026626101
606.7691748142242,0.38345012742808254,95699.9172396349
606.8688957691193,0.3866654495315763,95699.82551567141
606.9689586162567,0.36636298710665866,95699.94296410428
607.0689868927002,0.31161064500145086,95699.04866769386
607.1687579154968,0.3445906631487153,95698.44380092448
607.268937587738,0.39226929662623683,95698.49942083203
607.3685119152069,0.3470710544856962,95698.24947874884
607.4694066047668,0.31923555170402174,95697.92453087396
607.5690302848816,0.38354199377389664,95697.23207778657
607.6688952445984,0.38951330625181363,95696.5088700079
607.7687790393829,0.32373700264891303,95695.05798300712
607.8686926364899,0.34523372756941406,95696.15218470641
607.9689204692841,0.3619534025075815,95695.23696623577
608.0685257911682,0.3870329149148327,95695.4132696122
608.168438911438,0.3777544139876079,95694.87194265098
608.2683823108673,0.3748146909215565,95694.18474838589
608.3685216903687,0.38629798414831984,95693.4662735473
608.4689049720764,0.3919018312429804,95692.71964619258
608.5691902637482,0.37251803227620384,95692.94768157332
608.6686923503876,0.36893524478945366,95693.452913416
608.7688386440277,0.3648012592278188,95692.5076220744
608.8685393333435,0.3661792544150304,95692.05685986696
608.9687941074371,0.3667304524899151,95693.25117388026
609.0690379142761,0.3667304524899151,95694.62605649223
609.169136762619,0.36489312557363296,95694.363450843
609.2687051296234,0.36911897748108186,95694.1271057587
609.3684833049774,0.3824395976241274,95694.11439518283
609.4694089889526,0.3953008860381024,95695.30295566455
609.5690178871155,0.3607591400119981,95695.5726600981
609.6686685085297,0.35368543138431185,95695.6153940883
609.7684214115143,0.34201840546592027,95696.85385467947
609.8684341907501,0.38271519666156967,95697.26846921153
609.9691841602325,0.3879515783729738,95697.54162229037
610.0690443515778,0.37260989862201793,95698.28746006134
610.1685111522675,0.38078600339947344,95697.95871405522
610.2690682411194,0.37867307744574896,95697.3628426497
610.3686852455139,0.39171809855135215,95698.42655838473
610.4689774513245,0.3747228245757424,95698.48390254626
610.5689647197723,0.34743851986895263,95698.23551229163
610.668493270874,0.3708644380515499,95698.01196106248
610.7691957950592,0.4079784417604491,95698.31076495624
610.8686430454254,0.34670358910243976,95698.87968846061
610.9691505432129,0.3686596457520113,95697.89171961455
611.0691709518433,0.3682003140229408,95696.30254765309
611.168532371521,0.3682003140229408,95695.17229288779
611.2685375213623,0.36663858614410094,95696.05506359901
611.368486404419,0.33531216222149046,95694.8495572391
611.4689748287201,0.37582522072551167,95694.6646015152
611.5691962242126,0.3959439504588011,95694.29814136369
611.6690015792847,0.41541961577139175,95693.16832722732
611.7689368724823,0.32704419109822086,95693.85149450459
611.8685970306396,0.34679545544825385,95693.36634505412
611.9690401554108,0.4474809704605151,95692.4297105487
612.0684025287628,0.3693945765185242,95690.88673949383
612.1692135334015,0.3687515120978254,95691.39806554445
612.2687222957611,0.36911897748108186,95692.65825898999
612.3685500621796,0.3700376409392229,95692.09243309099
612.4689326286316,0.40035353505787824,95692.08318978189
612.5686893463135,0.3722424332387615,95691.2748708037
612.669162273407,0.3708644380515499,95690.44738372334
612.7687966823578,0.3755496216880693,95691.602645351
612.8690228462219,0.3389868160540548,95690.9423808159
612.9688692092896,0.30600679790679036,95690.14814273432
613.0685756206512,0.3053637334860916,95688.8333284609
613.1685991287231,0.37803001302505024,95689.24999561481
613.2691030502319,0.37058883901410755,95689.02499605333
613.3686394691467,0.36911897748108186,95688.222496448
613.4686846733093,0.38868650913948666,95688.9002468032
613.5690546035767,0.39640328218787163,95690.91022212287
613.6687886714935,0.4237794532404755,95690.51919991057
613.7691447734833,0.44536804450679063,95689.56727991953
613.8689167499542,0.4287402359144373,95690.01055192757
613.9689199924469,0.36930271017271005,95689.70949673481
614.0685303211212,0.3713237697806204,95690.33854706134
614.1687202453613,0.36241273423665205,95690.30469235522
614.2689640522003,0.3681084476771267,95690.57422311971
614.3689844608307,0.37545775534225523,95691.01680080775
614.4688682556152,0.3993430052539231,95691.01512072698
614.5693156719208,0.4554733425463424,95691.71360865429
614.6693391799927,0.4120205609762698,95690.94224778886
614.769163608551,0.3824395976241274,95691.64802300998
614.8690717220306,0.48606483570244,95692.68322070899
614.9689555168152,0.4578618675375092,95692.41489863809
615.0692737102509,0.5367750585918271,95692.67340877428
615.1693053245544,0.5520248719969688,95694.00606789686
615.268616437912,0.5658048238690849,95694.70546110718
615.368499994278,0.5523923373802253,95696.13491499645
615.4689316749573,0.5465128912481224,95697.42142349681
615.5687477588654,0.5497282133516161,95697.57928114712
615.6686823368073,0.536683192246013,95698.12135303242
615.7687661647797,0.5146352692506273,95698.80921772918
615.8688340187073,0.44178525702004046,95697.72829595627
615.9690692424774,0.42947516668095015,95697.55546636066
616.0690066814423,0.38345012742808254,95696.3999197246
616.1693468093872,0.36985390824759473,95697.35992775214
616.2688508033752,0.37518215630481294,95697.12393497693
616.3687045574188,0.3864817168399481,95696.81154147924
616.4685525894165,0.37848934475412077,95697.33038733131
616.5684940814972,0.37196683420131915,95697.69734859819
616.6689140796661,0.3680165813313126,95696.32761373837
616.7686822414398,0.37867307744574896,95696.29485236453
616.8686859607697,0.4208397301744241,95695.76536712809
616.9691698551178,0.36029980828292757,95695.78883041529
617.0692546367645,0.2502439259976274,95695.40994737376
617.1693708896637,0.32033794785379105,95693.76895263638
617.2683975696564,0.406141114844167,95695.09205737275
617.3686962127686,0.3643419274987483,95694.08285163548
617.468507528305,0.2778956960876736,95693.57456647193
617.5692415237427,0.35295050061779903,95693.01710982474
617.6685209274292,0.36792471498549845,95694.31539884227
617.7692251205444,0.368384046714569,95695.58385895804
617.8688938617706,0.3685677794061972,95696.62547306225
617.9691364765167,0.36902711113526776,95696.86292575602
618.0690853595734,0.3682003140229408,95697.37663318042
618.1688132286072,0.3670060515273574,95696.73896986239
618.268637418747,0.36985390824759473,95696.86507287616
618.368504524231,0.3681084476771267,95697.07856558854
618.4692311286926,0.36930271017271005,95697.0707090297
618.5693292617798,0.370129507285037,95695.56363812672
618.6691122055054,0.3693945765185242,95694.70727431405
618.7690267562866,0.36930271017271005,95693.43654688264
618.8686699867249,0.3693945765185242,95692.79289219438
618.9694063663483,0.3682003140229408,95692.31360297494
619.0689833164215,0.3682921803687549,95691.98224267745
619.1686398983002,0.3693945765185242,95691.5840184097
619.2685077190399,0.370129507285037,95690.82561656873
619.368782043457,0.3708644380515499,95691.64305491185
619.4689044952393,0.37068070535992165,95690.77874942067
619.5690793991089,0.36985390824759473,95691.8008744786
619.6691513061523,0.36663858614410094,95693.72078703075
619.7687921524048,0.36893524478945366,95694.24870832766
619.8687257766724,0.370129507285037,95694.9238374949
619.969132900238,0.3680165813313126,95695.03145374543
620.0692620277405,0.3702213736308511,95695.82830837088
620.1687545776367,0.3682921803687549,95695.64547753379
620.2685658931732,0.3626883332740944,95695.4809297804
620.3687036037445,0.3601160755912994,95695.93283680237
620.4688115119934,0.3682921803687549,95695.93955312214
620.5691065788269,0.3674653832564279,95695.34559780992
620.6690590381622,0.36222900154502385,95695.31103802893
620.7692911624908,0.3498270448601194,95695.37993422605
620.8684899806976,0.34964331216849115,95693.84194080344
620.9688405990601,0.35993234289967113,95693.4577467231
621.0687551498413,0.3602079419371135,95694.31197205078
621.1688928604126,0.36847591306038313,95694.98077484571
621.2691607475281,0.36627112076084456,95696.48269736113
621.3684597015381,0.3648012592278188,95696.03442762503
621.4690270423889,0.3644337938445624,95695.43098486253
621.5687317848206,0.3635151303864213,95694.98788637629
621.6686608791351,0.36498499191944705,95695.88909773865
621.7686445713043,0.36663858614410094,95696.30018796478
621.8686034679413,0.36388259576967774,95696.7701691683
621.9689011573792,0.3591055457873442,95698.49315225147
622.0689380168915,0.36103473904944045,95698.94383702632
622.168773651123,0.3601160755912994,95697.94945332369
622.2686350345612,0.36489312557363296,95697.85450799132
622.3690149784088,0.3668223188357292,95697.36905719219
622.4691479206085,0.3673735169106138,95698.83215147298
622.5690224170685,0.3669141851815433,95698.84893632568
622.6690573692322,0.37031323997666526,95698.66404269311
622.7688367366791,0.37297736400527437,95699.3976384238
622.8687243461609,0.3777544139876079,95700.65787458142
622.9689829349518,0.3539610304217542,95700.89208712328
623.0691394805908,0.3390786823998689,95701.20287841096
623.1692008972168,0.38225586493249913,95702.08259056986
623.269284248352,0.37040510632247936,95702.37433151288
623.3691601753235,0.3671897842189856,95702.4368983616
623.4690382480621,0.3749984236131847,95702.09320852543
623.5690629482269,0.3674653832564279,95702.38388767288
623.6692533493042,0.36360699673223545,95702.04549890559
623.7685103416443,0.36783284863968435,95702.14094901504
623.8690905570984,0.37738694860435146,95702.42685411354
623.9691100120544,0.36250460058246614,95702.28416870219
624.0686721801758,0.35359356503849776,95702.35575183197
624.168922662735,0.3626883332740944,95701.92017664878
624.2693173885345,0.36783284863968435,95702.32815898392
624.3684017658234,0.3727936313136461,95701.29534308553
624.4687089920044,0.35892181309571597,95700.86580877697
624.5690968036652,0.35763568425431846,95700.77922789927
624.6686775684357,0.3173063584419255,95699.30130510936
624.7691259384155,0.34275333623243315,95699.17117459842
624.8690960407257,0.34532559391522816,95699.35405713858
624.9688878059387,0.36847591306038313,95699.31865142472
625.0689713954926,0.3688433784436395,95699.48678628226
625.1687395572662,0.3670060515273574,95699.43810765403
625.2685332298279,0.3513887727389592,95699.09429688864
625.3685278892517,0.3525830352345426,95698.98486719978
625.4693646430969,0.3458767919901128,95699.8863804798
625.5687117576599,0.3451418612235999,95700.69774243183
625.6685559749603,0.37187496785550506,95701.92796818865
625.7688698768616,0.37527402265062704,95701.23517136979
625.8688969612122,0.3615859371243251,95702.5116542328
625.9690606594086,0.30894652097284175,95702.36048880953
626.0686399936676,0.27155691822650024,95702.52443992857
626.168928861618,0.26760666535649363,95702.57199593572
626.2685825824738,0.3960358168046152,95703.51479634215
626.3684368133545,0.4158789475004623,95702.96331670794
626.4693019390106,0.41643014557534697,95701.46698503716
626.5685665607452,0.39915927256229483,95700.92028653345
626.668740272522,0.35846248136664544,95700.42825788012
626.7688031196594,0.279916755695584,95700.48543209211
626.8688938617706,0.22314335398246585,95701.23688888291
626.9683640003204,0.2934211085302577,95700.81319999462
627.0691967010498,0.3450499948777858,95700.13187999516
627.169187784195,0.34155907373684974,95699.21869199564
627.2688138484955,0.3405485439328946,95698.89682279609
627.3685505390167,0.380418538016217,95700.50714051648
627.4692032337189,0.35984047655385704,95699.55642646484
627.5692389011383,0.3770194832210951,95699.60078381836
627.6689577102661,0.39144249951390986,95698.34070543652
627.76886510849,0.37316109669690256,95697.10663489287
627.8688020706177,0.33237243915543907,95695.9959714036
627.9687728881836,0.4024664610116027,95695.69637426324
628.068678855896,0.3644337938445624,95696.62673683692
628.1689472198486,0.3448662621861576,95695.36406315322
628.2692475318909,0.3920855639346086,95695.1276568379
628.3693492412567,0.3648012592278188,95694.0148911541
628.4687027931213,0.36663858614410094,95694.3134020387
628.5689425468445,0.3987918071790384,95695.78206183482
628.6690599918365,0.39677074757112807,95696.00385565135
628.7687845230103,0.3817965332034286,95696.8034700862
628.8687553405762,0.392453029317865,95696.62312307759
628.968772649765,0.4279134388021103,95696.36081076982
629.069356918335,0.3805104043620311,95696.72472969284
629.1690938472748,0.3592892784789724,95697.95225672355
629.2683942317963,0.3416509400826639,95697.9570310512
629.3684899806976,0.35478782753408117,95698.46132794609
629.4689817428589,0.4503288271807524,95698.31519515147
629.5683586597443,0.46815089826868916,95698.28367563632
629.6685876846313,0.4330579541677003,95699.2553080727
629.7692000865936,0.3645256601903765,95700.02977726543
629.8689527511597,0.3618615361617674,95699.92679953888
629.9685904979706,0.3776625476417938,95700.134119585
630.0689153671265,0.38629798414831984,95700.8207076265
630.1693170070648,0.3699457745934088,95701.23863686385
630.2693145275116,0.3646175265361906,95701.81477317747
630.3685941696167,0.3654443236485176,95701.83329585972
630.4689948558807,0.3680165813313126,95702.04996627374
630.5693638324738,0.4275459734188539,95702.64496964637
630.6691553592682,0.3907994350932111,95702.58047268173
630.7687804698944,0.42065599748279586,95703.22242541355
630.8688504695892,0.4399479301037583,95704.2001828722
630.9689555168152,0.4386618012623608,95703.78016458498
631.0689702033997,0.44794030218958564,95702.5021481265
631.1690330505371,0.4067841792648657,95702.55193331385
631.2690625190735,0.36305579865735077,95702.79673998247
631.3690638542175,0.3525830352345426,95702.31706598423
631.4685060977936,0.3668223188357292,95701.7853593858
631.5689806938171,0.3777544139876079,95702.80682344722
631.6690015792847,0.37187496785550506,95701.2261411025
631.7693214416504,0.38188839954924275,95700.60352699224
631.8683943748474,0.3613103380868828,95701.24317429302
631.9685468673706,0.37316109669690256,95701.81885686371
632.0686032772064,0.3525830352345426,95701.73697117735
632.1694085597992,0.39971047063717946,95702.76327405962
632.2686371803284,0.3660873880692163,95703.78694665366
632.3687632083893,0.36645485345247275,95703.2082519883
632.46883893013,0.36654671979828685,95703.28742678947
632.5689175128937,0.3653524573027035,95704.05868411053
632.6690721511841,0.36645485345247275,95704.35281569947
632.7690553665161,0.3659955217234022,95704.81753412953
632.8690755367279,0.3661792544150304,95705.03578071657
632.9693720340729,0.3669141851815433,95704.03220264491
633.0685274600983,0.3661792544150304,95703.92898238043
633.1690881252289,0.3669141851815433,95703.73608414238
633.2692975997925,0.3661792544150304,95703.16247572815
633.3693127632141,0.3670979178731715,95703.34622815534
633.4690387248993,0.3654443236485176,95703.7116053398
633.5684094429016,0.36507685826526115,95703.04044480583
633.6683766841888,0.36636298710665866,95703.13640032524
633.7689442634583,0.3669141851815433,95701.82276029272
633.8690474033356,0.3670060515273574,95701.54048426345
633.969034910202,0.3646175265361906,95702.68643583711
634.0686101913452,0.3659955217234022,95702.3177922534
634.1685500144958,0.36645485345247275,95702.48601302806
634.2692632675171,0.3655361899943317,95703.83741172525
634.3683421611786,0.36516872461107525,95704.45367055273
634.4686372280121,0.36507685826526115,95704.90830349745
634.5687274932861,0.365811789031774,95704.71747314771
634.6685659885406,0.3648012592278188,95705.44572583293
634.7692694664001,0.3672816505647997,95705.60115324963
634.8691639900208,0.36627112076084456,95706.44103792467
634.9691431522369,0.3674653832564279,95707.5969341322
635.0693154335022,0.36893524478945366,95707.73724071898
635.1686463356018,0.37297736400527437,95707.76351664709
635.2690210342407,0.3721505668929474,95707.38716498237
635.3689119815826,0.36893524478945366,95707.74844848414
635.4685895442963,0.3710481707431781,95707.47360363574
635.5683853626251,0.3696701755559665,95707.22624327216
635.6684722900391,0.36911897748108186,95707.20361894494
635.7685940265656,0.3699457745934088,95706.68325705045
635.8689496517181,0.3700376409392229,95706.4149313454
635.9684953689575,0.3713237697806204,95705.77343821086
636.0687434673309,0.3702213736308511,95706.19609438977
636.1687808036804,0.36921084382689595,95705.7764849508
636.2691733837128,0.3707725717057358,95705.89883645572
636.369307756424,0.3710481707431781,95705.50895281014
636.4693350791931,0.3693945765185242,95705.85805752913
636.5689744949341,0.3724261659303897,95706.37225177622
636.6691107749939,0.37178310150969096,95706.33502659861
636.7692131996155,0.37169123516387687,95707.40152393875
636.8685348033905,0.37031323997666526,95707.96137154488
636.9684209823608,0.37031323997666526,95707.5652343904
637.0692615509033,0.36847591306038313,95707.50871095136
637.1688797473907,0.37040510632247936,95707.05783985622
637.2690560817719,0.3693945765185242,95708.15205587061
637.3689658641815,0.36911897748108186,95707.93685028356
637.4687352180481,0.3714156361264345,95707.9431652552
637.5691468715668,0.3710481707431781,95708.04884872968
637.6688296794891,0.3722424332387615,95708.94396385671
637.7692143917084,0.3700376409392229,95709.24956747104
637.8685545921326,0.3720587005471333,95708.62461072394
637.9688425064087,0.3720587005471333,95708.86214965156
638.0684361457825,0.37114003708899224,95708.8759346864
638.168612241745,0.3685677794061972,95708.98834121776
638.2691478729248,0.3673735169106138,95708.88950709598
638.3690023422241,0.36985390824759473,95709.60055638639
638.4689204692841,0.3707725717057358,95708.64050074774
638.5689787864685,0.36902711113526776,95708.77645067297
638.6684758663177,0.3697620419017806,95708.89880560568
638.7684321403503,0.36985390824759473,95708.80892504512
638.8685646057129,0.3714156361264345,95708.6280325406
638.9693517684937,0.3700376409392229,95707.76522928654
639.068963766098,0.3696701755559665,95708.18870635789
639.169261932373,0.36774098229387026,95709.1698357221
639.2684769630432,0.368384046714569,95710.55285214989
639.3687365055084,0.3681084476771267,95711.1975669349
639.4694128036499,0.36930271017271005,95711.87781024142
639.5690009593964,0.37187496785550506,95712.29002921729
639.6693444252014,0.3707725717057358,95712.26102629556
639.7685787677765,0.37123190343480633,95710.734923666
639.8683609962463,0.37123190343480633,95710.9614312994
639.9686176776886,0.3720587005471333,95710.56528816946
640.0685584545135,0.37169123516387687,95710.2087593525
640.1690139770508,0.37058883901410755,95710.58788341725
640.2685778141022,0.37260989862201793,95711.32909507553
640.3690946102142,0.36663858614410094,95711.79618556799
640.4686548709869,0.37031323997666526,95712.2165670112
640.5685629844666,0.3722424332387615,95711.79491031008
640.6692409515381,0.3696701755559665,95712.01541927907
640.7690663337708,0.36645485345247275,95712.11387735116
640.8693659305573,0.35442036215082473,95713.10248961605
640.9688832759857,0.3661792544150304,95712.59224065446
641.0687873363495,0.36764911594805616,95713.233016589
641.1692748069763,0.3602079419371135,95713.1097149301
641.2690136432648,0.3552471592631517,95712.0987434371
641.3693790435791,0.37334482938853075,95711.5888690934
641.4690053462982,0.3588299467499019,95711.62998218405
641.5691561698914,0.3591974121331583,95711.46698396564
641.6691970825195,0.38096973609110163,95712.12028556908
641.7688961029053,0.39263676200949327,95712.90825701217
641.8692591190338,0.39548461872973056,95713.31743131095
641.9692182540894,0.3867573158773904,95713.08568817987
642.0693235397339,0.368384046714569,95711.97711936188
642.1689221858978,0.3687515120978254,95712.9794074257
642.2687327861786,0.3883190437562302,95712.78146668313
642.3692617416382,0.3700376409392229,95711.70332001481
642.4692301750183,0.3674653832564279,95711.53298801334
642.569313287735,0.3668223188357292,95711.279689212
642.6688566207886,0.3775706812959797,95710.7517202908
642.768449306488,0.3748146909215565,95709.37654826173
642.8685212135315,0.3694864428643383,95710.13889343556
642.9689254760742,0.3682921803687549,95709.92500409202
643.0687167644501,0.4033851244697438,95710.13250368282
643.16863322258,0.3674653832564279,95710.31925331453
643.2685580253601,0.3700376409392229,95711.18732798308
643.3687870502472,0.38482812261529414,95710.16859518478
643.4691135883331,0.3710481707431781,95710.1517356663
643.5689163208008,0.3682003140229408,95710.03656209966
643.6684696674347,0.3842769245404095,95710.83290588969
643.7685558795929,0.3687515120978254,95711.64961530072
643.8686542510986,0.36847591306038313,95711.18465377064
643.968629360199,0.39300422739274965,95710.66618839359
644.0687997341156,0.37435535919248597,95711.89956955424
644.1693460941315,0.3700376409392229,95712.40961259881
644.2684578895569,0.37306923035108847,95712.76865133893
644.3684842586517,0.37848934475412077,95711.99178620505
644.4687299728394,0.3685677794061972,95711.19260758454
644.5688908100128,0.36985390824759473,95711.27334682608
644.6690261363983,0.36985390824759473,95709.84601214348
644.7685534954071,0.3695783092101524,95707.76141092913
644.8684661388397,0.3685677794061972,95707.98526983622
644.9693677425385,0.40577364946091055,95708.8867428526
645.0691654682159,0.36792471498549845,95707.79806856734
645.1688792705536,0.36764911594805616,95707.5182617106
645.268522977829,0.33788441990428547,95706.76643553954
645.3686499595642,0.3631476650031649,95706.58979198559
645.4693505764008,0.3749065572673706,95706.03081278704
645.5690133571625,0.43636514261700815,95706.12773150833
645.668740272522,0.3720587005471333,95705.8149583575
645.7687816619873,0.38198026589505685,95706.03346252175
645.8686516284943,0.45345228293843204,95706.53011626958
645.9690489768982,0.367557249602242,95707.17710464263
646.0691542625427,0.3686596457520113,95707.05939417837
646.1691765785217,0.40595738215253874,95707.35345476054
646.2683925628662,0.35634955541292096,95706.81810928449
646.369019985199,0.3533179660010555,95707.23629835605
646.4687387943268,0.4167976109586034,95708.01266852045
646.5689942836761,0.3727936313136461,95708.51140166841
646.6689360141754,0.3580031496375749,95707.46026150158
646.7683868408203,0.36259646692828024,95708.91423535142
646.8692896366119,0.36103473904944045,95709.82281181628
646.9691822528839,0.37398789380922953,95709.94053063466
647.0685029029846,0.38225586493249913,95709.84647757119
647.1688003540039,0.4156952148088341,95709.56182981408
647.2685379981995,0.36654671979828685,95709.60564683267
647.3685653209686,0.3627801996199085,95709.6450821494
647.468747138977,0.3446825294945294,95709.28057393448
647.5692150592804,0.33347483530520833,95708.65251654103
647.6693115234375,0.3621371351992097,95708.38726488693
647.768862247467,0.42534118111931535,95708.44853839824
647.8683471679688,0.431955558017931,95707.80368455841
647.9687178134918,0.3865735831857622,95707.72331610257
648.0690488815308,0.3810616024369158,95708.35098449231
648.168931722641,0.46144465502425935,95707.71588604308
648.2688925266266,0.46465997712775314,95707.44429743878
648.3692755699158,0.3722424332387615,95707.7998676949
648.4692845344543,0.36039167462874167,95707.11988092543
648.5684568881989,0.3686596457520113,95707.70789283288
648.6685373783112,0.34743851986895263,95707.7371035496
648.768801689148,0.32189967573263084,95707.46339319464
648.868809223175,0.3249312651444964,95708.11705387518
648.968855381012,0.3513887727389592,95708.50534848766
649.0692520141602,0.3699457745934088,95708.05481363888
649.1686234474182,0.3694864428643383,95707.749332275
649.2691287994385,0.3674653832564279,95705.1743990475
649.3689594268799,0.370129507285037,95706.05695914273
649.4689347743988,0.3687515120978254,95705.75126322846
649.5683588981628,0.3670060515273574,95705.97613690562
649.6689319610596,0.3702213736308511,95705.47852321506
649.769101858139,0.36847591306038313,95704.63067089356
649.8690030574799,0.3708644380515499,95704.76760380421
649.9693658351898,0.3697620419017806,95705.19084342378
650.068971157074,0.3694864428643383,95706.47175908141
650.1690499782562,0.3699457745934088,95707.42458317328
650.2691407203674,0.37031323997666526,95708.98212485596
650.3689723014832,0.37049697266829346,95709.98391237036
650.4690716266632,0.3694864428643383,95709.98552113332
650.5682218074799,0.3682921803687549,95711.28696901999
650.6690936088562,0.37031323997666526,95710.85827211798
650.7690024375916,0.3697620419017806,95710.7724449062
650.86873960495,0.3714156361264345,95711.39520041557
650.9690656661987,0.36911897748108186,95711.35568037402
651.0690011978149,0.3682921803687549,95710.42011233662
651.1692180633545,0.37068070535992165,95709.97810110297
651.2689499855042,0.3710481707431781,95709.78029099268
651.3690936565399,0.3707725717057358,95710.10226189342
651.4689586162567,0.36902711113526776,95711.49203570408
651.5690712928772,0.3672816505647997,95711.04283213368
651.6698677539825,0.37049697266829346,95711.23854892032
651.7686455249786,0.3710481707431781,95711.01469402829
651.8692104816437,0.37049697266829346,95710.11322462546
651.9690673351288,0.3688433784436395,95711.00190216291
652.0682818889618,0.37031323997666526,95711.50171194664
652.1689352989197,0.37306923035108847,95711.75154075197
652.2689936161041,0.370129507285037,95710.97638667676
652.3683986663818,0.3699457745934088,95710.87874800908
652.4684462547302,0.37031323997666526,95710.59087320817
652.56924700737,0.37049697266829346,95710.33178588736
652.6690590381622,0.36911897748108186,95709.69860729862
652.7692737579346,0.370956304397364,95709.42874656875
652.8684415817261,0.3707725717057358,95709.68587191188
652.9692015647888,0.37123190343480633,95708.9172847207
653.06818151474,0.36930271017271005,95709.52555624863
653.1686730384827,0.36774098229387026,95708.67300062378
653.2685146331787,0.3697620419017806,95707.9057005614
653.3684499263763,0.37040510632247936,95707.01513050526
653.4683651924133,0.37058883901410755,95706.71361745473
653.5691823959351,0.3702213736308511,95707.24225570927
653.6690623760223,0.36902711113526776,95707.11803013834
653.7687034606934,0.37031323997666526,95708.3062271245
653.868889093399,0.3669141851815433,95708.37560441205
653.9687707424164,0.36654671979828685,95708.63804397086
654.0691425800323,0.3648012592278188,95708.77423957377
654.1685252189636,0.3642500611529342,95709.2968156164
654.2684772014618,0.36636298710665866,95709.46713405476
654.3684115409851,0.36526059095688934,95709.42042064929
654.4690146446228,0.3653524573027035,95708.87837858436
654.568610906601,0.36783284863968435,95708.39054072592
654.6693234443665,0.36792471498549845,95709.05148665332
654.7685940265656,0.36526059095688934,95708.44633798799
654.868444442749,0.36627112076084456,95709.10170418919
654.9691579341888,0.3670979178731715,95708.49153377027
655.0688576698303,0.3661792544150304,95708.84238039324
655.1685566902161,0.3673735169106138,95708.85814235391
655.2683494091034,0.3657199226859599,95709.27232811853
655.3684566020966,0.3686596457520113,95708.84509530668
655.4688975811005,0.3641581948071201,95709.56058577602
655.5685911178589,0.3680165813313126,95708.00452719841
655.6686806678772,0.36774098229387026,95708.70407447858
655.7684690952301,0.3670979178731715,95708.33366703072
655.8684151172638,0.36985390824759473,95708.70030032765
655.9685733318329,0.3680165813313126,95708.73027029488
656.0687267780304,0.3670979178731715,95710.75724326538
656.1693105697632,0.3670979178731715,95711.58151893884
656.2690296173096,0.3670060515273574,95712.12336704496
656.3688266277313,0.3647093928820047,95713.71103034046
656.4690406322479,0.3643419274987483,95713.43992730642
656.5684604644775,0.3685677794061972,95712.89593457578
656.6685121059418,0.36654671979828685,95712.50634111819
656.769350528717,0.36645485345247275,95711.65570700637
656.8690671920776,0.3655361899943317,95710.99013630574
656.9690628051758,0.36654671979828685,95710.89112267517
657.0690574645996,0.367557249602242,95710.50201040765
657.1687867641449,0.37058883901410755,95710.75180936689
657.2684667110443,0.36893524478945366,95711.2766284302
657.3683927059174,0.36930271017271005,95710.84896558718
657.4685106277466,0.3682921803687549,95711.96406902846
657.5904972553253,0.37040510632247936,95711.56766212561
657.6684474945068,0.3737122947717872,95711.61089591305
657.7688043117523,0.40843777348951965,95707.14980632174
657.8694424629211,0.4489508319935408,95699.73482568958
657.9682841300964,0.47430594343823435,95687.86134312063
658.0691015720367,0.5008553173785113,95675.57520880857
658.1712763309479,0.5159213980920249,95661.31768792772
658.2715654373169,0.5356726624420578,95645.88591913495
658.3717331886292,0.553862198913251,95628.59732722146
658.4723041057587,0.571868002692816,95611.23759449931
658.5699419975281,0.5861072862940025,95593.61383504939
658.6698570251465,0.5964881833709966,95575.95245154445
658.7730157375336,0.6050317535317086,95558.25720639
658.8693487644196,0.611370531392882,95541.631485751
658.9687085151672,0.6223944928905748,95524.1683371759
659.0686399936676,0.6348883159212934,95505.6515034583
659.1698560714722,0.6450854803066592,95485.58635311248
659.2696578502655,0.6595084965994741,95464.12771780124
659.371940612793,0.6686032648350706,95443.71494602112
659.4695720672607,0.6791678946036929,95422.94345141902
659.5702955722809,0.6922129157092961,95401.84910627712
659.6708917617798,0.7079220608435084,95378.26419564942
659.7708549499512,0.7325422415216891,95354.33777608447
659.8706686496735,0.7510992433761386,95331.10399847603
659.9708874225616,0.7680026510059343,95305.49359862843
660.0700323581696,0.7726878346424538,95281.44423876559
660.1699941158295,0.7838955288317749,95258.89981488904
660.2710423469543,0.7951032230210959,95235.70983340013
660.369663476944,0.8088831748932119,95210.93885006012
660.4703929424286,0.8272564440560334,95185.34496505412
660.5696218013763,0.8374536084413993,95157.5104685487
660.669840335846,0.8467321093686241,95131.85942169384
660.7693858146667,0.851876624734214,95105.47347952446
660.8704028129578,0.858674734324458,95081.02613157203
660.9706864356995,0.8810901227031,95055.42351841483
661.0726284980774,0.8991877928284792,95028.88116657335
661.1712472438812,0.9159993341124607,95000.29304991603
661.270919084549,0.9270232956101535,94971.56374492442
661.3713388442993,0.9307898157885319,94945.70737043199
661.4717681407928,0.9363936628831925,94917.6366333888
661.5714983940125,0.9466826936143724,94892.17297004993
661.6681623458862,0.9588090512618346,94864.75567304494
661.7682368755341,0.9916053367174708,94837.68010574045
661.8696115016937,0.9923402674839836,94813.91209516641
661.9691588878632,1.021094433723799,94791.82088564977
662.0687592029572,1.0010675703363239,94769.43879708479
662.1698257923126,1.015766185666581,94746.09491737632
662.2692401409149,1.068130002780622,94721.88542563868
662.3713903427124,1.0509509961133838,94695.79688307483
662.4717905521393,1.0696917306594618,94669.31719476735
662.5684521198273,1.0740094489127248,94641.78547529061
662.6706969738007,1.1601800812863572,94617.20692776157
662.7708792686462,1.0986296295909055,94592.98623498541
662.87109375,1.1124095814630215,94566.48761148687
662.9705584049225,1.1370297621412022,94540.83885033819
663.0698781013489,1.1572403582203057,94511.55496530437
663.1729686260223,1.174603097579172,94482.19946877394
663.2699542045593,1.1853514600394224,94453.87952189654
663.3687534332275,1.194538094620833,94426.4915697069
663.4685459136963,1.2020711349775899,94399.44241273621
663.5721206665039,1.2110740368673723,94371.39817146258
663.6713156700134,1.2645402501311827,94344.15835431633
663.7694787979126,1.2191582752990138,94318.8425188847
663.8714578151703,1.2158510868497059,94294.75826699624
663.9710960388184,1.251219629988137,94271.08244029662
664.0701587200165,1.2221898647108793,94248.77419626697
664.1716520786285,1.2301822367967066,94227.69677664028
664.2719969749451,1.236612881003694,94207.22709897626
664.3692672252655,1.2435028569397522,94185.70438907863
664.4721078872681,1.2604062645695477,94165.73395017078
664.568761587143,1.2621517251400158,94145.8605551537
664.6700234413147,1.2506684319132524,94126.37449963835
664.7693712711334,1.294121213483325,94107.63704967451
664.8707067966461,1.309554759580095,94088.37334470706
664.9701232910156,1.2887010990802927,94067.83601023635
665.0720558166504,1.2684905030011893,94046.55240921272
665.169860124588,1.2043677936229424,94026.19716829144
665.2693438529968,1.2479124415388292,94005.5774514623
665.3712658882141,1.3783626525948611,93987.71970631607
665.4700529575348,1.377535855482534,93970.74773568448
665.5682375431061,1.2003256744071218,93951.97296211604
665.6702933311462,0.949714283026238,93963.47566590444
665.7686147689819,1.0696917306594618,93973.728099314
665.8687818050385,1.1610987447444983,93982.75528938259
665.9684503078461,1.21594295319552,93998.37976044432
666.0691783428192,1.2429516588648675,94013.44178439988
666.1692249774933,1.1074487987890598,94026.99760595988
666.2692630290985,0.9263802311894548,94039.2978453639
666.3691053390503,0.9277582263766664,94051.0680608275
666.4685199260712,1.0037316943649328,94062.16125474474
666.5687856674194,1.0661089431727115,94071.04512927028
666.6686224937439,1.0456227480561657,94080.84061634325
666.7685582637787,1.0448878172896527,94086.95655470893
666.8689587116241,1.0783271671659878,94093.26089923804
666.9687790870667,1.1270163304474645,94099.33480931423
667.0693435668945,1.1405206832821382,94106.1013283828
667.1687986850739,1.232203296404617,94112.09119554453
667.2685942649841,1.23652101465788,94117.48207599009
667.369309425354,1.2105228387924878,94122.83386839108
667.4689476490021,1.1599044822489148,94127.05048155198
667.5690746307373,1.1457570649935422,94130.94543339679
667.6685900688171,1.1759810927663834,94134.15089005712
667.7683696746826,1.1457570649935422,94137.33580105142
667.869286775589,1.1307828506258428,94138.00222094628
667.9688436985016,1.1124095814630215,94140.70199885165
668.068500995636,1.0635366854899166,94143.3317989665
668.1684765815735,1.0901779257760076,94143.89861906983
668.2683942317963,1.1215043496986181,94146.80875716286
668.368656873703,1.1252708698769964,94148.42788144658
668.468560218811,1.1363866977205033,94150.38509330193
668.5685877799988,1.1537494370793695,94151.34658397174
668.6686985492706,1.1462163967226129,94153.71192557456
668.7693195343018,1.1337225736918943,94153.44073301711
668.8688609600067,1.118748359324195,94154.19665971541
668.9685516357422,1.1263732660267658,94154.77699374387
669.0685226917267,1.1381321582909714,94155.49929436948
669.1684193611145,1.1465838621058693,94156.04936493254
669.2691805362701,1.1258220679518811,94156.24442843928
669.3686857223511,1.1318852467756122,94156.71998559537
669.4683504104614,1.1246278054562977,94156.64798703583
669.5683827400208,1.1312421823549135,94158.28318833225
669.6693108081818,1.1349168361874777,94158.75486949903
669.7686309814453,1.1203100872030347,94158.37938254913
669.8685154914856,1.118105294903496,94159.9414442942
669.9693539142609,1.134457504458407,94160.64729986478
670.0688710212708,1.1084593285930149,94161.1825698783
670.1687779426575,1.1228823448858296,94161.26431289047
670.268586397171,1.1347331034958494,94161.73788160144
670.3683853149414,1.1256383352602528,94161.3640934413
670.4691874980927,1.1280268602514196,94161.72768409718
670.5683813095093,1.1323445785046826,94161.75491568746
670.6687700748444,1.1340900390751507,94161.57942411871
670.769118309021,1.1352843015707341,94161.72148170685
670.8683836460114,1.1361110986830611,94162.54933353617
670.9690320491791,1.136846029449574,94163.09440018256
671.0691947937012,1.1350087025332918,94163.68496016429
671.1687030792236,1.1338144400377084,94164.61646414787
671.2689738273621,1.127383795830721,94163.85481773308
671.3693022727966,1.1271081967932786,94163.86933595977
671.4691965579987,1.1314259150465416,94163.98240236379
671.5691740512848,1.176440424495454,94164.98416212741
671.6686024665833,1.1253627362228105,94164.58574591468
671.769017457962,1.141163747702837,94164.5271713232
671.8693192005157,1.1366622967579456,94163.8744541909
671.9689829349518,1.1382240246367854,94162.78700877182
672.0690667629242,1.1355599006081765,94163.70830789463
672.1691474914551,1.1339063063835224,94163.63747710518
672.2691452503204,1.1303235188967724,94163.57372939466
672.3693301677704,1.110480388200925,94161.41635645519
672.4684965610504,1.1065301353309187,94161.47472080967
672.5692417621613,1.09045352481345,94160.6272487287
672.6693277359009,1.0615156258820062,94160.56452385584
672.7692506313324,1.0695079979678335,94161.40807147024
672.8692467212677,1.0496648672719864,94160.76726432322
672.9692482948303,0.9841641627065281,94161.2905378909
673.068502664566,0.9877469501932783,94160.16148410182
673.1690661907196,1.198855812874096,94160.84533569163
673.2685883045197,1.227885578151354,94161.16080212247
673.3690810203552,1.2626110568690863,94160.94472191021
673.469190120697,1.3057882394017166,94161.8502497192
673.568375825882,1.2301822367967066,94162.66522474728
673.6686842441559,1.14391973807726,94163.29870227254
673.7691996097565,1.1277512612139773,94164.86883204528
673.8684825897217,1.1285780583263043,94166.38194884075
673.9688539505005,1.1267407314100222,94168.34375395668
674.0691101551056,1.101018154582072,94168.80937856101
674.1685712337494,1.026238949089389,94168.92844070491
674.2689530849457,0.939425252295058,94169.13559663443
674.368458032608,0.9239917061982881,94168.12203697098
674.4692330360413,0.9739669983211622,94168.9098332739
674.5686664581299,1.133538841000266,94169.5188499465
674.668657541275,1.147226926526568,94169.96696495185
674.769092798233,1.1318852467756122,94170.07026845666
674.8689787387848,1.1307828506258428,94171.863241611
674.9692704677582,1.1298641871677018,94172.6769174499
675.0691328048706,1.1272919294849069,94174.30922570491
675.1693232059479,1.146308263068427,94174.17830313442
675.2692584991455,1.1011100209278863,94174.76047282098
675.3683729171753,1.0565548432080445,94175.68442553889
675.4682314395905,1.0860439402143727,94175.01598298499
675.568998336792,1.1547599668833248,94175.91438468649
675.6692144870758,1.1287617910179324,94177.52294621784
675.7682843208313,1.1302316525509581,94178.87065159607
675.8683886528015,1.1192995573990794,94177.98358643646
675.9682288169861,1.1101129228176687,94179.18522779281
676.0685486793518,1.0698754633510899,94180.26670501354
676.1683974266052,0.9916972030632849,94181.24003451219
676.2684228420258,0.955777461849969,94180.41603106097
676.3683698177338,1.0040072934023752,94181.37442795488
676.468318939209,1.0987214959367195,94181.9369851594
676.5684158802032,1.1037741449564953,94182.74328664345
676.6683220863342,1.1140631756876753,94183.56895797912
676.7693159580231,1.1193914237448936,94183.4120621812
676.8684501647949,1.118748359324195,94183.47085596308
676.9688882827759,1.1200344881655924,94183.32377036677
677.0686960220337,1.1215043496986181,94184.5913933301
677.1691699028015,1.1410718813570229,94185.6322539971
677.2693209648132,1.1360192323372469,94185.5690285974
677.3690764904022,1.148237456330523,94186.71212573766
677.4686546325684,1.0669357402850386,94188.1409131639
677.5687186717987,0.9261964984978266,94187.42682184752
677.6687114238739,0.9645047647023092,94185.48413966277
677.7685790061951,1.0756630431373786,94185.5357256965
677.8691985607147,1.1405206832821382,94185.48215312685
677.9688355922699,1.263989052056298,94186.83393781417
678.0689361095428,1.3147911412914992,94185.95054403276
678.1685297489166,1.2054701897727118,94183.6554896295
678.2690658569336,1.0903616584676357,94182.88994066656
678.3685040473938,1.0609644278071215,94183.40094659991
678.4684290885925,1.165140863960319,94182.76085193992
678.5692551136017,1.2475449761555728,94181.98476674593
678.6690609455109,1.13877522271167,94182.18629007133
678.7687320709229,1.085400875793674,94181.9676610642
678.8688321113586,1.1573322245661197,94182.2708949578
678.9690160751343,1.122331146810945,94181.24380546201
679.0687029361725,1.1255464689144388,94180.01942491581
679.1684048175812,1.1338144400377084,94180.21748242422
679.2691581249237,1.1835141331231402,94180.99573418181
679.3686988353729,1.204827125352013,94180.59616076363
679.4685575962067,1.2556292145872143,94179.03654468726
679.5688517093658,1.286312574089126,94176.13289021853
679.6684770584106,1.3166284682077813,94172.01960119668
679.769163608551,1.3253557710601214,94165.91764107702
679.8688428401947,1.3333481431459488,94160.42587696933
679.968861579895,1.343729040222943,94155.7832892724
680.0692102909088,1.3141480768708005,94152.20496034516
680.1689248085022,1.2887010990802927,94147.48446431065
680.269198179245,1.221914265673437,94143.93601787958
680.3688225746155,1.1464919957600552,94147.14241609162
680.4690446853638,1.1079999968639442,94150.42817448245
680.5685484409332,1.0731826518003977,94154.88535703422
680.6691160202026,1.0710697258466733,94157.29682133079
680.7689251899719,1.1785533504491785,94159.86713919771
680.8684267997742,1.173868166812659,94162.38042527794
680.9685416221619,1.067395072014109,94164.94238275015
681.0687148571014,0.9795708454158227,94166.34814447512
681.1687774658203,1.1199426218197783,94168.81333002762
681.268661737442,1.1643140668479919,94170.23199702486
681.3692908287048,1.2196176070280842,94171.70879732238
681.4686982631683,1.1384996236742277,94172.93791759014
681.5685777664185,0.9413544455571542,94173.64412583112
681.6689643859863,0.9762636569665148,94175.27971324802
681.7687079906464,1.0754793104457505,94178.85174192322
681.8690304756165,1.124168473727227,94180.6665677309
681.968691110611,1.2109821705215582,94182.4999109578
682.0685892105103,1.2214549339443663,94183.34991986203
682.1685111522675,1.0892592623178665,94182.81492787584
682.2686722278595,1.0040991597481894,94184.03343508825
682.3688218593597,1.0375385096245242,94185.43009157943
682.4690742492676,1.0609644278071215,94187.18708242149
682.5686464309692,1.100007624778117,94188.26837417934
682.6684219837189,1.0933013815336872,94187.74153676142
682.769119977951,1.097435367095322,94189.26738308527
682.868448972702,1.0981702978618348,94189.54064477675
682.968923330307,1.099823892086489,94189.28658029907
683.0688629150391,1.099088961319976,94189.95792226917
683.1692769527435,1.0962411045997387,94189.96213004226
683.2692866325378,1.0973435007495078,94191.56591703804
683.3684458732605,1.0986296295909055,94192.20932533425
683.4690098762512,1.097435367095322,94192.38839280081
683.5690505504608,1.0981702978618348,94192.94955352074
683.6692509651184,1.0997320257406746,94194.35459816866
683.7683970928192,1.0959655055622963,94195.1191383518
683.8688595294952,1.09559804017904,94195.10722451663
683.9689066410065,1.0962411045997387,94195.79650206497
684.0691668987274,1.0983540305534631,94195.91685185848
684.1690142154694,1.0968841690204374,94195.82516667263
684.2691519260406,1.0955061738332257,94196.64265000536
684.3691585063934,1.0981702978618348,94197.97838500483
684.4684588909149,1.0963329709455527,94198.98054650435
684.5686099529266,1.0961492382539244,94199.38249185392
684.6690027713776,1.0958736392164823,94200.04424266853
684.769299030304,1.0963329709455527,94201.23981840168
684.8686740398407,1.095689906524854,94200.91583656151
684.968962430954,1.0997320257406746,94201.72425290536
685.0692522525787,1.0982621642076489,94202.65182761483
685.1692924499512,1.0994564267032323,94203.58664485335
685.2685782909393,1.0967923026746234,94203.32798036802
685.3689312934875,1.0971597680578797,94204.09518233122
685.4692249298096,1.0961492382539244,94205.1856640981
685.5692660808563,1.0979865651702068,94204.7670976883
685.6692078113556,1.0978946988243925,94205.39038791947
685.769109249115,1.0944956440292706,94206.15134912753
685.869199514389,1.0975272334411361,94205.23621421478
685.9691677093506,1.0962411045997387,94204.3125927933
686.068496465683,1.0964248372913667,94204.28133351397
686.1684827804565,1.0989052286283478,94205.05320016257
686.2689032554626,1.0964248372913667,94203.54788014632
686.3687903881073,1.0978946988243925,94202.89309213168
686.4686875343323,1.0987214959367195,94202.8037829185
686.568511724472,1.0989052286283478,94203.42340462665
686.6685245037079,1.0976190997869502,94201.48106416398
686.7686800956726,1.0972516344036938,94201.43295774759
686.8684666156769,1.0973435007495078,94200.98966197282
686.9692707061768,1.0981702978618348,94201.49069577554
687.0689451694489,1.0979865651702068,94201.24162619798
687.1692671775818,1.0970679017120655,94200.01746357817
687.2690284252167,1.0976190997869502,94200.51571722036
687.3687992095947,1.0967923026746234,94201.86414549832
687.4685096740723,1.0978028324785785,94202.7777309485
687.5684676170349,1.099915758432303,94202.59995785366
687.6693015098572,1.0972516344036938,94200.73996206828
687.7690391540527,1.0982621642076489,94200.26596586146
687.8687174320221,1.0973435007495078,94200.33936927532
687.9690392017365,1.0968841690204374,94200.10543234779
688.0684955120087,1.0968841690204374,94199.69488911302
688.1691796779633,1.0970679017120655,94201.12540020171
688.2688970565796,1.0984458968992772,94201.21286018153
688.3693265914917,1.0967923026746234,94200.19157416339
688.4690175056458,1.0969760353662514,94199.47241674706
688.5688166618347,1.096608569982995,94200.12517507236
688.6688148975372,1.0937607132627578,94200.71265756513
688.7685058116913,1.0952305747957833,94199.74139180862
688.8685495853424,1.0955061738332257,94199.36725262777
688.9692957401276,1.0951387084499693,94198.730527365
689.0687773227692,1.0971597680578797,94198.8574746285
689.1686222553253,1.0969760353662514,94198.57172716566
689.2691540718079,1.0981702978618348,94198.71455444909
689.3684766292572,1.0975272334411361,94198.64309900418
689.4684052467346,1.0981702978618348,94199.37878910378
689.5685951709747,1.0975272334411361,94198.6409101934
689.6683762073517,1.0958736392164823,94198.07681917406
689.7685625553131,1.0959655055622963,94198.26913725666
689.8687496185303,1.0967923026746234,94197.842223531
689.968683719635,1.0960573719081104,94197.75800117789
690.0693032741547,1.0968841690204374,94197.8822010601
690.1689574718475,1.0970679017120655,94196.99398095408
690.2685692310333,1.0968841690204374,94196.79458285868
690.3683772087097,1.096608569982995,94197.21512457282
690.4692640304565,1.0958736392164823,94197.79361211554
690.5685706138611,1.094771243066713,94196.614250904
690.6686942577362,1.096516703637181,94196.85282581359
690.7685706615448,1.0941281786460142,94195.26754323224
690.8692312240601,1.0976190997869502,94194.54078890903
690.9691400527954,1.0970679017120655,94194.38671001812
691.0688927173615,1.0978028324785785,94194.6480390163
691.1686851978302,1.0960573719081104,94194.78323511468
691.2684271335602,1.0944037776834565,94194.40491160323
691.3684103488922,1.095689906524854,94194.6644204429
691.4687972068787,1.0963329709455527,94193.89797839861
691.5685875415802,1.0989052286283478,94193.60818055876
691.6693203449249,1.0973435007495078,94193.94736250288
691.7686023712158,1.0954143074874116,94193.45262625259
691.869286775589,1.0949549757583412,94192.90736362734
691.9686944484711,1.0960573719081104,94193.41662726461
692.068470954895,1.0970679017120655,94194.47496453815
692.1686315536499,1.0963329709455527,94195.52746808434
692.2684988975525,1.097435367095322,94195.67472127591
692.3690650463104,1.097435367095322,94196.70724914833
692.4688580036163,1.0943119113376423,94197.5365242335
692.5686473846436,1.0964248372913667,94197.78287181015
692.6684415340424,1.0955061738332257,94197.40458462913
692.7685124874115,1.0979865651702068,94199.06412616621
692.868501663208,1.0969760353662514,94200.4577135496
692.9691779613495,1.0963329709455527,94199.91194219464
693.0693395137787,1.0967923026746234,94201.02074797518
693.1686124801636,1.0976190997869502,94201.11867317767
693.2684135437012,1.0983540305534631,94200.9068058599
693.368362903595,1.0982621642076489,94201.61612527391
693.4689393043518,1.0982621642076489,94200.35451274652
693.5684735774994,1.0962411045997387,94201.21906147186
693.6690354347229,1.094863109412527,94200.89715532468
693.7685403823853,1.0958736392164823,94200.90743979222
693.8690874576569,1.093944445954386,94200.316695813
693.968756198883,1.0975272334411361,94199.38502623171
694.0685575008392,1.0968841690204374,94199.54652360854
694.1688339710236,1.0986296295909055,94198.09187124769
694.2687137126923,1.0978028324785785,94197.78268412293
694.3685076236725,1.09918082766579,94197.80441571063
694.4686825275421,1.0970679017120655,94199.02397413958
694.5692296028137,1.0996401593948606,94198.42157672562
694.6684145927429,1.0977109661327644,94198.27941905305
694.7686052322388,1.0970679017120655,94197.85147714775
694.8690695762634,1.0995482930490466,94198.26632943297
694.9691672325134,1.0982621642076489,94198.73969648968
695.0686025619507,1.099088961319976,94199.56572684071
695.1691205501556,1.0970679017120655,94199.30915415664
695.2686738967896,1.0973435007495078,94199.97823874098
695.3685097694397,1.0985377632450912,94200.78041486688
695.4688370227814,1.099823892086489,94201.60237338018
695.5692436695099,1.099088961319976,94200.64213604217
695.6685936450958,1.0985377632450912,94200.57792243795
695.768914937973,1.0980784315160208,94200.42013019415
695.8690972328186,1.0968841690204374,94200.57811717474
695.9691431522369,1.1005588228530017,94199.82030545727
696.0691051483154,1.0988133622825336,94200.13827491154
696.1691122055054,1.0968841690204374,94199.92444742039
696.2688920497894,1.099823892086489,94201.13200267835
696.3684742450714,1.0959655055622963,94201.31880241052
696.468508720398,1.0979865651702068,94201.18692216947
696.5692932605743,1.0976190997869502,94200.66822995253
696.6692986488342,1.0973435007495078,94199.10140695727
696.7684304714203,1.0961492382539244,94198.39126626155
696.8687129020691,1.0983540305534631,94197.65213963541
696.968633890152,1.0970679017120655,94197.88692567188
697.0685131549835,1.0960573719081104,94196.99823310468
697.1686522960663,1.0975272334411361,94196.39840979422
697.2688393592834,1.0978946988243925,94196.15856881479
697.3689441680908,1.0961492382539244,94196.14271193332
697.4686381816864,1.0964248372913667,94196.72844073999
697.5689043998718,1.0985377632450912,94196.75559666599
697.6691436767578,1.0958736392164823,94196.0800369994
697.769246339798,1.0995482930490466,94194.87203329946
697.8693399429321,1.0992726940116042,94193.98482996951
697.968403339386,1.0989052286283478,94194.48634697255
698.0684361457825,1.0982621642076489,94193.3377122753
698.168609380722,1.0970679017120655,94192.90394104777
698.2685053348541,1.0994564267032323,94192.813546943
698.368373632431,1.0981702978618348,94194.13219224871
698.4685809612274,1.0969760353662514,94195.21897302385
698.5686428546906,1.1290373900553747,94193.99707572146
698.6689932346344,1.0955061738332257,94193.99736814931
698.768923997879,1.1038660113023095,94194.19763133439
698.8690247535706,1.0983540305534631,94194.57786820095
698.968501329422,1.0813587565778533,94195.12008138087
699.0691363811493,1.0345069202126587,94194.80807324278
699.1685314178467,1.0267901471642737,94194.6272659185
699.2686443328857,1.0050178232063305,94193.86453932665
699.3688163757324,1.0646390816396858,94193.27808539399
699.4690074920654,1.0873300690557703,94193.65027685459
699.569230556488,1.021921230836126,94194.08524916913
699.6684582233429,0.9734158002462776,94193.47672425222
699.7692728042603,0.9675363541141747,94192.129051827
699.8693783283234,1.020083903919844,94191.6161466443
699.9693305492401,1.1001913574697453,94191.85453197987
700.0685112476349,1.1561379620705363,94192.36907878188
700.1688628196716,1.1152574381832587,94191.33217090368
700.2691266536713,1.075111845062494,94191.29895381333
700.3687601089478,1.0352418509791717,94192.469058432
700.469170331955,1.0045584914772598,94192.2221525888
700.5688371658325,0.978927780995124,94191.29993732992
700.6687715053558,0.9740588646669763,94189.46994359694
700.7691788673401,0.9984034463077147,94188.62294923725
700.868531703949,0.9997814414949263,94188.46065431353
700.9685547351837,0.9713028742925531,94188.41458888218
701.0689210891724,0.9821431030986177,94188.07312999397
701.168365240097,0.9950962578584068,94188.46581699456
701.2687385082245,0.9745181963960469,94189.3192352951
701.3689510822296,0.9762636569665148,94188.68731176559
701.4691755771637,1.0619749576110766,94190.51858058904
701.5688247680664,1.1605475466696136,94190.66672253014
701.6694030761719,1.0817262219611097,94192.80005027712
701.7688739299774,1.0958736392164823,94191.3200452494
701.8691742420197,1.0969760353662514,94191.28804072447
701.9690716266632,1.095781772870668,94191.95923665202
702.068838596344,1.0944956440292706,94190.76331298682
702.1685078144073,1.0943119113376423,94192.28698168814
702.2689728736877,1.100099491123931,94192.65828351934
702.3685026168823,1.095689906524854,94192.99245516742
702.4691634178162,1.0949549757583412,94192.89320965068
702.5689475536346,1.0941281786460142,94192.90388868561
702.6684205532074,1.094771243066713,94192.81349981706
702.7687323093414,1.0983540305534631,94192.13214983536
702.8684797286987,1.094863109412527,94192.11893485182
702.9682629108429,1.088064999822283,94192.30704136664
703.0684278011322,1.0877894007848408,94194.17633722999
703.1688284873962,1.0917396536548474,94195.25870350699
703.2683322429657,1.0875138017473984,94195.23283315629
703.3685073852539,1.0925664507671744,94195.20954984066
703.4689838886261,1.0883405988597254,94195.68859485659
703.5686731338501,1.0929339161504308,94195.31973537093
703.6691329479218,1.1054277391811493,94195.78776183384
703.7685270309448,1.1070813334058032,94196.40898565046
703.8686182498932,1.1121339824255791,94196.56808708541
703.9691867828369,1.1218718150818745,94197.71127837688
704.0687024593353,1.1260976669893235,94196.3401505392
704.1689925193787,1.1381321582909714,94195.70613548528
704.2684173583984,1.170469112017537,94195.33552193675
704.3688488006592,1.184249063889653,94194.90196974308
704.4693415164948,1.1962835551913011,94194.31177276876
704.5689172744751,1.2016118032485192,94195.3805954919
704.6688511371613,1.2012443378652629,94195.44253594271
704.7689397335052,1.2020711349775899,94194.79828234843
704.8691740036011,1.1971103523036282,94194.2184541136
704.9691736698151,1.1907715744424547,94193.79660870224
705.0687065124512,1.189301712909429,94193.91694783201
705.1693210601807,1.1941706292375767,94192.9252530488
705.2689797878265,1.2206281368320395,94192.23272774393
705.3693356513977,1.3151586066747556,94190.00945496953
705.4692981243134,1.1732251023919602,94185.90850947257
705.5692596435547,1.1149818391458164,94185.81765852532
705.6690454483032,1.1139713093418613,94184.73589267279
705.7685902118683,1.1129607795379062,94184.86230340552
705.8692376613617,1.1141550420334896,94184.07607306496
705.9686591625214,1.1131445122295343,94182.96846575847
706.0693502426147,1.1115827843506945,94180.97161918263
706.1690118312836,1.111123452621624,94180.07445726436
706.269318819046,1.1117665170423228,94179.96701153793
706.3687844276428,1.1124095814630215,94179.27031038413
706.4693529605865,1.1122258487713932,94178.04327934571
706.5690367221832,1.1108478535841817,94177.33895141115
706.6684899330139,1.112042116079765,94176.80505627004
706.7685313224792,1.1135119776127906,94176.22455064305
706.8689727783203,1.11461437376256,94175.20209557874
706.9692625999451,1.113695710304419,94175.88188602087
707.0692758560181,1.1131445122295343,94174.79369741879
707.1686124801636,1.1107559872383674,94174.7143276769
707.2686643600464,1.113695710304419,94174.64289490921
707.368626832962,1.1121339824255791,94173.67860541829
707.4688537120819,1.1124095814630215,94173.41074487647
707.5690779685974,1.1131445122295343,94173.46967038882
707.6689732074738,1.1134201112669766,94173.32270334994
707.7693099975586,1.112868913192092,94173.29043301495
707.8693075180054,1.1121339824255791,94172.16138971345
707.9685454368591,1.1121339824255791,94172.94525074211
708.0692615509033,1.1123177151172075,94172.4507256679
708.1685886383057,1.1135119776127906,94173.80565310112
708.2687270641327,1.113695710304419,94174.22508779101
708.3688459396362,1.1123177151172075,94174.10257901192
708.4686257839203,1.1133282449211626,94175.29232111073
708.568393945694,1.1113990516590662,94176.46308899965
708.6686320304871,1.1127770468462779,94175.21678009968
708.7687876224518,1.1147981064541883,94176.19510208971
708.8684747219086,1.1153493045290728,94175.97559188074
708.9684858322144,1.1153493045290728,94174.97803269267
709.0687444210052,1.1131445122295343,94174.68022942341
709.1686124801636,1.1113071853132521,94175.41220648107
709.2685046195984,1.1127770468462779,94175.67098583297
709.3686485290527,1.1122258487713932,94175.10388724967
709.468724489212,1.1125014478088355,94176.4934985247
709.5688190460205,1.1148899728000023,94176.94414867224
709.6687459945679,1.1113071853132521,94176.74973380502
709.7685871124268,1.1115827843506945,94176.67476042452
709.8683483600616,1.1098373237802264,94176.60728438207
709.9683971405029,1.1115827843506945,94176.84655594386
710.069155216217,1.1116746506965085,94177.16190034949
710.1690149307251,1.1114909180048804,94176.54571031455
710.2691652774811,1.1116746506965085,94175.59113928309
710.3691878318787,1.1132363785753485,94176.03202535478
710.4692900180817,1.1119502497339508,94175.7288228193
710.5691230297089,1.1089186603220853,94175.25594053739
710.6685318946838,1.1124095814630215,94175.03034648366
710.7685310840607,1.1115827843506945,94173.92731183529
710.8686058521271,1.1138794429960472,94174.23458065176
710.9691996574402,1.111215318967438,94174.11112258659
711.0689823627472,1.1127770468462779,94174.30001032793
711.1689016819,1.1126851805004638,94174.57000929514
711.2692289352417,1.1125014478088355,94174.11300836563
711.3693101406097,1.1108478535841817,94173.00170752907
711.469190120697,1.1113990516590662,94173.10153677616
711.5689594745636,1.1122258487713932,94173.29138309855
711.6687953472137,1.112042116079765,94175.16224478869
711.7686147689819,1.1107559872383674,94175.54602030982
711.8685419559479,1.1091942593595276,94176.59141827884
711.9687874317169,1.1115827843506945,94175.73227645096
712.0691404342651,1.1117665170423228,94174.45904880587
712.1689777374268,1.110296655509297,94174.31314392529
712.268684387207,1.1108478535841817,94174.08182953276
712.3683795928955,1.1119502497339508,94175.27364657949
712.4692947864532,1.1097454574344123,94175.74628192154
712.569206237793,1.1113990516590662,94176.57165372939
712.6690988540649,1.10946985839697,94176.91448835646
712.768935918808,1.110480388200925,94176.82303952082
712.8688204288483,1.1090105266678996,94176.04073556873
712.9690191745758,1.1110315862758098,94175.43666201187
713.0691094398499,1.110204789163483,94175.69299581069
713.1689381599426,1.1078162641723162,94175.22369622963
713.2690985202789,1.1101129228176687,94175.30132660667
713.369106054306,1.1101129228176687,94175.071193946
713.4686954021454,1.110204789163483,94173.9640745514
713.5683896541595,1.1087349276304572,94173.76766709627
713.6692700386047,1.1105722545467394,94173.59090038664
713.7687723636627,1.110388521855111,94173.13181034797
713.8687977790833,1.109377992051156,94172.91862931318
713.9687728881836,1.1099291901260406,94172.12676638186
714.0690705776215,1.1115827843506945,94172.31408974367
714.16863489151,1.1121339824255791,94171.7826807693
714.2693502902985,1.107724397826502,94171.60441269238
714.3691549301147,1.109561724742784,94171.74397142314
714.4685933589935,1.109377992051156,94171.46957428083
714.5687201023102,1.1064382689851044,94172.02261685274
714.6686928272247,1.110480388200925,94173.42035516747
714.7689263820648,1.1084593285930149,94173.57831965073
714.8688461780548,1.1096535910885983,94174.12048768565
714.9686284065247,1.1108478535841817,94174.8084389171
715.0683574676514,1.1097454574344123,94174.9275950254
715.1687197685242,1.10946985839697,94174.53483552286
715.2685537338257,1.109377992051156,94175.48135197058
715.3691754341125,1.1105722545467394,94175.03321677353
715.4689161777496,1.1132363785753485,94175.32989509619
715.5685079097748,1.1121339824255791,94174.49690558657
715.6684944629669,1.110204789163483,94174.7472150279
715.7690322399139,1.1101129228176687,94175.47249352511
715.86851811409,1.1113071853132521,94175.32524417259
715.9692072868347,1.10946985839697,94175.29271975534
716.0689027309418,1.112042116079765,94176.2634477798
716.1689796447754,1.110204789163483,94177.03710300181
716.2687742710114,1.1113071853132521,94177.63339270164
716.3688642978668,1.109286125705342,94177.77005343146
716.4689283370972,1.1096535910885983,94177.09304808833
716.5691022872925,1.109286125705342,94176.1837432795
716.6690008640289,1.109377992051156,94175.96536895154
716.7684526443481,1.1087349276304572,94175.96883205639
716.8688480854034,1.10946985839697,94174.47194885075
716.9684643745422,1.1091023930137136,94173.72475396568
717.0691576004028,1.1100210564718547,94174.25227856911
717.1689023971558,1.1118583833881368,94172.7270507122
717.2688310146332,1.1082755959013866,94171.75434564099
717.368842124939,1.1087349276304572,94172.1789110769
717.4685001373291,1.1090105266678996,94171.3610199692
717.5693118572235,1.1081837295555725,94170.52491797229
717.6687750816345,1.1072650660974315,94170.77242617507
717.7693521976471,1.1106641208925534,94168.39518355756
717.868759393692,1.1121339824255791,94168.7556652018
717.9686946868896,1.1068057343683608,94168.88009868162
718.0686531066895,1.1090105266678996,94169.19208881346
718.1692242622375,1.1079999968639442,94169.17287993211
718.2689142227173,1.1087349276304572,94169.15559193889
718.3684849739075,1.1122258487713932,94170.740032745
718.4687986373901,1.110204789163483,94170.3660294705
718.5687761306763,1.1122258487713932,94170.22942652345
718.6684510707855,1.112042116079765,94170.50648387111
718.7685487270355,1.1115827843506945,94172.055835484
718.8686573505402,1.1100210564718547,94172.05025193561
718.969263792038,1.1105722545467394,94172.04522674205
719.0692873001099,1.1118583833881368,94172.84070406784
719.1684174537659,1.1101129228176687,94173.75663366106
719.2684228420258,1.111123452621624,94172.68097029495
719.3683428764343,1.1109397199299957,94173.01287326547
719.4690752029419,1.1123177151172075,94173.91158593893
719.5691137313843,1.109561724742784,94174.22042734503
719.6691560745239,1.1084593285930149,94174.79838461053
719.769252538681,1.1115827843506945,94175.31854614949
719.8690285682678,1.110480388200925,94175.48669153453
719.9688708782196,1.1126851805004638,94175.0380223811
720.0683500766754,1.1121339824255791,94174.93422014298
720.1690011024475,1.1118583833881368,94174.4407981287
720.2686312198639,1.1113990516590662,94174.49671831583
720.3690614700317,1.111123452621624,94175.14704648426
720.4691534042358,1.1134201112669766,94175.73234183584
720.5686995983124,1.1149818391458164,94176.55910765225
720.6693727970123,1.115441170874887,94177.10319688702
720.7692003250122,1.1143387747251177,94176.09287719832
720.869437456131,1.1152574381832587,94175.2835894785
720.9683911800385,1.1173703641369832,94174.95523053064
721.0687518119812,1.1153493045290728,94174.95970747758
721.1690747737885,1.1157167699123294,94174.26373672983
721.268961429596,1.1157167699123294,94175.43736305686
721.3684237003326,1.1172784977911692,94175.69362675118
721.4685409069061,1.1151655718374447,94176.22426407607
721.5691547393799,1.1166354333704704,94175.40183766847
721.668984413147,1.1152574381832587,94174.66165390162
721.7685978412628,1.1159005026039575,94173.99548851147
721.8690469264984,1.1159005026039575,94175.59593966033
721.968966960907,1.1153493045290728,94175.6363456943
722.0692002773285,1.1168191660620985,94175.77271112488
722.1689443588257,1.1157167699123294,94175.89544001239
722.2685236930847,1.1143387747251177,94175.30589601115
722.3685436248779,1.1160842352955858,94174.37530641005
722.4685485363007,1.1192076910532653,94173.43777576904
722.5693192481995,1.1227904785400156,94171.59399819214
722.6693322658539,1.1229742112316436,94171.33459837292
722.7690138816833,1.1212287506611758,94172.30113853564
722.8686616420746,1.119667022782336,94171.67102468209
722.9692511558533,1.117921562211868,94171.20392221388
723.0692729949951,1.1186564929783807,94172.48352999249
723.1690549850464,1.1160842352955858,94173.33517699325
723.2691104412079,1.1191158247074513,94171.90165929392
723.3692343235016,1.1107559872383674,94171.11149336451
723.4687442779541,1.1602719476321712,94171.90034402806
723.5693290233612,1.1451140005728435,94172.01030962526
723.6688711643219,1.09918082766579,94173.70927866273
723.7686996459961,1.0624342893401473,94173.83835079646
723.8693652153015,1.1162679679872138,94173.05451571682
723.9687249660492,1.1191158247074513,94172.84906414515
724.0693066120148,1.1194832900907077,94172.26415773063
724.1684679985046,1.1192076910532653,94172.33774195757
724.2690033912659,1.1175540968286115,94173.0039677618
724.3691804409027,1.119667022782336,94173.20357098563
724.4691143035889,1.1362948313746892,94173.78321388706
724.5686886310577,1.1339981727293367,94173.10489249835
724.6687021255493,1.1217799487360605,94173.79440324851
724.7684364318848,1.1079081305181302,94174.01496292367
724.8686380386353,1.1209531516237334,94173.5134666313
724.9691157341003,1.1570566255286774,94172.76211996817
725.0684943199158,1.153290105350299,94172.78590797137
725.1685490608215,1.1621092745484534,94173.60731717423
725.2687916755676,1.1540250361168118,94174.44658545681
725.3692409992218,1.1519121101630874,94174.90192691113
725.469206571579,1.1339063063835224,94175.01173422002
725.5691168308258,1.1263732660267658,94174.11056079803
725.6689898967743,1.1160842352955858,94173.99950471823
725.7688643932343,1.1047846747604506,94174.89955424641
725.8692479133606,1.114706240108374,94175.00959882178
725.9692430496216,1.1459407976851705,94175.5086389396
726.0692756175995,1.1436441390398178,94175.65777504563
726.168434381485,1.1251790035311824,94174.89199754108
726.2689924240112,1.1069894670599891,94173.50279778698
726.3686859607697,1.1022124170776555,94172.95251800829
726.4692628383636,1.105978937256034,94173.15726620746
726.5684671401978,1.1174622304827972,94172.74153958671
726.6693019866943,1.1169110324079128,94171.96738562804
726.7687637805939,1.1176459631744255,94171.07064706524
726.8684887886047,1.110204789163483,94171.46358235872
726.9691996574402,1.129129256401189,94172.01722412284
727.0690121650696,1.1362029650288752,94172.51550171056
727.1686909198761,1.1125014478088355,94171.9639515395
727.2687885761261,1.10946985839697,94171.96755638554
727.3685612678528,1.1270163304474645,94172.17080074699
727.468457698822,1.1298641871677018,94173.65372067229
727.5687785148621,1.1409800150112088,94174.68834860505
727.6685678958893,1.1402450842446958,94175.81951374456
727.768426656723,1.1388670890574843,94175.03756237011
727.8691823482513,1.1545762341916965,94175.6338061331
727.9688873291016,1.16091501205287,94175.6704255198
728.0686731338501,1.134273771766779,94175.60338296782
728.1683712005615,1.13363070734608,94175.14304467104
728.2693462371826,1.1215043496986181,94174.12874020395
728.3689289093018,1.1321608458130545,94174.41586618355
728.4687473773956,1.1520958428547157,94173.2742795652
728.5690290927887,1.159261417828216,94172.74685160868
728.6685240268707,1.1839734648522109,94173.07216644782
728.7690398693085,1.1904959754050124,94173.46494980303
728.8688087463379,1.1792882812156913,94173.91845482273
728.968658208847,1.14391973807726,94173.62660934047
729.0685803890228,1.118013428557682,94172.56394840643
729.1688795089722,1.1035904122648672,94171.80755356578
729.2691593170166,1.0866870046350714,94170.72679820922
729.3690807819366,1.0970679017120655,94169.7541183883
729.4686236381531,1.1151655718374447,94169.77870654948
729.5688443183899,1.1118583833881368,94169.70083589453
729.6688067913055,1.1167272997162845,94168.73075230508
729.7688598632812,1.113603843958605,94168.75767707457
729.8688337802887,1.1237091419981566,94168.5819093671
729.9685423374176,1.115441170874887,94168.5237184304
730.0691344738007,1.105152140143707,94169.07134658736
730.1687889099121,1.1113071853132521,94170.06421192862
730.2689187526703,1.112042116079765,94169.15779073577
730.3688266277313,1.1178296958660539,94168.94201166219
730.4688191413879,1.118748359324195,94169.04781049598
730.5692539215088,1.1272919294849069,94169.44302944638
730.6686501502991,1.1408881486653946,94168.79872650174
730.768495798111,1.1698260475968383,94168.91885385157
730.8684077262878,1.1857189254226788,94168.52696846642
730.9684913158417,1.1896691782926854,94169.97427161978
731.0684485435486,1.1537494370793695,94171.47684445781
731.168586730957,1.141255614048651,94172.42916001203
731.2686455249786,1.1319771131214262,94174.28624401084
731.3686857223511,1.1260058006435092,94175.35761960976
731.4688146114349,1.113695710304419,94175.52185764878
731.5688166618347,1.1158086362581434,94176.06967188392
731.6684021949768,1.112868913192092,94174.46270469553
731.768728017807,1.0847578113729752,94175.41643422598
731.8689968585968,1.0868707373266997,94174.97479080339
731.9683771133423,1.0864114055976293,94175.07731172306
732.0689086914062,1.0843903459897188,94175.46958055075
732.1684808731079,1.0852171431020459,94174.42262249568
732.2684946060181,1.119667022782336,94173.98036024612
732.3686888217926,1.1448384015354012,94174.38232422151
732.4685187339783,1.1468594611433116,94174.44409179936
732.5691518783569,1.1348249698416635,94175.79968261943
732.6690561771393,1.1254546025686247,94175.21971435749
732.7687661647797,1.1331713756170096,94175.99774292174
732.8686521053314,1.1212287506611758,94177.19796862957
732.9687621593475,1.1056114718727776,94177.77817176662
733.0689952373505,1.1107559872383674,94178.20035458996
733.1687898635864,1.0910047228883346,94176.78031913096
733.2690787315369,1.1031310805357966,94176.50228721787
733.3687705993652,1.1215962160444322,94175.95205849608
733.468986749649,1.1277512612139773,94175.75685264647
733.5693092346191,1.1250871371853681,94176.68116738183
733.6687648296356,1.1400613515530678,94176.51305064365
733.7693197727203,1.1500747832468052,94176.86174557928
733.8687994480133,1.1435522726940037,94176.47557102136
733.9688205718994,1.1193914237448936,94177.32801391924
734.0686950683594,1.1294967217844454,94176.69521252732
734.1692643165588,1.1324364448504969,94177.3256912746
734.2685933113098,1.113695710304419,94176.59312214714
734.368435382843,1.1142469083793036,94175.73380993243
734.4689474105835,1.1158086362581434,94176.56042893918
734.568553686142,1.1185646266325666,94176.40438604527
734.6692736148834,1.1297723208218877,94175.76394744075
734.7688112258911,1.1113071853132521,94177.08755269667
734.8688035011292,1.1055196055269634,94177.37879742701
734.968448638916,1.1143387747251177,94177.34091768431
735.0692207813263,1.1164517006788421,94176.70682591588
735.1687397956848,1.1147981064541883,94175.1361433243
735.2688343524933,1.1157167699123294,94174.62252899187
735.369334936142,1.0940363123002002,94175.16027609268
735.468804359436,1.1021205507318415,94174.74424848342
735.5692915916443,1.0892592623178665,94175.06982363509
735.6688978672028,1.1176459631744255,94175.76284127157
735.7684783935547,1.1172784977911692,94175.18655714442
735.8686926364899,1.11975888912815,94174.46790142999
735.9687407016754,1.0979865651702068,94175.72111128698
736.0690410137177,1.089626727701123,94175.54900015828
736.1686751842499,1.1367541631037599,94175.89410014245
736.2691185474396,1.1057952045644057,94175.7046901282
736.3684411048889,1.0968841690204374,94175.93422111539
736.4689989089966,1.137672826561901,94175.34079900385
736.5689840316772,1.1289455237095607,94175.10671910347
736.6690816879272,1.1238010083439707,94173.79604719311
736.7686762809753,1.1213206170069898,94173.01644247382
736.8691518306732,1.10074255554463,94171.31479822645
736.9685201644897,1.100834421890444,94170.98331840381
737.0688953399658,1.117186631445355,94171.28498656343
737.1685116291046,1.1144306410709317,94172.05648790709
737.2685503959656,1.115533037220701,94173.05083911637
737.3689353466034,1.114522507416746,94173.74575520474
737.4688806533813,1.1125933141546496,94172.77117968426
737.5684666633606,1.1130526458837202,94173.69406171584
737.6688039302826,1.1131445122295343,94173.22465554425
737.7690064907074,1.1144306410709317,94172.80218998983
737.8691527843475,1.1159923689497717,94173.22197099085
737.9684782028198,1.1153493045290728,94174.19977389177
738.0687718391418,1.1153493045290728,94174.17979650259
738.1688380241394,1.115533037220701,94174.26181685233
738.2689552307129,1.116359834333028,94173.73563516709
738.3691623210907,1.113695710304419,94173.36207165038
738.4690845012665,1.1169110324079128,94171.92586448534
738.5686333179474,1.1149818391458164,94170.9332780368
738.6691105365753,1.1149818391458164,94170.03995023311
738.7685279846191,1.1168191660620985,94169.53595520981
738.8684720993042,1.115533037220701,94168.98235968883
738.9685089588165,1.1170028987537268,94167.58412371995
739.0693106651306,1.1175540968286115,94168.02571134796
739.1684255599976,1.117186631445355,94167.62314021317
739.2691259384155,1.1138794429960472,94168.16082619186
739.3684961795807,1.113603843958605,94168.24474357266
739.4692435264587,1.1131445122295343,94168.22026921541
739.5692658424377,1.1127770468462779,94168.09824229387
739.6683576107025,1.1110315862758098,94167.18841806448
739.7692406177521,1.10946985839697,94166.96957625804
739.8686208724976,1.1117665170423228,94166.57261863224
739.9691846370697,1.1117665170423228,94166.81535676902
740.0692341327667,1.1090105266678996,94166.03382109212
740.1688885688782,1.1078162641723162,94165.6304389829
740.2687940597534,1.1100210564718547,94167.16739508462
740.3683817386627,1.1099291901260406,94166.15065557616
740.4693424701691,1.1108478535841817,94166.33559001854
740.5684325695038,1.1121339824255791,94164.70203101668
740.669203042984,1.1097454574344123,94164.33182791503
740.7683982849121,1.1098373237802264,94163.79864512352
740.8689367771149,1.1079081305181302,94163.71878061118
740.9691619873047,1.1089186603220853,94163.64690255007
741.0689902305603,1.110480388200925,94163.98221229506
741.1686010360718,1.110204789163483,94164.38399106555
741.268935918808,1.1087349276304572,94164.145591959
741.3687174320221,1.1084593285930149,94163.5310327631
741.4689934253693,1.108643061284643,94163.2779294868
741.5693833827972,1.1097454574344123,94163.25013653812
741.6684045791626,1.1070813334058032,94162.9251228843
741.7689263820648,1.1097454574344123,94162.13261059587
741.8684799671173,1.1129607795379062,94162.81934953628
741.968897819519,1.1091942593595276,94163.43741458264
742.0689814090729,1.1084593285930149,94162.39367312439
742.16934633255,1.109561724742784,94162.55430581195
742.2692103385925,1.1125014478088355,94163.39887523076
742.3691613674164,1.1075406651348738,94162.75898770768
742.4685115814209,1.108551194938829,94161.68308893692
742.5690302848816,1.1118583833881368,94162.21478004323
742.6685039997101,1.10946985839697,94163.09330203892
742.7692999839783,1.1079081305181302,94162.88397183504
742.8692350387573,1.10946985839697,94162.99557465153
742.9693291187286,1.1074487987890598,94163.89601718637
743.0686695575714,1.1106641208925534,94162.80641546774
743.1685662269592,1.1097454574344123,94161.62577392097
743.2685368061066,1.1079999968639442,94161.96319652887
743.3686995506287,1.1106641208925534,94162.366876876
743.4691627025604,1.110296655509297,94161.53018918839
743.5690610408783,1.1088267939762713,94163.07717026955
743.6690106391907,1.1083674622472008,94163.2694532426
743.7687170505524,1.1099291901260406,94163.64250791834
743.8692162036896,1.1098373237802264,94164.27825712651
743.9691696166992,1.1082755959013866,94164.15043141387
744.0685203075409,1.1105722545467394,94164.43538827248
744.1689171791077,1.1101129228176687,94164.39184944524
744.2690312862396,1.1109397199299957,94163.55266450072
744.3689429759979,1.109286125705342,94164.09739805064
744.4693789482117,1.1096535910885983,94163.48765824558
744.5692164897919,1.1117665170423228,94163.23889242102
744.6692259311676,1.110204789163483,94163.11500317891
744.7690105438232,1.1119502497339508,94163.80350286103
744.8688676357269,1.1118583833881368,94163.32315257493
744.9690911769867,1.1113990516590662,94162.39083731743
745.0693106651306,1.1116746506965085,94161.9517535857
745.1692318916321,1.1130526458837202,94161.25657822713
745.2684214115143,1.1118583833881368,94161.13092040442
745.3693192005157,1.1118583833881368,94160.41782836398
745.4683451652527,1.1135119776127906,94160.17604552758
745.5690565109253,1.1105722545467394,94160.35844097481
745.6687994003296,1.110480388200925,94160.72259687733
745.7686586380005,1.1113071853132521,94159.9503371896
745.8684618473053,1.1091942593595276,94158.85530347064
745.9687125682831,1.1126851805004638,94158.36977312357
746.0687947273254,1.109286125705342,94156.73279581121
746.1690638065338,1.1099291901260406,94156.35951623009
746.2691950798035,1.110388521855111,94155.92356460709
746.3690710067749,1.1110315862758098,94155.23120814638
746.4689836502075,1.1121339824255791,94156.10808733174
746.5691266059875,1.1088267939762713,94156.29727859858
746.6689312458038,1.1072650660974315,94156.56755073872
746.7691025733948,1.1055196055269634,94155.41079566485
746.868824005127,1.106162669947662,94156.16971609837
746.9685595035553,1.1099291901260406,94155.95274448853
747.0691483020782,1.1080918632097585,94155.85747003969
747.1689031124115,1.1091942593595276,94156.37172303573
747.2684535980225,1.1113071853132521,94157.83455073216
747.3691952228546,1.111215318967438,94158.65109565896
747.4689264297485,1.1125933141546496,94159.88598609307
747.5691990852356,1.1114909180048804,94159.69738748377
747.6687066555023,1.110388521855111,94159.62764873539
747.768492937088,1.1113071853132521,94159.96488386186
747.8691754341125,1.1088267939762713,94159.56839547568
747.9683673381805,1.108551194938829,94161.11155592812
748.0690751075745,1.109561724742784,94161.30040033531
748.1688888072968,1.109286125705342,94159.37036030178
748.2685372829437,1.1115827843506945,94158.93332427161
748.3691005706787,1.1101129228176687,94158.43999184444
748.4685995578766,1.1113990516590662,94158.29599266
748.5691533088684,1.1101129228176687,94158.366393394
748.6685531139374,1.1113990516590662,94159.3297540546
748.768961429596,1.1097454574344123,94158.59677864914
748.8684587478638,1.1091942593595276,94158.53710078423
748.9691214561462,1.1108478535841817,94159.38339070581
749.0689752101898,1.110204789163483,94159.24505163524
749.1688740253448,1.110204789163483,94160.32054647172
749.2689476013184,1.1105722545467394,94159.98849182455
749.3684935569763,1.1099291901260406,94160.2896426421
749.4690799713135,1.109377992051156,94161.86067837791
749.5684189796448,1.1075406651348738,94164.07461054012
749.6692039966583,1.1100210564718547,94165.3671494861
749.768806219101,1.108643061284643,94167.03043453749
749.8684895038605,1.110204789163483,94167.42739108375
749.9687397480011,1.109561724742784,94167.08465197537
750.0692193508148,1.1099291901260406,94166.57618677783
750.1689922809601,1.110388521855111,94167.51856810006
750.2686333656311,1.1098373237802264,94166.86671129006
750.3687193393707,1.111123452621624,94166.78004016106
750.4686794281006,1.10946985839697,94166.90203614495
750.5686304569244,1.109377992051156,94167.91183253046
750.6686499118805,1.1088267939762713,94167.42064927742
750.7691643238068,1.1098373237802264,94168.9785843497
750.8689615726471,1.110388521855111,94169.48072591472
750.9692838191986,1.109561724742784,94169.53265332324
751.0692310333252,1.1088267939762713,94168.37938799092
751.16916680336,1.1076325314806879,94168.14144919184
751.2690422534943,1.1070813334058032,94168.42730427267
751.368495464325,1.1110315862758098,94168.7845738454
751.4688687324524,1.1097454574344123,94169.50611646088
751.5687305927277,1.110480388200925,94168.75550481479
751.6689066886902,1.1107559872383674,94169.07995433331
751.768471956253,1.1109397199299957,94169.97195889999
751.8683972358704,1.1114909180048804,94170.77476300999
751.968453168869,1.1113990516590662,94170.697286709
752.0692193508148,1.1132363785753485,94170.92755803809
752.169312953949,1.1121339824255791,94171.23480223428
752.268652677536,1.1121339824255791,94171.91132201086
752.3685622215271,1.10946985839697,94171.02018980977
752.4688560962677,1.1116746506965085,94170.61817082879
752.5688064098358,1.109286125705342,94170.35635374591
752.6689851284027,1.10946985839697,94169.32071837132
752.7686495780945,1.1106641208925534,94169.9886465342
752.8687999248505,1.1346412371500354,94170.98978188078
752.9685664176941,1.1204938198946628,94170.49080369271
753.0688240528107,1.1134201112669766,94170.34172332344
753.1685571670532,1.1271081967932786,94170.4075509911
753.269248008728,1.16091501205287,94170.866795892
753.3693299293518,1.173776300466845,94171.4801163028
753.4686992168427,1.1599963485947289,94170.83210467252
753.5691537857056,1.146308263068427,94170.74889420527
753.6687619686127,1.117186631445355,94171.07400478474
753.7691724300385,1.1099291901260406,94170.46660430626
753.8687419891357,1.1116746506965085,94170.41994387563
753.9693715572357,1.124076607381413,94170.87794948807
754.0691356658936,1.1084593285930149,94171.59015453927
754.1693472862244,1.1133282449211626,94171.23113908534
754.2692251205444,1.1110315862758098,94171.40802517682
754.3688366413116,1.1134201112669766,94171.66722265913
754.468772649765,1.1144306410709317,94170.90050039321
754.5693032741547,1.10946985839697,94170.1104503539
754.6692667007446,1.10946985839697,94169.89940531852
754.7685387134552,1.110204789163483,94170.20946478668
754.869218826294,1.112042116079765,94169.58851830801
754.9686493873596,1.1129607795379062,94167.92966647721
755.0691301822662,1.1091023930137136,94167.6366998295
755.1689364910126,1.1121339824255791,94167.57302984655
755.2687976360321,1.1105722545467394,94167.9157268619
755.3693025112152,1.1082755959013866,94168.32415417572
755.468966960907,1.1083674622472008,94167.99173875815
755.5685756206512,1.1082755959013866,94168.19256488234
755.6692481040955,1.1098373237802264,94167.47330839411
755.7692656517029,1.1069894670599891,94168.0259775547
755.8692412376404,1.1081837295555725,94168.12337979923
755.968770980835,1.106070803601848,94167.5110418193
756.0683934688568,1.1072650660974315,94168.05993763739
756.1693081855774,1.1079081305181302,94167.15394387365
756.2690618038177,1.1075406651348738,94167.2385494863
756.3686680793762,1.109561724742784,94166.61469453768
756.4691262245178,1.1031310805357966,94166.65322508391
756.5686209201813,1.109377992051156,94166.18790257552
756.6685211658478,1.1065301353309187,94165.16911231798
756.768336057663,1.1078162641723162,94164.95220108618
756.8689448833466,1.1073569324432455,94164.65698097757
756.9692611694336,1.1132363785753485,94163.79128287981
757.0691912174225,1.1176459631744255,94164.01215459184
757.1693542003632,1.1208612852779194,94164.01093913266
757.2688729763031,1.110204789163483,94164.8098452194
757.3687908649445,1.10946985839697,94166.32886069745
757.4687569141388,1.0927501834588025,94166.59597462771
757.5687384605408,1.076765439287148,94168.33637716493
757.6688072681427,1.0933932478795012,94168.90273944843
757.7686498165131,1.101661219002771,94168.51246550359
757.8692297935486,1.1056114718727776,94167.66121895323
757.968906879425,1.1028554814983542,94168.09509705791
758.0684852600098,1.1041416103397519,94166.98558735212
758.168972492218,1.1064382689851044,94167.38702861691
758.2688181400299,1.1031310805357966,94167.84832575521
758.368762254715,1.099915758432303,94168.8634931797
758.468768119812,1.103406679573239,94168.87714386173
758.5686659812927,1.108643061284643,94167.68942947555
758.6688108444214,1.1113990516590662,94167.220486528
758.7691714763641,1.1110315862758098,94166.4984378752
758.8690423965454,1.1127770468462779,94166.74859408768
758.9689066410065,1.1133282449211626,94166.67373467892
759.0687577724457,1.1152574381832587,94166.90636121102
759.1689312458038,1.1159923689497717,94165.91572508992
759.2689437866211,1.0992726940116042,94166.22415258092
759.369179725647,1.0616074922278202,94166.50173732283
759.468905210495,1.0212781664154273,94166.85156359055
759.5688281059265,1.0383653067368512,94166.3664072315
759.6690220832825,1.0439691538315117,94165.82976650835
759.7687544822693,1.0412131634570885,94166.54678985752
759.8686511516571,1.0371710442412678,94167.19211087177
759.9684076309204,1.0343231875210306,94166.7728997846
760.0688908100128,1.0413968961487168,94166.09560980614
760.1690282821655,1.0693242652762052,94165.88604882553
760.2687909603119,1.0967923026746234,94165.89744394299
760.3690223693848,1.0680381364348077,94165.00769954869
760.4691164493561,1.032210261567306,94164.20692959381
760.5687167644501,1.014939388554254,94164.88623663444
760.6691174507141,1.0154905866291386,94165.697612971
760.7689673900604,1.0084168780014524,94165.7278516739
760.8684220314026,1.0067632837767984,94166.15506650652
760.9686307907104,1.0066714174309843,94166.53955985587
761.0691351890564,1.048562471122217,94166.38560387028
761.168449640274,1.0749281123708658,94167.64704348324
761.2691330909729,1.0900860594301935,94168.08233913493
761.369148015976,1.067486938359923,94168.87410522145
761.4693205356598,1.0496648672719864,94169.6866946993
761.5684955120087,1.0008838376446956,94169.71802522936
761.6691837310791,0.9855421578937397,94169.44622270642
761.769314289093,0.9577985214578794,94168.40160043577
761.8691427707672,0.9486118868764687,94165.5614403922
761.9692535400391,0.9476013570725135,94165.00529635297
762.0690321922302,0.9541238676253151,94162.20476671768
762.1691663265228,0.9555018628125267,94159.58429004592
762.2692482471466,1.0126427299089014,94159.12586104134
762.3684549331665,1.05958643261991,94159.01327493721
762.4689652919769,1.0331289250254472,94157.6119474435
762.5691246986389,0.9822349694444319,94156.15075269915
762.6688446998596,0.9382309897994746,94155.43567742922
762.7693164348602,0.9958311886249197,94156.5921096863
762.8692750930786,1.0937607132627578,94158.13289871767
762.9686498641968,1.106070803601848,94159.81960884591
763.0692069530487,1.1057033382185917,94161.53764796132
763.1692423820496,1.1057952045644057,94161.58388316519
763.2689275741577,1.1071731997516174,94163.02549484868
763.3691899776459,1.1079081305181302,94163.52294536382
763.4693551063538,1.1115827843506945,94163.67065082744
763.5692496299744,1.1076325314806879,94163.8035857447
763.6692974567413,1.1080918632097585,94164.12322717023
763.7690761089325,1.1083674622472008,94163.81090445322
763.8690087795258,1.1087349276304572,94164.72981400791
763.9693145751953,1.1057033382185917,94164.45683260712
764.0684306621552,1.1067138680225468,94165.11114934641
764.1690123081207,1.105152140143707,94165.10003441178
764.2690427303314,1.0800726277364558,94165.5900309706
764.3685443401337,1.1607312793612417,94165.13102787355
764.4685659408569,1.105060273797893,94166.31792508619
764.5685040950775,1.1071731997516174,94167.68613257757
764.6689732074738,1.1054277391811493,94167.81751931981
764.7690641880035,1.1535657043877414,94168.73576738783
764.8688559532166,1.1072650660974315,94169.26219064904
764.9685468673706,1.1064382689851044,94170.23597158413
765.068913936615,1.1058870709102198,94170.01237442573
765.1691546440125,1.1599044822489148,94168.11113698316
765.2691254615784,1.1049684074520787,94168.30002328484
765.3686981201172,1.1079081305181302,94168.97002095636
765.4692566394806,1.1044172093771942,94168.77301886072
765.5688157081604,1.1117665170423228,94167.89571697466
765.6687424182892,1.1392345544407407,94168.2061452772
765.7692408561707,1.1039578776481236,94167.38553074948
765.8689558506012,1.1037741449564953,94168.54697767453
765.9684381484985,1.1265569987183939,94166.99227990708
766.0685741901398,1.1057952045644057,94166.19305191637
766.1687273979187,1.1038660113023095,94166.57374672474
766.2686197757721,1.144654668843773,94167.51637205227
766.3686830997467,1.101018154582072,94167.96473484705
766.4686298370361,1.1040497439939376,94168.56826136234
766.5686144828796,1.099915758432303,94167.2114352261
766.668487071991,1.0994564267032323,94167.89029170349
766.769300699234,1.0961492382539244,94167.90126253314
766.8687608242035,1.0727233200713273,94167.11113627983
766.9686722755432,1.0899023267385652,94166.80002265183
767.0688238143921,1.0606888287696792,94165.02002038664
767.1687235832214,1.1323445785046826,94164.21801834798
767.2690086364746,1.100099491123931,94163.19621651318
767.3690974712372,1.1026717488067261,94163.67659486187
767.4688892364502,1.0839310142606482,94161.60893537568
767.5689401626587,1.1034985459190532,94161.74804183812
767.6687252521515,1.1064382689851044,94163.3732376543
767.7687220573425,1.1105722545467394,94162.13591388888
767.868814945221,1.1281187265972337,94162.12232249998
767.9687261581421,1.093944445954386,94161.41009024999
768.0692183971405,1.0369873115496395,94162.16908122499
768.1692841053009,1.0889836632804242,94162.25217310249
768.269059419632,1.093944445954386,94161.82695579225
768.3686559200287,1.0660170768268975,94161.64426021303
768.4690787792206,1.012367130871459,94162.37983419171
768.5691087245941,1.087238202709956,94161.74185077255
768.6689901351929,1.082828618110879,94160.8676656953
768.7692413330078,1.0495730009261723,94158.98089912577
768.8685190677643,1.0750199787166799,94160.2828092132
768.968770980835,1.0732745181462118,94160.05452829188
769.0689117908478,1.0496648672719864,94159.0490754627
769.1691906452179,1.110296655509297,94158.74416791643
769.2684471607208,1.1053358728353353,94158.9697511248
769.3688771724701,1.1087349276304572,94158.9727760123
769.4687919616699,1.1047846747604506,94158.17549841109
769.5691430568695,1.1065301353309187,94159.15794856999
769.6684300899506,1.1068057343683608,94159.742153713
769.7688791751862,1.1117665170423228,94159.3679383417
769.8692970275879,1.1158086362581434,94158.63114450753
769.9692192077637,1.0170523145079784,94160.06803005678
770.0687298774719,1.0133776606754141,94160.4612270511
770.1689374446869,1.1933438321252496,94160.71510434599
770.2687454223633,1.1297723208218877,94161.54359391138
770.3691189289093,1.034690652904287,94161.48923452025
770.4688234329224,1.0472763422808196,94161.44031106823
770.5692412853241,1.0078656799265677,94161.99627996141
770.6689891815186,1.0169604481621644,94162.79665196527
770.768940448761,1.0831042171483214,94163.51698676875
770.8686816692352,1.129312989092817,94164.26528809189
770.9687979221344,1.1090105266678996,94165.93875928271
771.0690207481384,1.070794126809231,94166.64488335444
771.1690320968628,1.0839310142606482,94168.080395019
771.2688808441162,1.0788783652408724,94169.1723555171
771.3686575889587,1.0865032719434433,94167.7551199654
771.4687469005585,1.113787576650233,94168.47960796885
771.5689232349396,1.0732745181462118,94168.53164717197
771.6691076755524,1.0808075585029686,94168.97848245478
771.7688698768616,1.1214124833528039,94169.88063420932
771.8691864013672,1.0735501171836541,94169.39257078839
771.9684631824493,1.1157167699123294,94169.45331370956
772.0689830780029,1.0841147469522765,94169.5079823386
772.1693415641785,1.1125933141546496,94169.95718410474
772.2691924571991,1.1012018872737004,94169.16146569427
772.3684885501862,0.9112222841301272,94168.84531912486
772.4690999984741,0.7328178405591314,94168.36078721237
772.568930387497,0.6607027590950574,94167.02470849114
772.6687393188477,0.9413544455571542,94167.32223764203
772.7685265541077,1.0909128565425203,94168.39001387783
772.8692398071289,1.0792458306241288,94169.65101249005
772.96919465065,1.0808994248487827,94169.18591124105
773.068436384201,1.0816343556152956,94169.66732011693
773.168844461441,1.0804400931197122,94169.80058810525
773.2691051959991,1.0813587565778533,94170.42052929473
773.3691153526306,1.0795214296615712,94169.87847636527
773.4692256450653,1.0794295633157571,94169.09062872874
773.568372964859,1.0813587565778533,94169.98156585587
773.6691825389862,1.0825530190734367,94168.98340927028
773.7685463428497,1.0846659450271612,94168.28506834325
773.8689258098602,1.0856764748311163,94169.35656150892
773.9684283733368,1.0841147469522765,94169.32090535802
774.0691106319427,1.0859520738685586,94170.28881482221
774.168906211853,1.0848496777187893,94170.35993334
774.2690324783325,1.0857683411769303,94169.223940006
774.3683376312256,1.0857683411769303,94168.8015460054
774.4690659046173,1.085400875793674,94168.72139140486
774.5687518119812,1.0886161978971678,94169.34925226438
774.6690218448639,1.0858602075227446,94168.91432703794
774.7691831588745,1.0860439402143727,94170.82289433415
774.8685534000397,1.0844822123355329,94171.14060490073
774.9692118167877,1.086319539251815,94170.52654441066
775.0686640739441,1.0842066132980905,94170.9738899696
775.1691699028015,1.0827367517650648,94170.27650097263
775.2683415412903,1.0843903459897188,94169.84885087538
775.3688490390778,1.0839310142606482,94170.76396578783
775.4692368507385,1.0845740786813471,94171.28756920906
775.5685017108917,1.0848496777187893,94171.25881228816
775.6693370342255,1.0839310142606482,94172.23293105935
775.7687826156616,1.0865032719434433,94173.00963795342
775.8685820102692,1.0844822123355329,94171.90867415808
775.9692449569702,1.0842984796439048,94172.31780674229
776.0692486763,1.0838391479148342,94171.98602606806
776.1689877510071,1.0858602075227446,94171.88742346126
776.2689492702484,1.0839310142606482,94171.59868111512
776.3690764904022,1.0841147469522765,94171.8388130036
776.4692993164062,1.0840228806064625,94172.15493170325
776.5692405700684,1.0854927421394882,94172.03943853293
776.6684255599976,1.0845740786813471,94172.23549467963
776.7691266536713,1.0854927421394882,94172.51194521166
776.8693218231201,1.0830123508025071,94170.7607506905
776.9685184955597,1.0855846084853022,94169.98467562145
777.0693607330322,1.0848496777187893,94169.68620805931
777.1691925525665,1.0831960834941354,94169.41758725338
777.2692532539368,1.0824611527276227,94168.87582852803
777.369206905365,1.0814506229236673,94168.18824567524
777.4692440032959,1.0840228806064625,94168.36942110771
777.569150686264,1.0844822123355329,94169.63247899695
777.6693501472473,1.0858602075227446,94169.56923109725
777.7693076133728,1.0865032719434433,94169.51230798752
777.8692185878754,1.0852171431020459,94169.66107718878
777.9686548709869,1.0847578113729752,94169.4949694699
778.0684504508972,1.086319539251815,94168.64547252293
778.16916680336,1.0866870046350714,94167.88092527064
778.2691648006439,1.086319539251815,94167.59283274358
778.3692052364349,1.0864114055976293,94167.63354946923
778.4693057537079,1.0860439402143727,94168.27019452231
778.568859577179,1.0878812671306548,94168.64317507007
778.6685481071472,1.0873300690557703,94168.47885756307
778.7691376209259,1.086227672906001,94169.33097180676
778.8688507080078,1.086135806560187,94169.19787462609
778.9690980911255,1.08530900944786,94169.37808716348
779.0684399604797,1.086319539251815,94170.24027844713
779.1685116291046,1.0846659450271612,94172.81625060242
779.2688310146332,1.0847578113729752,94172.6346255422
779.3691504001617,1.0859520738685586,94173.67116298799
779.4691214561462,1.0878812671306548,94175.00404668918
779.5687975883484,1.0865032719434433,94174.90364202026
779.6684551239014,1.0855846084853022,94174.91327781824
779.7690823078156,1.0857683411769303,94174.92195003641
779.8688864707947,1.086319539251815,94174.72975503278
779.9686079025269,1.0856764748311163,94173.7567795295
780.0687644481659,1.0845740786813471,94172.78110157655
780.1686396598816,1.086135806560187,94172.90299141889
780.2687819004059,1.0876056680932125,94171.71269227701
780.368843793869,1.0856764748311163,94172.14142304932
780.4686815738678,1.086227672906001,94171.32728074439
780.5692255496979,1.087146336364142,94170.89455266995
780.6688289642334,1.0851252767562316,94170.40509740297
780.7694041728973,1.0847578113729752,94170.56458766267
780.8688409328461,1.0847578113729752,94169.3081288964
780.9686403274536,1.0873300690557703,94170.07731600676
781.0688755512238,1.0867788709808857,94170.16958440609
781.1685168743134,1.0874219354015844,94170.45262596548
781.2688949108124,1.085400875793674,94171.10736336894
781.3687298297882,1.0891673959720525,94171.29662703205
781.4691944122314,1.0873300690557703,94171.06696432884
781.5686457157135,1.0869626036725137,94170.76026789597
781.6689004898071,1.0887999305887959,94171.28424110638
781.7683935165405,1.0873300690557703,94171.35581699574
781.8687345981598,1.0865032719434433,94171.62023529616
781.9685347080231,1.0877894007848408,94170.65821176654
782.0684659481049,1.0854927421394882,94170.79239058988
782.1690566539764,1.0893511286636806,94170.81315153089
782.2686054706573,1.0887080642429818,94171.4318363778
782.3689708709717,1.0864114055976293,94170.08865274003
782.4684016704559,1.086135806560187,94170.57978746603
782.568883895874,1.087054470018328,94171.32180871944
782.6685326099396,1.0846659450271612,94171.4896278475
782.7691352367401,1.0866870046350714,94171.34066506276
782.8684227466583,1.0840228806064625,94171.30659855649
782.9687883853912,1.0854927421394882,94170.87593870085
783.0690629482269,1.0845740786813471,94171.38834483078
783.1688551902771,1.0868707373266997,94171.7495103477
783.2688503265381,1.08530900944786,94172.97455931292
783.3691990375519,1.0850334104104176,94172.07710338163
783.4688684940338,1.0856764748311163,94172.56939304346
783.5686664581299,1.0846659450271612,94172.51245373912
783.6691076755524,1.0840228806064625,94171.36120836523
783.7688772678375,1.082828618110879,94170.9250875287
783.8690552711487,1.0851252767562316,94172.13257877583
783.9685347080231,1.0869626036725137,94172.21932089825
784.0685212612152,1.0881568661680971,94172.19738880842
784.1688706874847,1.09045352481345,94172.27764992758
784.26904463768,1.0891673959720525,94171.44988493482
784.3687715530396,1.0849415440646035,94171.00489644133
784.4692220687866,1.0845740786813471,94171.4044067972
784.5689468383789,1.0838391479148342,94169.86396611748
784.6693370342255,1.0812668902320393,94168.87756950574
784.768963098526,1.0839310142606482,94169.38981255516
784.8690214157104,1.0838391479148342,94167.85083129964
784.9693133831024,1.0855846084853022,94168.26574816968
785.0690498352051,1.0875138017473984,94168.93917335272
785.1684639453888,1.087054470018328,94168.74525601744
785.2689206600189,1.0894429950094946,94169.8707304157
785.3690831661224,1.0878812671306548,94170.48365737413
785.4694173336029,1.0866870046350714,94171.23529163672
785.5692369937897,1.0899023267385652,94171.61176247305
785.6685190200806,1.0909128565425203,94171.85058622574
785.7689163684845,1.0893511286636806,94171.36552760316
785.869423866272,1.088064999822283,94171.52897484285
785.9687280654907,1.0883405988597254,94171.67607735857
786.0690369606018,1.0889836632804242,94172.30846962272
786.169192314148,1.0886161978971678,94171.77762266045
786.2691760063171,1.0892592623178665,94171.8998603944
786.3692462444305,1.0887999305887959,94172.50987435498
786.4685094356537,1.0886161978971678,94173.25888691947
786.5691401958466,1.0902697921218216,94173.93299822752
786.6691751480103,1.0881568661680971,94173.03969840477
786.7691965103149,1.0876056680932125,94172.63572856429
786.8691554069519,1.09045352481345,94172.17215570787
786.9693117141724,1.0886161978971678,94171.95494013709
787.0686190128326,1.0891673959720525,94171.45944612338
787.1683859825134,1.0878812671306548,94171.21350151104
787.2686092853546,1.0884324652055395,94170.99215135993
787.369063615799,1.0878812671306548,94170.39293622393
787.4693121910095,1.0898104603927512,94170.35364260153
787.5688450336456,1.090545391159264,94170.01827834138
787.6691679954529,1.1250871371853681,94170.41645050724
787.7685809135437,1.0882487325139114,94170.77480545652
787.8685410022736,1.0917396536548474,94170.59732491086
787.9694495201111,1.096516703637181,94171.33759241979
788.0687770843506,1.141163747702837,94171.00383317782
788.1685309410095,1.0826448854192507,94170.40344986004
788.2688400745392,1.1757973600747553,94170.96310487404
788.3687114715576,1.156689160145421,94169.66679438665
788.468936920166,1.1486049217137797,94169.60011494799
788.5685777664185,1.1012018872737004,94168.34010345319
788.6689565181732,1.089718594046937,94168.50609310786
788.7687640190125,1.0907291238508923,94168.75548379708
788.868381023407,1.0935769805711295,94168.97993541739
788.9690055847168,1.1247196718021117,94169.08194187566
789.0685369968414,1.1139713093418613,94170.07374768809
789.1688899993896,1.1457570649935422,94170.26637291929
789.2685348987579,1.0812668902320393,94170.13973562735
789.3688611984253,1.0950468421041553,94170.72576206463
789.4685711860657,1.0850334104104176,94170.35318585817
789.5689570903778,1.1536575707335555,94170.21786727235
789.6686692237854,1.1345493708042211,94171.29608054513
789.7688035964966,1.092382718075546,94171.96647249062
789.8690214157104,1.0839310142606482,94172.76982524156
789.9687156677246,1.0946793767208989,94173.3928427174
790.0690734386444,1.1012937536195144,94173.45355844565
790.1692907810211,1.1057033382185917,94173.20820260109
790.2685751914978,1.0937607132627578,94173.58738234098
790.3688385486603,1.1002832238155593,94173.42864410688
790.4691677093506,1.099915758432303,94173.48577969619
790.5685727596283,1.0963329709455527,94173.83720172656
790.6686019897461,1.0944037776834565,94174.8534815539
790.7690989971161,1.0928420498046167,94175.26813339851
790.8686735630035,1.0911884555799627,94174.44132005866
790.9687922000885,1.092290851729732,94174.0971880528
791.0687572956085,1.0933932478795012,94174.98746924751
791.1692876815796,1.0945875103750846,94175.48872232277
791.2689754962921,1.0950468421041553,94175.83985009049
791.3690299987793,1.0949549757583412,94176.05586508145
791.4693706035614,1.0955061738332257,94176.25027857331
791.5688467025757,1.0938525796085719,94177.02525071597
791.6689717769623,1.0934851142253155,94176.52272564438
791.7685458660126,1.0936688469169435,94176.47045307995
791.868979215622,1.0942200449918282,94175.92340777196
791.9688701629639,1.0934851142253155,94174.73106699476
792.068761587143,1.0940363123002002,94173.8579602953
792.1687316894531,1.0933013815336872,94172.77216426577
792.2687928676605,1.0925664507671744,94172.39494783919
792.3687026500702,1.0963329709455527,94172.45545305527
792.4688863754272,1.0937607132627578,94171.50990774974
792.5687317848206,1.0941281786460142,94171.75891697477
792.6690058708191,1.1046928084146366,94172.38302527729
792.7684333324432,1.1067138680225468,94172.64472274957
792.8689243793488,1.092198985383918,94172.7802504746
792.9686450958252,1.1046928084146366,94172.60222542715
793.069084405899,1.1044172093771942,94171.64200288444
793.1690738201141,1.1133282449211626,94172.277802596
793.2690989971161,1.1216880823902462,94173.0500223364
793.36887383461,1.1118583833881368,94172.84502010277
793.4684588909149,1.1073569324432455,94173.0605180925
793.5688233375549,1.1066220016767327,94173.95446628325
793.6689736843109,1.1065301353309187,94174.05901965493
793.7684733867645,1.115441170874887,94175.15311768944
793.8692255020142,1.1141550420334896,94175.43780592049
793.9685430526733,1.091555920963219,94175.39402532844
794.0688540935516,1.0874219354015844,94174.6546227956
794.1687552928925,1.0798888950448275,94174.88916051603
794.2688071727753,1.1041416103397519,94174.90024446443
794.3687996864319,1.0950468421041553,94174.710220018
794.4690747261047,1.0784190335118018,94174.8391980162
794.5687317848206,1.040753831728018,94175.95527821459
794.6688997745514,1.049389268234544,94176.55975039313
794.7689580917358,1.0617912249194486,94176.00377535383
794.8683774471283,1.067486938359923,94176.50339781847
794.9686908721924,1.1346412371500354,94176.55305803662
795.068455696106,1.2007850061361924,94177.49775223296
795.1686041355133,1.166151393764274,94176.94797700967
795.2688782215118,1.055360580712461,94175.7531793087
795.3693149089813,1.064087883564801,94175.47786137783
795.468847990036,1.1826873360108132,94174.73007524005
795.5685420036316,1.2092367099510901,94174.35706771605
795.6686799526215,1.1272919294849069,94173.22136094444
795.7691948413849,1.1027636151525402,94172.69922485
795.8685011863708,1.0625261556859613,94172.129302365
795.9693517684937,1.0487462038138453,94171.41637212851
796.0684432983398,1.0695998643136475,94171.87473491568
796.1687476634979,1.1046928084146366,94171.78726142412
796.2689073085785,1.1072650660974315,94172.30853528171
796.3685562610626,1.1090105266678996,94172.37768175355
796.4688727855682,1.1139713093418613,94171.9399135782
796.5690274238586,1.1164517006788421,94172.34592222038
796.6689624786377,1.0992726940116042,94172.41132999834
796.7686452865601,1.092382718075546,94172.87019699851
796.8692507743835,1.0934851142253155,94171.98317729865
796.9686880111694,1.0436935547940693,94171.38485956879
797.0692734718323,0.9841641627065281,94170.6463736119
797.1688272953033,0.9345563359669103,94171.48173625072
797.2686314582825,1.015858052012395,94172.43356262565
797.3689625263214,1.101753085348585,94172.59020636308
797.469042301178,1.118840225670009,94173.13118572677
797.5691161155701,1.1019368180402132,94174.4180671541
797.6692657470703,1.1260976669893235,94174.67626043869
797.7692592144012,1.127383795830721,94176.60863439481
797.8688652515411,1.1152574381832587,94177.04777095534
797.9688055515289,1.1233416766149003,94177.84299385981
798.0689945220947,1.1238928746897847,94179.35869447383
798.1686646938324,1.1215043496986181,94178.92282502646
798.2691931724548,1.1069894670599891,94178.33054252382
798.369143486023,1.1079081305181302,94178.49748827145
798.4686784744263,1.108643061284643,94179.44773944431
798.568900346756,1.1023961497692838,94178.80296549988
798.6684484481812,1.100926288236258,94179.2226689499
798.7693102359772,1.1124095814630215,94179.50040205491
798.8690369129181,1.1088267939762713,94178.05036184943
798.9691655635834,1.0971597680578797,94177.74532566448
799.068775177002,1.0903616584676357,94177.47079309804
799.1688041687012,1.0930257824962448,94177.52371378824
799.2689728736877,1.0933932478795012,94177.07134240941
799.3688607215881,1.091555920963219,94176.56420816848
799.4686563014984,1.0918315200006614,94175.30778735163
799.5685789585114,1.0926583171129884,94174.47700861646
799.6687779426575,1.0911884555799627,94173.62930775483
799.768440246582,1.0930257824962448,94173.36637697936
799.8685171604156,1.09045352481345,94172.72973928142
799.9683930873871,1.0893511286636806,94173.15676535328
800.0683486461639,1.09045352481345,94172.74108881796
800.1683657169342,1.0901779257760076,94172.06697993616
800.2685492038727,1.092290851729732,94172.76028194254
800.3685896396637,1.0893511286636806,94173.7842537483
800.4686913490295,1.0908209901967063,94174.30582837346
800.5686478614807,1.0889836632804242,94173.5752455361
800.6692242622375,1.0892592623178665,94172.4177209825
800.7685477733612,1.0901779257760076,94172.27594888426
800.8693432807922,1.0894429950094946,94171.64835399584
800.9689788818359,1.0890755296262382,94170.78351859626
801.0687830448151,1.0890755296262382,94171.60516673663
801.1689503192902,1.0891673959720525,94171.04465006298
801.2690253257751,1.0868707373266997,94170.94018505668
801.3688151836395,1.0882487325139114,94171.04616655101
801.4686417579651,1.0911884555799627,94172.24154989592
801.5690634250641,1.0891673959720525,94173.51739490633
801.6689081192017,1.0886161978971678,94173.6656554157
801.7685830593109,1.0860439402143727,94173.99908987412
801.8684847354889,1.086135806560187,94173.09918088671
801.9684014320374,1.087146336364142,94173.08926279805
802.0692195892334,1.0851252767562316,94174.28033651825
802.169186592102,1.0865032719434433,94174.65230286642
802.2692987918854,1.0848496777187893,94173.98707257978
802.3685684204102,1.0845740786813471,94174.5883653218
802.4685385227203,1.0873300690557703,94172.92952878962
802.5690858364105,1.0854927421394882,94172.23657591068
802.6689701080322,1.086319539251815,94171.11291831962
802.769143819809,1.0830123508025071,94170.70162648766
802.8686420917511,1.077775969091103,94170.0314638389
802.9691631793976,1.0718965229590003,94168.12831745502
803.0687830448151,1.0668438739392243,94167.21548570952
803.1692044734955,1.072447721033885,94166.39393713856
803.2690439224243,1.0842066132980905,94165.35454342472
803.369300365448,1.0865032719434433,94165.51908908224
803.4689548015594,1.0885243315513535,94165.56718017402
803.5687325000763,1.0867788709808857,94165.81046215663
803.6686413288116,1.0877894007848408,94166.42941594096
803.7690260410309,1.0857683411769303,94167.78647434687
803.8691446781158,1.0867788709808857,94167.80782691219
803.9690747261047,1.0865951382892574,94167.62704422098
804.0690629482269,1.0874219354015844,94168.56433979888
804.1687507629395,1.0837472815690201,94169.10790581898
804.2692267894745,1.0815424892694816,94170.39711523708
804.3691508769989,1.0815424892694816,94170.25740371337
804.4690594673157,1.0860439402143727,94171.33166334205
804.5692460536957,1.0844822123355329,94172.09849700784
804.6686043739319,1.0841147469522765,94172.78864730705
804.7689163684845,1.0848496777187893,94173.40978257635
804.8690612316132,1.0822774200359944,94173.16880431872
804.9689588546753,1.081083157540411,94172.95192388685
805.0690641403198,1.0806238258113405,94172.55673149816
805.169191122055,1.0805319594655263,94171.50105834834
805.2686946392059,1.0867788709808857,94171.0509525135
805.3691802024841,1.0875138017473984,94171.54585726216
805.4683604240417,1.0874219354015844,94170.99127153595
805.5689227581024,1.0894429950094946,94172.29214438236
805.6690893173218,1.0873300690557703,94172.66292994413
805.7692294120789,1.0886161978971678,94172.29663694972
805.8691303730011,1.0846659450271612,94172.76697325474
805.9692025184631,1.0841147469522765,94172.09027592927
806.0692934989929,1.0827367517650648,94172.38124833634
806.1687598228455,1.0813587565778533,94171.5431235027
806.2691111564636,1.082093687344366,94170.58881115244
806.3691022396088,1.0838391479148342,94170.6299300372
806.4689939022064,1.082920484456693,94169.66693703349
806.5686058998108,1.0816343556152956,94170.90024333014
806.6692554950714,1.0831960834941354,94170.61021899713
806.7691555023193,1.0846659450271612,94170.9491970974
806.8690369129181,1.081909954652738,94170.75427738766
806.9690160751343,1.0854927421394882,94170.6788496489
807.0684366226196,1.082920484456693,94170.11096468402
807.1684975624084,1.0851252767562316,94169.09986821562
807.2691495418549,1.0831960834941354,94168.98988139407
807.3685772418976,1.0838391479148342,94169.99089325465
807.4684612751007,1.0832879498399495,94169.4918039292
807.5684535503387,1.0813587565778533,94170.14262353629
807.6685221195221,1.0848496777187893,94170.22836118267
807.768616437912,1.0839310142606482,94171.0055250644
807.8689727783203,1.0831042171483214,94171.30497255796
807.9689674377441,1.0840228806064625,94170.87447530216
808.0692558288574,1.0842066132980905,94170.38702777195
808.1692321300507,1.0827367517650648,94171.34832499476
808.2688865661621,1.0839310142606482,94170.51349249529
808.3686964511871,1.0839310142606482,94170.96214324576
808.4686877727509,1.0847578113729752,94170.76592892119
808.569064617157,1.0848496777187893,94170.98933602907
808.6689460277557,1.0827367517650648,94171.49040242618
808.7688872814178,1.0848496777187893,94170.74136218356
808.8693253993988,1.0841147469522765,94170.76722596522
808.969126701355,1.0846659450271612,94170.89050336869
809.0684671401978,1.0884324652055395,94170.80145303182
809.1688380241394,1.0878812671306548,94171.22130772864
809.2685699462891,1.0924745844213601,94171.79917695578
809.3684458732605,1.0944037776834565,94171.9192592602
809.4690155982971,1.0941281786460142,94172.42733333418
809.5692632198334,1.0921071190381038,94172.58460000076
809.6686506271362,1.094771243066713,94171.52614000069
809.7687518596649,1.0960573719081104,94171.47352600063
809.8690452575684,1.0951387084499693,94171.22617340056
809.9685199260712,1.093117648842059,94171.10355606051
810.0684700012207,1.0945875103750846,94171.59320045446
810.1687505245209,1.0954143074874116,94172.73388040903
810.2689046859741,1.0973435007495078,94174.06049236812
810.3687119483948,1.0973435007495078,94174.5544431313
810.4689891338348,1.0950468421041553,94175.19899881817
810.5691449642181,1.0877894007848408,94173.27909893637
810.6684668064117,1.0832879498399495,94173.65118904274
810.7691168785095,1.080256360428084,94172.88607013847
810.8686952590942,1.080991291194597,94172.59746312462
810.9691276550293,1.0801644940822699,94172.53771681216
811.0685758590698,1.080991291194597,94171.68394513095
811.1688797473907,1.0814506229236673,94171.61555061786
811.2692220211029,1.0799807613906416,94170.85399555607
811.3689892292023,1.0827367517650648,94171.56859600046
811.4686503410339,1.0834716825315778,94172.21173640042
811.5685575008392,1.082828618110879,94173.19056276038
811.668671131134,1.082093687344366,94172.57150648434
811.7687931060791,1.0827367517650648,94171.9143558359
811.8687205314636,1.089718594046937,94171.62292025231
811.9684882164001,1.0996401593948606,94172.26062822709
812.0688445568085,1.0839310142606482,94172.13456540438
812.1687934398651,1.0773166373620326,94170.62110886394
812.2692718505859,1.0781434344743595,94171.25899797755
812.3691062927246,1.0770410383245903,94170.7330981798
812.4687256813049,1.0805319594655263,94170.15978836182
812.5692265033722,1.0926583171129884,94169.84380952564
812.6693229675293,1.0924745844213601,94169.75942857307
812.7692151069641,1.0830123508025071,94169.88348571578
812.8690898418427,1.082001820998552,94169.49513714421
812.9691858291626,1.0831960834941354,94169.74562342979
813.0693097114563,1.0849415440646035,94168.77106108681
813.1684758663177,1.0834716825315778,94168.59395497813
813.2686638832092,1.0816343556152956,94168.03455948032
813.3691253662109,1.0821855536901803,94168.5311035323
813.4690742492676,1.0831960834941354,94168.37799317906
813.5689191818237,1.0816343556152956,94167.94019386116
813.6687886714935,1.0834716825315778,94167.14617447504
813.7689967155457,1.0817262219611097,94167.03155702754
813.8693079948425,1.0849415440646035,94167.22840132478
813.9688045978546,1.082920484456693,94166.60556119231
814.0684366226196,1.0831042171483214,94166.44500507308
814.1686887741089,1.0848496777187893,94166.60050456578
814.268782377243,1.082001820998552,94167.04045410921
814.3693463802338,1.0831960834941354,94166.33640869829
814.4689168930054,1.0823692863818084,94166.90276782846
814.5687522888184,1.086227672906001,94166.11249104561
814.6690196990967,1.085400875793674,94165.80124194105
814.7689592838287,1.086319539251815,94166.42111774694
814.8688216209412,1.0865951382892574,94166.17900597224
814.9691112041473,1.0868707373266997,94166.96110537501
815.06884932518,1.087054470018328,94167.36499483752
815.1686201095581,1.0847578113729752,94166.22849535377
815.2689135074615,1.0866870046350714,94165.6056458184
815.3685545921326,1.0845740786813471,94166.14508123657
815.4686009883881,1.0836554152232059,94165.63057311291
815.5687561035156,1.0877894007848408,94165.96751580162
815.668867111206,1.0867788709808857,94164.57076422145
815.7689697742462,1.086319539251815,94163.81368779931
815.8686683177948,1.087973133476469,94163.63231901938
815.9686229228973,1.087054470018328,94163.86908711745
816.068528175354,1.0868707373266997,94164.2821784057
816.1693267822266,1.088064999822283,94165.35396056513
816.2687437534332,1.086227672906001,94165.01856450862
816.3691956996918,1.0894429950094946,94164.61670805776
816.4693195819855,1.0848496777187893,94165.65503725199
816.568418264389,1.086135806560187,94165.68953352679
816.6685037612915,1.0851252767562316,94165.62058017412
816.7689933776855,1.0866870046350714,94164.5585221567
816.8685276508331,1.087054470018328,94164.00266994102
816.9687011241913,1.087054470018328,94162.60240294693
817.0687599182129,1.0873300690557703,94161.94216265224
817.1689577102661,1.088064999822283,94162.44794638701
817.268580198288,1.0869626036725137,94161.80315174832
817.368723154068,1.0866870046350714,94161.52283657348
817.4690234661102,1.0865032719434433,94161.97055291614
817.5686736106873,1.0859520738685586,94161.77349762453
817.6688778400421,1.0865951382892574,94163.29614786207
817.7690618038177,1.0876975344390267,94164.36653307587
817.8684248924255,1.0858602075227446,94164.52987976829
817.9691607952118,1.086319539251815,94164.17689179147
818.0685038566589,1.0885243315513535,94164.95920261233
818.1691553592682,1.0894429950094946,94164.2632823511
818.2686326503754,1.0864114055976293,94165.53695411599
818.368531703949,1.0827367517650648,94165.88325870439
818.4687705039978,1.0858602075227446,94165.69493283394
818.5686566829681,1.0831960834941354,94165.32543955055
818.668538570404,1.0813587565778533,94165.0928955955
818.7688772678375,1.0814506229236673,94165.08360603596
818.8684685230255,1.082001820998552,94164.37524543237
818.9692499637604,1.080256360428084,94164.83772088913
819.0689313411713,1.0814506229236673,94164.05394880023
819.1691269874573,1.080256360428084,94164.34855392021
819.2690246105194,1.0792458306241288,94163.5136985282
819.3688704967499,1.0783271671659878,94164.2623286754
819.468994140625,1.0790620979325005,94164.33609580786
819.5688984394073,1.0795214296615712,94165.30248622707
819.6689438819885,1.082093687344366,94165.97223760436
819.7690870761871,1.080991291194597,94165.67501384394
819.8687689304352,1.0827367517650648,94166.30751245955
819.9688034057617,1.0831960834941354,94167.0767612136
820.0691940784454,1.0818180883069237,94166.46908509225
820.1692600250244,1.0835635488773918,94165.72217658302
820.2691192626953,1.080991291194597,94164.54995892472
820.3692626953125,1.0790620979325005,94163.59496303224
820.4684774875641,1.0736419835294684,94163.23546672902
820.5692448616028,1.0668438739392243,94162.41192005613
820.668702840805,1.0697835970052758,94162.57072805052
820.769143819809,1.0753874440999363,94162.31365524547
820.86847448349,1.0826448854192507,94162.08228972093
820.9691905975342,1.091555920963219,94161.27406074884
821.069060087204,1.0689567998929488,94160.44665467396
821.1689705848694,1.0808075585029686,94160.50198920658
821.2690346240997,1.089626727701123,94160.35179028592
821.3689260482788,1.0824611527276227,94160.61661125733
821.4689738750458,1.0859520738685586,94160.2549501316
821.5689382553101,1.0779597017827314,94160.02945511843
821.6688468456268,1.0780515681285454,94161.1265096066
821.7686321735382,1.0763061075580773,94161.01385864595
821.8686714172363,1.07345825083784,94160.61247278136
821.9689993858337,1.082828618110879,94161.05122550322
822.0686910152435,1.077684102745289,94161.3461029529
822.1686172485352,1.0763979739038916,94161.71149265762
822.2687129974365,1.0840228806064625,94161.14034339186
822.3685145378113,1.0857683411769303,94159.82630905267
822.4689753055573,1.0791539642783148,94159.94367814742
822.5684707164764,1.0770410383245903,94160.84931033268
822.6687009334564,1.0763061075580773,94160.6643792994
822.7689919471741,1.0774085037078467,94159.59794136946
822.8685157299042,1.0761223748664492,94159.13814723252
822.9686353206635,1.0773166373620326,94159.52433250927
823.0691349506378,1.0771329046704043,94159.67189925835
823.1687812805176,1.0796132960073852,94159.6047093325
823.2685158252716,1.080991291194597,94161.24423839926
823.3685686588287,1.0783271671659878,94160.71981455934
823.4692804813385,1.082920484456693,94160.34783310341
823.5685775279999,1.091555920963219,94161.11304979307
823.668792963028,1.0935769805711295,94161.00174481377
823.7684614658356,1.0918315200006614,94161.1015703324
823.8684360980988,1.0911884555799627,94161.59141329916
823.9692294597626,1.0960573719081104,94162.23227196925
824.0686686038971,1.0909128565425203,94162.20904477232
824.1686520576477,1.0933932478795012,94162.38814029508
824.2683572769165,1.092198985383918,94163.44932626557
824.3686130046844,1.1121339824255791,94164.70439363903
824.4687118530273,1.0894429950094946,94165.33395427513
824.5683770179749,1.0925664507671744,94165.50055884762
824.6690607070923,1.0945875103750846,94164.05050296287
824.7691075801849,1.0944037776834565,94164.34545266659
824.8689649105072,1.0877894007848408,94165.21090739993
824.9685060977936,1.0928420498046167,94166.18981665994
825.0693235397339,1.102579882460912,94167.17083499396
825.1686780452728,1.0975272334411361,94166.55375149458
825.2691202163696,1.092382718075546,94166.49837634513
825.3686227798462,1.0924745844213601,94166.74853871061
825.4684293270111,1.0937607132627578,94167.07368483956
825.5691056251526,1.0935769805711295,94167.66631635561
825.6691887378693,1.092290851729732,94167.89968472005
825.768837928772,1.093117648842059,94166.70971624805
825.8684275150299,1.0937607132627578,94166.03874462325
825.9692795276642,1.093944445954386,94164.53487016093
826.0692663192749,1.0943119113376423,94165.38138314485
826.1689591407776,1.0917396536548474,94165.74324483036
826.2689619064331,1.0907291238508923,94165.76892034733
826.3688471317291,1.090545391159264,94166.09202831259
826.4691331386566,1.0934851142253155,94167.28282548134
826.5691993236542,1.0907291238508923,94167.1545429332
826.6692192554474,1.0920152526922897,94166.63908863989
826.7689502239227,1.091464054617405,94166.4751797759
826.8692409992218,1.0916477873090333,94166.5276617983
826.968502998352,1.092290851729732,94166.17489561847
827.0690479278564,1.0909128565425203,94167.15740605663
827.1693346500397,1.0926583171129884,94166.14166545097
827.2689225673676,1.0921071190381038,94164.52749890587
827.3692464828491,1.0916477873090333,94165.17474901529
827.4690549373627,1.0921071190381038,94165.25727411377
827.5690317153931,1.0919233863464757,94166.2315467024
827.6692936420441,1.092290851729732,94165.70839203217
827.7689893245697,1.0903616584676357,94166.03755282896
827.8691747188568,1.0925664507671744,94165.93379754607
827.9683847427368,1.0920152526922897,94165.54041779146
828.0691475868225,1.0919233863464757,94164.68637601231
828.1685616970062,1.09045352481345,94165.41773841108
828.2692379951477,1.091464054617405,94165.37596456998
828.3692045211792,1.0910965892341487,94164.43836811298
828.4691145420074,1.0927501834588025,94164.7945313017
828.5689580440521,1.0933013815336872,94164.61507817153
828.6686305999756,1.091280321925777,94164.55357035437
828.7691819667816,1.0926583171129884,94164.19821331894
828.8684108257294,1.0921071190381038,94162.77839198706
828.968353509903,1.0899023267385652,94162.60055278835
829.0691058635712,1.093117648842059,94162.34049750952
829.1687138080597,1.091555920963219,94160.80644775857
829.268435716629,1.0926583171129884,94160.72580298272
829.369060754776,1.0941281786460142,94159.05322268445
829.4693148136139,1.0900860594301935,94157.94790041601
829.5693769454956,1.0888917969346101,94155.45311037441
829.669347524643,1.0933013815336872,94157.10779933697
829.7685413360596,1.092290851729732,94156.89701940327
829.86891746521,1.0919233863464757,94156.80731746295
829.9685108661652,1.0938525796085719,94158.42658571666
830.0693345069885,1.091464054617405,94158.383927145
830.1689445972443,1.089718594046937,94157.6455344305
830.2688956260681,1.0917396536548474,94157.98098098746
830.3693137168884,1.0925664507671744,94157.18288288871
830.46928191185,1.091464054617405,94158.36459459983
830.5693233013153,1.0934851142253155,94159.22813513984
830.6684591770172,1.0921071190381038,94159.70532162585
830.7683799266815,1.093117648842059,94160.43478946327
830.869042634964,1.090637257505078,94160.59131051695
830.9686028957367,1.091555920963219,94160.63217946526
831.0691306591034,1.0918315200006614,94160.06896151874
831.1686868667603,1.089626727701123,94160.16206536688
831.2691864967346,1.091464054617405,94160.64585883019
831.3686754703522,1.0900860594301935,94161.78127294718
831.4683663845062,1.091280321925777,94162.10314565247
831.5689313411713,1.0918315200006614,94161.39283108721
831.6684324741364,1.091464054617405,94161.6535479785
831.7690818309784,1.092198985383918,94161.98819318064
831.8692107200623,1.0949549757583412,94163.18937386258
831.9685211181641,1.0932095151878731,94162.77043647632
832.0689873695374,1.092290851729732,94161.69339282869
832.1686794757843,1.092382718075546,94160.52405354583
832.2686285972595,1.0918315200006614,94159.87164819124
832.3684818744659,1.0901779257760076,94160.38448337212
832.4687430858612,1.091372188271591,94160.24603503491
832.5683486461639,1.0921071190381038,94161.52143153142
832.6689264774323,1.092198985383918,94160.16928837828
832.7693061828613,1.091280321925777,94161.05235954045
832.8688135147095,1.092290851729732,94160.3471235864
832.9685819149017,1.0930257824962448,94160.11241122776
833.0692038536072,1.091555920963219,94159.20117010499
833.1684226989746,1.0917396536548474,94158.8810530945
833.2690899372101,1.09045352481345,94160.09294778506
833.3683841228485,1.091464054617405,94161.18365300656
833.4684348106384,1.091280321925777,94161.8652877059
833.5685708522797,1.0929339161504308,94161.77875893532
833.6684141159058,1.0907291238508923,94162.1008830418
833.7687773704529,1.0919233863464757,94162.39079473763
833.8685400485992,1.090545391159264,94162.95171526387
833.9690117835999,1.089626727701123,94163.85654373748
834.0687687397003,1.0924745844213601,94163.87088936372
834.1692588329315,1.0909128565425203,94163.58380042735
834.2685260772705,1.090637257505078,94162.92542038462
834.3684480190277,1.0883405988597254,94162.33287834616
834.4688477516174,1.0899023267385652,94163.09959051154
834.5688383579254,1.09045352481345,94162.88963146039
834.6683685779572,1.091280321925777,94163.70066831436
834.7689344882965,1.0921071190381038,94162.83060148293
834.8686308860779,1.089718594046937,94163.44754133464
834.9692265987396,1.0910047228883346,94163.60278720118
835.0687735080719,1.0899023267385652,94164.64250848106
835.1684656143188,1.0929339161504308,94164.37825763295
835.2683992385864,1.0900860594301935,94164.34043186966
835.3686759471893,1.0918315200006614,94164.7063886827
835.4685425758362,1.0901779257760076,94164.13574981442
835.5690865516663,1.091280321925777,94163.92217483297
835.6693608760834,1.0910965892341487,94164.52995734967
835.7687728404999,1.0920152526922897,94164.27696161471
835.8692126274109,1.0901779257760076,94164.44926545325
835.9684429168701,1.09045352481345,94165.40433890792
836.0688991546631,1.091280321925777,94164.96390501714
836.1685030460358,1.092290851729732,94164.96751451543
836.2691011428833,1.092382718075546,94165.97076306389
836.3688826560974,1.0928420498046167,94164.8736867575
836.4685306549072,1.0917396536548474,94165.08631808175
836.5685238838196,1.0902697921218216,94165.37768627358
836.6689040660858,1.0900860594301935,94165.03991764622
836.7684397697449,1.0899941930843793,94165.0359258816
836.8689162731171,1.0921071190381038,94165.83233329345
836.9690022468567,1.0910047228883346,94165.24909996412
837.0689353942871,1.0901779257760076,94164.82418996771
837.1686930656433,1.0924745844213601,94164.44177097095
837.2692134380341,1.0908209901967063,94164.29759387387
837.3689141273499,1.0917396536548474,94163.4678344865
837.4690508842468,1.0910047228883346,94163.72105103785
837.5687644481659,1.0893511286636806,94162.44894593407
837.668824672699,1.092382718075546,94163.30405134067
837.7689578533173,1.0919233863464757,94162.77364620661
837.8687965869904,1.0944037776834565,94162.19628158594
837.9690897464752,1.092290851729732,94162.27665342735
838.0690920352936,1.0930257824962448,94162.44898808461
838.1689345836639,1.0932095151878731,94163.00408927615
838.2693345546722,1.0910047228883346,94162.30368034854
838.3685255050659,1.0910965892341487,94163.07331231369
838.4690463542938,1.0901779257760076,94162.66598108232
838.5693113803864,1.0900860594301935,94162.59938297409
838.6688416004181,1.0928420498046167,94163.1394446767
838.7688934803009,1.091555920963219,94163.12550020903
838.8686876296997,1.0938525796085719,94162.11295018814
838.969123840332,1.091464054617405,94162.30165516931
839.0692751407623,1.0921071190381038,94163.07148965239
839.1690728664398,1.0930257824962448,94162.76434068715
839.2692093849182,1.091280321925777,94162.18790661843
839.3685495853424,1.0921071190381038,94161.4691159566
839.4686906337738,1.0919233863464757,94160.72220436094
839.5685389041901,1.092382718075546,94161.14998392484
839.669328212738,1.0927501834588025,94161.73498553236
839.7684721946716,1.092198985383918,94163.46148697911
839.8684384822845,1.0928420498046167,94163.71533828121
839.9686374664307,1.0920152526922897,94162.4438044531
840.0686128139496,1.0908209901967063,94163.4994240078
840.1685507297516,1.0910965892341487,94162.84948160702
840.2684569358826,1.0899941930843793,94162.66453344632
840.3685874938965,1.090637257505078,94162.69808010169
840.4685082435608,1.0919233863464757,94163.22827209152
840.5688827037811,1.09045352481345,94163.70544488238
840.6686637401581,1.0932095151878731,94164.33490039414
840.7686107158661,1.0910965892341487,94165.60141035472
840.8684380054474,1.089718594046937,94165.84126931925
840.9683816432953,1.0884324652055395,94165.35714238734
841.0684926509857,1.0899941930843793,94165.7214281486
841.1685342788696,1.09045352481345,94167.24928533375
841.2684640884399,1.091280321925777,94168.72435680038
841.3685536384583,1.0916477873090333,94167.85192112034
841.4688889980316,1.0916477873090333,94167.4667290083
841.5687863826752,1.0907291238508923,94168.82005610748
841.6688768863678,1.0919233863464757,94169.53805049673
841.7687447071075,1.092198985383918,94169.38424544706
841.8685426712036,1.0920152526922897,94167.44582090236
841.9685370922089,1.092382718075546,94167.00123881212
842.0684235095978,1.0927501834588025,94167.00111493091
842.1692700386047,1.0921071190381038,94166.00100343782
842.2685046195984,1.0928420498046167,94165.70090309404
842.3683881759644,1.090545391159264,94166.13081278464
842.4683620929718,1.092382718075546,94167.01773150617
842.5686988830566,1.0927501834588025,94167.51595835555
842.6687536239624,1.0917396536548474,94166.46436252
842.7691624164581,1.0918315200006614,94166.41792626801
842.8692016601562,1.0900860594301935,94165.1761336412
842.9683563709259,1.0895348613553089,94165.85852027708
843.068769454956,1.0917396536548474,94165.67266824936
843.1683716773987,1.091280321925777,94165.10540142443
843.2690896987915,1.090545391159264,94167.694861282
843.3689754009247,1.0924745844213601,94168.72537515381
843.4693448543549,1.0889836632804242,94169.45283763844
843.56836104393,1.0909128565425203,94169.3075538746
843.6692345142365,1.0910965892341487,94170.27679848715
843.7685396671295,1.092382718075546,94170.84911863843
843.8686337471008,1.0920152526922897,94170.76420677459
843.9692907333374,1.092382718075546,94170.78778609713
844.0691001415253,1.0903616584676357,94171.10900748742
844.1690564155579,1.0933013815336872,94171.19810673868
844.2692058086395,1.0921071190381038,94170.77829606482
844.3688945770264,1.091464054617405,94171.80046645834
844.4688658714294,1.0917396536548474,94171.6204198125
844.5691573619843,1.0921071190381038,94171.15837783125
844.6685221195221,1.093117648842059,94170.74254004813
844.7685203552246,1.091372188271591,94170.56828604332
844.8692381381989,1.092382718075546,94171.81145743899
844.9690489768982,1.0920152526922897,94171.7303116951
845.0690722465515,1.091280321925777,94171.95728052557
845.1687955856323,1.0917396536548474,94171.06155247302
845.2691476345062,1.092382718075546,94171.05539722573
845.3685436248779,1.0932095151878731,94169.94985750316
845.4685542583466,1.091372188271591,94169.25487175286
845.5684497356415,1.0927501834588025,94170.22938457757
845.6690709590912,1.0936688469169435,94169.10644611981
845.7686533927917,1.0940363123002002,94169.89580150782
845.8686652183533,1.091280321925777,94168.10622135704
845.9685065746307,1.092198985383918,94167.29559922134
846.0684525966644,1.0926583171129884,94167.36603929922
846.1685345172882,1.091280321925777,94167.1294353693
846.2689378261566,1.0918315200006614,94167.51649183237
846.3684415817261,1.0942200449918282,94168.16484264913
846.4688055515289,1.0917396536548474,94167.04835838421
846.5692405700684,1.0934851142253155,94167.6435225458
846.6688408851624,1.0919233863464757,94167.57917029121
846.7687621116638,1.0921071190381038,94167.9212532621
846.8689670562744,1.0902697921218216,94169.0291279359
846.9684145450592,1.0926583171129884,94169.5262151423
847.0687000751495,1.091280321925777,94170.07359362807
847.1687076091766,1.0933932478795012,94170.06623426526
847.26886510849,1.0936688469169435,94169.35961083874
847.3685684204102,1.0921071190381038,94169.02364975488
847.4688017368317,1.092198985383918,94169.52128477939
847.568813085556,1.089626727701123,94169.06915630146
847.6684157848358,1.0949549757583412,94167.66224067131
847.7683854103088,1.0921071190381038,94168.39601660418
847.8685910701752,1.090637257505078,94166.55641494377
847.9689366817474,1.0936688469169435,94165.60077344939
848.0691931247711,1.0940363123002002,94164.94069610444
848.1692612171173,1.0926583171129884,94165.446626494
848.2686076164246,1.0909128565425203,94165.6019638446
848.3690822124481,1.0885243315513535,94165.04176746015
848.4691460132599,1.0929339161504308,94165.33759071415
848.5685014724731,1.091280321925777,94166.50383164272
848.6693060398102,1.0927501834588025,94167.55344847844
848.7685477733612,1.091555920963219,94167.2981036306
848.8691716194153,1.089718594046937,94168.56829326754
848.9684209823608,1.0916477873090333,94168.61146394079
849.0687873363495,1.0934851142253155,94167.95031754671
849.168336391449,1.091372188271591,94168.05528579204
849.2691705226898,1.0933013815336872,94167.84975721284
849.3691477775574,1.091464054617405,94168.76478149155
849.4685101509094,1.093944445954386,94167.3883033424
849.5690920352936,1.0920152526922897,94167.84947300816
849.6692750453949,1.092198985383918,94166.76452570735
849.7684671878815,1.0907291238508923,94164.78807313662
849.8688025474548,1.0911884555799627,94164.80926582296
849.9688963890076,1.092290851729732,94164.72833924065
850.0683815479279,1.0938525796085719,94164.75550531659
850.168904542923,1.0933013815336872,94164.27995478493
850.2688865661621,1.091372188271591,94162.95195930645
850.3689844608307,1.0911884555799627,94163.25676337582
850.4688229560852,1.0911884555799627,94163.03108703824
850.5690813064575,1.0919233863464757,94163.1279783344
850.6688451766968,1.0924745844213601,94164.11518050097
850.7684094905853,1.092290851729732,94163.70366245088
850.8685910701752,1.0909128565425203,94164.4332962058
850.9685220718384,1.0927501834588025,94165.08996658522
851.069105386734,1.0925664507671744,94164.6809699267
851.1693031787872,1.0928420498046167,94164.11287293403
851.269291639328,1.092198985383918,94164.30158564063
851.369211435318,1.0917396536548474,94165.27142707656
851.4692933559418,1.0910965892341487,94166.84428436891
851.5690891742706,1.0918315200006614,94166.05985593202
851.6688539981842,1.0917396536548474,94166.15387033882
851.7686438560486,1.0996401593948606,94167.33848330495
851.8689296245575,1.0964248372913667,94167.70463497446
851.9691245555878,1.0831042171483214,94166.73417147702
852.0688297748566,1.0878812671306548,94166.66075432932
852.1683707237244,1.0917396536548474,94165.99467889639
852.2689547538757,1.091464054617405,94163.89521100675
852.3686866760254,1.0911884555799627,94162.60568990608
852.469340801239,1.092198985383918,94160.34512091547
852.5689427852631,1.0916477873090333,94159.31060882393
852.668539762497,1.091280321925777,94160.07954794154
852.7687036991119,1.0935769805711295,94160.27159314738
852.8689444065094,1.091555920963219,94158.74443383265
852.969319820404,1.0918315200006614,94158.16999044939
853.0685479640961,1.0918315200006614,94158.55299140445
853.1687395572662,1.092382718075546,94159.397692264
853.2690560817719,1.0935769805711295,94159.9579230376
853.368531703949,1.0917396536548474,94161.16213073384
853.469131231308,1.0919233863464757,94162.64591766045
853.5684292316437,1.091280321925777,94162.58132589441
853.6688027381897,1.093117648842059,94163.12319330497
853.768842458725,1.0910047228883346,94162.91087397448
853.869119644165,1.0935769805711295,94163.01978657703
853.9692590236664,1.093117648842059,94163.81780791933
854.0692181587219,1.0932095151878731,94164.8360271274
854.1686160564423,1.091464054617405,94165.95242441467
854.2692666053772,1.092290851729732,94165.7571819732
854.3684275150299,1.0921071190381038,94164.88146377588
854.4691314697266,1.092290851729732,94165.3933173983
854.5684244632721,1.0933932478795012,94163.85398565847
854.6687178611755,1.0936688469169435,94162.76858709262
854.7693054676056,1.0924745844213601,94162.09172838337
854.8689107894897,1.0902697921218216,94162.48255554504
854.968558549881,1.0916477873090333,94162.73429999054
855.0692417621613,1.0925664507671744,94162.26086999149
855.1686289310455,1.0899941930843793,94162.23478299234
855.2692651748657,1.0907291238508923,94163.31130469311
855.3687479496002,1.0909128565425203,94163.9801742238
855.4686760902405,1.0928420498046167,94164.08215680142
855.5683424472809,1.090637257505078,94163.97394112128
855.6686177253723,1.091372188271591,94164.27654700915
855.7688055038452,1.0900860594301935,94164.54889230824
855.8691306114197,1.0918315200006614,94164.19400307743
855.968770980835,1.0900860594301935,94164.27460276968
856.0687685012817,1.0899023267385652,94164.44714249272
856.1690902709961,1.0894429950094946,94164.90242824344
856.2686562538147,1.0903616584676357,94165.6121854191
856.3684260845184,1.0846659450271612,94165.7509668772
856.4688873291016,1.0875138017473984,94165.07587018947
856.5689280033112,1.1023961497692838,94165.66828317053
856.6685447692871,1.0992726940116042,94164.40145485348
856.7691810131073,1.0995482930490466,94164.76130936813
856.868408203125,1.0882487325139114,94164.18517843132
856.9686601161957,1.0831960834941354,94165.56666058819
857.0686886310577,1.0940363123002002,94166.40999452936
857.1692237854004,1.091372188271591,94166.26899507642
857.2688355445862,1.0899941930843793,94166.44209556878
857.3693418502808,1.0893511286636806,94167.89788601191
857.4688320159912,1.0910047228883346,94167.50809741071
857.5688099861145,1.0892592623178665,94168.45728766963
857.6690635681152,1.094863109412527,94168.41155890268
857.7684574127197,1.0890755296262382,94168.47040301241
857.8693413734436,1.0928420498046167,94168.72336271119
857.9689931869507,1.0918315200006614,94168.05102644007
858.0687687397003,1.09045352481345,94167.44592379605
858.1684823036194,1.0909128565425203,94167.60133141644
858.2690086364746,1.0936688469169435,94167.64119827481
858.3686065673828,1.0972516344036938,94166.27707844733
858.4687645435333,1.093944445954386,94165.7493706026
858.5688035488129,1.0925664507671744,94166.77443354235
858.6688413619995,1.0916477873090333,94167.59699018812
858.7692608833313,1.0892592623178665,94167.13729116932
858.8689534664154,1.0874219354015844,94166.82356205238
858.9684076309204,1.0899941930843793,94166.04120584714
859.0688865184784,1.090637257505078,94165.23708526243
859.1686599254608,1.0886161978971678,94166.11337673619
859.2693111896515,1.0886161978971678,94166.60203906258
859.3688383102417,1.0884324652055395,94166.84183515632
859.4693551063538,1.0876056680932125,94165.2576516407
859.5690131187439,1.089718594046937,94164.63188647662
859.6688959598541,1.087054470018328,94163.46869782897
859.769061088562,1.0910047228883346,94162.02182804607
859.8689062595367,1.0901779257760076,94161.61964524147
859.968376159668,1.0898104603927512,94162.25768071733
860.0688073635101,1.0882487325139114,94160.7319126456
860.16872382164,1.091280321925777,94160.65872138104
860.2690637111664,1.0889836632804242,94161.69284924294
860.3687610626221,1.0901779257760076,94163.62356431865
860.4689493179321,1.0929339161504308,94163.06120788679
860.569263458252,1.0894429950094946,94163.6550870981
860.6687421798706,1.0895348613553089,94163.6895783883
860.7691116333008,1.0900860594301935,94165.12062054947
860.868812084198,1.089718594046937,94164.60855849452
860.9685144424438,1.091464054617405,94166.44770264508
861.0690853595734,1.0893511286636806,94165.90293238057
861.1686568260193,1.0933013815336872,94166.11263914252
861.2690784931183,1.09045352481345,94167.60137522827
861.3687534332275,1.0889836632804242,94167.94123770545
861.4690942764282,1.0874219354015844,94168.54711393491
861.5688102245331,1.0875138017473984,94168.49240254142
861.6687624454498,1.0883405988597254,94167.94316228728
861.7690711021423,1.0881568661680971,94166.94884605856
861.8688516616821,1.0902697921218216,94166.55396145271
861.9690635204315,1.0908209901967063,94166.09856530743
862.0689210891724,1.09045352481345,94166.08870877669
862.168562412262,1.091280321925777,94165.57983789903
862.2688634395599,1.0885243315513535,94166.02185410913
862.369039773941,1.0900860594301935,94167.11966869821
862.4691948890686,1.0900860594301935,94166.0077018284
862.5688014030457,1.09045352481345,94165.20693164557
862.6691751480103,1.090637257505078,94165.18623848102
862.7686738967896,1.089626727701123,94164.36761463292
862.8690321445465,1.0893511286636806,94165.33085316962
862.9688107967377,1.0886161978971678,94165.99776785266
863.0686898231506,1.0903616584676357,94166.6979910674
863.1685354709625,1.0891673959720525,94166.02819196066
863.269056558609,1.09045352481345,94166.1253727646
863.3686857223511,1.0895348613553089,94164.11283548815
863.4690346717834,1.0891673959720525,94162.90155193933
863.5688378810883,1.0895348613553089,94164.2113967454
863.6692569255829,1.0894429950094946,94164.89025707087
863.7689700126648,1.0891673959720525,94164.9012313638
863.8684899806976,1.0894429950094946,94164.41110822742
863.9690229892731,1.0889836632804242,94165.76999740468
864.0686590671539,1.0899023267385652,94166.09299766421
864.1686525344849,1.0899023267385652,94166.68369789778
864.2689578533173,1.0909128565425203,94166.615328108
864.3689198493958,1.0878812671306548,94165.9537952972
864.4691581726074,1.0886161978971678,94164.25841576747
864.5692021846771,1.0901779257760076,94163.73257419073
864.6685080528259,1.0873300690557703,94163.15931677166
864.7687454223633,1.0899023267385652,94164.1433850945
864.8685057163239,1.0910047228883346,94166.32904658506
864.9689400196075,1.090545391159264,94167.29614192656
865.0691184997559,1.090637257505078,94168.46652773391
865.1684803962708,1.087054470018328,94168.51987496052
865.2688174247742,1.0887080642429818,94168.26788746448
865.3690321445465,1.0911884555799627,94168.84109871803
865.4692692756653,1.0902697921218216,94168.35698884622
865.5686492919922,1.0884324652055395,94169.0212899616
865.6686205863953,1.089718594046937,94168.71916096545
865.7684423923492,1.090545391159264,94169.94724486892
865.8686525821686,1.0901779257760076,94170.25252038203
865.9684293270111,1.087973133476469,94169.92726834382
866.0685150623322,1.0898104603927512,94169.63454150944
866.1686398983002,1.087973133476469,94168.7710873585
866.268801689148,1.0902697921218216,94168.79397862265
866.3686535358429,1.089626727701123,94169.0145807604
866.4685144424438,1.0878812671306548,94170.21312268436
866.5688655376434,1.0894429950094946,94170.79181041593
866.6688585281372,1.0883405988597254,94170.01262937434
866.7687270641327,1.09045352481345,94169.11136643692
866.8685810565948,1.0889836632804242,94168.70022979323
866.9684271812439,1.087146336364142,94168.33020681392
867.0684468746185,1.0881568661680971,94168.49718613253
867.1684002876282,1.0883405988597254,94168.14746751929
867.2693123817444,1.0901779257760076,94168.63272076736
867.3683848381042,1.0892592623178665,94168.16944869062
867.4685273170471,1.0886161978971678,94167.65250382156
867.5693075656891,1.0900860594301935,94167.8872534394
867.6691646575928,1.090545391159264,94168.79852809546
867.7684600353241,1.0887080642429818,94168.01867528592
867.8686926364899,1.0890755296262382,94166.91680775733
867.9690475463867,1.0900860594301935,94166.3251269816
868.0692365169525,1.0901779257760076,94165.49261428344
868.1683406829834,1.086227672906001,94165.1433528551
868.2691297531128,1.090545391159264,94163.62901756959
868.3693287372589,1.0886161978971678,94162.96611581263
868.4693269729614,1.0900860594301935,94161.96950423137
868.568815946579,1.0899023267385652,94162.57255380823
868.6688086986542,1.087238202709956,94161.91529842741
868.7689242362976,1.0899941930843793,94160.22376858468
868.8692362308502,1.0901779257760076,94161.20139172621
868.9693038463593,1.089718594046937,94160.38125255359
869.0684776306152,1.0892592623178665,94160.34312729823
869.1692118644714,1.088064999822283,94160.4088145684
869.269172668457,1.0873300690557703,94159.16793311157
869.3688185214996,1.0899941930843793,94159.75113980041
869.4688339233398,1.0876975344390267,94159.27602582038
869.5688333511353,1.0888917969346101,94159.14842323835
869.6686432361603,1.09045352481345,94159.63358091451
869.7686512470245,1.0902697921218216,94160.17022282306
869.8690309524536,1.0892592623178665,94161.15320054075
869.9690909385681,1.0895348613553089,94163.03788048668
870.0684101581573,1.0886161978971678,94164.03409243801
870.1688475608826,1.087146336364142,94163.63068319422
870.26882147789,1.0876975344390267,94164.3676148748
870.3685755729675,1.0882487325139114,94165.13085338732
870.4686288833618,1.0900860594301935,94164.3177680486
870.5685234069824,1.0894429950094946,94165.28599124373
870.669047832489,1.0887080642429818,94165.65739211935
870.7692115306854,1.0894429950094946,94165.69165290742
870.868658542633,1.0898104603927512,94164.62248761668
870.969122171402,1.089718594046937,94164.16023885501
871.0693745613098,1.0890755296262382,94164.6442149695
871.1688897609711,1.0902697921218216,94163.87979347256
871.2685332298279,1.0891673959720525,94163.2918141253
871.3692510128021,1.089718594046937,94163.56263271278
871.4688024520874,1.0892592623178665,94163.6063694415
871.5688514709473,1.0886161978971678,94163.64573249735
871.6689853668213,1.0868707373266997,94164.2811592476
871.7691156864166,1.091555920963219,94162.65304332285
871.8685448169708,1.089718594046937,94163.08773899057
871.9687387943268,1.0910965892341487,94164.57896509151
872.0692195892334,1.089718594046937,94164.02106858235
872.1687641143799,1.0885243315513535,94163.11896172412
872.2688488960266,1.0911884555799627,94162.80706555171
872.3688476085663,1.0901779257760076,94162.82635899654
872.469069480896,1.0900860594301935,94162.94372309688
872.5691118240356,1.087973133476469,94162.6493507872
872.6691863536835,1.0893511286636806,94162.68441570849
872.7683746814728,1.087238202709956,94162.81597413763
872.8690395355225,1.0878812671306548,94162.63437672387
872.9688758850098,1.0893511286636806,94162.67093905149
873.0689995288849,1.0884324652055395,94163.90384514634
873.1692962646484,1.0891673959720525,94164.31346063172
873.2685840129852,1.087238202709956,94165.08211456855
873.3690059185028,1.0876975344390267,94165.0739031117
873.4688923358917,1.0867788709808857,94165.26651280053
873.5689842700958,1.0892592623178665,94165.23986152049
873.6693429946899,1.0911884555799627,94166.01587536844
873.7691793441772,1.0891673959720525,94166.5142878316
873.8685598373413,1.0850334104104176,94166.06285904844
873.9691951274872,1.09045352481345,94166.7565731436
874.0687036514282,1.0874219354015844,94166.48091582923
874.168463230133,1.0885243315513535,94167.53282424631
874.2683823108673,1.0888917969346101,94167.27954182168
874.3684730529785,1.0886161978971678,94168.35158763952
874.4689700603485,1.0887999305887959,94168.51642887558
874.5686790943146,1.0887080642429818,94169.26478598802
874.6691348552704,1.088064999822283,94170.13830738922
874.7686340808868,1.0877894007848408,94170.62447665031
874.8685791492462,1.0887080642429818,94170.26202898528
874.9693534374237,1.0886161978971678,94168.83582608675
875.0689432621002,1.0876056680932125,94168.85224347808
875.1683666706085,1.0898104603927512,94169.76701913028
875.268789768219,1.0869626036725137,94169.29031721725
875.3687069416046,1.088064999822283,94168.46128549553
875.4686794281006,1.0885243315513535,94168.11515694598
875.5691306591034,1.0898104603927512,94168.80364125138
875.6692163944244,1.086319539251815,94168.62327712624
875.7686717510223,1.0875138017473984,94168.66094941362
875.8691818714142,1.087238202709956,94168.99485447226
875.9684863090515,1.0851252767562316,94168.29536902503
876.069244146347,1.0891673959720525,94168.26583212253
876.1684234142303,1.0887999305887959,94168.33924891027
876.2686581611633,1.0908209901967063,94167.10532401926
876.368834733963,1.0892592623178665,94166.09479161733
876.4686584472656,1.0902697921218216,94166.0853124556
876.5685684680939,1.0899941930843793,94166.27678121005
876.6689081192017,1.0875138017473984,94166.04910308904
876.7692284584045,1.0866870046350714,94166.34419278013
876.8685312271118,1.088064999822283,94165.60977350212
876.9692351818085,1.086319539251815,94165.9487961519
877.0691878795624,1.0884324652055395,94165.35391653671
877.1688411235809,1.0867788709808857,94165.21852488304
877.2688431739807,1.0876975344390267,94166.89667239474
877.3688967227936,1.0883405988597254,94168.00700515528
877.4686074256897,1.0869626036725137,94167.40630463975
877.5688874721527,1.09045352481345,94167.56567417577
877.6687676906586,1.0890755296262382,94167.7091067582
877.7692153453827,1.0893511286636806,94167.43819608238
877.8688871860504,1.0878812671306548,94167.49437647415
877.9683678150177,1.0887999305887959,94167.84493882675
878.0689101219177,1.0889836632804242,94167.16044494408
878.1687219142914,1.089626727701123,94167.94440044968
878.2685916423798,1.0886161978971678,94168.5499604047
878.3686127662659,1.0895348613553089,94170.09496436424
878.4689407348633,1.0892592623178665,94170.78546792781
878.5691418647766,1.0907291238508923,94171.10692113503
878.6693263053894,1.0909128565425203,94170.99622902152
878.7687895298004,1.087973133476469,94172.49660611937
878.8689136505127,1.0898104603927512,94170.44694550743
878.9692330360413,1.0884324652055395,94168.70225095669
879.0685472488403,1.0882487325139114,94168.73202586101
879.1687233448029,1.087238202709956,94169.35882327492
879.2687516212463,1.0875138017473984,94168.92294094742
879.368590593338,1.0887080642429818,94168.93064685268
879.4687535762787,1.0869626036725137,94169.83758216741
879.5689396858215,1.0893511286636806,94169.45382395068
879.6689002513885,1.0865032719434433,94170.30844155562
879.7686312198639,1.086319539251815,94170.27759740007
879.8684837818146,1.0900860594301935,94169.74983766007
879.9689521789551,1.0887999305887959,94168.87485389407
880.0689973831177,1.0877894007848408,94168.48736850466
880.1690921783447,1.0893511286636806,94169.3386316542
880.268345117569,1.0882487325139114,94167.80476848877
880.3690860271454,1.0898104603927512,94169.2242916399
880.4690577983856,1.089718594046937,94169.40186247592
880.5686419010162,1.0887080642429818,94169.96167622833
880.6688344478607,1.0876056680932125,94170.0655086055
880.7689185142517,1.0898104603927512,94170.45895774495
880.8687517642975,1.0885243315513535,94171.21306197045
880.9692142009735,1.0882487325139114,94172.19175577341
881.0690853595734,1.089626727701123,94171.97258019607
881.1685962677002,1.0894429950094946,94172.67532217647
881.2686204910278,1.0887080642429818,94172.80778995881
881.3693149089813,1.0866870046350714,94171.12701096294
881.4691801071167,1.090637257505078,94170.21430986664
881.5693390369415,1.0877894007848408,94168.69287887999
881.6688511371613,1.0877894007848408,94168.12359099199
881.7693018913269,1.0875138017473984,94167.51123189279
881.8686079978943,1.0892592623178665,94167.76010870351
881.9691791534424,1.087146336364142,94169.38409783316
882.0684299468994,1.0886161978971678,94168.24568804985
882.1684141159058,1.0898104603927512,94168.22111924487
882.269122838974,1.0907291238508923,94167.39900732039
882.3683931827545,1.0883405988597254,94167.75910658836
882.4689102172852,1.0892592623178665,94167.28319592953
882.5685698986053,1.09045352481345,94166.35487633658
882.6691579818726,1.087973133476469,94165.21938870293
882.7689011096954,1.0865032719434433,94165.29744983264
882.8692257404327,1.0881568661680971,94164.86770484938
882.9685802459717,1.0886161978971678,94165.08093436445
883.068391084671,1.0876975344390267,94164.57284092801
883.1691834926605,1.0891673959720525,94165.0155568352
883.2684962749481,1.0867788709808857,94164.6140011517
883.368480682373,1.0887080642429818,94164.75260103654
883.4685981273651,1.0878812671306548,94163.47734093289
883.5683233737946,1.090545391159264,94163.22960683961
883.668890953064,1.0875138017473984,94162.80664615564
883.7685120105743,1.088064999822283,94162.62598154008
883.8688578605652,1.0886161978971678,94162.56338338608
883.9686622619629,1.087973133476469,94161.70704504747
884.0688624382019,1.0903616584676357,94161.53634054272
884.1688904762268,1.087146336364142,94161.68270648846
884.2684192657471,1.0894429950094946,94161.2144358396
884.3691613674164,1.0887080642429818,94159.69299225564
884.4683938026428,1.0874219354015844,94159.82369303009
884.568559885025,1.0887999305887959,94159.04132372708
884.6689755916595,1.0882487325139114,94159.33719135438
884.7684466838837,1.088064999822283,94160.80347221893
884.8688440322876,1.0891673959720525,94161.52312499704
884.9684393405914,1.089718594046937,94161.57081249733
885.0691096782684,1.0894429950094946,94162.4137312476
885.1689305305481,1.0895348613553089,94162.57235812284
885.2689459323883,1.088064999822283,94163.11512231056
885.3687863349915,1.0889836632804242,94163.2036100795
885.4685554504395,1.0887080642429818,94163.18324907155
885.5691831111908,1.0878812671306548,94163.76492416438
885.668719291687,1.0883405988597254,94163.88843174794
885.7692561149597,1.0903616584676357,94164.99958857315
885.8685455322266,1.0898104603927512,94166.29962971584
885.9686810970306,1.090637257505078,94166.46966674426
886.0692179203033,1.0878812671306548,94165.82270006984
886.1690015792847,1.0881568661680971,94165.14043006285
886.2692465782166,1.0900860594301935,94164.52638705655
886.3688011169434,1.0864114055976293,94164.1737483509
886.4685730934143,1.0856764748311163,94163.95637351582
886.5685768127441,1.0866870046350714,94164.06073616423
886.6688480377197,1.087054470018328,94163.5546625478
886.7692058086395,1.085400875793674,94164.59919629301
886.8683941364288,1.0874219354015844,94164.83927666371
886.9692349433899,1.0866870046350714,94165.05534899734
887.0686166286469,1.087054470018328,94164.54981409761
887.1692254543304,1.086227672906001,94165.19483268786
887.2690839767456,1.0858602075227446,94164.67534941908
887.3690304756165,1.087054470018328,94164.80781447717
887.4687449932098,1.089626727701123,94165.02703302946
887.5691740512848,1.0889836632804242,94164.62432972652
887.6692950725555,1.0892592623178665,94164.86189675386
887.768358707428,1.089718594046937,94165.07570707847
887.8687055110931,1.0890755296262382,94164.96813637062
887.9690046310425,1.0899023267385652,94165.67132273356
888.0683932304382,1.0877894007848408,94165.3041904602
888.1691284179688,1.0887080642429818,94165.17377141418
888.2688500881195,1.087973133476469,94163.65639427277
888.3688037395477,1.0864114055976293,94163.3907548455
888.4686319828033,1.0876975344390267,94162.55167936096
888.5692775249481,1.0858602075227446,94161.09651142487
888.6688704490662,1.08530900944786,94161.68686028238
888.7686347961426,1.0856764748311163,94161.21817425414
888.8686184883118,1.086319539251815,94162.09635682873
888.9692678451538,1.0860439402143727,94163.48672114586
889.0688252449036,1.0840228806064625,94162.93804903128
889.1684882640839,1.0858602075227446,94163.54424412815
889.2687618732452,1.0877894007848408,94164.28981971534
889.3683652877808,1.0858602075227446,94164.5608377438
889.468850851059,1.0867788709808857,94164.50475396942
889.5687203407288,1.0866870046350714,94163.75427857248
889.6686334609985,1.0847578113729752,94163.07885071523
889.7685880661011,1.087238202709956,94162.07096564371
889.8689267635345,1.086227672906001,94161.96386907935
889.9685955047607,1.087238202709956,94161.16748217141
890.0688374042511,1.0866870046350714,94160.75073395426
890.1691393852234,1.089626727701123,94160.67566055885
890.2691905498505,1.0860439402143727,94161.40809450297
890.3688590526581,1.0875138017473984,94161.46728505267
890.4685521125793,1.0877894007848408,94161.5205565474
890.5687077045441,1.0890755296262382,94160.56850089267
890.669150352478,1.0842066132980905,94160.5116508034
890.7688412666321,1.0894429950094946,94160.96048572306
890.8688173294067,1.0887080642429818,94162.06443715075
890.9691097736359,1.0864114055976293,94162.75799343568
891.0683867931366,1.0881568661680971,94162.98219409211
891.1686806678772,1.0895348613553089,94163.3839746829
891.268456697464,1.0877894007848408,94163.4455772146
891.3690078258514,1.0876056680932125,94163.40101949315
891.4691605567932,1.0885243315513535,94162.86091754383
891.5690159797668,1.087238202709956,94161.87482578945
891.6690936088562,1.0876056680932125,94160.8873432105
891.769210100174,1.0892592623178665,94159.19860888945
891.8683922290802,1.0899023267385652,94158.07874800051
891.9686000347137,1.0891673959720525,94157.47087320045
892.0688254833221,1.0893511286636806,94158.22378588041
892.1685094833374,1.0891673959720525,94158.10140729237
892.268602848053,1.089718594046937,94159.09126656313
892.3693435192108,1.0899941930843793,94160.28213990683
892.4683957099915,1.0869626036725137,94159.85392591616
892.5686712265015,1.0877894007848408,94161.16853332456
892.668643951416,1.0900860594301935,94161.4516799921
892.7686734199524,1.09045352481345,94161.00651199289
892.869108915329,1.0892592623178665,94161.6058607936
892.9685702323914,1.0903616584676357,94161.44527471423
893.0686860084534,1.0875138017473984,94161.50074724281
893.1691064834595,1.0876056680932125,94161.75067251852
893.2690408229828,1.0899023267385652,94161.67560526668
893.368567943573,1.0873300690557703,94161.10804474002
893.4690935611725,1.0895348613553089,94159.79724026602
893.5690157413483,1.0884324652055395,94159.11751623942
893.6693136692047,1.0882487325139114,94157.70576461549
893.7687320709229,1.0874219354015844,94157.13518815393
893.869211435318,1.0888917969346101,94156.22166933854
893.9688513278961,1.0900860594301935,94156.39950240469
894.0684998035431,1.0881568661680971,94156.75955216422
894.1691880226135,1.0884324652055395,94158.7835969478
894.2693300247192,1.0883405988597254,94157.50523725303
894.3693192005157,1.0887999305887959,94156.95471352772
894.4683549404144,1.0902697921218216,94157.65924217495
894.5688190460205,1.0868707373266997,94157.39331795745
894.6686403751373,1.0874219354015844,94157.3539861617
894.7687342166901,1.088064999822283,94156.91858754554
894.8685584068298,1.087054470018328,94157.22672879099
894.9689991474152,1.0895348613553089,94157.6040559119
895.0685787200928,1.0883405988597254,94157.3436503207
895.1689400672913,1.0892592623178665,94158.90928528864
895.269284248352,1.087054470018328,94158.71835675977
895.3686945438385,1.0888917969346101,94158.04652108379
895.4686801433563,1.0901779257760076,94157.74186897541
895.5684971809387,1.1031310805357966,94158.06768207788
895.6687355041504,1.111123452621624,94158.8609138701
895.7687292098999,1.1250871371853681,94158.37482248309
895.8683886528015,1.1520958428547157,94158.53734023479
895.9689984321594,1.105978937256034,94158.08360621131
896.0689136981964,1.110388521855111,94157.07524559018
896.1688022613525,1.1045090757230083,94157.76772103117
896.268857717514,1.105244006489521,94157.19094892805
896.3686347007751,1.1063464026392904,94158.47185403525
896.469183921814,1.1825036033191851,94159.32466863173
896.56933426857,1.2401956684904443,94159.29220176855
896.6687164306641,1.152279575546344,94158.76298159169
896.7693347930908,1.1157167699123294,94158.08668343251
896.8688771724701,1.0959655055622963,94158.27801508926
896.9685339927673,1.0933013815336872,94157.95021358033
897.0690584182739,1.093117648842059,94156.5551922223
897.1692359447479,1.0911884555799627,94156.09967300006
897.2687134742737,1.0937607132627578,94155.18970570006
897.3691742420197,1.0926583171129884,94154.37073513005
897.4692561626434,1.0935769805711295,94153.73366161705
897.569168806076,1.0936688469169435,94153.66029545535
897.6693711280823,1.092382718075546,94152.79426590982
897.768815279007,1.0933932478795012,94153.01483931884
897.8690009117126,1.0944037776834565,94152.41335538696
897.9686348438263,1.0933013815336872,94151.77201984827
898.0688152313232,1.0942200449918282,94151.99481786344
898.1687090396881,1.0936688469169435,94150.8953360771
898.2692353725433,1.0918315200006614,94151.4058024694
898.3691976070404,1.0924745844213601,94149.76522222246
898.4692964553833,1.0950468421041553,94148.9887000002
898.568740606308,1.092290851729732,94149.68983000019
898.6690170764923,1.0911884555799627,94148.22084700018
898.7691166400909,1.0937607132627578,94149.69876230016
898.8691115379333,1.0927501834588025,94150.02888607015
898.9689242839813,1.0933932478795012,94150.52599746315
899.068986415863,1.0941281786460142,94151.37339771683
899.1687080860138,1.0926583171129884,94151.63605794514
899.2689356803894,1.0925664507671744,94151.17245215063
899.3693542480469,1.0936688469169435,94151.85520693556
899.4685842990875,1.0903616584676357,94152.369686242
899.5685822963715,1.0932095151878731,94152.4327176178
899.6685709953308,1.0924745844213601,94153.48944585603
899.7687273025513,1.094771243066713,94153.44050127044
899.8686761856079,1.092290851729732,94152.8964511434
899.9684660434723,1.0933932478795012,94152.20680602908
900.0683846473694,1.0936688469169435,94151.68612542617
900.1691770553589,1.0911884555799627,94151.61751288356
900.2690625190735,1.0936688469169435,94151.05576159521
900.3690223693848,1.0934851142253155,94151.35018543569
900.4688422679901,1.0926583171129884,94151.21516689211
900.5693337917328,1.0933932478795012,94152.19365020291
900.6691799163818,1.0929339161504308,94152.37428518262
900.7688362598419,1.093944445954386,94152.83685666436
900.8689432144165,1.0934851142253155,94153.65317099793
900.9690005779266,1.0936688469169435,94153.48785389814
901.0689377784729,1.0927501834588025,94152.13906850833
901.1688921451569,1.0917396536548474,94153.3251616575
901.268812417984,1.0921071190381038,94153.39264549175
901.3692209720612,1.093944445954386,94154.15338094259
901.4689335823059,1.092198985383918,94153.93804284833
901.5689353942871,1.0953224411415976,94153.94423856349
901.6690783500671,1.0925664507671744,94152.94981470714
901.7684473991394,1.0953224411415976,94152.55483323643
901.8693335056305,1.092198985383918,94153.69934991279
901.9686403274536,1.0927501834588025,94153.5294149215
902.0690815448761,1.0918315200006614,94153.97647342936
902.1690075397491,1.0910047228883346,94155.07882608642
902.2692739963531,1.092290851729732,94155.57094347778
902.3692855834961,1.0926583171129884,94154.81384913
902.4692807197571,1.0927501834588025,94154.332464217
902.5683805942535,1.092290851729732,94154.3992177953
902.6684792041779,1.0908209901967063,94153.55929601578
902.7687685489655,1.0907291238508923,94152.80336641421
902.8687686920166,1.091280321925777,94152.42302977279
902.9690892696381,1.0919233863464757,94152.78072679552
903.0693259239197,1.0941281786460142,94153.20265411597
903.1684231758118,1.0944956440292706,94153.48238870439
903.2684404850006,1.0917396536548474,94153.23414983395
903.3686997890472,1.0920152526922897,94153.31073485056
903.4684205055237,1.0917396536548474,94153.8796613655
903.568657875061,1.0934851142253155,94154.09169522896
903.6686992645264,1.0924745844213601,94153.68252570606
903.7687194347382,1.0919233863464757,94154.21427313544
903.8684592247009,1.0928420498046167,94155.69284582189
903.9686839580536,1.0934851142253155,94156.4235612397
904.0684590339661,1.091464054617405,94156.08120511574
904.1686081886292,1.0908209901967063,94155.87308460416
904.2686588764191,1.0911884555799627,94155.98577614375
904.3685762882233,1.091555920963219,94156.38719852937
904.469318151474,1.0916477873090333,94157.04847867643
904.5683741569519,1.092198985383918,94156.64363080879
904.6686193943024,1.0910965892341487,94156.07926772791
904.7689361572266,1.0926583171129884,94156.67134095512
904.8692162036896,1.0921071190381038,94156.60420685961
904.9690415859222,1.0890755296262382,94155.94378617365
905.0693085193634,1.0907291238508923,94155.34940755629
905.169038772583,1.091280321925777,94155.31446680067
905.268970489502,1.092382718075546,94155.38302012061
905.3692252635956,1.0924745844213601,94155.44471810856
905.4686379432678,1.0924745844213601,94155.50024629771
905.5685932636261,1.0917396536548474,94155.85022166793
905.6683888435364,1.0933932478795012,94155.56519950114
905.7691988945007,1.0929339161504308,94154.60867955103
905.8683512210846,1.0902697921218216,94154.44781159594
905.9688491821289,1.090545391159264,94155.00303043635
906.0692412853241,1.0925664507671744,94155.60272739272
906.1686062812805,1.090637257505078,94156.24245465345
906.2688703536987,1.0925664507671744,94155.71820918811
906.3689568042755,1.0928420498046167,94157.1463882693
906.4691622257233,1.0918315200006614,94159.03174944238
906.5689570903778,1.0903616584676357,94159.22857449815
906.6690356731415,1.0909128565425203,94159.20571704833
906.769059419632,1.091464054617405,94159.2851453435
906.8692638874054,1.0942200449918282,94158.95663080916
906.9683744907379,1.091372188271591,94158.86096772825
907.0684683322906,1.091464054617405,94158.77487095543
907.1688730716705,1.0918315200006614,94158.39738385989
907.2693061828613,1.091280321925777,94157.9576454739
907.3684215545654,1.0925664507671744,94157.46188092651
907.4690799713135,1.0933932478795012,94158.41569283386
907.5683805942535,1.091280321925777,94158.17412355049
907.6687259674072,1.0927501834588025,94158.65671119545
907.7693128585815,1.089626727701123,94159.99104007591
907.8685119152069,1.092290851729732,94160.69193606832
907.9688889980316,1.0920152526922897,94162.7227424615
908.0685391426086,1.093117648842059,94161.45046821535
908.1690876483917,1.091555920963219,94160.80542139382
908.269291639328,1.0927501834588025,94160.52487925444
908.3683903217316,1.0925664507671744,94158.972391329
908.4692077636719,1.0920152526922897,94158.37515219611
908.56876039505,1.0934851142253155,94158.4376369765
908.6692500114441,1.0935769805711295,94157.49387327884
908.7688403129578,1.0936688469169435,94158.24448595096
908.869302034378,1.0909128565425203,94157.92003735586
908.9684612751007,1.0930257824962448,94157.72803362028
909.0688638687134,1.0927501834588025,94158.45523025826
909.1689782142639,1.0929339161504308,94158.20970723244
909.2692949771881,1.0921071190381038,94158.6887365092
909.3687419891357,1.0926583171129884,94158.21986285827
909.4684550762177,1.0918315200006614,94158.49787657245
909.5685863494873,1.092290851729732,94158.74808891522
909.6687643527985,1.0921071190381038,94159.3732800237
909.768976688385,1.0907291238508923,94158.43595202133
909.8684148788452,1.0932095151878731,94157.9923568192
909.9687702655792,1.092198985383918,94158.19312113729
910.069171667099,1.0910965892341487,94158.07380902355
910.1684381961823,1.0918315200006614,94157.4664281212
910.2690143585205,1.092290851729732,94157.8197853091
910.3688323497772,1.0946793767208989,94156.33780677819
910.4684526920319,1.0925664507671744,94155.80402610038
910.5688626766205,1.0925664507671744,94155.22362349034
910.669201374054,1.091555920963219,94154.50126114131
910.7692515850067,1.0950468421041553,94154.95113502718
910.8693079948425,1.0920152526922897,94153.85602152445
910.9689607620239,1.0909128565425203,94153.27041937201
911.0691120624542,1.0932095151878731,94153.54337743482
911.1684021949768,1.0933932478795012,94153.38903969133
911.2686569690704,1.0926583171129884,94153.15013572222
911.3687891960144,1.0945875103750846,94153.53512214999
911.4691932201385,1.091372188271591,94152.881609935
911.5683867931366,1.0911884555799627,94153.99344894149
911.6686136722565,1.0898104603927512,94152.99410404733
911.7690308094025,1.089718594046937,94153.29469364262
911.8692619800568,1.0924745844213601,94153.46522427836
911.9684352874756,1.0928420498046167,94154.11870185053
912.0690033435822,1.089718594046937,94154.80683166548
912.1692247390747,1.0921071190381038,94156.22614849893
912.268468618393,1.0911884555799627,94155.40353364903
912.3690180778503,1.0926583171129884,94157.06318028412
912.4685914516449,1.0926583171129884,94157.2568622557
912.5692527294159,1.090545391159264,94158.83117603013
912.6686635017395,1.0903616584676357,94158.44805842712
912.7687952518463,1.089718594046937,94159.8032525844
912.8684034347534,1.091464054617405,94159.62292732597
912.9687526226044,1.0924745844213601,94158.36063459337
913.0692512989044,1.0918315200006614,94158.22457113402
913.1692082881927,1.0933932478795012,94158.10211402061
913.2685132026672,1.0928420498046167,94157.39190261856
913.3692669868469,1.0930257824962448,94157.25271235671
913.4683926105499,1.0916477873090333,94156.72744112104
913.5688803195953,1.0938525796085719,94157.25469700893
913.669285774231,1.091372188271591,94158.02922730804
913.7689611911774,1.0908209901967063,94157.52630457724
913.868364572525,1.0930257824962448,94156.77367411953
913.968909740448,1.0929339161504308,94156.09630670758
914.0687680244446,1.091280321925777,94155.08667603682
914.169107913971,1.0910965892341487,94155.37800843315
914.2684512138367,1.09045352481345,94154.44020758984
914.368782043457,1.0918315200006614,94154.59618683087
914.4691107273102,1.0920152526922897,94153.63656814778
914.5687940120697,1.0935769805711295,94152.772911333
914.6685976982117,1.0921071190381038,94152.0956201997
914.7689063549042,1.093117648842059,94151.78605817973
914.868483543396,1.0935769805711295,94151.10745236176
914.969232082367,1.0951387084499693,94152.39670712558
915.0687336921692,1.0900860594301935,94152.65703641302
915.1684503555298,1.0927501834588025,94154.79133277171
915.2691457271576,1.090545391159264,94154.81219949454
915.369021654129,1.0901779257760076,94155.53097954509
915.4684953689575,1.091372188271591,94155.97788159059
915.5691380500793,1.091280321925777,94156.28009343153
915.6693594455719,1.0895348613553089,94156.65208408837
915.7687654495239,1.090545391159264,94157.38687567953
915.8691749572754,1.091280321925777,94158.04818811157
915.9684860706329,1.0925664507671744,94158.34336930042
916.0685787200928,1.089626727701123,94156.80903237038
916.1684181690216,1.0899023267385652,94157.62812913334
916.2689459323883,1.0898104603927512,94157.86531622
916.3693227767944,1.091372188271591,94157.978784598
916.4686522483826,1.093944445954386,94158.5809061382
916.5692949295044,1.092290851729732,94157.92281552438
916.668783903122,1.0916477873090333,94157.93053397194
916.7693152427673,1.0910047228883346,94158.33748057474
916.8688449859619,1.0911884555799627,94158.60373251728
916.9687304496765,1.089718594046937,94157.54335926556
917.0690240859985,1.0918315200006614,94156.289023339
917.1684408187866,1.0909128565425203,94156.0601210051
917.2686185836792,1.0934851142253155,94156.05410890459
917.3685128688812,1.0910047228883346,94157.44869801414
917.4692695140839,1.091280321925777,94157.70382821273
917.5688202381134,1.0892592623178665,94159.23344539147
917.6689064502716,1.092290851729732,94160.51010085232
917.7688879966736,1.0911884555799627,94160.4590907671
917.8690843582153,1.0898104603927512,94161.01318169039
917.9691250324249,1.091464054617405,94161.11186352135
918.0689544677734,1.0908209901967063,94161.40067716921
918.1690089702606,1.0916477873090333,94162.16060945229
918.2691388130188,1.0921071190381038,94162.94454850706
918.3688764572144,1.092198985383918,94162.65009365635
918.4686963558197,1.091464054617405,94162.98508429073
918.5691676139832,1.0893511286636806,94162.28657586167
918.6688661575317,1.0893511286636806,94162.15791827551
918.7684433460236,1.0911884555799627,94161.54212644797
918.8689339160919,1.091280321925777,94161.08791380317
918.9691865444183,1.0902697921218216,94160.57912242286
919.0690262317657,1.0926583171129884,94160.62121018059
919.1684775352478,1.090545391159264,94160.15908916254
919.2690324783325,1.0921071190381038,94160.4431802463
919.3690145015717,1.0910965892341487,94160.19886222167
919.4686095714569,1.0930257824962448,94160.77897599952
919.5691435337067,1.0943119113376423,94160.30107839957
919.6691727638245,1.0909128565425203,94161.37097055963
919.7691493034363,1.0921071190381038,94161.63387350366
919.869234085083,1.0919233863464757,94162.17048615329
919.9690537452698,1.0895348613553089,94162.45343753796
920.0687835216522,1.0901779257760076,94162.00809378417
920.1688165664673,1.089718594046937,94161.70728440575
920.2692391872406,1.0918315200006614,94161.53655596518
920.368635892868,1.0910965892341487,94161.08290036867
920.4687874317169,1.092290851729732,94159.9746103318
920.5693256855011,1.0882487325139114,94159.87714929861
920.6689457893372,1.0887999305887959,94160.38943436876
920.7686445713043,1.0907291238508923,94159.85049093189
920.8688399791718,1.0887080642429818,94159.9654418387
920.9689838886261,1.0911884555799627,94159.46889765484
921.0688464641571,1.0892592623178665,94157.72200788934
921.1692514419556,1.0887999305887959,94156.8498071004
921.2691040039062,1.0920152526922897,94156.26482639037
921.369206905365,1.0894429950094946,94156.63834375133
921.4684860706329,1.092382718075546,94157.2745093762
921.5684080123901,1.0893511286636806,94157.04705843859
921.6690120697021,1.0911884555799627,94156.84235259473
921.7693412303925,1.0886161978971678,94156.45811733526
921.8683657646179,1.0919233863464757,94156.31230560174
921.968531370163,1.0907291238508923,94156.48107504156
922.0691990852356,1.0909128565425203,94156.13296753741
922.1693015098572,1.0911884555799627,94155.41967078367
922.268655538559,1.0903616584676357,94156.2777037053
922.3689095973969,1.0908209901967063,94157.94993333478
922.4686620235443,1.092290851729732,94156.25494000131
922.5689659118652,1.092290851729732,94156.62944600118
922.6684544086456,1.0908209901967063,94154.96650140107
922.7688558101654,1.091464054617405,94153.96985126096
922.8687686920166,1.0920152526922897,94153.97286613486
922.9692468643188,1.093117648842059,94153.87557952138
923.0686430931091,1.0875138017473984,94153.68802156924
923.1688776016235,1.091372188271591,94152.91921941232
923.2691321372986,1.0932095151878731,94153.62729747109
923.3692364692688,1.0909128565425203,94153.66456772397
923.4691183567047,1.0911884555799627,94154.09811095159
923.5692491531372,1.0916477873090333,94154.68829985643
923.6685726642609,1.0901779257760076,94155.21946987079
923.769172668457,1.0916477873090333,94155.79752288372
923.869146823883,1.09045352481345,94156.91777059535
923.9693217277527,1.0925664507671744,94157.12599353581
924.0690169334412,1.0909128565425203,94156.11339418223
924.168643951416,1.0918315200006614,94155.60205476402
924.2685141563416,1.091372188271591,94155.24184928762
924.3685944080353,1.0907291238508923,94155.01766435886
924.4685108661652,1.0894429950094946,94154.41589792297
924.5691647529602,1.0918315200006614,94154.37430813067
924.669340133667,1.0927501834588025,94153.23687731761
924.7685589790344,1.089626727701123,94152.61318958586
924.8691170215607,1.0893511286636806,94152.75187062727
924.9686210155487,1.0898104603927512,94152.87668356454
925.0685529708862,1.0903616584676357,94153.48901520808
925.1689209938049,1.1121339824255791,94151.94011368728
925.2685496807098,1.1132363785753485,94152.54610231855
925.3683869838715,1.1210450179695475,94151.8914920867
925.4689981937408,1.1315177813923556,94152.80234287803
925.5685322284698,1.1290373900553747,94152.72210859023
925.6683592796326,1.1511771793965746,94152.54989773121
925.7692439556122,1.1747868302708,94152.69490795808
925.8689475059509,1.1659676610726457,94153.22541716228
925.9686679840088,1.171387775475678,94155.40287544605
926.0684912204742,1.1466757284516833,94156.06258790144
926.168511390686,1.1486967880595937,94156.6563291113
926.269294500351,1.1881993167596596,94156.49069620017
926.3692917823792,1.1914146388631535,94157.44162658016
926.4691348075867,1.1578834226410044,94157.89746392214
926.5691664218903,1.1089186603220853,94157.90771752993
926.6693279743195,1.1397857525156254,94157.51694577694
926.7693083286285,1.155862363033094,94159.06525119925
926.8692455291748,1.1501666495926195,94158.85872607933
926.9690322875977,1.1345493708042211,94159.37285347139
927.069030046463,1.0531557884129223,94159.43556812425
927.16845703125,1.101018154582072,94160.49201131183
927.268789768219,1.1625686062775238,94160.84281018063
927.368611574173,1.1530145063128567,94161.85852916258
927.4686768054962,1.1684480524096268,94162.57267624632
927.5688908100128,1.269960364534215,94163.71540862168
927.6691637039185,1.259579467457221,94164.04386775951
927.7685179710388,1.1644977995396202,94163.73948098357
927.8692955970764,1.1878318513764032,94164.66553288522
927.9687423706055,1.2651833145518814,94165.09897959669
928.0685319900513,1.2564560116995411,94165.08908163702
928.168897151947,1.1693667158677679,94164.88017347333
928.2690558433533,1.152279575546344,94163.89215612599
928.3685083389282,1.1409800150112088,94164.1029405134
928.4687955379486,1.1250871371853681,94164.19264646206
928.5685200691223,1.127475662176535,94164.07338181586
928.6686553955078,1.1364785640663175,94165.26604363428
928.7686059474945,1.1391426880949265,94165.83943927086
928.8689086437225,1.1169110324079128,94166.15549534377
928.9692580699921,1.1259139342976952,94166.2399458094
929.0693075656891,1.0994564267032323,94165.51595122846
929.1688373088837,1.0881568661680971,94164.96435610561
929.2685730457306,1.0806238258113405,94164.26792049505
929.3693284988403,1.1487886544054078,94165.34112844555
929.4689059257507,1.2600387991862914,94164.20701560099
929.5689685344696,1.166243260110088,94163.18631404088
929.6686172485352,1.0919233863464757,94162.1676826368
929.7692954540253,1.2120845666713276,94160.65091437312
929.8693127632141,1.2677555722346763,94159.68582293582
929.9687745571136,1.070794126809231,94158.91724064223
930.0692250728607,1.0919233863464757,94158.32551657801
930.1684775352478,1.1141550420334896,94159.09296492022
930.268568277359,1.1890261138719866,94158.9836684282
930.3690853118896,1.2042759272771284,94159.5853015854
930.4686465263367,1.2338568906292708,94160.22677142687
930.5690734386444,1.273359419329337,94160.40409428418
930.6690690517426,1.2797900635363244,94159.76368485576
930.7689685821533,1.246901911734874,94159.3873163702
930.8684234619141,1.0892592623178665,94157.44858473318
930.9683890342712,1.0137451260586705,94157.10372625985
931.0688598155975,1.0566467095538585,94156.69335363388
931.168931722641,1.1881074504138456,94156.42401827048
931.2686171531677,1.2514033626797654,94156.08161644344
931.3689422607422,1.2646321164769967,94155.67345479909
931.4690759181976,1.2403794011820726,94155.20610931919
931.5691914558411,1.1046928084146366,94153.58549838727
931.6686379909515,1.0302810683052097,94151.82694854855
931.7689821720123,1.0194408394991452,94151.3442536937
931.8686199188232,1.021829364490312,94151.40982832432
931.9687740802765,1.058667769161769,94150.9688454919
932.0691850185394,1.118105294903496,94151.67196094271
932.1688165664673,1.0961492382539244,94150.60476484845
932.2691705226898,1.101661219002771,94150.54428836361
932.3689811229706,1.1037741449564953,94150.08985952726
932.4691295623779,1.0889836632804242,94149.58087357454
932.5685052871704,1.0900860594301935,94150.32278621709
932.6684277057648,1.0936688469169435,94149.29050759539
932.7686438560486,1.094771243066713,94150.06145683584
932.8686325550079,1.091464054617405,94150.15531115227
932.9684448242188,1.0928420498046167,94150.63978003705
933.0692310333252,1.0946793767208989,94151.37580203335
933.1692817211151,1.091280321925777,94151.23822183002
933.2690000534058,1.0929339161504308,94150.91439964702
933.3690371513367,1.0926583171129884,94151.02295968232
933.4691293239594,1.091555920963219,94151.5206637141
933.5691363811493,1.0927501834588025,94152.6685973427
933.6692202091217,1.0919233863464757,94151.60173760842
933.7684919834137,1.091464054617405,94152.84156384757
933.8685164451599,1.0907291238508923,94152.2574074628
933.9685583114624,1.091372188271591,94152.23166671653
934.0692262649536,1.0919233863464757,94152.30850004488
934.1687455177307,1.0933932478795012,94152.07765004039
934.2685625553131,1.091464054617405,94154.26988503635
934.3688261508942,1.0926583171129884,94156.14289653272
934.4690585136414,1.0940363123002002,94156.32860687946
934.5686302185059,1.0935769805711295,94154.79574619152
934.668702840805,1.092290851729732,94154.91617157237
934.7685596942902,1.0930257824962448,94154.82455441513
934.869277715683,1.0910965892341487,94154.44209897362
934.9691903591156,1.0924745844213601,94154.29788907626
935.0690476894379,1.0911884555799627,94153.06810016863
935.1687541007996,1.091280321925777,94153.86129015178
935.2687389850616,1.0929339161504308,94153.47516113661
935.3686573505402,1.0936688469169435,94153.52764502294
935.46861577034,1.0934851142253155,94153.07488052064
935.5687110424042,1.0920152526922897,94153.76739246858
935.6686956882477,1.093117648842059,94153.69065322173
935.7685441970825,1.0926583171129884,94153.22158789955
935.8688423633575,1.092382718075546,94152.49942910961
935.968649148941,1.0919233863464757,94153.34948619865
936.0686683654785,1.0916477873090333,94152.91453757879
936.1683905124664,1.091464054617405,94154.52308382091
936.269291639328,1.094771243066713,94155.17077543883
936.3689799308777,1.093117648842059,94154.85369789496
936.4687418937683,1.091372188271591,94154.16832810547
936.5692801475525,1.0921071190381038,94153.85149529493
936.6689195632935,1.0929339161504308,94152.96634576544
936.7687871456146,1.0940363123002002,94152.6697111889
936.868533372879,1.093117648842059,94152.00274007
936.9683403968811,1.0927501834588025,94153.302466063
937.0692508220673,1.093944445954386,94152.7722194567
937.1688344478607,1.0920152526922897,94153.69499751103
937.2687475681305,1.0921071190381038,94152.72549775992
937.3687045574188,1.092290851729732,94152.85294798392
937.4685230255127,1.0910965892341487,94151.86765318553
937.5683512687683,1.0938525796085719,94151.68088786698
937.669093132019,1.094771243066713,94151.71279908028
937.7685902118683,1.0935769805711295,94152.44151917225
937.8684492111206,1.0934851142253155,94152.99736725503
937.9685027599335,1.0921071190381038,94152.59763052952
938.0691328048706,1.0938525796085719,94152.63786747657
938.1686697006226,1.0911884555799627,94154.57408072891
938.2687034606934,1.0920152526922897,94155.41667265602
938.3688297271729,1.0933013815336872,94156.07500539042
938.4687867164612,1.0924745844213601,94156.56750485138
938.5689632892609,1.0921071190381038,94156.71075436624
938.6688830852509,1.0924745844213601,94155.63967892963
938.7688353061676,1.0937607132627578,94155.37571103667
938.8687901496887,1.0918315200006614,94156.63813993301
938.9691774845123,1.0911884555799627,94156.07432593971
939.0689644813538,1.0933932478795012,94155.76689334575
939.1689705848694,1.0927501834588025,94157.09020401117
939.2686638832092,1.0910965892341487,94157.68118361005
939.3686602115631,1.0940363123002002,94157.01306524906
939.468740940094,1.0945875103750846,94157.11175872416
939.5687320232391,1.0936688469169435,94157.00058285175
939.6685087680817,1.091280321925777,94156.40052456658
939.7692620754242,1.0933932478795012,94155.36047210993
939.8692889213562,1.0919233863464757,94153.52442489893
939.9683740139008,1.0918315200006614,94153.27198240905
940.0693237781525,1.0929339161504308,94153.44478416814
940.1691451072693,1.0921071190381038,94152.70030575134
940.2691702842712,1.0933013815336872,94152.4302751762
940.3691956996918,1.0920152526922897,94153.08724765858
940.4683632850647,1.0941281786460142,94152.87852289273
940.5683739185333,1.092290851729732,94153.69067060346
940.6683909893036,1.0932095151878731,94154.42160354313
940.7684154510498,1.0946793767208989,94154.87944318881
940.8684680461884,1.0943119113376423,94155.29149886992
940.9685430526733,1.0934851142253155,94155.76234898293
941.0684156417847,1.091464054617405,94155.58611408462
941.1690862178802,1.0919233863464757,94156.52750267617
941.2689762115479,1.0936688469169435,94156.87475240855
941.3687601089478,1.0924745844213601,94157.9872771677
941.4693808555603,1.0929339161504308,94158.08854945093
941.5690596103668,1.0928420498046167,94158.37969450584
941.6690378189087,1.095689906524854,94159.34172505526
941.769143819809,1.091372188271591,94159.40755254973
941.8689939975739,1.09045352481345,94159.66679729476
941.9691739082336,1.0924745844213601,94160.10011756528
942.0687944889069,1.0929339161504308,94160.09010580875
942.1690595149994,1.0910965892341487,94159.68109522788
942.2688043117523,1.091372188271591,94159.41298570509
942.3687014579773,1.093117648842059,94158.77168713458
942.4683256149292,1.091555920963219,94158.19451842112
942.5684969425201,1.0930257824962448,94158.57506657901
942.6684255599976,1.0916477873090333,94158.21755992112
942.7691595554352,1.0911884555799627,94157.59580392901
942.8689358234406,1.0937607132627578,94156.43622353612
942.9688267707825,1.0926583171129884,94155.5926011825
943.0685365200043,1.0921071190381038,94155.83334106427
943.1691937446594,1.092198985383918,94154.65000695783
943.2688364982605,1.0933013815336872,94153.98500626205
943.368718624115,1.0924745844213601,94154.48650563584
943.4685995578766,1.0945875103750846,94154.03785507225
943.5684504508972,1.092198985383918,94154.13406956503
943.6693158149719,1.0926583171129884,94155.02066260853
943.7692880630493,1.0917396536548474,94154.01859634768
943.8688514232635,1.092290851729732,94153.51673671292
943.9684793949127,1.093117648842059,94152.76506304163
944.0685555934906,1.0950468421041553,94153.48855673747
944.1684837341309,1.0917396536548474,94152.33970106373
944.2686812877655,1.092382718075546,94152.60573095735
944.3684990406036,1.091372188271591,94153.24515786162
944.4684007167816,1.092198985383918,94153.82064207546
944.5688254833221,1.092198985383918,94154.63857786791
944.6685817241669,1.0925664507671744,94154.57472008112
944.7693159580231,1.0926583171129884,94155.617248073
944.8692035675049,1.0930257824962448,94155.35552326571
944.9687361717224,1.091280321925777,94155.21997093913
945.0684115886688,1.0951387084499693,94153.29797384523
945.1685659885406,1.0933932478795012,94153.3681764607
945.2684857845306,1.0930257824962448,94154.03135881464
945.368355512619,1.0911884555799627,94153.82822293317
945.4689192771912,1.091372188271591,94151.84540063985
945.5690011978149,1.092382718075546,94151.46086057587
945.6690595149994,1.092382718075546,94151.71477451827
945.7690467834473,1.0918315200006614,94151.54329706646
945.8684012889862,1.0937607132627578,94152.08896735981
945.9691758155823,1.091280321925777,94152.38007062384
946.0685942173004,1.0925664507671744,94151.74206356147
946.1689102649689,1.0934851142253155,94151.36785720533
946.2686774730682,1.0926583171129884,94150.7310714848
946.3683774471283,1.0953224411415976,94150.65796433632
946.4692053794861,1.0927501834588025,94150.1921679027
946.5689873695374,1.0899941930843793,94149.87295111243
946.6685380935669,1.092382718075546,94149.6856560012
946.769268989563,1.0930257824962448,94150.01709040107
946.8688657283783,1.0918315200006614,94148.71538136096
946.9684016704559,1.0928420498046167,94148.54384322486
947.0691072940826,1.0925664507671744,94148.48945890238
947.1685383319855,1.0924745844213601,94148.74051301215
947.2693159580231,1.090545391159264,94148.26646171093
947.368992805481,1.0925664507671744,94148.63981553983
947.4684941768646,1.0942200449918282,94149.07583398586
947.5685474872589,1.0928420498046167,94149.26825058728
947.6692976951599,1.0925664507671744,94149.94142552857
947.7690527439117,1.092198985383918,94151.44728297571
947.8684689998627,1.0933932478795012,94151.70255467814
947.9690508842468,1.0929339161504308,94150.83229921033
948.0686240196228,1.0919233863464757,94151.1490692893
948.1690928936005,1.092382718075546,94151.83416236038
948.2684843540192,1.0916477873090333,94151.85074612434
948.3690359592438,1.0909128565425203,94152.66567151192
948.4685266017914,1.0936688469169435,94153.89910436072
948.5691621303558,1.0924745844213601,94155.10919392465
948.6688344478607,1.0927501834588025,94155.2982745322
948.76917552948,1.089626727701123,94156.56844707899
948.8686518669128,1.0926583171129884,94156.6116023711
948.9690248966217,1.0938525796085719,94156.25044213398
949.0684561729431,1.0925664507671744,94155.9253979206
949.168906211853,1.0927501834588025,94156.33285812855
949.2688684463501,1.0944037776834565,94155.59957231568
949.3691506385803,1.0900860594301935,94156.03961508411
949.4691944122314,1.0935769805711295,94156.83565357569
949.5692794322968,1.0918315200006614,94156.05208821812
949.6688361167908,1.093117648842059,94155.8468793963
949.7692081928253,1.0944956440292706,94154.96219145667
949.8687307834625,1.0893511286636806,94153.665972311
949.9685468673706,1.092198985383918,94152.4993750799
950.0690720081329,1.0908209901967063,94150.74943757191
950.1685636043549,1.0903616584676357,94150.47449381472
950.268622636795,1.0891673959720525,94150.32704443324
950.3686752319336,1.0926583171129884,94149.39433998993
950.4692733287811,1.0933013815336872,94148.75490599094
950.5686595439911,1.092290851729732,94148.37941539184
950.669073343277,1.09045352481345,94149.34147385266
950.7687146663666,1.0928420498046167,94149.4073264674
950.8687045574188,1.089718594046937,94149.16659382066
950.9690244197845,1.0932095151878731,94149.3499344386
951.0683944225311,1.0921071190381038,94151.61494099474
951.1690211296082,1.091464054617405,94151.95344689526
951.2692062854767,1.0910047228883346,94151.75810220574
951.3691511154175,1.094863109412527,94152.08229198516
951.4686636924744,1.091280321925777,94151.77406278664
951.5685214996338,1.0902697921218216,94150.99665650798
951.6687970161438,1.090545391159264,94150.79699085718
951.7686114311218,1.0918315200006614,94152.41729177146
951.8685750961304,1.0944037776834565,94152.87556259432
951.968829870224,1.0902697921218216,94152.78800633489
952.0692505836487,1.0926583171129884,94153.0092057014
952.1691579818726,1.093117648842059,94153.30828513126
952.2691819667816,1.0921071190381038,94153.97745661814
952.3691363334656,1.0941281786460142,94155.17971095633
952.468582868576,1.0933932478795012,94154.0617398607
952.5686676502228,1.0910965892341487,94154.25556587464
952.6685240268707,1.0933013815336872,94154.73000928717
952.7687284946442,1.0902697921218216,94154.35700835846
952.8685917854309,1.090545391159264,94153.52130752262
952.9685235023499,1.0920152526922897,94152.26917677037
953.0688247680664,1.0916477873090333,94152.24225909333
953.1686444282532,1.091372188271591,94153.618033184
953.2686157226562,1.0908209901967063,94152.9562298656
953.3693108558655,1.091464054617405,94153.96060687905
953.4688022136688,1.0924745844213601,94154.36454619115
953.5683400630951,1.0927501834588025,94154.22809157205
953.6692984104156,1.0924745844213601,94154.10528241485
953.7687611579895,1.090637257505078,94154.59475417336
953.868469953537,1.0944037776834565,94154.53527875603
953.9692919254303,1.091280321925777,94153.28175088043
954.069235086441,1.092382718075546,94153.95357579239
954.1685199737549,1.0943119113376423,94153.35821821315
954.2684965133667,1.0911884555799627,94153.62239639185
954.3691215515137,1.0917396536548474,94154.26015675266
954.4692387580872,1.0933013815336872,94153.6341410774
954.5693252086639,1.09045352481345,94152.77072696967
954.668788433075,1.0926583171129884,94152.09365427271
954.768351316452,1.0924745844213601,94151.78428884543
954.8689017295837,1.0930257824962448,94151.6058599609
954.9684188365936,1.0938525796085719,94150.14527396481
955.0690381526947,1.0932095151878731,94151.03074656833
955.1688137054443,1.0944956440292706,94151.6276719115
955.2686426639557,1.0934851142253155,94151.76490472036
955.3690009117126,1.092290851729732,94151.58841424833
955.4692783355713,1.0924745844213601,94152.2295728235
955.5692670345306,1.0932095151878731,94152.30661554117
955.6684033870697,1.0920152526922897,94152.47595398704
955.7693037986755,1.0917396536548474,94152.82835858835
955.869163274765,1.092198985383918,94152.54552272952
955.968668460846,1.090637257505078,94153.59097045657
956.0688061714172,1.093944445954386,94154.33187341092
956.1686978340149,1.090637257505078,94154.89868606984
956.2686817646027,1.0928420498046167,94154.70881746286
956.3684480190277,1.0918315200006614,94154.73793571658
956.4692962169647,1.091464054617405,94156.16414214492
956.5689969062805,1.0916477873090333,94154.84772793044
956.6687166690826,1.0934851142253155,94153.56295513739
956.7692375183105,1.0938525796085719,94153.30665962366
956.8687448501587,1.0916477873090333,94154.6759936613
956.9689795970917,1.0929339161504308,94154.40839429517
957.0692462921143,1.093117648842059,94154.86755486565
957.1692860126495,1.0933013815336872,94154.58079937908
957.2690644264221,1.0925664507671744,94154.82271944117
957.3689012527466,1.092382718075546,94154.44044749707
957.4693212509155,1.0929339161504308,94155.09640274737
957.5692493915558,1.0917396536548474,94156.48676247263
957.6693267822266,1.0919233863464757,94156.63808622537
957.7691686153412,1.092290851729732,94156.47427760284
957.8685119152069,1.0901779257760076,94156.82684984256
957.9683618545532,1.0933013815336872,94156.44416485832
958.0685827732086,1.093117648842059,94156.29974837249
958.1687476634979,1.0949549757583412,94157.06977353524
958.269332408905,1.0926583171129884,94156.16279618173
958.3683774471283,1.0929339161504308,94155.34651656356
958.4688341617584,1.0944037776834565,94154.4118649072
958.5692923069,1.0928420498046167,94152.67067841649
958.6683571338654,1.0927501834588025,94153.20361057484
958.7691826820374,1.0927501834588025,94154.28324951735
958.8691964149475,1.0927501834588025,94154.25492456561
958.9688701629639,1.0932095151878731,94155.42943210906
959.06924700737,1.092290851729732,94153.78648889814
959.1693260669708,1.093117648842059,94154.10784000832
959.2686614990234,1.091555920963219,94154.89705600748
959.3690409660339,1.0910965892341487,94154.70735040674
959.4687027931213,1.0909128565425203,94154.83661536608
959.5689311027527,1.0917396536548474,94156.35295382947
959.6685149669647,1.090637257505078,94155.61765844651
959.7684864997864,1.0911884555799627,94155.95589260187
959.8684437274933,1.0917396536548474,94155.36030334169
959.9688720703125,1.0937607132627578,94155.42427300752
960.0689206123352,1.0910965892341487,94155.18184570677
960.1684772968292,1.092290851729732,94154.1636611361
960.2693269252777,1.092290851729732,94153.0472950225
960.3689701557159,1.0900860594301935,94152.44256552025
960.4693095684052,1.090545391159264,94153.79830896824
960.5688009262085,1.093944445954386,94153.51847807142
960.668493270874,1.092290851729732,94153.16663026428
960.7685041427612,1.0927501834588025,94151.84996723785
960.8693087100983,1.0918315200006614,94151.96497051408
960.9691004753113,1.091464054617405,94153.06847346267
961.0688376426697,1.0930257824962448,94154.76162611641
961.1684708595276,1.0918315200006614,94154.48546350477
961.268364906311,1.092382718075546,94154.6369171543
961.3690106868744,1.0924745844213601,94154.87322543887
961.4691987037659,1.0910047228883346,94155.885902895
961.5683584213257,1.0919233863464757,94156.5973126055
961.6684057712555,1.0909128565425203,94156.53758134496
961.7692148685455,1.0938525796085719,94156.18382321048
961.8693661689758,1.0921071190381038,94156.76544088943
961.9690082073212,1.0933013815336872,94157.38889680049
962.0692772865295,1.0909128565425203,94158.35000712045
962.1690807342529,1.0911884555799627,94157.9150064084
962.2684562206268,1.0925664507671744,94157.62350576755
962.3691902160645,1.0929339161504308,94158.26115519079
962.4691405296326,1.0885243315513535,94157.53503967173
962.5686576366425,1.0920152526922897,94157.08153570456
962.6688716411591,1.0932095151878731,94157.17338213412
962.769008398056,1.0937607132627578,94158.45604392071
962.8689429759979,1.0944037776834565,94158.61043952864
962.9693145751953,1.0921071190381038,94157.14939557578
963.0686361789703,1.0932095151878731,94157.3344560182
963.1692867279053,1.092198985383918,94157.90101041639
963.2690920829773,1.0942200449918282,94158.21090937476
963.3693537712097,1.092198985383918,94158.88981843728
963.4683430194855,1.0899941930843793,94159.60083659356
963.5684452056885,1.0933932478795012,94157.8407529342
963.6686253547668,1.092198985383918,94157.15667764079
963.7692341804504,1.0921071190381038,94156.64100987671
963.8687896728516,1.0927501834588025,94156.97690888905
963.9683890342712,1.0916477873090333,94158.97921800014
964.069099187851,1.093117648842059,94157.58129620012
964.1690485477448,1.0917396536548474,94156.32316658011
964.268878698349,1.0937607132627578,94155.4908499221
964.3690533638,1.091464054617405,94155.5417649299
964.4685199260712,1.0925664507671744,94155.58758843692
964.5692732334137,1.0932095151878731,94156.42882959322
964.6690902709961,1.0921071190381038,94155.3859466339
964.7684094905853,1.0919233863464757,94155.04735197051
964.8684749603271,1.0917396536548474,94155.24261677347
964.9691951274872,1.0930257824962448,94155.51835509612
965.0688188076019,1.093117648842059,94157.06651958651
965.168399810791,1.0933932478795012,94157.85986762786
965.2684624195099,1.0917396536548474,94157.57388086508
965.3685488700867,1.0934851142253155,94158.11649277857
965.468768119812,1.092198985383918,94158.00484350072
965.568852186203,1.092198985383918,94158.20435915065
965.6692976951599,1.0926583171129884,94156.78392323558
965.768538236618,1.093117648842059,94156.90553091203
965.8684549331665,1.0921071190381038,94157.41497782082
965.9682335853577,1.092290851729732,94156.67348003875
966.0687103271484,1.0938525796085719,94156.60613203488
966.1685221195221,1.091464054617405,94156.54551883141
966.2688775062561,1.09045352481345,94156.69096694827
966.3687689304352,1.090545391159264,94155.62187025345
966.4690220355988,1.093117648842059,94154.25968322811
966.5684466362,1.091280321925777,94153.73371490529
966.6686310768127,1.0907291238508923,94155.06034341476
966.7688808441162,1.0938525796085719,94156.05430907328
966.8683655261993,1.094863109412527,94156.34887816595
966.9687428474426,1.0909128565425203,94156.41399034936
967.0690112113953,1.093117648842059,94155.67259131442
967.1683442592621,1.0926583171129884,94155.90533218299
967.2686202526093,1.0934851142253155,94155.61479896469
967.3685824871063,1.0907291238508923,94154.45331906821
967.469286441803,1.0920152526922897,94154.8079871614
967.5685584545135,1.0924745844213601,94154.22718844526
967.6689493656158,1.0951387084499693,94153.20446960074
967.7684772014618,1.0920152526922897,94152.38402264066
967.8689968585968,1.092382718075546,94153.1456203766
967.9683971405029,1.0933013815336872,94152.33105833894
968.0688428878784,1.0919233863464757,94152.09795250505
968.169243812561,1.0940363123002002,94152.68815725455
968.2688727378845,1.0940363123002002,94151.7193415291
968.3687360286713,1.0926583171129884,94152.04740737619
968.468611240387,1.0926583171129884,94151.04266663856
968.5693075656891,1.0901779257760076,94151.53839997471
968.6685357093811,1.0936688469169435,94151.68455997725
968.7687020301819,1.091464054617405,94152.51610397952
968.8686475753784,1.0934851142253155,94153.06449358158
968.9690444469452,1.0932095151878731,94153.45804422341
969.0687856674194,1.091464054617405,94154.81223980107
969.1688160896301,1.0924745844213601,94154.73101582096
969.2692768573761,1.0928420498046167,94155.15791423887
969.3686771392822,1.0938525796085719,94155.14212281498
969.4692435264587,1.0916477873090333,94155.52791053348
969.5693113803864,1.094863109412527,94155.27511948014
969.6684339046478,1.091372188271591,94155.94760753213
969.7691926956177,1.0936688469169435,94155.45284677892
969.8689255714417,1.0908209901967063,94154.00756210103
969.9690692424774,1.093944445954386,94153.90680589093
970.0689566135406,1.0943119113376423,94153.71612530184
970.1689057350159,1.0938525796085719,94152.74451277165
970.2690768241882,1.0918315200006614,94152.97006149449
970.3689270019531,1.0932095151878731,94152.57305534504
970.4687812328339,1.0937607132627578,94152.81574981054
970.5689115524292,1.0910965892341487,94152.43417482948
970.6685173511505,1.0910965892341487,94152.59075734654
970.7690372467041,1.0933932478795012,94151.63168161189
970.8690500259399,1.0932095151878731,94151.8685134507
970.968909740448,1.0916477873090333,94152.48166210564
971.0687344074249,1.089626727701123,94152.83349589509
971.1685905456543,1.0926583171129884,94153.95014630558
971.2687132358551,1.0911884555799627,94153.75513167502
971.368967294693,1.0927501834588025,94153.97961850752
971.4683926105499,1.0932095151878731,94154.78165665678
971.5691177845001,1.092382718075546,94155.7034909911
971.669100522995,1.0936688469169435,94156.233141892
971.7687604427338,1.090545391159264,94155.80982770279
971.8693046569824,1.092290851729732,94154.42884493251
971.9692282676697,1.0910965892341487,94154.78596043926
972.0690376758575,1.0930257824962448,94155.40736439535
972.168473482132,1.091372188271591,94154.86662795581
972.2688643932343,1.091555920963219,94154.77996516023
972.3684680461884,1.091464054617405,94154.1019686442
972.4685282707214,1.0908209901967063,94153.69177177978
972.5692920684814,1.0890755296262382,94152.8225946018
972.6683621406555,1.0920152526922897,94153.34033514163
972.7691626548767,1.0916477873090333,94153.10630162749
972.8686873912811,1.0933932478795012,94152.99567146474
972.9686408042908,1.091280321925777,94153.69610431827
973.0687727928162,1.0919233863464757,94155.02649388644
973.168785572052,1.0910965892341487,94154.3238444978
973.2689836025238,1.0901779257760076,94153.39146004802
973.3684868812561,1.0944037776834565,94152.85231404322
973.4685823917389,1.0920152526922897,94152.6670826389
973.5687837600708,1.0934851142253155,94152.300374375
973.669224023819,1.09045352481345,94152.0703369375
973.7691042423248,1.0925664507671744,94151.66330324375
973.869215965271,1.0919233863464757,94151.59697291939
973.9686598777771,1.091280321925777,94152.03727562746
974.0684678554535,1.0911884555799627,94151.83354806472
974.1683351993561,1.0903616584676357,94152.35019325824
974.2691757678986,1.0907291238508923,94151.91517393243
974.3688178062439,1.0900860594301935,94153.92365653919
974.4692673683167,1.0911884555799627,94154.93129088527
974.568708896637,1.0934851142253155,94154.43816179674
974.6692819595337,1.0911884555799627,94154.99434561707
974.7688686847687,1.0910047228883346,94155.69491105537
974.8689732551575,1.0933013815336872,94155.42541994984
974.9691345691681,1.0918315200006614,94154.28287795486
975.068699836731,1.091555920963219,94154.35459015938
975.1686544418335,1.0930257824962448,94153.71913114344
975.2685840129852,1.0901779257760076,94153.9472180291
975.3691909313202,1.0919233863464757,94153.0524962262
975.4689843654633,1.0898104603927512,94152.74724660358
975.569108247757,1.0917396536548474,94152.57252194324
975.6687722206116,1.0920152526922897,94152.51526974891
975.7686791419983,1.0908209901967063,94152.86374277403
975.8689949512482,1.0910047228883346,94153.67736849663
975.9684405326843,1.090637257505078,94152.10963164698
976.0686898231506,1.0918315200006614,94151.9986684823
976.1688601970673,1.0925664507671744,94151.19880163406
976.2684047222137,1.0909128565425203,94151.27892147066
976.3687238693237,1.0921071190381038,94151.2510293236
976.468736410141,1.0930257824962448,94151.92592639124
976.5689435005188,1.092198985383918,94152.33333375212
976.66854429245,1.0925664507671744,94151.80000037691
976.769259929657,1.0927501834588025,94151.82000033923
976.8689007759094,1.093944445954386,94151.0380003053
976.9687647819519,1.0934851142253155,94152.13420027477
977.0687220096588,1.0932095151878731,94152.2207802473
977.1691823005676,1.091464054617405,94152.59870222257
977.2690508365631,1.092290851729732,94151.63883200032
977.3687479496002,1.089718594046937,94152.57494880029
977.4690191745758,1.091555920963219,94153.01745392026
977.5687663555145,1.091280321925777,94153.01570852824
977.6686270236969,1.0926583171129884,94153.61413767541
977.769109249115,1.0890755296262382,94153.55272390788
977.8687236309052,1.0929339161504308,94154.69745151709
977.9687147140503,1.091555920963219,94154.12770636537
978.0692677497864,1.0916477873090333,94154.41493572883
978.1693053245544,1.0901779257760076,94154.37344215593
978.2688038349152,1.09045352481345,94156.03609794035
978.3692336082458,1.090637257505078,94156.8324881463
978.4692003726959,1.0908209901967063,94156.24923933168
978.5691559314728,1.0909128565425203,94156.0243153985
978.6692323684692,1.0900860594301935,94156.02188385866
978.7692058086395,1.090545391159264,94156.81969547279
978.8690943717957,1.0909128565425203,94158.13772592551
978.9686281681061,1.0926583171129884,94158.22395333296
979.0690424442291,1.0938525796085719,94158.30155799966
979.1684792041779,1.0921071190381038,94157.2714021997
979.2691493034363,1.0909128565425203,94157.64426197973
979.3690211772919,1.091280321925777,94156.47983578176
979.4691970348358,1.0899023267385652,94155.73185220358
979.5693538188934,1.0921071190381038,94156.05866698321
979.668431520462,1.0929339161504308,94157.1528002849
979.7684218883514,1.092290851729732,94155.93752025641
979.868545293808,1.0909128565425203,94154.54376823077
979.9684417247772,1.0924745844213601,94155.08939140769
980.0691249370575,1.092290851729732,94154.78045226692
980.1692306995392,1.091555920963219,94153.90240704024
980.2684116363525,1.090637257505078,94153.61216633623
980.3691830635071,1.094771243066713,94152.6509497026
980.4689373970032,1.0944037776834565,94152.28585473234
980.5692453384399,1.0950468421041553,94153.15726925911
980.6692051887512,1.0919233863464757,94152.8415423332
980.769214630127,1.0899941930843793,94153.55738809989
980.8690147399902,1.093944445954386,94153.3016492899
980.9692106246948,1.0932095151878731,94152.77148436091
981.0692956447601,1.091555920963219,94153.39433592482
981.1693232059479,1.0909128565425203,94152.95490233233
981.2691335678101,1.0929339161504308,94153.3594120991
981.3685033321381,1.092382718075546,94153.42347088919
981.4684853553772,1.0918315200006614,94153.98112380027
981.5685086250305,1.0910047228883346,94154.68301142026
981.6688506603241,1.0942200449918282,94155.91471027823
981.7692096233368,1.0907291238508923,94156.02323925041
981.8686652183533,1.0919233863464757,94156.92091532538
981.969215631485,1.0933013815336872,94157.32882379285
982.0692467689514,1.0916477873090333,94157.59594141357
982.1686744689941,1.0900860594301935,94156.93634727222
982.2691752910614,1.0921071190381038,94156.642712545
982.3686678409576,1.0901779257760076,94156.2784412905
982.4691452980042,1.0932095151878731,94156.85059716145
982.5685727596283,1.0927501834588025,94157.0655374453
982.6691517829895,1.091372188271591,94156.55898370077
982.7685556411743,1.091464054617405,94156.90308533069
982.8689532279968,1.0917396536548474,94156.41277679762
982.9691143035889,1.0899941930843793,94156.87149911786
983.0684716701508,1.092198985383918,94156.08434920607
983.1691246032715,1.093944445954386,94155.47591428546
983.2692902088165,1.092382718075546,94157.62832285691
983.3684237003326,1.0924745844213601,94157.16549057122
983.4688723087311,1.091555920963219,94157.6489415141
983.5691204071045,1.092198985383918,94157.6840473627
983.6684517860413,1.089626727701123,94158.21564262643
983.7688477039337,1.0937607132627578,94157.89407836378
983.8690605163574,1.092382718075546,94158.1046705274
983.9692249298096,1.091555920963219,94158.49420347466
984.069258928299,1.0916477873090333,94158.9447831272
984.1687548160553,1.0930257824962448,94158.95030481447
984.2690229415894,1.0927501834588025,94158.25527433302
984.369035243988,1.0933013815336872,94157.72974689971
984.4693496227264,1.092382718075546,94158.55677220975
984.5693514347076,1.0895348613553089,94158.10109498877
984.6685476303101,1.0910965892341487,94157.8909854899
984.7687168121338,1.0907291238508923,94158.4018869409
984.8692283630371,1.0941281786460142,94158.26169824682
984.9688439369202,1.0934851142253155,94157.33552842213
985.0692028999329,1.092198985383918,94158.10197557992
985.1692440509796,1.091280321925777,94157.89177802193
985.2690026760101,1.0932095151878731,94157.80260021974
985.3683760166168,1.090545391159264,94158.32234019777
985.4688968658447,1.092290851729732,94158.290106178
985.5685410499573,1.091555920963219,94158.1610955602
985.668967962265,1.0937607132627578,94158.04498600417
985.7685105800629,1.0921071190381038,94158.34048740377
985.8692350387573,1.0921071190381038,94158.70643866339
985.9685235023499,1.0950468421041553,94159.53579479705
986.0693557262421,1.093117648842059,94159.38221531735
986.1693062782288,1.0917396536548474,94159.44399378562
986.2690615653992,1.091280321925777,94157.89959440706
986.3686723709106,1.0927501834588025,94157.40963496636
986.4691886901855,1.0921071190381038,94157.06867146972
986.5689358711243,1.0925664507671744,94156.96180432275
986.6685643196106,1.0885243315513535,94155.86562389048
986.7692816257477,1.0919233863464757,94156.37906150144
986.8684902191162,1.091280321925777,94154.9411553513
986.9690849781036,1.0916477873090333,94155.24703981618
987.0686886310577,1.0927501834588025,94154.52233583457
987.1688585281372,1.0929339161504308,94155.77010225112
987.2692015171051,1.090637257505078,94157.093092026
987.3688020706177,1.0910047228883346,94156.9837828234
987.4684915542603,1.091372188271591,94157.88540454107
987.5686144828796,1.089718594046937,94159.09686408697
987.6688084602356,1.0928420498046167,94159.18717767828
987.768773317337,1.0895348613553089,94159.86845991046
987.8687582015991,1.091280321925777,94159.2816139194
987.9686412811279,1.0891673959720525,94159.35345252746
988.0690534114838,1.0921071190381038,94159.11810727471
988.169022321701,1.0929339161504308,94159.00629654725
988.2692198753357,1.0919233863464757,94159.40566689253
988.3686053752899,1.0925664507671744,94159.06510020328
988.4685518741608,1.092290851729732,94159.75859018296
988.5689632892609,1.093117648842059,94159.98273116467
988.669305562973,1.0932095151878731,94159.6844580482
988.7687470912933,1.0930257824962448,94159.51601224339
988.8685255050659,1.0908209901967063,94160.36441101905
988.9691407680511,1.090637257505078,94159.52796991715
989.0686445236206,1.0907291238508923,94158.17517292545
989.168468952179,1.0916477873090333,94157.15765563291
989.2685303688049,1.092290851729732,94156.14189006962
989.3687365055084,1.0887999305887959,94155.82770106266
989.468663930893,1.0911884555799627,94156.2449309564
989.5686483383179,1.0924745844213601,94155.62043786077
989.6684775352478,1.091555920963219,94155.75839407468
989.7690291404724,1.0911884555799627,94154.58255466721
989.868460893631,1.0929339161504308,94154.7242992005
989.9692776203156,1.091280321925777,94155.05186928046
990.069084405899,1.0940363123002002,94154.84668235242
990.1691873073578,1.0940363123002002,94157.06201411718
990.2687780857086,1.0916477873090333,94156.95581270548
990.3684551715851,1.0916477873090333,94155.76023143494
990.4685173034668,1.0919233863464757,94156.18420829144
990.5688977241516,1.0919233863464757,94154.4657874623
990.6687715053558,1.0925664507671744,94153.71920871607
990.7688417434692,1.092290851729732,94152.44728784446
990.8686327934265,1.0937607132627578,94151.60255906002
990.968772649765,1.0911884555799627,94152.24230315402
991.0687584877014,1.0927501834588025,94152.41807283861
991.1691610813141,1.090637257505078,94151.97626555475
991.2689120769501,1.0934851142253155,94152.77863899928
991.3684320449829,1.091280321925777,94153.00077509935
991.4683346748352,1.0907291238508923,94151.80069758942
991.56920337677,1.092290851729732,94153.52062783048
991.6689486503601,1.0926583171129884,94153.16856504744
991.7693388462067,1.090545391159264,94151.8517085427
991.8683135509491,1.0932095151878731,94150.96653768844
991.9690937995911,1.0921071190381038,94151.4698839196
992.0687971115112,1.0903616584676357,94150.82289552764
992.1690018177032,1.0900860594301935,94150.74060597488
992.2690856456757,1.0917396536548474,94150.7665453774
992.3690474033356,1.0917396536548474,94150.78989083966
992.4684088230133,1.0909128565425203,94149.5109017557
992.5687057971954,1.0899023267385652,94149.55981158013
992.6696774959564,1.0930257824962448,94148.90383042212
992.7691736221313,1.090545391159264,94149.61344737992
992.868997335434,1.091555920963219,94149.75210264193
992.9688408374786,1.0884324652055395,94150.67689237773
993.0690040588379,1.0935769805711295,94150.60920313996
993.169061422348,1.091555920963219,94150.54828282597
993.269118309021,1.0924745844213601,94148.89345454337
993.3692173957825,1.0911884555799627,94149.60410908905
993.4690544605255,1.091555920963219,94150.24369818016
993.5682549476624,1.091464054617405,94149.61932836214
993.668568611145,1.0911884555799627,94149.45739552593
993.7691910266876,1.0899023267385652,94149.01165597333
993.8686127662659,1.0918315200006614,94149.510490376
993.9692454338074,1.0918315200006614,94149.25944133839
994.0692136287689,1.092382718075546,94148.83349720456
994.1688914299011,1.091280321925777,94149.8501474841
994.2688283920288,1.0903616584676357,94148.4651327357
994.3688306808472,1.0928420498046167,94149.71861946213
994.469336271286,1.0933013815336872,94149.84675751593
994.5685997009277,1.0908209901967063,94149.96208176434
994.6684036254883,1.0919233863464757,94150.1658735879
994.7692062854767,1.092198985383918,94151.54928622911
994.8691618442535,1.0919233863464757,94152.1943576062
994.9688429832458,1.0932095151878731,94153.27492184559
995.068793296814,1.090545391159264,94153.54742966103
995.1693308353424,1.0903616584676357,94154.79268669494
995.2690086364746,1.0927501834588025,94154.11341802546
995.3692750930786,1.091555920963219,94154.10207622292
995.4688448905945,1.0924745844213601,94153.09186860062
995.5683507919312,1.0901779257760076,94153.68268174055
995.6690938472748,1.0902697921218216,94154.2144135665
995.769074678421,1.0907291238508923,94153.19297220984
995.8690974712372,1.0926583171129884,94153.67367498887
995.9684889316559,1.092290851729732,94154.10630748999
996.0691318511963,1.0911884555799627,94153.69567674099
996.1687076091766,1.0938525796085719,94154.4261090669
996.2691140174866,1.0917396536548474,94155.08349816022
996.3687102794647,1.0919233863464757,94156.4751483442
996.4688813686371,1.0920152526922897,94154.92763350978
996.5692265033722,1.089718594046937,94153.9348701588
996.6683487892151,1.0902697921218216,94153.54138314292
996.7693636417389,1.0938525796085719,94153.68724482863
996.8689048290253,1.0937607132627578,94154.41852034577
996.9685053825378,1.091280321925777,94154.7766683112
997.0685873031616,1.091555920963219,94154.59900148008
997.168928861618,1.0899941930843793,94154.23910133207
997.2686636447906,1.0911884555799627,94154.41519119887
997.3689341545105,1.0920152526922897,94154.37367207899
997.4684810638428,1.0933932478795012,94154.7363048711
997.5688316822052,1.0926583171129884,94154.66267438399
997.6686818599701,1.0891673959720525,94154.69640694559
997.7687559127808,1.0908209901967063,94154.72676625103
997.8689410686493,1.0889836632804242,94155.95408962593
997.9687457084656,1.0919233863464757,94156.95868066335
998.0687680244446,1.09045352481345,94156.76281259701
998.168643951416,1.091464054617405,94156.2865313373
998.2686944007874,1.0927501834588025,94156.75787820359
998.3688678741455,1.0920152526922897,94155.48209038323
998.4688062667847,1.09045352481345,94155.73388134492
998.5687992572784,1.0910047228883346,94156.56049321042
998.6689875125885,1.0925664507671744,94155.50444388938
998.7688338756561,1.0926583171129884,94156.75399950045
998.8691098690033,1.0918315200006614,94155.67859955042
998.9687964916229,1.0932095151878731,94155.81073959537
999.0686979293823,1.0909128565425203,94155.52966563584
999.1688957214355,1.090637257505078,94155.57669907226
999.2691087722778,1.0909128565425203,94155.01902916504
999.3688926696777,1.0921071190381038,94154.11712624854
999.4689848423004,1.0908209901967063,94153.2054136237
999.5689301490784,1.092382718075546,94154.38487226133
999.6692743301392,1.091464054617405,94153.4463850352
999.7690124511719,1.091280321925777,94154.70174653169
999.8690116405487,1.0916477873090333,94155.13157187852
999.9689831733704,1.0894429950094946,94154.91841469068
1000.0689628124237,1.0944956440292706,94155.62657322161
1000.168906211853,1.0929339161504308,94155.96391589945
1000.2688975334167,1.089626727701123,94157.0675243095
1000.3686876296997,1.091555920963219,94156.96077187856
1000.4683985710144,1.0933932478795012,94157.36469469071
1000.5690505504608,1.0916477873090333,94157.62822522165
1000.668975353241,1.0925664507671744,94157.06540269949
1000.768208026886,1.0901779257760076,94157.65886242954
1000.8688805103302,1.0926583171129884,94159.19297618659
1000.9684207439423,1.0918315200006614,94159.77367856793
1001.0683920383453,1.0924745844213601,94160.29631071114
1001.1684949398041,1.0898104603927512,94161.26667964003
1001.2692494392395,1.0910965892341487,94160.44001167604
1001.3684377670288,1.092382718075546,94160.39601050844
1001.4691228866577,1.0910965892341487,94159.7564094576
1001.5691921710968,1.092290851729732,94158.58076851183
1001.6693205833435,1.0903616584676357,94158.52269166066
1001.7688081264496,1.0901779257760076,94157.2704224946
1001.8688671588898,1.0941281786460142,94156.94338024514
1001.9690566062927,1.0928420498046167,94156.54904222063
1002.0684297084808,1.092198985383918,94157.29413799857
1002.1689956188202,1.0932095151878731,94156.96472419871
1002.2690992355347,1.091464054617405,94156.56825177885
1002.3686237335205,1.093117648842059,94157.51142660098
1002.4685978889465,1.091555920963219,94158.16028394087
1002.5692946910858,1.0927501834588025,94158.04425554679
1002.6685416698456,1.0942200449918282,94157.53982999212
1002.7684364318848,1.0929339161504308,94156.7858469929
1002.8683423995972,1.0929339161504308,94156.10726229362
1002.9684092998505,1.0933013815336872,94156.59653606426
1003.0682077407837,1.092198985383918,94156.03688245785
1003.1683342456818,1.0899023267385652,94156.03319421207
1003.2683424949646,1.0933013815336872,94155.52987479087
1003.3685004711151,1.0927501834588025,94156.17688731178
1003.4683172702789,1.0918315200006614,94157.15919858062
1003.5683975219727,1.0924745844213601,94157.54327872256
1003.6687078475952,1.0895348613553089,94157.5889508503
1003.7684469223022,1.0929339161504308,94158.03005576527
1003.8690192699432,1.092290851729732,94158.92705018874
1003.9693431854248,1.0943119113376423,94158.23434516987
1004.0693180561066,1.091555920963219,94157.41091065288
1004.1688466072083,1.0936688469169435,94157.1698195876
1004.2684092521667,1.092382718075546,94156.95283762884
1004.3688724040985,1.0928420498046167,94156.65755386595
1004.4684228897095,1.092198985383918,94156.29179847936
1004.5686247348785,1.090545391159264,94155.76261863143
1004.6690011024475,1.0930257824962448,94154.88635676829
1004.7689726352692,1.0920152526922897,94154.29772109145
1004.8691029548645,1.093117648842059,94154.56794898231
1004.9693169593811,1.0938525796085719,94154.91115408408
1005.0683727264404,1.0916477873090333,94154.72003867567
1005.1686279773712,1.092382718075546,94154.04803480812
1005.2685227394104,1.0921071190381038,94153.34323132731
1005.3690350055695,1.0927501834588025,94153.70890819457
1005.468560218811,1.0936688469169435,94154.33801737512
1005.5688705444336,1.0930257824962448,94153.90421563761
1005.6687905788422,1.0927501834588025,94153.81379407385
1005.7692358493805,1.0910965892341487,94153.23241466648
1005.8686740398407,1.0921071190381038,94153.80917319983
1005.968456029892,1.0924745844213601,94154.62825587984
1006.0685930252075,1.0935769805711295,94154.76543029187
1006.169056892395,1.0910047228883346,94153.58888726268
1006.2687065601349,1.092198985383918,94153.62999853642
1006.3686408996582,1.0929339161504308,94154.36699868279
1006.4691116809845,1.0919233863464757,94154.4302988145
1006.5685729980469,1.0899023267385652,94154.98726893305
1006.6691727638245,1.0927501834588025,94154.58854203975
1006.7686719894409,1.0920152526922897,94154.22968783579
1006.868602514267,1.091464054617405,94155.30671905221
1006.9688594341278,1.0921071190381038,94155.576047147
1007.068825006485,1.0933013815336872,94155.3184424323
1007.1690263748169,1.0929339161504308,94154.68659818906
1007.2687401771545,1.0928420498046167,94155.31793837016
1007.369343996048,1.092382718075546,94155.18614453315
1007.4689593315125,1.092198985383918,94154.66753007984
1007.5691940784454,1.0946793767208989,94155.20077707186
1007.6686353683472,1.091464054617405,94154.38069936467
1007.7690198421478,1.0924745844213601,94153.4426294282
1007.869143486023,1.0920152526922897,94153.59836648538
1007.9688503742218,1.092382718075546,94154.13852983684
1008.0690159797668,1.0910047228883346,94153.82467685317
1008.1690137386322,1.0908209901967063,94155.14220916785
1008.2688865661621,1.0907291238508923,94155.02798825107
1008.3690121173859,1.0890755296262382,94154.52518942596
1008.4690868854523,1.092198985383918,94153.77267048336
1008.5686373710632,1.092198985383918,94153.69540343503
1008.6688950061798,1.092290851729732,94153.12586309154
1008.7687704563141,1.091464054617405,94153.61327678239
1008.8690807819366,1.0928420498046167,94155.15194910414
1008.9692182540894,1.0924745844213601,94156.33675419372
1009.0691039562225,1.0908209901967063,94155.20307877434
1009.1691782474518,1.0934851142253155,94155.0827708969
1009.269154548645,1.0928420498046167,94155.87449380722
1009.3691318035126,1.0942200449918282,94156.1870444265
1009.4690434932709,1.0932095151878731,94155.76833998384
1009.5691952705383,1.0899023267385652,94157.89150598546
1009.6692373752594,1.0909128565425203,94159.40235538692
1009.7692456245422,1.0917396536548474,94158.66211984823
1009.869015455246,1.091372188271591,94159.89590786342
1009.9690284729004,1.092198985383918,94160.50631707709
1010.0691184997559,1.0883405988597254,94160.95568536938
1010.1686429977417,1.0918315200006614,94162.06011683244
1010.2692329883575,1.086319539251815,94162.9541051492
1010.3682608604431,1.0874219354015844,94161.65869463429
1010.4685487747192,1.0865951382892574,94161.99282517086
1010.569188117981,1.0892592623178665,94161.69354265377
1010.6684651374817,1.091372188271591,94161.12418838839
1010.7692928314209,1.0946793767208989,94160.61176954956
1010.868460893631,1.0934851142253155,94160.0505925946
1010.9683334827423,1.0954143074874116,94159.94553333514
1011.0687260627747,1.0889836632804242,94160.45098000162
1011.1687989234924,1.0895348613553089,94160.40588200146
1011.2685754299164,1.0876056680932125,94160.36529380131
1011.3689227104187,1.094771243066713,94160.32876442118
1011.4689950942993,1.0944037776834565,94160.79588797907
1011.5689051151276,1.0916477873090333,94160.71629918116
1011.6689035892487,1.0908209901967063,94159.94466926306
1011.76895403862,1.0929339161504308,94159.15020233675
1011.8687450885773,1.0917396536548474,94160.73518210308
1011.9690668582916,1.0932095151878731,94161.76166389277
1012.0684230327606,1.092198985383918,94161.68549750351
1012.1687588691711,1.0929339161504308,94162.41694775315
1012.269134759903,1.0925664507671744,94160.77525297785
1012.3689711093903,1.0935769805711295,94160.19772768008
1012.4684989452362,1.0940363123002002,94159.57795491206
1012.5688178539276,1.0925664507671744,94158.82015942085
1012.6688134670258,1.0921071190381038,94158.83814347876
1012.7685811519623,1.092198985383918,94157.75432913088
1012.8691339492798,1.091280321925777,94156.9788962178
1012.9684062004089,1.0925664507671744,94156.98100659602
1013.0684530735016,1.0937607132627578,94157.78290593642
1013.1685407161713,1.0921071190381038,94158.20461534278
1013.2685005664825,1.0921071190381038,94158.2841538085
1013.3686447143555,1.0930257824962448,94158.75573842766
1013.4684414863586,1.0910965892341487,94158.3801645849
1013.5686092376709,1.0929339161504308,94158.94214812641
1013.6685342788696,1.09045352481345,94158.84793331378
1013.7688281536102,1.0900860594301935,94158.7631399824
1013.8685810565948,1.0933013815336872,94157.68682598417
1013.9685945510864,1.091464054617405,94157.11814338576
1014.0685112476349,1.0930257824962448,94157.00632904719
1014.1688060760498,1.0930257824962448,94157.10569614248
1014.2685544490814,1.0941281786460142,94157.89512652824
1014.3684484958649,1.0925664507671744,94157.10561387542
1014.4691433906555,1.091372188271591,94157.39505248787
1014.5690503120422,1.092290851729732,94156.65554723909
1014.6686415672302,1.092382718075546,94157.08999251519
1014.7687151432037,1.0919233863464757,94157.28099326367
1014.8687534332275,1.093117648842059,94158.0528939373
1014.9687833786011,1.0925664507671744,94156.94760454357
1015.0687143802643,1.0908209901967063,94156.45284408922
1015.1685695648193,1.0911884555799627,94156.50755968029
1015.2683680057526,1.0917396536548474,94156.35680371226
1015.3687827587128,1.0938525796085719,94156.12112334103
1015.468766450882,1.0918315200006614,94156.30901100693
1015.5688555240631,1.0907291238508923,94156.07810990623
1015.6688935756683,1.0917396536548474,94155.07029891561
1015.7689983844757,1.091372188271591,94156.06326902406
1015.8688719272614,1.0902697921218216,94156.85694212165
1015.9688928127289,1.091372188271591,94158.17124790949
1016.0690245628357,1.0918315200006614,94157.75412311853
1016.1689131259918,1.091280321925777,94158.07871080669
1016.2690134048462,1.091555920963219,94157.47083972601
1016.3688018321991,1.0919233863464757,94158.72375575341
1016.4687986373901,1.0933013815336872,94159.35138017806
1016.5687880516052,1.0910047228883346,94159.71624216027
1016.6687304973602,1.092382718075546,94159.14461794424
1016.7686505317688,1.0903616584676357,94158.63015614981
1016.8687093257904,1.0910047228883346,94159.56714053484
1016.9686851501465,1.090545391159264,94160.21042648137
1017.0685667991638,1.090545391159264,94160.48938383324
1017.1684393882751,1.0901779257760076,94160.94044544992
1017.2686061859131,1.0937607132627578,94160.14640090492
1017.3685796260834,1.0920152526922897,94160.93176081443
1017.4687392711639,1.0937607132627578,94159.438584733
1017.5687284469604,1.0898104603927512,94159.1947262597
1017.6690204143524,1.092382718075546,94160.17525363372
1017.7685222625732,1.0908209901967063,94161.35772827035
1017.8688776493073,1.0927501834588025,94161.52195544331
1017.9688398838043,1.0910047228883346,94161.96975989899
1018.0690896511078,1.0920152526922897,94162.2727839091
1018.1685273647308,1.0911884555799627,94163.04550551818
1018.2686870098114,1.091372188271591,94161.94095496637
1018.3689608573914,1.0908209901967063,94160.64685946972
1018.4690635204315,1.0911884555799627,94159.78217352275
1018.5687007904053,1.0907291238508923,94159.60395617048
1018.668842792511,1.0941281786460142,94159.84356055343
1018.7683947086334,1.0925664507671744,94160.4592044981
1018.8687152862549,1.0907291238508923,94159.91328404829
1018.9693129062653,1.0925664507671744,94160.82195564346
1019.068437576294,1.0917396536548474,94160.63976007911
1019.1690051555634,1.0907291238508923,94160.9757840712
1019.2684481143951,1.091464054617405,94160.27820566407
1019.3684558868408,1.0944956440292706,94159.75038509766
1019.4693472385406,1.0927501834588025,94159.4753465879
1019.5689413547516,1.0925664507671744,94159.42781192911
1019.6684839725494,1.092290851729732,94158.3850307362
1019.7683973312378,1.0891673959720525,94157.84652766258
1019.8691489696503,1.0911884555799627,94157.86187489632
1019.9687464237213,1.0909128565425203,94158.57568740669
1020.0689458847046,1.0911884555799627,94157.41811866601
1020.168555021286,1.0901779257760076,94156.97630679942
1020.268846988678,1.091464054617405,94158.17867611948
1020.3687386512756,1.091464054617405,94157.26080850753
1020.4691886901855,1.0926583171129884,94157.23472765677
1020.5687847137451,1.0930257824962448,94157.3112548911
1020.6686789989471,1.092382718075546,94157.48012940199
1020.7685821056366,1.0919233863464757,94157.13211646178
1020.8685104846954,1.0933932478795012,94157.8189048156
1020.968409538269,1.0875138017473984,94158.23701433404
1021.0687463283539,1.0924745844213601,94157.91331290064
1021.1688601970673,1.0899023267385652,94158.32198161057
1021.2683529853821,1.091464054617405,94158.38978344951
1021.3691992759705,1.0894429950094946,94157.65080510457
1021.4685289859772,1.089718594046937,94158.58572459412
1021.5688502788544,1.0924745844213601,94158.4271521347
1021.6688756942749,1.0917396536548474,94157.28443692123
1021.7685363292694,1.090637257505078,94157.2559932291
1021.8685569763184,1.0882487325139114,94155.7303939062
1021.9687399864197,1.0944956440292706,94154.45735451559
1022.0689959526062,1.0919233863464757,94154.71161906402
1022.1688063144684,1.094863109412527,94154.74045715762
1022.2684671878815,1.1331713756170096,94154.46641144186
1022.3686876296997,1.128210592943048,94154.31977029768
1022.4685890674591,1.1424498765442344,94154.48779326792
1022.5687079429626,1.155862363033094,94155.33901394113
1022.6689300537109,1.1715715081673064,94154.80511254702
1022.7684621810913,1.1509934467049463,94155.02460129232
1022.8688476085663,1.2063888532308529,94157.02214116309
1022.9685790538788,1.284658979864472,94157.4199270468
1023.0684196949005,1.3201193893487173,94156.27793434213
1023.1686372756958,1.3450151690643404,94154.15014090792
1023.2684214115143,1.3214055181901148,94150.43512681713
1023.3687765598297,1.3282954941261729,94147.59161413541
1023.4689738750458,1.3212217854984867,94144.03245272186
1023.5687277317047,1.3420754459982889,94141.72920744968
1023.6684663295746,1.3497003527008598,94138.75628670471
1023.7689428329468,1.252046427100464,94142.78065803423
1023.8690364360809,1.077684102745289,94146.20259223081
1023.9691593647003,1.0667520075934103,94147.88233300773
1024.0687696933746,1.0704266614259745,94148.89409970696
1024.1687819957733,1.092198985383918,94150.50468973626
1024.268492937088,1.096516703637181,94153.55422076264
1024.3690421581268,1.1173703641369832,94156.39879868638
1024.468820810318,1.0890755296262382,94156.95891881773
1024.5689616203308,1.1046928084146366,94158.86302693597
1024.6691534519196,1.137856559253529,94160.17672424237
1024.7684724330902,1.2660101116642084,94159.75905181814
1024.8694107532501,1.3367471979410708,94158.78314663633
1024.9686744213104,1.3681654882094954,94156.6048319727
1025.0690395832062,1.3894784804383682,94153.44434877543
1025.1687138080597,1.4063818880681638,94151.29991389789
1025.2688763141632,1.3689004189760081,94149.5699225081
1025.3688569068909,1.289803495230062,94146.81293025729
1025.469319343567,1.2190664089531997,94144.43163723157
1025.568912744522,1.1408881486653946,94142.1884735084
1025.669013261795,1.1115827843506945,94141.16962615756
1025.7686998844147,1.1021205507318415,94139.7526635418
1025.8692421913147,1.1028554814983542,94140.07739718763
1025.9684162139893,1.099088961319976,94139.16965746888
1026.0685181617737,1.1013856199653287,94137.95269172199
1026.1691348552704,1.1024880161150978,94137.15742254979
1026.2684457302094,1.1014774863111427,94136.14168029481
1026.368453502655,1.1001913574697453,94135.62751226533
1026.469125509262,1.1021205507318415,94134.7647610388
1026.5687022209167,1.0993645603574183,94134.58828493491
1026.6686973571777,1.0976190997869502,94134.32945644142
1026.7691593170166,1.0985377632450912,94134.6965107973
1026.8691489696503,1.0994564267032323,94133.92685971757
1026.969295501709,1.0989052286283478,94133.2341737458
1027.0690603256226,1.096700436328809,94133.11075637123
1027.1688227653503,1.0908209901967063,94133.39968073412
1027.2690324783325,1.0942200449918282,94132.0597126607
1027.3690586090088,1.1534738380419274,94131.95374139464
1027.4683961868286,1.1635791360814791,94130.85836725518
1027.5685646533966,1.0789702315866865,94130.77253052966
1027.6686878204346,1.1527389072754144,94132.1952774767
1027.7686128616333,1.0560036451331598,94134.37574972902
1027.8685059547424,0.9399764503699426,94134.83817475612
1027.9689157009125,0.8358918805625595,94136.65435728051
1028.0686421394348,0.6968062330000014,94135.78892155246
1028.1688721179962,0.6494031985599222,94134.71002939722
1028.2691402435303,0.8764049390665806,94137.43902645749
1028.3685278892517,1.0926583171129884,94142.99512381175
1028.468456029892,1.1244440727646694,94146.89561143058
1028.5689017772675,1.159261417828216,94152.10605028752
1028.6687750816345,1.1585264870617031,94155.59544525876
1028.7688431739807,1.1863619898433775,94160.43590073287
1028.8691475391388,1.1158086362581434,94163.09231065959
1028.9693443775177,1.0594945662740958,94165.08307959363
1029.0685925483704,1.0696917306594618,94168.57477163427
1029.168628692627,1.1579752889868185,94171.61729447084
1029.2690107822418,1.0875138017473984,94172.75556502376
1029.36878490448,1.060505096078051,94174.0800085214
1029.4691150188446,1.0644553489480577,94174.47200766926
1029.5687935352325,1.1319771131214262,94175.92480690233
1029.6684787273407,1.1534738380419274,94178.0323262121
1029.769211769104,1.0598620316573522,94177.62909359088
1029.8691980838776,1.0817262219611097,94180.4661842318
1029.9684400558472,1.0841147469522765,94181.31956580862
1030.0684945583344,1.0792458306241288,94182.58760922775
1030.169041633606,1.0748362460250518,94183.62884830497
1030.2691547870636,1.0695079979678335,94183.66596347447
1030.3687784671783,1.0647309479854998,94184.59936712703
1030.469075679779,1.0618830912652626,94184.53943041433
1030.5687034130096,1.0599538980031664,94185.1854873729
1030.6690220832825,1.0607806951154932,94185.96693863561
1030.7689440250397,1.0548093826375764,94186.67024477206
1030.869059085846,1.0624342893401473,94187.80322029485
1030.9685542583466,1.0653740124061988,94188.12289826537
1031.0690569877625,1.0686812008555064,94188.51060843884
1031.1690762043,1.0774085037078467,94187.25954759496
1031.2692296504974,1.0741013152585388,94187.53359283548
1031.3692526817322,1.0745606469876094,94186.88023355194
1031.4689803123474,1.0699673296969041,94187.39221019675
1031.5687732696533,1.0414887624945308,94188.25298917708
1031.6692142486572,1.0466332778601208,94187.22769025937
1031.7684185504913,1.0402944999989474,94187.20492123344
1031.8689410686493,1.065649611443641,94186.8844291101
1031.9687321186066,1.0839310142606482,94187.2959861991
1032.0688409805298,1.113603843958605,94186.76638757919
1032.1691498756409,1.077592236399475,94187.08974882128
1032.2692823410034,1.0603213633864228,94187.28077393914
1032.3688204288483,1.060505096078051,94188.05269654523
1032.4686563014984,1.0813587565778533,94188.1474268907
1032.568656206131,1.1124095814630215,94188.83268420164
1032.6692974567413,1.0941281786460142,94189.14941578147
1032.7689645290375,1.067211339322481,94189.33447420334
1032.8688020706177,1.0679462700889937,94188.801026783
1032.9683475494385,1.09045352481345,94188.92092410469
1033.0689663887024,1.142174277506792,94189.92883169423
1033.1686835289001,1.0831960834941354,94190.8359485248
1033.2687451839447,1.0952305747957833,94191.55235367232
1033.3689732551575,1.0653740124061988,94191.19711830509
1033.4686346054077,1.1371216284870163,94190.07740647458
1033.5688469409943,1.2163104185787765,94190.16966582712
1033.669108390808,1.2516789617172077,94191.15269924441
1033.769154548645,1.2398282031071879,94191.63742931998
1033.8692309856415,1.279606330844696,94191.67368638798
1033.9685924053192,1.2112577695590006,94190.00631774918
1034.068831205368,1.1925170350129228,94188.80568597426
1034.169374704361,1.2262319839267,94188.82511737684
1034.2685792446136,1.1689992504845113,94188.84260563915
1034.3687901496887,1.1860863908059351,94188.85834507523
1034.468549489975,1.2156673541580778,94188.8725105677
1034.5687584877014,1.2883336336970364,94189.08525951093
1034.668973684311,1.2753804789372472,94190.47673355984
1034.7685282230377,1.2878743019679657,94190.92906020387
1034.868822813034,1.2343162223583415,94191.33615418349
1034.968603849411,1.222832929131578,94191.40253876513
1035.068730354309,1.2894360298468055,94190.36228488863
1035.168974161148,1.2710627606839842,94190.72605639977
1035.2686002254486,1.2773096721993435,94190.8534507598
1035.3686380386353,1.2474531098097588,94190.36810568382
1035.4690561294556,1.2315602319839183,94191.23129511545
1035.5693037509918,1.1918739705922239,94190.0081656039
1035.6688868999481,1.170469112017537,94188.8073490435
1035.7691400051117,1.2234759935522768,94189.22661413916
1035.8688147068024,1.2616923934109452,94189.50395272524
1035.9690194129944,1.2899872279216902,94189.75355745271
1036.0685436725616,1.300092525961242,94189.67820170744
1036.1686947345734,1.3457500998308531,94188.9103815367
1036.2683897018433,1.2154836214664495,94187.51934338303
1036.3686113357544,1.1983046147992116,94187.86740904473
1036.4692640304565,1.237439678116021,94188.68066814027
1036.5692300796509,1.1912309061715252,94187.71260132623
1036.6690793037415,1.2173209483827316,94187.8413411936
1036.7692604064941,1.2619679924483875,94187.65720707425
1036.8687415122986,1.2799737962279525,94187.79148636683
1036.968729019165,1.2256807858518153,94189.01233773015
1037.0689895153046,1.2799737962279525,94189.91110395714
1037.1689720153809,1.1897610446384996,94188.71999356143
1037.269338130951,1.2301822367967066,94188.8479942053
1037.3688955307007,1.1657839283810176,94189.76319478477
1037.4685361385345,1.275196746245619,94191.5868753063
1037.5687823295593,1.2663775770474648,94192.22818777568
1037.6690697669983,1.15577049668728,94191.60536899812
1037.7687702178955,1.1195751564365217,94190.24483209831
1037.869050502777,1.1969266196119999,94189.62034888848
1037.9683814048767,1.2850264452477285,94190.15831399964
1038.0689713954926,1.2126357647462123,94190.64248259968
1038.1689448356628,1.198855812874096,94191.17823433972
1038.269155740738,1.3571415267118025,94193.46041090574
1038.3693418502808,1.2484636396137139,94193.31436981517
1038.4692041873932,1.3449233027185261,94193.88293283364
1038.5690877437592,1.3221404489566277,94194.79463955028
1038.6690657138824,1.2025304667066603,94195.11517559526
1038.7689130306244,1.174603097579172,94195.50365803573
1038.8692953586578,1.2944886788665815,94195.85329223215
1038.968998670578,1.2751048798998048,94195.46796300894
1039.068410873413,1.1349168361874777,94195.02116670806
1039.1690247058868,1.1823198706275568,94195.21905003725
1039.269136428833,1.28796616831378,94195.29714503353
1039.3688385486603,1.2810761923777219,94196.16743053017
1039.469228029251,1.1581590216784468,94196.65068747716
1039.5692415237427,1.1269244641016503,94196.98561872945
1039.669147014618,1.1570566255286774,94196.48705685651
1039.7689170837402,1.1865457225350058,94196.33835117087
1039.8685388565063,1.1539331697709978,94196.70451605378
1039.9688031673431,1.1127770468462779,94197.03406444841
1040.0685846805573,1.0954143074874116,94198.13065800357
1040.1691100597382,1.0617912249194486,94199.51759220322
1040.268916606903,1.0689567998929488,94200.66583298291
1040.3689289093018,1.0960573719081104,94201.29924968461
1040.4686942100525,1.0762142412122633,94202.16932471616
1040.5690400600433,1.048562471122217,94202.45239224455
1040.6687915325165,1.0529720557212943,94203.3071530201
1040.768907546997,1.0581165710868843,94203.37643771808
1040.8687319755554,1.059678298965724,94204.73879394626
1040.9686090946198,1.0549931153292045,94205.16491455163
1041.0685391426086,1.0616993585736343,94205.14842309647
1041.1685359477997,1.0735501171836541,94204.53358078683
1041.2685542106628,1.072631453725513,94204.88022270815
1041.3691682815552,1.0652821460603845,94205.39220043733
1041.4691710472107,1.0784190335118018,94206.0529803936
1041.5687992572784,1.1110315862758098,94206.24768235424
1041.6684103012085,1.1117665170423228,94206.12291411882
1041.7690756320953,1.0806238258113405,94206.51062270695
1041.8689103126526,1.0797051623531995,94206.15956043625
1041.9688470363617,1.0756630431373786,94206.04360439263
1042.068820476532,1.0600457643489805,94205.53924395338
1042.168966293335,1.081909954652738,94204.58531955804
1042.2692475318909,1.108551194938829,94204.32678760224
1042.3693308830261,1.100834421890444,94203.89410884203
1042.4685175418854,1.106897600714175,94204.40469795781
1042.5685365200043,1.132528311196311,94205.36422816203
1042.66876578331,1.2675718395430482,94204.52780534582
1042.7687547206879,1.3243452412561663,94203.37502481123
1042.8690407276154,1.1147981064541883,94201.03752233011
1042.9688074588776,1.067395072014109,94199.7337700971
1043.0687301158905,1.0797970286990135,94199.16039308738
1043.1691901683807,1.0868707373266997,94198.84435377865
1043.2685029506683,1.0738257162210965,94197.45991840078
1043.3686594963074,1.0763061075580773,94196.31392656072
1043.4687061309814,1.0582084374326983,94196.28253390465
1043.5685107707977,1.0533395211045506,94195.7542805142
1043.6693255901337,1.0702429287343465,94195.07885246277
1043.768767118454,1.099823892086489,94194.3709672165
1043.8688473701477,1.058851501853397,94193.83387049484
1043.9685790538788,1.044979683635467,94191.95048344535
1044.068594455719,1.0226561616026388,94191.75543510081
1044.168601512909,0.9902273415302592,94190.17989159074
1044.268935918808,0.9722215377506942,94188.16190243168
1044.3691182136536,0.9372204599955194,94186.54571218851
1044.4690928459167,0.936852994612263,94185.89114096966
1044.5686447620392,0.9375879253787759,94184.4020268727
1044.66916847229,0.9314328802092307,94183.76182418544
1044.7690966129303,0.9391496532576157,94184.0856417669
1044.869056224823,0.9447535003522762,94184.27707759022
1044.9691603183746,0.9735995329379058,94184.8493698312
1045.068324804306,1.2808924596860936,94184.66443284808
1045.1684739589691,1.1791045485240632,94186.09798956326
1045.2691633701324,1.1235254093065283,94186.08819060694
1045.3688385486603,1.1247196718021117,94185.47937154624
1045.4686686992645,1.1212287506611758,94186.23143439162
1045.5693159103394,1.109377992051156,94187.20829095246
1045.6691246032715,1.112868913192092,94187.58746185723
1045.7687540054321,1.0745606469876094,94187.5287156715
1045.868861913681,1.0887999305887959,94187.47584410435
1045.968834400177,1.1972940849952562,94187.62825969391
1046.0690388679504,1.1795638802531336,94188.26543372452
1046.1688578128815,1.0783271671659878,94190.93889035207
1046.2690753936768,1.0833798161857637,94190.84500131686
1046.3686337471008,1.0688649335471347,94190.86050118519
1046.4686398506165,1.0565548432080445,94191.17445106666
1046.5690398216248,1.0575653730119996,94191.85700596
1046.6691091060638,1.0564629768622302,94191.871305364
1046.7686920166016,1.058943368199211,94192.2841748276
1046.8687748908997,1.0582084374326983,94192.95575734484
1046.9689803123474,1.0550849816750187,94192.66018161036
1047.0687806606293,1.0560955114789738,94192.39416344932
1047.1685318946838,1.0567385758996726,94191.55474710438
1047.2692115306854,1.0575653730119996,94191.09927239394
1047.3687918186188,1.0560036451331598,94191.18934515455
1047.46848154068,1.0585759028159547,94190.47041063909
1047.5687403678894,1.057106041282929,94189.72336957518
1047.6691136360168,1.0557280460957175,94189.85103261766
1047.7684934139252,1.0598620316573522,94189.3659293559
1047.8687670230865,1.057932838395256,94189.42933642032
1047.9685361385345,1.0556361797499034,94188.88640277828
1048.0685040950775,1.0567385758996726,94189.09776250046
1048.1689584255219,1.0572897739745573,94189.08798625041
1048.2685549259186,1.0591271008908394,94188.87918762537
1048.3692989349365,1.0564629768622302,94188.79126886284
1048.468742609024,1.0566467095538585,94189.41214197656
1048.5689837932587,1.057932838395256,94188.6709277789
1048.6688578128815,1.0571979076287432,94187.90383500102
1048.7686307430267,1.0563711105164162,94187.21345150092
1048.8683803081512,1.05802470474107,94187.09210635084
1048.9688925743103,1.0582084374326983,94186.38289571577
1049.0687243938446,1.0565548432080445,94187.44460614418
1049.1684577465057,1.0581165710868843,94188.20014552977
1049.2684485912323,1.057840972049442,94188.3801309768
1049.3689982891083,1.0581165710868843,94189.94211787912
1049.4686586856842,1.0574735066661856,94189.3479060912
1049.5686979293823,1.057932838395256,94189.31311548209
1049.6684823036194,1.0591271008908394,94189.68180393388
1049.7688443660736,1.0575653730119996,94189.0136235405
1049.8686292171478,1.05444191725432,94189.01226118644
1049.969239473343,1.0554524470582751,94187.4110350678
1050.068867444992,1.055360580712461,94187.86993156101
1050.1693017482758,1.0568304422454868,94188.08293840491
1050.2684299945831,1.0576572393578136,94189.47464456443
1050.3687453269958,1.0605969624238651,94190.42718010797
1050.468876361847,1.0548093826375764,94191.88446209718
1050.5690021514893,1.057749105703628,94191.69601588746
1050.668494939804,1.0568304422454868,94190.72641429871
1050.7691750526428,1.0538907191794353,94190.05377286884
1050.8688516616821,1.057840972049442,94190.04839558195
1050.9692976474762,1.058667769161769,94189.54355602375
1051.0692903995514,1.0559117787873455,94189.88920042138
1051.169026374817,1.059678298965724,94190.70028037926
1051.2688777446747,1.0552687143666468,94190.63025234133
1051.3690812587738,1.0561873778247879,94191.2672271072
1051.4689755439758,1.0574735066661856,94191.34050439647
1051.5689260959625,1.0572897739745573,94192.20645395682
1051.6692609786987,1.0610562941529356,94190.98580856115
1051.768483877182,1.057749105703628,94190.98722770505
1051.868667602539,1.0565548432080445,94189.58850493454
1051.9692392349243,1.0576572393578136,94189.52965444108
1052.0690848827362,1.0557280460957175,94189.77668899698
1052.1690130233765,1.0552687143666468,94188.19902009728
1052.2684500217438,1.0549012489833904,94189.07911808755
1052.3685834407806,1.0569223085913009,94188.9712062788
1052.4691846370697,1.0571979076287432,94188.97408565092
1052.568534374237,1.0566467095538585,94189.47667708583
1052.6687788963318,1.057014174937115,94190.42900937724
1052.768946647644,1.0564629768622302,94191.28610843951
1052.8690013885498,1.0555443134040892,94190.55749759555
1052.968867301941,1.0555443134040892,94189.90174783599
1053.0688784122467,1.057932838395256,94188.5115730524
1053.169053554535,1.0563711105164162,94187.06041574715
1053.2692379951477,1.0574735066661856,94186.25437417244
1053.3693869113922,1.057106041282929,94187.02893675519
1053.4685044288635,1.0555443134040892,94186.62604307967
1053.5686378479004,1.057932838395256,94185.96343877171
1053.668855190277,1.057014174937115,94185.86709489454
1053.7690134048462,1.0563711105164162,94185.78038540509
1053.8691844940186,1.057932838395256,94185.90234686458
1053.969125509262,1.0572897739745573,94185.81211217812
1054.069126367569,1.0547175162917624,94185.4309009603
1054.168961763382,1.057932838395256,94184.88781086427
1054.2690877914429,1.0572897739745573,94185.09902977783
1054.368849992752,1.057749105703628,94184.48912680005
1054.4690387248993,1.05802470474107,94184.74021412004
1054.5689013004303,1.0575653730119996,94185.06619270805
1054.6685054302216,1.057106041282929,94186.85957343725
1054.7726380825043,1.0554524470582751,94187.67361609353
1054.8680851459503,1.088064999822283,94185.00625448418
1054.971141576767,1.110296655509297,94179.30562903576
1055.0691177845001,1.1320689794672403,94174.27506613218
1055.1693296432495,1.1614662101277546,94167.94755951897
1055.2712132930756,1.1938950302001343,94158.65280356708
1055.370881319046,1.2303659694883349,94147.78752321037
1055.4693701267242,1.258752670344894,94136.30877088934
1055.5715124607086,1.2817192567984206,94124.87789380041
1055.6684925556183,1.2936618817542545,94110.99010442037
1055.7706062793732,1.307901165355441,94098.49109397834
1055.8715963363647,1.305971972093345,94085.44198458051
1055.969108581543,1.2960504067454213,94073.99778612246
1056.0687129497528,1.2939374807916968,94060.79800751021
1056.169379234314,1.2908140250340172,94047.7182067592
1056.2703397274017,1.2942130798291391,94035.54638608328
1056.36878490448,1.300092525961242,94023.09174747496
1056.4712481498718,1.3123107499545184,94008.98257272746
1056.57226395607,1.3244371076019803,93995.78431545472
1056.669135093689,1.3294897566217563,93980.20588390925
1056.7711691856384,1.336104133520372,93962.78529551833
1056.871421098709,1.3407893171568914,93947.2067659665
1056.9683108329773,1.3460256988682955,93931.78608936985
1057.0722811222076,1.3515376796171419,93916.20748043287
1057.172200202942,1.366144428601585,93900.28673238959
1057.2715725898743,1.3740449343415981,93884.25805915064
1057.3706953525543,1.385803826605804,93867.23225323558
1057.4725029468536,1.3936124660000029,93849.90902791201
1057.5716886520386,1.3974708525241955,93832.11812512082
1057.6707298755646,1.4025235015439712,93815.10631260874
1057.771211385727,1.4121694678544525,93798.19568134788
1057.870316028595,1.4276030139512226,93779.77611321308
1057.9721355438232,1.4414748321691526,93760.99850189178
1058.071210384369,1.443404025431249,93740.2986517026
1058.170235157013,1.4482729417593965,93721.56878653234
1058.2709991931915,1.4484566744510248,93704.3119078791
1058.3696374893188,1.459848101331974,93685.2807170912
1058.4705109596252,1.4671055426512885,93666.45264538207
1058.5693292617798,1.4789563012613083,93646.80738084386
1058.66872549057,1.4828146877855009,93627.62664275948
1058.77081823349,1.4850194800850394,93609.56397848354
1058.8695631027222,1.4868568070013215,93592.80758063518
1058.9721298217773,1.4894290646841164,93575.32682257167
1059.0699141025543,1.4977889021532003,93557.6941403145
1059.1696033477783,1.5050463434725148,93540.92472628306
1059.2691688537598,1.5111095222962458,93525.53225365476
1059.3711199760437,1.512120052100201,93511.2790282893
1059.4708740711212,1.5082616655760084,93496.45112546037
1059.570109128952,1.5086291309592648,93484.00601291434
1059.6685409545898,1.5151516415120665,93472.90541162291
1059.7709956169128,1.5213066866816116,93462.21487046062
1059.8686518669128,1.5286559943467402,93452.29338341457
1059.9680688381195,1.532789979908375,93442.56404507312
1060.071797132492,1.5317794501044197,93433.5076405658
1060.1717116832733,1.531044519337907,93425.55687650922
1060.2682602405548,1.5264512020472016,93418.7011888583
1060.3709518909454,1.5357297029744263,93411.83106997247
1060.471607685089,1.544640738518395,93404.54796297522
1060.5710802078247,1.5539192394456196,93397.19316667771
1060.6693444252014,1.567147993242851,93391.47385000993
1060.7706899642944,1.5694446518882037,93385.32646500894
1060.869005203247,1.5747728999454218,93381.59381850804
1060.9705238342285,1.583408336451948,93375.23443665725
1061.070068359375,1.5899308470047495,93367.91099299153
1061.1690051555634,1.5974638873615064,93362.51989369237
1061.27179813385,1.598933748894532,93358.96790432313
1061.3701529502869,1.5936055008373138,93354.97111389082
1061.4700677394867,1.598933748894532,93352.77400250174
1061.5712418556213,1.6045375959891925,93350.69660225157
1061.6700780391693,1.6139998296080456,93348.02694202641
1061.7715103626251,1.6206142065066613,93345.52424782378
1061.8705213069916,1.63154630165854,93343.0718230414
1061.9708383083344,1.6299845737797003,93341.16464073726
1062.070739030838,1.6274123160969052,93339.54817666353
1062.168963432312,1.6321893660792388,93338.29335899718
1062.2706196308136,1.6419271987355342,93336.46402309746
1062.3711721897125,1.65726887848649,93334.81762078771
1062.4713022708893,1.6757340139951256,93332.93585870895
1062.571329832077,1.6869417081844464,93328.94227283806
1062.6706433296204,1.694199149503761,93326.54804555426
1062.7722337245941,1.7057743090763384,93323.69324099884
1062.8689501285553,1.713031750395653,93320.92391689896
1062.968446969986,1.7077035023384346,93318.03152520907
1063.068799495697,1.7035695167768,93315.02837268816
1063.1689853668213,1.7157877407700761,93312.92553541934
1063.269074678421,1.7121130869375119,93311.0329818774
1063.3693487644196,1.7119293542458835,93309.82968368966
1063.4689936637878,1.7092652302172746,93308.6467153207
1063.5687539577484,1.708805898488204,93307.38204378865
1063.6687371730804,1.7083465667591335,93306.74383940978
1063.7687191963196,1.7061417744595948,93306.86945546881
1063.8684601783752,1.7092652302172746,93306.28250992193
1063.969069480896,1.7032020513935435,93303.95425892975
1064.0683829784393,1.7058661754221525,93304.25883303677
1064.168827533722,1.706325507151223,93304.2329497331
1064.2685775756836,1.7067848388802935,93304.50965475978
1064.3692739009857,1.7033857840851716,93304.5586892838
1064.468609571457,1.7069685715719218,93303.60282035543
1064.5691170692444,1.704671912926569,93303.44253831988
1064.668378353119,1.7032939177393576,93302.9982844879
1064.7686967849731,1.704671912926569,93302.69845603911
1064.868691444397,1.7051312446556397,93301.72861043521
1064.9688770771027,1.704488180234941,93300.65574939169
1065.0687577724457,1.705406843693082,93299.69017445252
1065.1690967082977,1.7041207148516846,93297.32115700727
1065.2684166431427,1.700262328327492,93295.98904130654
1065.3691470623016,1.7047637792723833,93295.9901371759
1065.4692995548248,1.7035695167768,93294.99112345833
1065.568386554718,1.7021915215895882,93292.6920111125
1065.6690464019775,1.7015484571688895,93292.72281000124
1065.769005537033,1.7032020513935435,93292.25052900112
1065.8691084384918,1.704488180234941,93290.92547610101
1065.9691324234009,1.704580046580755,93289.13292849092
1066.0690865516663,1.7035695167768,93288.01963564183
1066.1690187454224,1.7020996552437742,93288.21767207765
1066.2688212394714,1.7016403235147037,93287.59590486989
1066.3688716888428,1.7039369821600563,93287.7363143829
1066.4684228897095,1.7032020513935435,93286.76268294461
1066.5685122013092,1.7024671206270305,93285.98641465015
1066.6687006950378,1.7025589869728448,93285.88777318514
1066.7692794799805,1.704488180234941,93285.29899586663
1066.8691675662994,1.7030183187019152,93285.96909627997
1066.9690997600555,1.7013647244772614,93285.77218665197
1067.0690367221832,1.7020077888979601,93286.39496798678
1067.1691720485687,1.7009972590940048,93286.75547118811
1067.2689130306244,1.6999867292900497,93285.5799240693
1067.3688960075378,1.7018240562063318,93285.32193166237
1067.4692776203156,1.7029264523561012,93285.18973849613
1067.5687038898468,1.7018240562063318,93286.37076464652
1067.6684453487396,1.7022833879354025,93286.83368818187
1067.7685751914978,1.7004460610191203,93286.2503193637
1067.8688609600067,1.7021915215895882,93286.02528742733
1067.96861577034,1.700354194673306,93285.2227586846
1068.0687446594238,1.700354194673306,93284.60048281614
1068.1690073013306,1.7012728581314471,93284.04043453452
1068.2693066596985,1.7020996552437742,93283.03639108106
1068.3688406944275,1.7006297937107484,93282.23275197296
1068.468733549118,1.7023752542812165,93282.60947677567
1068.5684111118317,1.699251798523537,93283.2485290981
1068.6685972213745,1.701180991785633,93282.82367618829
1068.7690720558167,1.7009053927481907,93283.44130856945
1068.8692033290863,1.7015484571688895,93283.39717771251
1068.968683719635,1.700170461981678,93284.15745994127
1069.0685551166534,1.6999867292900497,93284.54171394715
1069.1687190532684,1.6987006004486522,93284.08754255244
1069.2692294120789,1.6978738033363252,93284.2787882972
1069.3684499263763,1.6999867292900497,93284.45090946749
1069.4686148166656,1.7012728581314471,93283.50581852075
1069.56871342659,1.6998948629442356,93282.35523666866
1069.66912317276,1.6991599321777227,93281.51971300179
1069.7691526412964,1.6987924667944663,93282.06774170161
1069.86923289299,1.6987006004486522,93281.76096753145
1069.969173192978,1.6987924667944663,93282.0848707783
1070.0693390369415,1.7018240562063318,93281.87638370047
1070.1689200401306,1.7007216600565627,93281.38874533042
1070.2686491012573,1.700354194673306,93280.74987079739
1070.368859052658,1.700354194673306,93280.27488371766
1070.4691033363342,1.6998029965984216,93280.5473953459
1070.5684742927551,1.7015484571688895,93279.3926558113
1070.6691768169403,1.7000785956358637,93279.85339023017
1070.7690086364746,1.7009053927481907,93278.36805120716
1070.869334936142,1.701089125439819,93277.33124608645
1070.969006061554,1.7009972590940048,93278.09812147781
1071.0683279037476,1.699251798523537,93277.78830933003
1071.168755531311,1.699343664869351,93278.10947839703
1071.2690720558167,1.700170461981678,93276.39853055734
1071.3691217899323,1.6998948629442356,93276.55867750161
1071.4684228897095,1.6990680658319086,93275.30280975145
1071.5692384243011,1.699343664869351,93274.6725287763
1071.6691462993622,1.69842500141121,93275.30527589867
1071.7689192295074,1.6988843331402805,93274.4747483088
1071.869017124176,1.7004460610191203,93274.72727347793
1071.9692170619965,1.6980575360279535,93273.95454613013
1072.0687401294708,1.6990680658319086,93272.45909151711
1072.1688487529755,1.7007216600565627,93272.81318236541
1072.2690019607544,1.69842500141121,93272.53186412888
1072.3690776824951,1.6990680658319086,93272.17867771599
1072.4692404270172,1.6996192639067933,93272.96080994439
1072.56858420372,1.6975982042988829,93273.16472894995
1072.668375492096,1.7004460610191203,93272.94825605497
1072.7684969902039,1.6999867292900497,93272.05343044946
1072.8689806461334,1.6978738033363252,93272.14808740452
1072.9691052436829,1.6990680658319086,93271.23327866408
1073.0683071613312,1.700354194673306,93270.60995079768
1073.1684091091156,1.6983331350653958,93269.7489557179
1073.268899679184,1.698516867757024,93270.97406014611
1073.3689703941345,1.6982412687195816,93271.1766541315
1073.4689173698425,1.6986087341028382,93270.65898871837
1073.5688903331757,1.7000785956358637,93269.79308984653
1073.6690759658813,1.6988843331402805,93269.71378086187
1073.7689771652222,1.6983331350653958,93270.3424027757
1073.8685581684113,1.6998029965984216,93270.40816249813
1073.968828678131,1.6981494023737675,93268.96734624833
1074.0686511993408,1.6986087341028382,93268.9706116235
1074.1686508655548,1.699435531215165,93268.97355046115
1074.2686705589294,1.7006297937107484,93268.77619541503
1074.3687853813171,1.6971388725698124,93268.29857587353
1074.4688515663147,1.6972307389156265,93268.36871828618
1074.5688829421997,1.6980575360279535,93268.53184645755
1074.669240474701,1.69842500141121,93268.1786618118
1074.7693021297455,1.6997111302526073,93268.46079563063
1074.8691656589508,1.6990680658319086,93267.51471606756
1074.968445301056,1.698516867757024,93268.2632444608
1075.0688829421997,1.6987006004486522,93269.13692001472
1075.1685140132904,1.6996192639067933,93270.42322801324
1075.268364906311,1.69686327353237,93270.88090521192
1075.3684661388397,1.6982412687195816,93269.99281469072
1075.4684846401215,1.6981494023737675,93269.59353322166
1075.5713024139404,1.6957608773826007,93269.6341798995
1075.670087337494,1.7232289147810187,93267.37076190955
1075.7701745033264,1.7617209136771297,93263.4336857186
1075.8688731193542,1.774122870362034,93257.89031714674
1075.9721040725708,1.7751334001659893,93252.40128543208
1076.0702056884766,1.7815640443729768,93245.16115688888
1076.1692159175873,1.7899238818420604,93238.04504119999
1076.2699444293976,1.804255031789061,93230.74053708
1076.3722281455994,1.8173000528946643,93224.866483372
1076.4689056873322,1.8276809499716584,93217.9798350348
1076.5709340572357,1.8342953268702742,93210.88185153132
1076.6722762584686,1.841185302806332,93204.3936663782
1076.7718818187714,1.847064748938435,93195.95429974038
1076.870989561081,1.860844700810551,93187.75886976633
1076.9721128940582,1.8729710584580133,93179.9829827897
1077.0698449611664,1.8838112872640778,93172.68468451074
1077.1711645126343,1.8956620458740976,93164.31621605965
1077.2718901634216,1.899428566052476,93154.9845944537
1077.370108127594,1.9022764227727134,93146.48613500832
1077.4716050624847,1.9132085179245921,93137.4375215075
1077.570681810379,1.9232219496183296,93127.49376935675
1077.6692430973053,1.9340621784243943,93118.24439242108
1077.769697189331,1.942422015893478,93108.51995317898
1077.8682224750519,1.9507818533625618,93100.2679578611
1077.969367980957,1.9563857004572223,93092.14116207499
1078.0694742202759,1.9651130033095625,93083.92704586749
1078.171969652176,1.9788010888358645,93075.73434128074
1078.2714109420776,1.995612630119846,93067.66090715266
1078.3695719242096,2.004431799318,93059.99481643741
1078.4716222286224,2.017201221386161,93052.19533479367
1078.5704519748688,2.024917994434546,93044.3758013143
1078.6684639453888,2.034288361707585,93035.93822118286
1078.7682628631592,2.0424644664850407,93029.04439906457
1078.8711650371552,2.0599190721897207,93020.13995915811
1078.9722316265106,2.0722291625288114,93013.0259632423
1079.0711431503296,2.0835287230639463,93004.82336691808
1079.1716372966766,2.090786164383261,92997.24103022627
1079.2693552970886,2.0982273383942034,92990.61692720365
1079.3687543869019,2.1059441114425885,92984.95523448328
1079.4698498249054,2.124225514259596,92978.35971103495
1079.5691225528717,2.139107862281481,92970.62373993147
1079.669543504715,2.157113666061046,92961.66136593833
1079.769035100937,2.1672189641005977,92954.69522934449
1079.8697016239166,2.175211336186425,92945.92570641004
1079.970418214798,2.1821931784682973,92938.63313576904
1080.0718977451324,2.198177922639952,92931.26982219213
1080.1714308261871,2.216551191802773,92922.74283997293
1080.2698011398315,2.22720768791721,92914.66855597563
1080.3722043037415,2.239609644602114,92906.20170037806
1080.4711182117462,2.2484288138002686,92895.08153034026
1080.5711824893951,2.2537570618574865,92885.37337730624
1080.6716623306274,2.267077682000532,92875.33603957562
1080.7694375514984,2.2811332329100904,92864.40243561806
1080.8688843250275,2.298863437652213,92854.46219205625
1080.9701752662659,2.3104385972247905,92842.71597285062
1081.068618774414,2.319257766422945,92829.54437556557
1081.1734220981598,2.3249534798634195,92817.18993800902
1081.2682275772095,2.333129584640875,92805.67094420812
1081.3722252845764,2.3457152740174076,92794.3038497873
1081.4688029289246,2.3587602951230107,92782.37346480858
1081.5721111297607,2.3746531729488516,92770.83611832772
1081.673151254654,2.384758470988403,92758.35250649495
1081.7716753482819,2.38916805558748,92746.41725584544
1081.8690440654755,2.3964254969067946,92734.9755302609
1081.968080997467,2.4067145276379747,92722.8779772348
1082.070827960968,2.425087796800796,92709.69017951134
1082.1726882457733,2.441256273664079,92696.5211615602
1082.2706911563873,2.4490649130582782,92682.56904540418
1082.3694849014282,2.4524639678534,92669.01214086376
1082.4721102714539,2.460456339939227,92654.71092677739
1082.570552110672,2.465233389921561,92642.13983409965
1082.6708538532257,2.4809425350557732,92629.42585068969
1082.7688145637512,2.493803823469748,92615.88326562071
1082.868161201477,2.5043684532383703,92601.69493905864
1082.970133781433,2.511166562828614,92589.52544515277
1083.0685544013977,2.516770409923275,92576.7729006375
1083.17418384552,2.527151307000269,92565.29561057375
1083.2722733020782,2.533857550244699,92552.66604951638
1083.3708891868591,2.5483724328833275,92540.29944456473
1083.470439195633,2.558110265539623,92527.36950010827
1083.5690274238586,2.5624279837928863,92515.33255009745
1083.6692900657654,2.5524145520991484,92505.59929508771
1083.769056558609,2.546810705004488,92495.93936557893
1083.8687582015991,2.5360623425442372,92486.34542902104
1083.9688894748688,2.5379915358063334,92477.51088611894
1084.0685663223267,2.536613540619122,92470.25979750704
1084.168426990509,2.5336738175530704,92464.53381775634
1084.2685279846191,2.5307340944870194,92457.4804359807
1084.3692572116852,2.5354192781235385,92451.93239238263
1084.4690759181976,2.5308259608328334,92446.03915314437
1084.5691139698029,2.529907297374692,92439.83523782993
1084.6690120697021,2.5293560992998074,92435.65171404694
1084.7688102722168,2.528253703150038,92431.18654264224
1084.868370771408,2.5293560992998074,92426.96788837801
1084.9691035747528,2.5294479656456215,92423.47109954021
1085.0685877799988,2.5268757079628266,92420.1239895862
1085.1693093776703,2.5265082425795704,92417.71159062759
1085.2686429023743,2.5258651781588717,92415.14043156483
1085.3691325187683,2.525589579121429,92411.12638840835
1085.4685459136963,2.527335039691897,92408.91374956751
1085.5690321922302,2.525681445467243,92407.52237461077
1085.668538093567,2.525589579121429,92405.8701371497
1085.7688205242157,2.5252221137381725,92404.48312343474
1085.8692464828491,2.5268757079628266,92403.53481109126
1085.9692296981812,2.523935984896775,92401.68132998214
1086.0688605308533,2.5232929204760763,92398.71319698392
1086.1691970825195,2.5258651781588717,92397.24187728553
1086.2688834667206,2.5250383810465444,92396.11768955698
1086.3684244155884,2.5232929204760763,92395.90592060128
1086.4689092636108,2.52292545509282,92395.31532854115
1086.5692284107208,2.5240278512425895,92394.08379568704
1086.668851852417,2.522833588747006,92393.87541611833
1086.7691178321838,2.5205369301016534,92392.3878745065
1086.8685450553894,2.5226498560553776,92392.24908705585
1086.9687325954437,2.5216393262514227,92391.72417835027
1087.0687518119812,2.5222823906721215,92390.35176051524
1087.1691675186157,2.521088128176538,92389.21658446372
1087.2690756320953,2.521088128176538,92389.69492601734
1087.368459224701,2.51934266760607,92388.02543341562
1087.4686799049377,2.522098657980493,92386.22289007406
1087.5687527656555,2.51934266760607,92385.30060106666
1087.6688435077667,2.521914925288865,92385.47054095998
1087.7689747810364,2.5205369301016534,92384.62348686399
1087.8690190315247,2.521823058943051,92385.06113817758
1087.9689812660217,2.5201694647183968,92385.25502435982
1088.0688970088959,2.519158934914442,92385.62952192384
1088.1692276000977,2.519526400297698,92385.16656973146
1088.2683460712433,2.519710132989326,92384.74991275833
1088.3685166835785,2.517872806073044,92384.0749214825
1088.4688308238983,2.5198019993351406,92383.96742933425
1088.5689406394958,2.516862276269089,92384.57068640082
1088.6691138744354,2.5155761474276916,92383.61361776074
1088.7691683769226,2.5166785435774606,92382.35225598468
1088.8692061901093,2.5183321378021146,92380.81703038621
1088.9688680171967,2.5290805002623653,92379.23532734759
1089.069177389145,2.535970476198423,92378.11179461284
1089.168866634369,2.587140030816881,92379.10061515156
1089.2689538002014,2.595775467323407,92377.0905536364
1089.3685448169708,2.555629874202642,92376.08149827276
1089.4692616462708,2.5808931193015217,92376.17334844549
1089.5691196918488,2.6032166413343494,92375.35601360095
1089.6686964035034,2.6420761056137168,92375.72041224084
1089.769223690033,2.587323763508509,92374.44837101677
1089.8691289424896,2.513463221473967,92375.1035339151
1089.968862771988,2.545983907892161,92374.39318052359
1090.069188117981,2.5610499886056743,92375.05386247124
1090.1686279773712,2.5582939982312514,92373.9484762241
1090.2688927650452,2.5671131674294054,92374.3536286017
1090.3689017295837,2.5740031433654633,92374.51826574154
1090.4690566062927,2.4975703436481265,92375.6664391674
1090.5691084861755,2.495457417694402,92375.59979525066
1090.668684720993,2.5183321378021146,92376.1398157256
1090.7686059474945,2.4983971407604533,92376.32583415305
1090.8687205314636,2.509329235912332,92376.89325073775
1090.9690165519714,2.586496966396182,92377.00392566397
1091.0690116882324,2.618925786468562,92377.50353309758
1091.1686778068542,2.6590713795893266,92379.35317978782
1091.2687447071075,2.658428315168628,92380.51786180904
1091.3688478469849,2.5643571770549825,92380.26607562814
1091.4683735370636,2.527335039691897,92381.33946806533
1091.5683913230896,2.5670213010835914,92381.0055212588
1091.6687169075012,2.621681776842985,92379.90496913293
1091.7686076164246,2.6537431315321083,92379.61447221963
1091.8689315319061,2.6610005728514228,92379.95302499768
1091.9689087867737,2.4915071648243954,92381.45772249791
1092.0686764717102,2.4699185735580804,92381.41195024813
1092.169192314148,2.473225762007388,92381.57075522332
1092.2693467140198,2.473133895661574,92381.11367970098
1092.368876695633,2.471112836053664,92380.90231173088
1092.4688017368317,2.4752468216152987,92381.4120805578
1092.5691204071045,2.474695623540414,92382.17087250201
1092.6686894893646,2.4829635946636834,92382.55378525182
1092.7692682743073,2.5041847205467422,92381.99840672663
1092.8693172931671,2.514290018586294,92381.29856605397
1092.969277381897,2.540655659834943,92381.36870944858
1093.069351196289,2.5372566050398206,92381.33183850373
1093.1689054965973,2.574554341440348,92381.59865465335
1093.268622636795,2.595132402902708,92379.93878918802
1093.3687663078308,2.540655659834943,92379.54491026922
1093.4686539173126,2.519526400297698,92378.8904192423
1093.569343328476,2.544697779050763,92379.30137731809
1093.669159412384,2.527702505075154,92379.17123958629
1093.768452167511,2.496192348460915,92379.15411562765
1093.868515253067,2.4622936668555093,92378.93870406489
1093.9690735340118,2.4570572851441055,92379.5448336584
1094.069221496582,2.4655089889590034,92378.69035029256
1094.169044494629,2.466152053379702,92378.4213152633
1094.2691214084625,2.472950162969946,92378.47918373697
1094.3690731525421,2.471572167782734,92378.63126536328
1094.4692096710205,2.471388435091106,92379.96813882695
1094.5684778690338,2.4684487120250544,92380.07132494426
1094.6687459945679,2.4735932273906447,92379.86419244984
1094.7689151763916,2.4658764543422595,92378.27777320486
1094.8691942691803,2.47506308892367,92377.14999588436
1094.969217300415,2.4809425350557732,92375.73499629593
1095.0690987110138,2.4723070985492472,92376.06149666633
1095.168491601944,2.4709291033620353,92376.65534699969
1095.2690637111664,2.4701941725955225,92376.38981229972
1095.3684709072113,2.4694592418290098,92375.75083106974
1095.4689726829529,2.4725826975866894,92376.77574796278
1095.5686280727386,2.4720314995118047,92376.3981731665
1095.6686503887177,2.471296568745292,92375.65835584984
1095.7690851688385,2.4740525591197153,92376.99252026484
1095.8683807849884,2.4716640341285485,92377.59326823837
1095.9693229198456,2.4707453706704072,92379.13394141453
1096.068968296051,2.474695623540414,92379.02054727309
1096.1693196296692,2.4720314995118047,92378.71849254578
1096.2686443328857,2.4737769600822728,92378.14664329121
1096.3686063289642,2.472858296624132,92376.9319789621
1096.4691252708435,2.470469771632965,92376.83878106589
1096.568992137909,2.4702860389413366,92376.0549029593
1096.6693649291992,2.471572167782734,92375.74941266337
1096.7686834335327,2.469734840866452,92375.67447139704
1096.8690567016602,2.4692755091373817,92375.20702425734
1096.96879529953,2.471296568745292,92375.08632183161
1097.0692200660706,2.477267881223209,92374.77768964844
1097.169273853302,2.4676219149127276,92373.4999206836
1097.269008398056,2.4658764543422595,92371.04992861523
1097.3691210746765,2.4737769600822728,92370.74493575371
1097.4685521125793,2.4761654850734396,92371.87044217833
1097.5693154335022,2.4606400726308557,92371.9833979605
1097.6692686080933,2.475614286998555,92371.18505816445
1097.768886089325,2.477451613914837,92370.66655234802
1097.8687808513641,2.4823205302429847,92369.69989711323
1097.9692232608795,2.4659683206880736,92368.72990740191
1098.0692658424377,2.469642974520638,92368.55691666172
1098.1687242984772,2.4684487120250544,92369.90122499554
1098.2691564559937,2.4410725409724505,92370.01110249599
1098.3692049980164,2.5416661896388977,92370.7099922464
1098.4684929847717,2.4287624506333603,92371.93899302176
1098.5690715312958,2.4366629563733735,92371.24509371958
1098.668653011322,2.4169116920233407,92371.52058434761
1098.7686450481415,2.362159349918133,92371.56852591285
1098.8686518669128,2.43703042175663,92378.61167332156
1098.9688754081726,2.467070716837843,92386.7505059894
1099.0691993236542,2.52963169833725,92393.67545539048
1099.1685948371887,2.69829830925195,92400.50790985143
1099.268721818924,2.404326002646808,92405.95711886628
1099.368745803833,1.9407684216688241,92411.06140697966
1099.4688622951508,2.540012595414244,92417.3552662817
1099.5684599876404,2.6445564969506976,92421.91973965353
1099.668877363205,2.649884745007916,92426.82776568818
1099.76886343956,2.437949085214771,92431.94498911937
1099.8689041137695,2.436938555410816,92436.55049020743
1099.969218969345,2.436938555410816,92440.29544118668
1100.0691452026367,2.4366629563733735,92444.16589706801
1100.1683061122894,2.4357442929152326,92447.04930736122
1100.2685952186584,2.4367548227191875,92449.3443766251
1100.3683955669403,2.4366629563733735,92451.5099389626
1100.46843791008,2.435284961186162,92454.45894506635
1100.568500995636,2.4363873573359314,92456.51305055972
1100.6683802604675,2.437581619831515,92457.16174550375
1100.7694318294525,2.4362954909901173,92459.14557095338
1100.8687183856964,2.4356524265694186,92460.73101385804
1100.968422651291,2.43500936214872,92461.25791247224
1101.0683493614197,2.431794040045226,92462.63212122502
1101.169181585312,2.433631366961508,92463.86890910252
1101.2686746120453,2.432620837157553,92465.28201819227
1101.3688621520996,2.435376827531976,92466.05381637305
1101.469042301178,2.428578717941732,92466.74843473575
1101.56898021698,2.41801408817311,92468.07359126217
1101.6683821678162,2.3731833114158256,92468.46623213595
1101.7692909240723,2.3875144613628265,92468.61960892235
1101.8690912723541,2.473225762007388,92468.25764803012
1101.9684264659882,2.504644052275813,92468.43188322711
1102.068318605423,2.4385921496354697,92468.4886949044
1102.16845703125,2.3301898615748238,92469.03982541396
1102.2688364982605,2.407908790133558,92470.23584287257
1102.3689813613892,2.524579049317474,92471.21225858532
1102.4687151908875,2.5189752022228133,92471.59103272679
1102.5686831474304,2.3712541181537294,92472.53192945413
1102.668982744217,2.2718547319828657,92472.57873650872
1102.7685527801514,2.370335454695588,92473.12086285785
1102.8686907291412,2.5289886339165513,92474.00877657207
1102.968965768814,2.4632123303136506,92473.30789891486
1103.0685527324677,2.4345500304196492,92472.77710902339
1103.1683413982391,2.4316103073535977,92472.59939812106
1103.2691202163696,2.4314265746619697,92473.03945830895
1103.3691010475159,2.432620837157553,92473.73551247806
1103.4683814048767,2.4331720352324377,92473.56196123025
1103.5683867931366,2.4331720352324377,92474.50576510723
1103.6693534851074,2.4322533717742965,92474.35518859651
1103.768969297409,2.4331720352324377,92473.91966973686
1103.8690588474274,2.4313347083161556,92473.02770276318
1103.9688534736633,2.436938555410816,92471.32493248687
1104.0683908462524,2.4306916438954564,92471.19243923818
1104.1693449020386,2.427568188137777,92470.87319531436
1104.2689807415009,2.4596295428269004,92471.28587578292
1104.3690683841705,2.5043684532383703,92470.05728820463
1104.468465089798,2.4882918427209018,92470.25155938417
1104.56876039505,2.492242095590908,92470.32640344575
1104.6685333251953,2.4956411503860303,92470.09376310118
1104.7692167758942,2.504919651313255,92469.58438679106
1104.8689246177673,2.4820449312055426,92469.72594811195
1104.9692146778107,2.4725826975866894,92468.95335330076
1105.0683996677399,2.4564142207234068,92469.05801797069
1105.1685695648193,2.441348140009893,92469.85221617362
1105.268533706665,2.4330801688866233,92469.36699455626
1105.368808746338,2.4082762555168147,92467.93029510064
1105.469214439392,2.408092522825186,92467.83726559057
1105.5690338611603,2.412226508386821,92466.75353903152
1105.6690516471863,2.4110322458912377,92466.17818512837
1105.7691655158997,2.411215978582866,92466.56036661554
1105.8691985607147,2.415533696836129,92466.60432995399
1105.9691927433014,2.4107566468537955,92467.5438969586
1106.068431854248,2.4106647805079815,92468.18950726274
1106.1685214042664,2.4125939737700777,92467.27055653646
1106.269338130951,2.4116753103119364,92467.64350088283
1106.3692746162415,2.40974611704984,92467.47915079455
1106.4692721366882,2.408735587245885,92467.3312357151
1106.5692763328552,2.4134207708824045,92466.8981121436
1106.6691439151764,2.4110322458912377,92465.90830092924
1106.7691941261292,2.410297315124725,92466.61747083633
1106.869121313095,2.410481047816353,92465.5557237527
1106.9691452980042,2.4093786516665836,92464.80015137744
1107.0692517757416,2.410297315124725,92464.02013623969
1107.1692390441895,2.4113997112744943,92464.21812261573
1107.2690138816833,2.4109403795454236,92463.49631035415
1107.3690733909607,2.4093786516665836,92462.74667931875
1107.4691071510315,2.407633191096116,92461.67201138688
1107.5688190460205,2.410297315124725,92462.1048102482
1107.668865442276,2.380165153697698,92462.4943292234
1107.7691133022308,2.4382246842522135,92462.14489630105
1107.8694088459015,2.4159011622193853,92462.93040667094
1107.9690890312195,2.436938555410816,92462.73736600386
1108.0687589645386,2.4298648467831296,92463.26362940347
1108.1690521240234,2.400100150739359,92462.83726646312
1108.268758058548,2.4039585372635517,92463.45353981681
1108.3688971996307,2.4316103073535977,92463.50818583512
1108.4693157672882,2.485627718692293,92464.5573672516
1108.5689907073975,2.4100217160872828,92463.90163052645
1108.6684112548828,2.392934575765859,92463.51146747381
1108.7694334983826,2.3989977545895895,92464.46032072644
1108.8692829608917,2.401845611309827,92464.2142886538
1108.9689242839813,2.4046016016842504,92463.39285978844
1109.0691196918488,2.402029344001455,92463.75357380959
1109.1691262722015,2.4005594824684295,92463.57821642864
1109.269005060196,2.4029480074595964,92463.02039478578
1109.369033575058,2.4030398738054104,92464.1183553072
1109.4688658714294,2.4011106805433142,92463.90651977649
1109.5686869621277,2.4021212103472696,92464.51586779884
1109.6685264110565,2.401478145926571,92464.06428101896
1109.768800020218,2.403591071880295,92463.45785291707
1109.8689460754395,2.4023968093847117,92463.71206762537
1109.9689898490906,2.403774804571923,92464.04086086283
1110.0687582492828,2.4012944132349423,92464.93677477655
1110.1691117286682,2.404417868992622,92464.94309729889
1110.2690267562866,2.4007432151600576,92464.24878756901
1110.3686075210571,2.4046016016842504,92463.42390881212
1110.4684414863586,2.4032236064970385,92463.48151793091
1110.5686721801758,2.4040504036093657,92462.83336613781
1110.6685512065887,2.4007432151600576,92462.05002952403
1110.7688126564026,2.404234136300994,92462.34502657164
1110.8691217899323,2.403682938226109,92462.21052391449
1110.9688713550568,2.4008350815058717,92460.48947152305
1111.0687727928162,2.4022130766930836,92460.44052437074
1111.1686120033264,2.401753744964013,92459.99647193367
1111.2693824768066,2.4004676161226155,92460.5968247403
1111.3687653541565,2.4013862795807563,92461.13714226628
1111.46852850914,2.401661878618199,92460.72342803965
1111.5686392784119,2.401937477655641,92461.65108523569
1111.668777704239,2.4023049430388976,92461.88597671212
1111.7687187194824,2.3980790911314487,92462.3973790409
1111.868723154068,2.3978034920940066,92460.75764113682
1111.9689452648163,2.396701095944237,92460.28187702315
1112.0686326026917,2.399916418047731,92459.95368932084
1112.1686973571777,2.401478145926571,92459.35832038875
1112.2684698104858,2.399273353627032,92459.82248834988
1112.3682837486267,2.3982628238230768,92461.34023951489
1112.4682309627533,2.3997326853561027,92460.7062155634
1112.5685060024261,2.4008350815058717,92461.23559400707
1112.668841600418,2.399916418047731,92462.11203460637
1112.7683365345001,2.399365219972846,92461.20083114573
1112.8685564994812,2.3982628238230768,92459.98074803116
1112.968462228775,2.4012025468891283,92458.58267322805
1113.0682096481323,2.4022130766930836,92457.22440590525
1113.1684498786926,2.4006513488142436,92456.90196531471
1113.268274307251,2.400192017085173,92457.41176878323
1113.3685414791107,2.4012944132349423,92458.27059190492
1113.4682211875916,2.3997326853561027,92458.04353271444
1113.5688321590424,2.39945708631866,92458.039179443
1113.6688499450684,2.399089620935404,92458.5352614987
1113.7689580917358,2.3979872247856346,92458.78173534885
1113.8689346313477,2.396609229598423,92457.90356181396
1113.9690413475037,2.395231234411211,92457.81320563257
1114.0685334205627,2.4008350815058717,92458.23188506931
1114.1686770915985,2.405244666104949,92458.20869656239
1114.2688732147217,2.406071463217276,92459.28782690615
1114.3688452243805,2.4088274535916994,92458.85904421554
1114.4687728881836,2.4070819930212313,92459.87313979398
1114.568547487259,2.4064389286005325,92460.08582581459
1114.6692571640015,2.4091949189749555,92459.67724323313
1114.7685577869415,2.4067145276379747,92458.30951890982
1114.8686015605927,2.407633191096116,92458.67856701884
1114.9684937000275,2.4081843891710006,92458.81071031696
1115.0688197612762,2.4089193199375134,92459.72963928527
1115.168609380722,2.4074494584044874,92459.55667535675
1115.26846408844,2.4069901266754172,92459.20100782109
1115.3686075210571,2.4068982603296027,92460.08090703898
1115.4687278270721,2.408735587245885,92460.17281633509
1115.5691480636597,2.4063470622547185,92460.25553470159
1115.6685600280762,2.4068982603296027,92460.82998123144
1115.768824338913,2.4090111862833274,92461.5469831083
1115.8686969280243,2.4089193199375134,92459.19228479748
1115.9687011241913,2.409562384358212,92457.67305631773
1116.0688409805298,2.410205448778911,92457.40575068595
1116.168766260147,2.4068063939837887,92457.36517561736
1116.2685596942902,2.4068982603296027,92458.22865805564
1116.369341135025,2.407633191096116,92459.60579225008
1116.4688143730164,2.4072657257128593,92459.64521302507
1116.5688979625702,2.408092522825186,92459.08069172256
1116.668601989746,2.4056121314882053,92459.17262255031
1116.768485069275,2.404326002646808,92459.85536029529
1116.8688044548035,2.4049690670675066,92460.46982426576
1116.9691350460052,2.405795864179834,92459.72284183919
1117.0689368247986,2.4066226612921606,92458.65055765527
1117.1687998771667,2.406071463217276,92457.58550188976
1117.2688632011414,2.403866670917737,92458.02695170078
1117.368894815445,2.4047853343758785,92457.6242565307
1117.4687085151672,2.4066226612921606,92457.46183087764
1117.5688631534576,2.405887730525648,92458.71564778988
1117.6686506271362,2.4068063939837887,92458.5440830109
1117.7688603401184,2.4068982603296027,92457.28967470981
1117.8688638210297,2.404417868992622,92456.36070723884
1117.9688975811005,2.404417868992622,92456.12463651496
1118.0688133239746,2.406255195908904,92455.71217286347
1118.1690120697021,2.406071463217276,92454.84095557712
1118.2689006328583,2.406255195908904,92455.95686001942
1118.3693177700043,2.406255195908904,92455.56117401748
1118.4684872627258,2.4074494584044874,92455.80505661573
1118.568519115448,2.4088274535916994,92455.82455095417
1118.6684353351593,2.4107566468537955,92455.34209585877
1118.768548965454,2.408643720900071,92455.00788627288
1118.8691234588623,2.4091949189749555,92453.60709764561
1118.9691984653473,2.406071463217276,92453.04638788106
1119.0685539245605,2.402029344001455,92452.04174909295
1119.168668270111,2.401937477655641,92451.53757418366
1119.2688388824463,2.4024886757305257,92450.0838167653
1119.3689861297607,2.4010188141975,92450.07543508877
1119.4689826965332,2.3997326853561027,92449.6678915799
1119.5691375732422,2.4027642747679683,92449.00110242191
1119.6685664653778,2.4005594824684295,92449.70099217973
1119.7684745788574,2.4023049430388976,92449.43089296175
1119.8689141273499,2.4025805420763398,92449.98780366559
1119.9692702293396,2.4003757497768015,92449.88902329902
1120.0688726902008,2.4022130766930836,92450.80012096911
1120.1690731048584,2.401753744964013,92451.82010887221
1120.2691597938538,2.4022130766930836,92451.738097985
1120.36865067482,2.403499205534481,92452.0642881865
1120.4687559604645,2.401661878618199,92451.95785936786
1120.5690801143646,2.4023049430388976,92452.76207343108
1120.6690566539764,2.401570012272385,92452.68586608797
1120.7691938877106,2.402672408422154,92451.71727947917
1120.8687291145325,2.399548952664474,92451.04555153125
1120.969197511673,2.4012025468891283,92450.84099637812
1121.069013595581,2.399548952664474,92451.2568967403
1121.169044494629,2.400926947851686,92451.13120706628
1121.2682948112488,2.4008350815058717,92451.31808635966
1121.369312286377,2.399273353627032,92452.6862777237
1121.4691116809845,2.4013862795807563,92451.31764995132
1121.5690774917603,2.4012944132349423,92451.2858849562
1121.6683399677277,2.3996408190102887,92451.05729646058
1121.7684090137482,2.4022130766930836,92451.25156681454
1121.869328737259,2.399548952664474,92450.2264101331
1121.9688079357147,2.4024886757305257,92449.8037691198
1122.0691764354706,2.4006513488142436,92448.52339220782
1122.1692831516266,2.4007432151600576,92447.67105298703
1122.2691705226898,2.4025805420763398,92447.70394768834
1122.369250535965,2.4025805420763398,92447.73355291951
1122.4684891700745,2.402029344001455,92446.66019762756
1122.5690214633942,2.399916418047731,92445.1941778648
1122.6687858104706,2.404326002646808,92445.27476007833
1122.7684540748596,2.4021212103472696,92445.4472840705
1122.869261264801,2.401845611309827,92445.10255566344
1122.968582868576,2.4024886757305257,92444.0923000971
1123.0685679912567,2.400926947851686,92443.08307008738
1123.1685314178467,2.4008350815058717,92442.87476307865
1123.2690165042877,2.403682938226109,92443.78728677079
1123.3684875965118,2.403591071880295,92443.40855809371
1123.4685621261597,2.401937477655641,92445.26770228434
1123.5683569908142,2.3986302892063334,92445.1409320559
1123.6683065891266,2.4023968093847117,92445.5268388503
1123.7684178352356,2.400926947851686,92445.27415496527
1123.8683445453644,2.4023968093847117,92445.54673946874
1123.9684145450592,2.402672408422154,92444.59206552188
1124.0684742927551,2.403407339188667,92444.9328589697
1124.1686747074127,2.4030398738054104,92446.03957307273
1124.2685298919678,2.4006513488142436,92445.43561576545
1124.3690559864044,2.403407339188667,92445.69205418891
1124.4684720039368,2.4012025468891283,92444.12284877003
1124.5685820579529,2.400926947851686,92444.11056389302
1124.669182062149,2.4010188141975,92442.49950750371
1124.7692759037018,2.4031317401512244,92442.04955675335
1124.8691909313202,2.4005594824684295,92442.44460107802
1124.9684097766876,2.400192017085173,92442.40014097022
1125.069103717804,2.400100150739359,92442.5601268732
1125.1684019565582,2.4029480074595964,92442.50411418588
1125.2689380645752,2.399181487281218,92441.8537027673
1125.3684484958649,2.401753744964013,92443.16833249058
1125.4684209823608,2.401661878618199,92443.05149924151
1125.5692255496979,2.4006513488142436,92443.34634931736
1125.6692378520966,2.402029344001455,92444.21171438563
1125.7686812877655,2.400008284393545,92443.29054294707
1125.8691320419312,2.4004676161226155,92441.76148865237
1125.968458890915,2.4005594824684295,92441.68533978713
1126.068924188614,2.400008284393545,92441.31680580843
1126.16916847229,2.399548952664474,92440.98512522758
1126.2684180736542,2.400100150739359,92440.98661270483
1126.3686928749084,2.3988140218979614,92442.68795143435
1126.4692974090576,2.4011106805433142,92442.91915629091
1126.568817615509,2.399181487281218,92444.02724066182
1126.6683638095856,2.401753744964013,92443.82451659563
1126.768977880478,2.4008350815058717,92443.24206493607
1126.868664741516,2.401937477655641,92443.81785844246
1126.9692420959473,2.4021212103472696,92444.13607259821
1127.069409608841,2.4007432151600576,92445.02246533839
1127.168687582016,2.4007432151600576,92443.72021880455
1127.2692320346832,2.4006513488142436,92443.1481969241
1127.3685946464539,2.4004676161226155,92442.23337723169
1127.4689919948578,2.4002838834309874,92442.41003950853
1127.5691692829132,2.400192017085173,92442.36903555767
1127.6691811084747,2.3996408190102887,92441.8321320019
1127.7685072422028,2.3998245517019168,92440.14891880171
1127.8691709041595,2.4011106805433142,92440.33402692154
1127.968533039093,2.4005594824684295,92438.9006242294
1128.0692129135132,2.402029344001455,92439.51056180646
1128.1686053276062,2.399548952664474,92440.35950562582
1128.2690420150757,2.399273353627032,92439.82355506324
1128.369308233261,2.3996408190102887,92439.14119955692
1128.4687559604645,2.399365219972846,92438.92707960123
1128.5686361789703,2.4004676161226155,92439.1343716411
1128.6684012413025,2.4005594824684295,92439.720934477
1128.7689845561981,2.4023049430388976,92439.2488410293
1128.8686745166779,2.400192017085173,92438.62395692637
1128.968501329422,2.4013862795807563,92438.46156123374
1129.0845997333527,2.401661878618199,92437.51540511036
1129.1831359863281,2.4136045035740326,92436.26386459933
1129.2790322303772,2.4056121314882053,92436.2374781394
1129.3764145374298,2.4005594824684295,92436.11373032547
1129.4752445220947,2.4073575920586734,92435.50235729292
1129.5764853954315,2.386503931558871,92435.45212156363
1129.6755874156952,2.3690493258541907,92435.80690940727
1129.7745051383972,2.3705191873872167,92435.92621846654
1129.8723731040955,2.3629861470304596,92435.1335966199
1129.9704868793488,2.355361240327889,92435.32023695791
1130.0885298252106,2.344153546138568,92437.08821326212
1130.1858661174774,2.3377229019315804,92437.77939193591
1130.2843580245972,2.330465460612266,92439.40145274231
1130.3826513290405,2.324586014480163,92439.56130746809
1130.481787443161,2.3163180433568935,92441.00517672127
1130.5801224708557,2.309244334729207,92443.10465904915
1130.6775872707367,2.3062127453173416,92443.39419314424
1130.7758719921112,2.300700764568495,92444.65477382982
1130.8734760284424,2.2938107886324373,92445.38929644684
1130.9708433151245,2.2898605357624304,92446.85036680216
1131.0692851543427,2.2848078867426547,92449.86533012195
1131.1683368682861,2.2819600300224177,92451.57879710975
1131.2854297161102,2.277458579077526,92453.52091739878
1131.3835227489471,2.273783925244962,92455.96882565891
1131.4811403751373,2.2766317819651993,92458.17194309302
1131.5784797668457,2.2777341781149687,92459.65474878372
1131.6766455173492,2.2786528415731095,92462.68927390536
1131.774432182312,2.2812250992559044,92466.02034651484
1131.873459815979,2.2788365742647376,92468.81831186335
1131.9731829166412,2.273232727170077,92471.43648067702
1132.072457075119,2.2702930041040257,92474.89283260933
1132.1694784164429,2.2617494339433137,92477.9035493484
1132.2683365345001,2.258625978185634,92480.11319441356
1132.3846955299377,2.2509092051372495,92481.1018749722
1132.4827711582184,2.2451216253509605,92483.39168747497
1132.5806272029877,2.240436441714441,92484.45251872747
1132.6777517795563,2.231801005207915,92488.00726685472
1132.7748878002167,2.230055544637447,92492.20654016925
1132.8736684322357,2.220409578326966,92496.28588615233
1132.9732666015625,2.2167349244944017,92498.35729753709
1133.0736918449402,2.2092018841376446,92502.02156778339
1133.173023700714,2.201852576472516,92505.01941100505
1133.2726435661316,2.197351125527625,92507.01746990455
1133.3882730007172,2.187888891908772,92509.21572291409
1133.4849274158478,2.182009445776669,92511.49415062268
1133.5823068618774,2.175854400607124,92513.94473556042
1133.681189775467,2.172271613120374,92515.95026200438
1133.778356552124,2.168229493904553,92517.75523580394
1133.877597808838,2.164003641997104,92519.57971222355
1133.9746544361115,2.1573892650984883,92522.1217410012
1134.073350429535,2.1557356708738347,92523.20956690109
1134.1726474761963,2.153714611265924,92525.88861021098
1134.2704739570618,2.148570095900334,92527.59974918989
1134.3697695732117,2.1438849122638146,92529.3397742709
1134.488505601883,2.140577723814507,92530.80579684381
1134.5848217010498,2.1386485305524103,92531.92521715943
1134.6819987297058,2.1358006738321733,92531.43269544348
1134.7810080051422,2.1315748219247244,92532.98942589913
1134.8806202411652,2.1256953757926214,92535.29048330922
1134.9780721664429,2.123582449838897,92535.7614349783
1135.0744819641113,2.122112588305871,92535.98529148047
1135.1730935573578,2.11559007775307,92536.68676233242
1135.2724180221558,2.1123747556495758,92539.31808609919
1135.369490146637,2.10888383450864,92540.18627748927
1135.4855706691742,2.1084245027795694,92541.96764974034
1135.5833930969238,2.1120991566121337,92544.07088476632
1135.6825807094574,2.100340264347928,92547.1637962897
1135.7797784805298,2.0937258874493123,92550.34741666072
1135.877342224121,2.0889488374669787,92552.11267499466
1135.9733626842499,2.079762202885568,92553.5014074952
1136.0726749897003,2.0725047615662535,92554.75126674569
1136.1697809696198,2.0642367904429837,92556.87614007112
1136.2878448963165,2.0605621366104194,92558.88852606401
1136.3835270404816,2.050640571262496,92560.8996734576
1136.4818246364594,2.0440261943638802,92562.30970611185
1136.578290462494,2.037687416502707,92564.67873550067
1136.6748192310333,2.033553430941072,92565.7108619506
1136.7730164527893,2.0283170492296683,92568.83977575554
1136.8715748786926,2.0225294694433793,92570.25579817999
1136.9688789844513,2.0178442858068597,92571.43021836199
1137.0866000652313,2.012516037749642,92573.48719652579
1137.1838052272797,2.0091169829545197,92574.93847687321
1137.2815153598785,2.0064528589259107,92575.94462918589
1137.3764719963074,2.0013083435603205,92578.35016626731
1137.4737150669098,1.9963475608863588,92579.21514964057
1137.5727455615997,1.9927647733996086,92581.09363467652
1137.6697673797607,1.9919379762872818,92582.58427120888
1137.7685027122498,1.9893657186044866,92583.82584408799
1137.8848967552185,1.9833944061265698,92586.14325967919
1137.9820470809937,1.9813733465186594,92588.02893371126
1138.0823667049408,1.9771474946112104,92588.92604034014
1138.177874803543,1.971727380208178,92591.33343630613
1138.2741901874542,1.970808716750037,92593.00009267552
1138.3724558353424,1.9669503302258446,92595.00008340797
1138.4694402217865,1.9602440869814148,92597.50007506718
1138.5824880599976,1.9576718292986197,92597.85006756046
1138.680627822876,1.9532622446995427,92599.86506080441
1138.7778108119965,1.9491282591379078,92601.07855472396
1138.873012304306,1.9419626841644075,92601.87069925157
1138.969616651535,1.9375530995653303,92603.28362932641
1139.0851426124573,1.929376994787875,92605.65526639378
1139.1830468177795,1.9240487467306566,92607.9897397544
1139.2830164432526,1.9194554294399513,92610.19076577896
1139.3782968521118,1.914862112149246,92611.47168920106
1139.475690126419,1.907145339100861,92612.62452028097
1139.572960615158,1.9038381506515532,92614.76206825286
1139.6698698997498,1.8982343035568925,92616.68586142757
1139.7685415744781,1.8941921843410718,92617.81727528482
1139.884973526001,1.8879452728257127,92619.53554775634
1139.9817652702332,1.8820658266936097,92621.7819929807
1140.0806648731232,1.8799529007398852,92623.50379368263
1140.177701473236,1.877013177673834,92624.85341431436
1140.2730042934418,1.873614122878712,92625.66807288294
1140.3697168827057,1.8717767959624299,92628.30126559464
1140.46839427948,1.8689289392421924,92629.47113903517
1140.5831367969513,1.8630494931100896,92632.72402513165
1140.6812558174133,1.859007373894269,92635.5516226185
1140.7796318531036,1.8571700469779868,92636.79646035665
1140.8774008750916,1.8533116604537943,92637.616814321
1140.9737067222595,1.8499126056586723,92639.1551328889
1141.0722267627716,1.8482590114340183,92640.43961960002
1141.16938662529,1.846237951826108,92642.09565764002
1141.2848491668701,1.8414609018437744,92642.28609187601
1141.3816268444061,1.8372350499363255,92643.9574826884
1141.4786307811737,1.834938391290973,92646.16173441957
1141.5770616531372,1.83062067303771,92648.14556097762
1141.6724381446838,1.82235270191444,92650.63100487986
1141.7701416015625,1.8184024490444337,92653.76790439188
1141.8685264587402,1.817024453857222,92656.9911139527
1141.986300945282,1.807562220238369,92660.49200255742
1142.0832297801971,1.8026933039102213,92663.74280230168
1142.178884267807,1.7978243875820736,92667.7685220715
1142.2773084640503,1.7916693424125285,92671.19166986436
1142.3729028701782,1.7884540203090347,92675.07250287793
1142.4696538448334,1.779359252073438,92679.26525259014
1142.5855014324188,1.7738472713245916,92683.73872733112
1142.6829450130463,1.7690702213422582,92687.66485459801
1142.7811253070831,1.760342918489918,92691.69836913822
1142.8800234794617,1.7566682646573537,92697.4285322244
1142.9778287410736,1.7513400166001356,92702.48567900195
1143.0737204551697,1.747389763730129,92708.73711110176
1143.1719992160797,1.7438988425891928,92714.56339999157
1143.2693564891815,1.7369170003073207,92718.80705999241
1143.3883821964264,1.7353552724284809,92722.72635399317
1143.4839625358582,1.7314968859042883,92726.65371859385
1143.5814836025238,1.7273629003426536,92731.58834673447
1143.6795909404755,1.7229533157435764,92736.22951206102
1143.7762761116028,1.723412647472647,92741.60656085493
1143.8730072975159,1.7204729244065955,92745.54590476945
1143.9711863994598,1.7157877407700761,92748.6913142925
1144.0688836574554,1.714960943657749,92753.12218286326
1144.1859176158905,1.7069685715719218,92758.00996457692
1144.2825860977173,1.7061417744595948,92763.50896811923
1144.3805541992188,1.7034776504309859,92768.0580713073
1144.4775092601776,1.6986087341028382,92771.85226417657
1144.5728981494904,1.6935560850830622,92776.36703775892
1144.6694433689117,1.6909838274002673,92780.43033398302
1144.784368276596,1.6879522379884018,92785.28730058472
1144.8815336227417,1.6817053264730424,92790.55857052625
1144.9797930717468,1.6758258803409396,92795.10271347364
1145.07728433609,1.6712325630502343,92800.29244212627
1145.1734099388123,1.6679253746009264,92805.36319791366
1145.271176815033,1.6597492698234708,92810.52687812228
1145.370608329773,1.6545128881120668,92815.87419031005
1145.4685130119324,1.6490009073632204,92821.68677127904
1145.5856449604034,1.6422946641187905,92827.31809415114
1145.682698249817,1.6377932131738993,92832.88628473603
1145.7802877426147,1.6354046881827324,92838.69765626243
1145.877393245697,1.6273204497510911,92844.72789063619
1145.9734127521515,1.6227271324603858,92851.55510157258
1146.0716259479523,1.6201548747775907,92856.79959141531
1146.1690831184387,1.6133567651873468,92863.91963227378
1146.288078069687,1.6125299680750198,92870.4276690464
1146.3836596012115,1.6083959825133851,92877.88490214177
1146.4814040660858,1.6039863979143079,92883.79641192759
1146.581545829773,1.6039863979143079,92890.51677073483
1146.6792540550232,1.6004036104275576,92897.46509366135
1146.7771785259247,1.5968208229408076,92902.71858429522
1146.872987985611,1.592962436416615,92909.14672586569
1146.9695546627045,1.59195190661266,92914.63205327911
1147.0880553722382,1.5864399258638135,92919.96884795121
1147.1846480369568,1.5812954104982235,92925.5719631561
1147.2816278934479,1.5797336826193837,92932.41476684048
1147.3780708312988,1.5755996970577488,92937.77329015643
1147.4737420082092,1.5717413105335563,92942.79596114079
1147.5719246864319,1.5691690528507614,92947.7163650267
1147.6692085266113,1.5677910576635499,92953.14472852403
1147.7688314914703,1.563657072101915,92957.73025567162
1147.8844740390778,1.5606254826900494,92963.85723010445
1147.9813022613525,1.5566752298200428,92969.871507094
1148.0788428783417,1.5515307144544528,92976.5843563846
1148.1770255565643,1.543997674097696,92983.02592074615
1148.2730152606964,1.5355459702827983,92989.52332867154
1148.3694047927856,1.5326062472167468,92995.87099580439
1148.4881925582886,1.5235114789811501,93003.08389622395
1148.583732843399,1.5209392212983552,93009.07550660156
1148.6811583042145,1.5194693597653295,93016.6679559414
1148.7786946296692,1.51634590400765,93023.00116034727
1148.87668800354,1.5127631165208997,93031.80104431255
1148.9748635292053,1.5105583242213612,93040.6209398813
1149.0714044570923,1.5031171502104184,93050.05884589316
1149.1691148281097,1.4974214367699439,93057.45296130385
1149.2876996994019,1.4956759761994758,93067.20766517347
1149.3850417137146,1.4916338569836551,93075.78689865612
1149.4815950393677,1.4840089502810843,93083.30820879052
1149.5794157981873,1.4811610935608468,93091.57738791147
1149.676994562149,1.4780376378031672,93098.71964912034
1149.7730445861816,1.4784969695322379,93105.94768420831
1149.8706662654877,1.4747304493538593,93113.65291578749
1149.9687485694885,1.4721581916710644,93120.08762420874
1150.0860106945038,1.4691266022591989,93128.27886178787
1150.1844272613525,1.4639820868936089,93134.45097560908
1150.2815024852753,1.460766764790115,93142.10587804818
1150.3789241313934,1.4558059821161533,93147.99529024337
1150.4763748645782,1.4543361205831276,93154.19576121903
1150.572790145874,1.4514882638628903,93160.57618509713
1150.6693515777588,1.4472624119554414,93166.61856658742
1150.7877571582794,1.4433121590854348,93171.35670992867
1150.883610010147,1.440831767748454,93177.22103893581
1150.9810903072357,1.4339417918123958,93183.59893504223
1151.0788979530334,1.4319207322044856,93190.53904153801
1151.1765937805176,1.4268680831847096,93197.18513738421
1151.2717413902283,1.4242039591561007,93204.16662364578
1151.3705155849457,1.4179570476407413,93210.84996128122
1151.4686725139618,1.4123532005460808,93218.8649651531
1151.5860974788666,1.4081273486386319,93225.4784686378
1151.6822695732117,1.4024316351981572,93233.03062177403
1151.7807440757751,1.4001349765528046,93241.52755959664
1151.8774902820587,1.3960009909911697,93247.97480363699
1151.972231388092,1.3892028814009258,93256.57732327329
1152.0694437026978,1.385068895839291,93265.11959094596
1152.1878063678741,1.3822210391190537,93273.20763185137
1152.2853381633759,1.3796487814362586,93280.78686866623
1152.3821277618408,1.376525325678579,93288.6081817996
1152.4802691936493,1.373034404537643,93296.24736361964
1152.5788521766663,1.369635349742521,93304.32262725767
1152.6717896461487,1.3684410872469377,93311.49036453191
1152.7689323425293,1.3665118939848413,93319.04132807872
1152.8872413635254,1.3648582997601875,93325.93719527085
1152.9834463596344,1.3623779084232066,93333.44347574377
1153.0809588432312,1.3641233689936745,93339.9991281694
1153.1774430274963,1.3612755122734372,93346.09921535246
1153.2721824645996,1.3591625863197128,93353.28929381722
1153.3690104484558,1.3577845911325013,93359.2603644355
1153.4860479831696,1.356774061328546,93366.53432799195
1153.5822310447693,1.3526400757669113,93373.38089519275
1153.6802780628204,1.3677061564804247,93381.84280567348
1153.7788624763489,1.4016048380858301,93389.25852510614
1153.8730738162994,1.5347191731704712,93395.83267259553
1153.9711713790894,1.3143318095624286,93401.74940533597
1154.0690166950226,1.0934851142253155,93409.57446480237
1154.186407327652,1.217688413765988,93416.81701832214
1154.2820265293121,1.3372065296701412,93425.03531648991
1154.380797624588,1.3158935374412684,93433.63178484092
1154.4776072502136,1.311116487458935,93441.76860635684
1154.5733296871185,1.3090954278510245,93449.69174572117
1154.6713404655457,1.3043183778686909,93458.72257114905
1154.769474029541,1.2972446692410047,93467.25031403414
1154.8879902362823,1.2929269509877417,93477.22528263072
1154.987270116806,1.2864044404349402,93486.30275436766
1155.0828702449799,1.2815355241067925,93494.87247893089
1155.1810653209686,1.2796981971905104,93503.0852310378
1155.278816461563,1.2736350183667793,93511.57670793401
1155.377034664154,1.274278082787478,93519.61903714061
1155.471961259842,1.2686742356928173,93527.85713342654
1155.5691814422607,1.2677555722346763,93536.87142008389
1155.6876261234283,1.269041701076074,93547.08427807549
1155.783162355423,1.2621517251400158,93557.67585026794
1155.8810713291168,1.2620598587942018,93566.00826524115
1155.9786894321442,1.259579467457221,93574.10743871704
1156.0767767429352,1.2549861501665154,93580.99669484534
1156.1719281673431,1.2542512194000026,93589.0970253608
1156.2698113918304,1.2509440309506947,93597.48732282472
1156.3881771564484,1.2500253674925537,93604.93859054224
1156.4855151176453,1.249474169417669,93613.64473148802
1156.5820167064667,1.2463507136599894,93621.48025833922
1156.6797878742218,1.2412980646402136,93628.1322325053
1156.777198791504,1.2393688713781172,93635.51900925477
1156.872475862503,1.2379908761909058,93642.0671083293
1156.9693472385406,1.2330300935169438,93649.76039749637
1157.0880908966064,1.226140117580886,93657.48435774674
1157.1830787658691,1.2251295877769308,93665.23592197207
1157.281034231186,1.2208118695236676,93672.51232977487
1157.3791828155518,1.2136462945501674,93679.16109679737
1157.4765956401825,1.211533368596443,93685.74498711764
1157.5717968940735,1.208318046492949,93693.57048840587
1157.6689810752869,1.203816595548058,93700.41343956528
1157.7863743305206,1.2000500753696794,93707.37209560875
1157.8818550109863,1.1911390398257111,93714.63488604788
1157.9801824092865,1.1885667821429162,93721.2713974431
1158.0771975517273,1.185167727347794,93728.2442576988
1158.17285490036,1.181584939861044,93736.31983192891
1158.269586801529,1.1785533504491785,93743.08784873602
1158.3879687786102,1.1735925677752166,93751.77906386241
1158.485384464264,1.1718471072047487,93759.10115747618
1158.5818874835968,1.1727657706628898,93765.79104172857
1158.6807363033295,1.1723983052796334,93772.11193755572
1158.7772901058197,1.1673456562598574,93779.00074380015
1158.872764825821,1.1648652649228766,93785.20066942014
1158.9693851470947,1.160823145707056,93791.18060247813
1159.08757686615,1.1603638139779853,93797.56254223031
1159.1850380897522,1.1607312793612417,93804.10628800729
1159.2817387580872,1.1565054274537927,93809.99565920656
1159.3792192935944,1.1562298284163506,93815.99609328591
1159.4735758304596,1.156781026491235,93821.19648395732
1159.5711426734924,1.1510853130507606,93828.37683556159
1159.6689784526825,1.151360912088203,93833.93915200543
1159.7861716747284,1.1493398524802925,93839.34523680489
1159.8828670978546,1.1436441390398178,93846.6107131244
1159.9809291362762,1.142082411160978,93852.24964181197
1160.0772964954376,1.1392345544407407,93858.72467763077
1160.1748435497284,1.1392345544407407,93865.6522098677
1160.2716541290283,1.133538841000266,93871.08698888092
1160.3690016269684,1.1296804544760735,93877.27828999284
1160.4861435890198,1.1245359391104837,93881.85046099356
1160.5816249847412,1.1184727602867526,93887.9654148942
1160.6796350479126,1.1139713093418613,93895.56887340479
1160.777172088623,1.1123177151172075,93903.31198606432
1160.8726806640625,1.1079081305181302,93911.78078745789
1160.9695687294006,1.1046928084146366,93920.4027087121
1161.0693306922913,1.0994564267032323,93928.6624378409
1161.184204339981,1.0950468421041553,93936.79619405682
1161.2811646461487,1.0908209901967063,93945.21657465115
1161.3787863254547,1.0885243315513535,93953.29491718604
1161.4754354953766,1.0839310142606482,93963.16542546744
1161.5719466209412,1.0821855536901803,93970.84888292069
1161.6689727306366,1.0771329046704043,93979.16399462862
1161.7860724925995,1.0756630431373786,93986.74759516575
1161.8822276592255,1.072631453725513,93994.47283564917
1161.9806447029114,1.0695998643136475,94001.92555208424
1162.0772793293,1.0668438739392243,94008.23299687581
1162.1725561618805,1.0678544037431796,94014.90969718824
1162.2703847885132,1.0666601412475962,94019.8187274694
1162.388219833374,1.0643634826022434,94025.73685472246
1162.485536813736,1.0628936210692177,94031.66316925021
1162.5816721916199,1.0618830912652626,94039.29685232519
1162.6792516708374,1.05958643261991,94045.16716709267
1162.7766728401184,1.0601376306947945,94052.05045038341
1162.8723917007446,1.0533395211045506,94059.04540534507
1162.96937084198,1.049481134580358,94064.64086481056
1163.0874774456024,1.0444284855605823,94071.1767783295
1163.1825342178345,1.0428667576817425,94076.85910049656
1163.2803375720978,1.039835168269877,94083.0731904469
1163.377191066742,1.0343231875210306,94090.1658714022
1163.4743058681488,1.031383464454979,94096.84928426199
1163.5714242458344,1.026055216397761,94103.86435583579
1163.6689012050629,1.0222886962193825,94110.07792025221
1163.7861704826355,1.019257106807517,94116.57012822699
1163.8820810317993,1.0127345962547154,94124.41311540428
1163.9802706241608,1.0105298039551769,94132.57180386386
1164.0773296356201,1.0068551501226126,94142.21462347747
1164.1722393035889,1.0005163722614392,94150.29316112972
1164.2695574760437,0.9980359809244582,94159.46384501675
1164.387933254242,0.991789069409099,94167.41746051508
1164.4852194786072,0.990135475184445,94176.37571446357
1164.5797171592712,0.9871038857725796,94184.23814301722
1164.6788170337677,0.9848072271272269,94192.11432871551
1164.7767827510834,0.9835210982858293,94199.70289584396
1164.8722612857819,0.9785603156118676,94207.43260625956
1164.969358921051,0.9775497858079124,94214.78934563362
1165.085372209549,0.97369139928372,94221.21041107025
1165.1817712783813,0.9713028742925531,94227.98936996322
1165.2800586223602,0.971211007946739,94235.0904329669
1165.3771781921387,0.966893289693476,94241.98138967021
1165.4722774028778,0.9670770223851042,94248.88325070319
1165.5693578720093,0.9662502252727773,94254.89492563286
1165.6878027915955,0.9622081060569565,94261.20543306958
1165.785432100296,0.9601870464490462,94268.38488976263
1165.8834722042084,0.9567879916539243,94274.94640078636
1165.9809620380402,0.9546750657001998,94280.45176070773
1166.0776047706604,0.9512760109050779,94286.70658463697
1166.17240524292,0.9503573474469368,94292.33592617327
1166.2691807746887,0.9473257580350712,94299.20233355595
1166.387678861618,0.9422731090152953,94306.98210020036
1166.4852964878082,0.9406195147906414,94314.88389018032
1166.5816164016724,0.9352912667334232,94323.69550116229
1166.6798362731934,0.9328108753964423,94330.92595104607
1166.77725481987,0.9264720975352689,94336.83335594146
1166.875548362732,0.9225218446652623,94345.95002034731
1166.9720528125763,0.9171935966080441,94353.4550183126
1167.0709862709045,0.9161830668040889,94363.80951648134
1167.1689405441284,0.9072720312601206,94373.82856483321
1167.2864775657654,0.9037811101191845,94383.14570834988
1167.3826742172241,0.8986365947535945,94393.53113751489
1167.4809176921844,0.8950538072668444,94401.67802376341
1167.5773906707764,0.8889906284431133,94410.31022138707
1167.6758682727814,0.8889906284431133,94420.37919924837
1167.7720336914062,0.8822843851986835,94429.84127932353
1167.8696649074554,0.8815494544321706,94440.35715139119
1167.9882216453552,0.8773236025247216,94450.12143625207
1168.0854890346527,0.8742920131128562,94458.50929262686
1168.1818509101868,0.8720872208133176,94467.15836336417
1168.2815971374512,0.8698824285137791,94474.34252702775
1168.3798310756683,0.8697905621679649,94482.80827432497
1168.476463317871,0.8676776362142404,94489.92744689247
1168.5719990730286,0.8644623141107467,94497.03470220324
1168.669678926468,0.8623493881570222,94504.03123198291
1168.787817955017,0.8606957939323683,94510.32810878461
1168.8851354122162,0.8577560708663169,94516.99529790615
1168.9814264774323,0.852703421846541,94525.29576811554
1169.079962015152,0.8494880997430473,94532.46619130399
1169.1771936416626,0.847467040135137,94540.11957217359
1169.2722141742706,0.8447110497607137,94547.30761495623
1169.3694670200348,0.8395665343951237,94554.67685346061
1169.4894998073578,0.8369024103665146,94562.30916811456
1169.5877692699432,0.8339626873004632,94570.3782513031
1169.685357093811,0.825235384448123,94577.9404261728
1169.7814128398895,0.8249597854106807,94586.04638355553
1169.8798232078552,0.8184372748578791,94594.64174519997
1169.9769461154938,0.8159568835208982,94601.77757067999
1170.0720262527466,0.8111798335385646,94610.99981361198
1170.1695806980133,0.8086994422015837,94619.69983225079
1170.2845766544342,0.80548412009809,94628.02984902571
1170.381194114685,0.7968486835915639,94636.92686412315
1170.4779953956604,0.7936333614880702,94647.33417771084
1170.5761408805847,0.7880295143934097,94657.70075993976
1170.672791481018,0.7819663355696786,94667.33068394578
1170.770720243454,0.7775567509706015,94677.8976155512
1170.8684241771698,0.7750763596336206,94686.50785399608
1170.9844090938568,0.7733308990631526,94696.85706859648
1171.081161737442,0.7694725125389601,94706.67136173684
1171.1784799098969,0.7660734577438382,94715.90422556315
1171.2761952877045,0.763317467369415,94724.21380300683
1171.3720171451569,0.7594590808452224,94732.49242270614
1171.4691309928894,0.7580810856580108,94740.74318043553
1171.584769487381,0.7551413625919594,94750.26886239198
1171.6812229156494,0.7545901645170747,94758.14197615278
1171.779171705246,0.749629381843113,94766.7277785375
1171.8781669139862,0.7468733914686898,94774.15500068376
1171.971601009369,0.744484866477523,94780.7395006154
1172.0690670013428,0.7423719405237985,94787.06555055386
1172.1872863769531,0.7370436924665803,94793.65899549848
1172.2849617004395,0.7380542222705355,94800.59309594864
1172.3811838626862,0.7315317117177339,94808.23378635378
1172.4781739711761,0.7278570578851696,94815.1104077184
1172.572458744049,0.7246417357816759,94820.89936694657
1172.6696963310242,0.7223450771363232,94828.80943025192
1172.7878000736237,0.7157307002377075,94837.12848722673
1172.885179758072,0.7122397790967714,94846.01563850406
1172.9810330867767,0.7079220608435084,94853.41407465366
1173.080305814743,0.7063603329646686,94861.87266718829
1173.1753177642822,0.7032368772069889,94870.48540046946
1173.2715194225311,0.6979086291497707,94880.23686042252
1173.3690218925476,0.6916617176344114,94888.11317438027
1173.484786272049,0.6846798753525394,94897.10185694224
1173.5812020301819,0.6796272263327634,94907.49167124803
1173.6786556243896,0.6724616513592631,94916.74250412323
1173.773452758789,0.6705324580971669,94925.2682537109
1173.8704187870026,0.6677764677227437,94933.54142833983
1173.9884548187256,0.6664903388813461,94940.18728550585
1174.0855009555817,0.6590491648704034,94948.36855695526
1174.1809606552124,0.6542721148880699,94956.23170125973
1174.2789759635925,0.6522510552801596,94962.70853113377
1174.3739042282104,0.6494950649057364,94970.8376780204
1174.469566822052,0.6444424158859605,94977.95391021836
1174.5881798267365,0.6412270937824668,94984.75851919653
1174.68546128273,0.6380117716789729,94991.58266727689
1174.7815477848053,0.6367256428375755,94999.1244005492
1174.8792321681976,0.632867256313383,95005.91196049428
1174.9752185344696,0.6318567265094278,95012.22076444485
1175.0714387893677,0.6295600678640751,95018.59868800038
1175.1688969135284,0.625150483264998,95023.63881920034
1175.286060810089,0.6218432948156901,95030.37493728031
1175.3810126781464,0.6176174429082413,95036.93744355229
1175.4778971672058,0.6159638486835873,95043.44369919706
1175.5715084075928,0.6138509227298629,95049.29932927735
1175.6689283847809,0.6103600015889268,95056.16939634962
1175.7861099243164,0.6065016150647343,95063.15245671467
1175.8809113502502,0.6024594958489136,95070.7372110432
1175.9774630069733,0.6047561544942662,95075.7634899389
1176.0749604701996,0.6030106939237982,95083.18714094501
1176.1712276935577,0.6009896343158879,95090.16842685052
1176.2689883708954,0.5975905795207659,95097.65158416548
1176.3860852718353,0.5974987131749518,95103.38642574893
1176.4811279773712,0.5957532526044838,95109.44778317404
1176.5788111686707,0.5938240593423876,95113.90300485663
1176.6783964633942,0.5934565939591311,95118.61270437099
1176.7725780010223,0.5922623314635477,95122.2514339339
1176.8694319725037,0.5927216631926182,95126.9262905405
1176.9875526428223,0.5909762026221502,95129.93366148646
1177.0849945545197,0.5870259497521436,95133.74029533782
1177.180265903473,0.5880364795560988,95137.16626580404
1177.2770211696625,0.5880364795560988,95140.84963922364
1177.3750648498535,0.5873934151354,95144.16467530128
1177.470185995102,0.5866584843688872,95145.94820777114
1177.5884320735931,0.5836268949570217,95148.85338699403
1177.685581445694,0.584729291106791,95152.16804829462
1177.7814683914185,0.584729291106791,95154.65124346517
1177.8809611797333,0.5829838305363229,95157.28611911865
1177.9758174419403,0.5809627709284125,95158.55750720679
1178.0712554454803,0.5836268949570217,95162.10175648611
1178.1687922477722,0.5810546372742267,95165.7915808375
1178.2860226631165,0.5846374247609768,95167.71242275374
1178.381732225418,0.5815139690032972,95170.04118047838
1178.4781866073608,0.5833512959195793,95170.93706243054
1178.5752272605896,0.5806871718909702,95172.6433561875
1178.6714265346527,0.5824326324614383,95174.07902056875
1178.768860578537,0.5798603747786433,95174.57111851187
1178.8859281539917,0.5798603747786433,95175.81400666069
1178.9815118312836,0.5771043844042201,95176.93260599462
1179.0801422595978,0.5768287853667777,95179.03934539515
1179.1751115322113,0.5796766420870151,95180.93541085564
1179.2707245349884,0.5782986468998035,95183.14186977009
1179.3682446479797,0.5796766420870151,95184.02768279308
1179.4857671260834,0.580503439199342,95185.42491451377
1179.5814611911774,0.5801359738160856,95185.9824230624
1179.6789782047272,0.5771962507500342,95188.48418075618
1179.7765018939972,0.578849844974688,95190.23576268056
1179.8733649253845,0.5790335776663164,95191.1121864125
1179.970350265503,0.5775637161332906,95193.40096777125
1180.068107366562,0.5773799834416624,95193.46087099412
1180.1855614185333,0.5754507901795661,95195.71478389471
1180.2828028202057,0.5754507901795661,95197.34330550524
1180.3771800994873,0.5726947998051429,95198.70897495473
1180.4728870391846,0.5703062748139761,95200.03807745926
1180.5695662498474,0.5731541315342135,95199.73426971334
1180.687161207199,0.5724192007677006,95199.260842742
1180.7850153446198,0.5726947998051429,95199.83475846781
1180.8802943229675,0.5724192007677006,95199.45128262104
1180.9770050048828,0.5729703988425853,95198.80615435894
1181.0733947753906,0.5714086709637455,95198.62553892305
1181.1702063083649,0.5734297305716558,95198.46298503074
1181.2880902290344,0.5715924036553737,95199.81668652766
1181.385235786438,0.5748077257588674,95199.9350178749
1181.4829666614532,0.571868002692816,95199.34151608741
1181.5773203372955,0.573613463263284,95200.60736447867
1181.6749987602234,0.5738890623007263,95201.5466280308
1181.7710535526276,0.5739809286465404,95202.29196522772
1181.8683824539185,0.5728785324967711,95203.16276870496
1181.985773563385,0.57195986903863,95202.44649183447
1182.0814843177795,0.5697550767390915,95204.70184265103
1182.1792449951172,0.5714086709637455,95205.33165838594
1182.2764387130737,0.5711330719263031,95205.59849254735
1182.371455192566,0.5732459978800276,95206.63864329262
1182.4690954685211,0.5703981411597903,95206.57477896338
1182.5830383300781,0.5712249382721172,95206.51730106704
1182.6809425354004,0.5703062748139761,95207.26557096033
1182.7756156921387,0.5685608142435081,95208.0390138643
1182.8714365959167,0.5680096161686234,95208.93511247786
1182.969148159027,0.5695713440474632,95208.34160123009
1183.0877001285553,0.5703062748139761,95209.00744110708
1183.185305595398,0.5706737401972326,95208.80669699637
1183.2808656692505,0.5688364132809505,95208.52602729674
1183.3771328926086,0.5704900075056044,95207.97342456707
1183.4749419689178,0.5702144084681621,95209.27608211037
1183.5708446502686,0.5689282796267645,95210.64847389935
1183.6689174175262,0.5708574728888608,95211.08362650941
1183.785940170288,0.569295745010021,95211.77526385848
1183.8834438323975,0.5688364132809505,95213.99773747263
1183.9803974628448,0.5675502844395529,95215.39796372537
1184.0772488117218,0.5682852152060658,95216.85816735282
1184.1755154132843,0.5677340171311811,95218.07235061754
1184.2711925506592,0.5672746854021106,95219.66511555578
1184.3688864707947,0.568468947897694,95221.5986040002
1184.4859085083008,0.5663560219439695,95222.83874360018
1184.5814321041107,0.5671828190562965,95223.65486924017
1184.6794357299805,0.5687445469351363,95226.68938231615
1184.7769305706024,0.5647024277193157,95227.52044408454
1184.8738141059875,0.5672746854021106,95227.3683996761
1184.970484495163,0.566723487327226,95228.13155970849
1185.0688710212708,0.5651617594483862,95229.31840373765
1185.1863934993744,0.5669990863646683,95229.38656336389
1185.2811670303345,0.5631406998404758,95230.24790702751
1185.3795306682587,0.5662641555981555,95230.02311632477
1185.4765598773956,0.5665397546355978,95230.52080469229
1185.5717446804047,0.5640593632986168,95230.16872422307
1185.6695132255554,0.5642430959902451,95230.05185180076
1185.7876541614532,0.5632325661862899,95229.94666662069
1185.8843760490417,0.5664478882897837,95230.85199995861
1185.9809319972992,0.5630488334946617,95231.16679996275
1186.0773673057556,0.5656210911774567,95232.15011996649
1186.1759145259857,0.5627732344572194,95231.63510796984
1186.271478652954,0.5636918979153605,95232.77159717286
1186.370189189911,0.5614871056158218,95233.99443745558
1186.4682869911194,0.562497635419777,95233.69499371003
1186.5857808589935,0.5623139027281489,95233.42549433904
1186.6839253902435,0.5646105613735015,95234.18294490514
1186.7805523872375,0.5613033729241936,95234.16465041462
1186.877114534378,0.5587311152413986,95234.84818537316
1186.9753398895264,0.5613033729241936,95235.46336683586
1187.070273399353,0.5612115065783796,95236.91703015227
1187.1686990261078,0.561578971961636,95236.32532713705
1187.2860379219055,0.5616708383074501,95237.09279442334
1187.3843846321106,0.5582717835123281,95236.083514981
1187.4801812171936,0.5545052633339498,95235.6751634829
1187.5777394771576,0.5522086046885971,95236.90764713462
1187.6760053634644,0.5485339508560327,95239.51688242116
1187.7715079784393,0.5475234210520776,95241.46519417904
1187.8691415786743,0.5466966239397506,95241.41867476114
1187.9866745471954,0.5534947335299946,95237.37680728504
1188.0849115848541,0.5557913921753472,95233.63912655653
1188.181117773056,0.5613033729241936,95229.87521390089
1188.2791721820831,0.5635081652237323,95227.0876925108
1188.3767628669739,0.5637837642611746,95225.47892325972
1188.4737470149994,0.5632325661862899,95224.23103093376
1188.5692224502563,0.5679177498228094,95224.10792784039
1188.6882042884827,0.5674584180937389,95221.69713505635
1188.786389350891,0.5624057690739629,95219.02742155072
1188.8850469589233,0.5672746854021106,95218.12467939565
1188.9803838729858,0.5703981411597903,95217.31221145608
1189.0772638320923,0.5695713440474632,95217.98099031048
1189.175680398941,0.5669072200188542,95217.68289127943
1189.2711732387543,0.5676421507853671,95217.41460215149
1189.368982553482,0.5674584180937389,95215.37314193635
1189.4860582351685,0.5675502844395529,95215.83582774272
1189.5812215805054,0.5655292248316426,95214.95224496844
1189.6794786453247,0.56681535367304,95214.8570204716
1189.7767643928528,0.5665397546355978,95214.17131842444
1189.8736956119537,0.5670909527104824,95215.254186582
1189.9723672866821,0.5670909527104824,95213.62876792379
1190.0694859027863,0.5657129575232708,95214.06589113141
1190.187980890274,0.5658048238690849,95215.15930201828
1190.2854852676392,0.5679177498228094,95215.44337181645
1190.3802304267883,0.5679177498228094,95216.09903463481
1190.4773857593536,0.565896690214899,95215.98913117133
1190.5755228996277,0.5652536257942002,95217.29021805419
1190.6710977554321,0.5670909527104824,95217.26119624877
1190.7689125537872,0.565069893102572,95216.8350766239
1190.8859944343567,0.5632325661862899,95216.55156896151
1190.9812138080597,0.5666316209814118,95216.89641206537
1191.0794541835785,0.56681535367304,95218.00677085883
1191.1788637638092,0.5645186950276874,95217.80609377296
1191.2768867015839,0.5652536257942002,95217.52548439566
1191.3737988471985,0.5656210911774567,95217.1729359561
1191.4703788757324,0.5647024277193157,95218.35564236049
1191.5691938400269,0.5642430959902451,95218.82007812445
1191.6883325576782,0.5636000315695463,95218.63807031201
1191.7854511737823,0.5621301700365207,95219.4742632808
1191.8836374282837,0.5624057690739629,95219.52683695273
1191.9802284240723,0.565896690214899,95220.07415325746
1192.077244758606,0.5637837642611746,95220.66673793172
1192.1761484146118,0.5642430959902451,95221.40006413855
1192.2734487056732,0.5642430959902451,95223.16005772469
1192.3720126152039,0.5657129575232708,95223.54405195222
1192.4693806171417,0.5642430959902451,95222.989646757
1192.5685725212097,0.5617627046532642,95222.79068208131
1192.685973405838,0.5647024277193157,95221.91161387318
1192.7846539020538,0.5632325661862899,95222.02045248587
1192.880063533783,0.5644268286818733,95222.01840723728
1192.9772922992706,0.5614871056158218,95222.71656651355
1193.0758154392242,0.5637837642611746,95222.9449098622
1193.1733026504517,0.5631406998404758,95222.65041887599
1193.2698991298676,0.5643349623360592,95222.48537698839
1193.3686692714691,0.5624057690739629,95222.53683928956
1193.4860384464264,0.5619464373448924,95222.28315536061
1193.5832767486572,0.561578971961636,95221.45483982454
1193.6802184581757,0.564151229644431,95221.00935584208
1193.7773141860962,0.5628651008030335,95220.50842025787
1193.8758585453033,0.5610277738867513,95220.35757823208
1193.9712007045746,0.5637837642611746,95219.62182040888
1194.0689747333527,0.5660804229065273,95218.959638368
1194.186185836792,0.5597416450453538,95218.86367453121
1194.2849712371826,0.5609359075409373,95218.4773070781
1194.3812527656555,0.559006714278841,95219.82957637028
1194.4801051616669,0.5613033729241936,95220.94661873326
1194.5775482654572,0.5601091104286102,95221.95195685994
1194.6762070655823,0.5614871056158218,95221.65676117394
1194.7753357887268,0.5616708383074501,95221.09108505656
1194.8707892894745,0.5600172440827962,95221.58197655091
1194.9693331718445,0.5613952392700078,95220.92377889581
1195.0684700012207,0.5613952392700078,95222.03140100623
1195.1861779689789,0.5609359075409373,95222.7282609056
1195.2848644256592,0.5619464373448924,95224.55543481505
1195.3810722827911,0.5631406998404758,95224.59989133355
1195.4797296524048,0.5610277738867513,95225.3399022002
1195.5771300792694,0.5622220363823347,95225.00591198017
1195.6758179664612,0.5610277738867513,95226.60532078217
1195.7735950946808,0.5623139027281489,95227.24478870396
1195.8701202869415,0.561578971961636,95228.62030983357
1195.969049692154,0.5616708383074501,95227.95827885022
1196.0870442390442,0.561578971961636,95227.0624509652
1196.1854753494263,0.5595579123537257,95226.55620586868
1196.2842590808868,0.5614871056158218,95226.70058528181
1196.3803470134735,0.559006714278841,95226.63052675364
1196.477745771408,0.5589148479330269,95226.76747407828
1196.5764272212982,0.5636918979153605,95226.59072667046
1196.6738674640656,0.5600172440827962,95226.83165400341
1196.770525932312,0.5623139027281489,95227.64848860308
1196.8693747520447,0.5562507239044178,95227.58363974278
1196.9687621593475,0.5607521748493091,95226.1252757685
1197.0860576629639,0.5591904469704692,95225.81274819166
1197.1852078437805,0.559006714278841,95226.43147337249
1197.282010793686,0.5612115065783796,95226.08832603524
1197.379992723465,0.5606603085034949,95226.97949343172
1197.4772980213165,0.5602009767744244,95227.18154408854
1197.5762717723846,0.5585473825497704,95226.96338967969
1197.6737637519836,0.5606603085034949,95227.36705071172
1197.7705721855164,0.5584555162039564,95227.43034564055
1197.8692572116852,0.559925377736982,95226.9873110765
1197.9685707092285,0.5597416450453538,95227.18857996885
1198.0862233638763,0.5580880508206999,95227.66972197196
1198.1837012767792,0.5551483277546485,95227.80274977477
1198.2804462909698,0.5587311152413986,95228.0224747973
1198.3777542114258,0.5589148479330269,95227.52022731757
1198.4776093959808,0.558179917166514,95226.9682045858
1198.5768039226532,0.559006714278841,95225.57138412724
1198.6739711761475,0.5587311152413986,95225.71424571451
1198.770572423935,0.5597416450453538,95226.44282114306
1198.8694093227386,0.5579961844748859,95225.59853902877
1198.9690256118774,0.5582717835123281,95224.23868512589
1199.0867047309875,0.5586392488955846,95223.7148166133
1199.1839683055878,0.5579043181290717,95225.14333495198
1199.2809824943542,0.556434456596046,95225.12900145678
1199.3782544136047,0.5583636498581422,95225.8161013111
1199.4757964611053,0.5587311152413986,95225.23449117999
1199.5732252597809,0.5576287190916294,95224.41104206198
1199.6723139286041,0.5580880508206999,95224.26993785579
1199.77015209198,0.5566181892876743,95224.04294407021
1199.8695578575134,0.5570775210167448,95223.43864966319
1199.9882810115814,0.5566181892876743,95221.79478469687
1200.0858874320984,0.5560669912127896,95221.7153062272
1200.183210849762,0.5587311152413986,95220.84377560449
1200.2807941436768,0.5575368527458153,95220.15939804404
1200.3782460689545,0.5576287190916294,95219.94345823964
1200.4763054847717,0.558179917166514,95219.04911241568
1200.5741584300995,0.5571693873625588,95219.44420117412
1200.6709237098694,0.5565263229418601,95219.29978105672
1200.7695889472961,0.5568937883251165,95218.76980295104
1200.8709802627563,0.5560669912127896,95220.29282265593
1200.9705517292023,0.5565263229418601,95221.76354039034
1201.0885157585144,0.5595579123537257,95222.8871863513
1201.1860265731812,0.5591904469704692,95222.99846771617
1201.283480167389,0.5562507239044178,95223.99862094456
1201.380781173706,0.5596497786995397,95223.79875885011
1201.478276014328,0.5562507239044178,95223.41888296511
1201.575733423233,0.5574449864000012,95223.5769946686
1201.673686504364,0.5570775210167448,95224.51929520175
1201.7709758281708,0.5575368527458153,95223.86736568158
1201.8687052726746,0.5589148479330269,95223.48062911343
1201.9867916107178,0.558179917166514,95224.03256620208
1202.0865354537964,0.5575368527458153,95223.52930958186
1202.1821637153625,0.5568937883251165,95224.77637862369
1202.2802186012268,0.556434456596046,95227.39874076133
1202.3782696723938,0.5580880508206999,95229.4588666852
1202.476125717163,0.5576287190916294,95229.21298001669
1202.5722787380219,0.5590985806246551,95228.89168201503
1202.6704840660095,0.5557913921753472,95229.50251381354
1202.7690258026123,0.5578124517832576,95228.85226243219
1202.8877205848694,0.5575368527458153,95229.86703618897
1202.9858665466309,0.558179917166514,95230.28033257007
1203.083711385727,0.5571693873625588,95230.95229931305
1203.1809561252594,0.5585473825497704,95232.25706938174
1203.2787792682648,0.5582717835123281,95233.03136244357
1203.3778131008148,0.5552401941004625,95234.32822619921
1203.4759304523468,0.5594660460079115,95233.9954035793
1203.5722024440765,0.557261253708373,95232.29586322137
1203.6705276966095,0.555607659483719,95232.26627689923
1203.7682180404663,0.5558832585211614,95232.13964920932
1203.8861167430878,0.5565263229418601,95232.0256842884
1203.9830334186554,0.5565263229418601,95232.42311585956
1204.0808749198914,0.5549645950630203,95233.48080427361
1204.1787946224213,0.5545052633339498,95234.23272384626
1204.276839017868,0.5542296642965074,95236.30945146164
1204.374725818634,0.5556995258295331,95236.77850631549
1204.4722249507904,0.557261253708373,95236.00065568394
1204.572639465332,0.5582717835123281,95236.50059011555
1204.6704363822937,0.5571693873625588,95236.250531104
1204.7689926624298,0.556434456596046,95236.6254779936
1204.887067079544,0.555607659483719,95236.06293019425
1204.9855666160583,0.5760019882544508,95236.35663717483
1205.0841834545135,0.5643349623360592,95236.82097345736
1205.181761264801,0.5537703325674369,95236.73887611163
1205.2802059650421,0.5794929093953869,95236.26498850046
1205.3785555362701,0.5571693873625588,95236.23848965042
1205.4765479564667,0.5524842037260393,95236.71464068539
1205.5747425556183,0.5310793451513525,95237.54317661685
1205.6717236042023,0.5510143421930137,95236.88885895516
1205.7718999385834,0.568468947897694,95236.39997305964
1205.8706748485565,0.5374181230125259,95237.55997575368
1205.9698522090912,0.5508306095013855,95238.40397817832
1206.0682940483093,0.5622220363823347,95239.5635803605
1206.187685251236,0.5626813681114052,95238.40722232446
1206.2856903076172,0.5606603085034949,95239.466500092
1206.3841967582703,0.5611196402325654,95239.71985008281
1206.4817714691162,0.5635081652237323,95239.34786507454
1206.5802030563354,0.5600172440827962,95239.21307856709
1206.67795920372,0.5614871056158218,95239.09177071038
1206.774876832962,0.5607521748493091,95240.28259363935
1206.8736186027527,0.5611196402325654,95240.85433427543
1206.9718389511108,0.5606603085034949,95241.3689008479
1207.0702369213104,0.559833511391168,95242.23201076311
1207.1684284210205,0.5627732344572194,95243.8088096868
1207.2870576381683,0.5625895017655912,95243.62792871812
1207.385051727295,0.5633244325321041,95245.46513584632
1207.483178138733,0.5634162988779181,95245.51862226169
1207.580896615982,0.5608440411951231,95245.46676003552
1207.6798458099365,0.5617627046532642,95246.12008403197
1207.7779760360718,0.5579961844748859,95246.80807562877
1207.875734090805,0.556434456596046,95247.12726806589
1207.9737725257874,0.5589148479330269,95247.21454125931
1208.0700345039368,0.5595579123537257,95247.89308713337
1208.1681089401245,0.5605684421576808,95248.00377842002
1208.2861530780792,0.5601091104286102,95247.30340057804
1208.3823373317719,0.5606603085034949,95247.67306052025
1208.480316877365,0.5583636498581422,95247.10575446823
1208.5783660411835,0.561578971961636,95247.8951790214
1208.6761968135834,0.5607521748493091,95247.70566111927
1208.7739562988281,0.5602928431202385,95248.63509500734
1208.8702983856201,0.5596497786995397,95248.37158550661
1208.9681224822998,0.5612115065783796,95247.93442695595
1209.0856997966766,0.5587311152413986,95249.04098426035
1209.1839201450348,0.5587311152413986,95248.63688583432
1209.2808299064636,0.5602928431202385,95249.67319725089
1209.3785543441772,0.5584555162039564,95249.9058775258
1209.477234363556,0.5591904469704692,95249.91528977323
1209.5751609802246,0.5593741796620975,95249.6237607959
1209.6730468273163,0.559006714278841,95248.8613847163
1209.7697660923004,0.5602009767744244,95250.07524624468
1209.8882131576538,0.5602928431202385,95248.76772162021
1209.9862401485443,0.5597416450453538,95249.59094945819
1210.084692955017,0.5584555162039564,95249.73185451237
1210.1811487674713,0.5601091104286102,95249.35866906114
1210.2798080444336,0.5639674969528028,95249.22280215503
1210.3772413730621,0.5656210911774567,95247.60052193953
1210.475683927536,0.56681535367304,95247.34046974558
1210.5739130973816,0.569295745010021,95247.10642277103
1210.6715519428253,0.5681933488602516,95247.29578049392
1210.769623041153,0.566723487327226,95246.06620244453
1210.8882842063904,0.569387611355835,95245.25958220009
1210.9861166477203,0.5698469430849056,95245.23362398008
1211.0819437503815,0.571041205580489,95245.31026158208
1211.179770708084,0.570949339234675,95244.67923542387
1211.2774353027344,0.5703062748139761,95245.01131188149
1211.3750534057617,0.5733378642258417,95246.01018069334
1211.4738221168518,0.5731541315342135,95245.40916262401
1211.570139169693,0.5726947998051429,95246.06824636161
1211.66823720932,0.5700306757765339,95245.76142172546
1211.7859251499176,0.5703062748139761,95245.68527955291
1211.8858580589294,0.5683770815518799,95245.31675159762
1211.9842865467072,0.571868002692816,95245.38507643787
1212.0810570716858,0.5701225421223479,95244.34656879409
1212.1795790195465,0.5716842700011877,95243.81191191467
1212.2771310806274,0.5704900075056044,95243.6307207232
1212.374895811081,0.5728785324967711,95243.46764865088
1212.4733510017395,0.5705818738514185,95243.7208837858
1212.5691621303558,0.5706737401972326,95244.34879540723
1212.687703371048,0.5701225421223479,95244.9139158665
1212.7852807044983,0.5683770815518799,95245.02252427986
1212.8835651874542,0.5708574728888608,95245.82027185189
1212.9799296855927,0.5703062748139761,95247.0382446667
1213.0802555084229,0.5699388094307197,95246.63442020005
1213.1784608364105,0.5708574728888608,95247.97097818005
1213.2765173912048,0.5691120123183927,95248.87388036204
1213.3745210170746,0.569387611355835,95249.28649232583
1213.4710805416107,0.5706737401972326,95250.05784309325
1213.569509267807,0.5708574728888608,95250.75205878392
1213.6878309249878,0.570949339234675,95250.37685290554
1213.7853181362152,0.5683770815518799,95250.139167615
1213.8834643363953,0.5701225421223479,95249.3252508535
1213.9797713756561,0.5687445469351363,95249.29272576814
1214.0774128437042,0.5703062748139761,95249.56345319132
1214.1750586032867,0.5697550767390915,95250.80710787218
1214.274847984314,0.5682852152060658,95250.32639708498
1214.3699967861176,0.5683770815518799,95249.99375737648
1214.487835407257,0.5672746854021106,95249.59438163883
1214.5851035118103,0.5700306757765339,95249.63494347496
1214.6831855773926,0.5676421507853671,95249.97144912746
1214.7805058956146,0.5678258834769953,95250.37430421471
1214.8781752586365,0.5681933488602516,95250.03687379324
1214.977466583252,0.5700306757765339,95249.73318641391
1215.0743126869202,0.5664478882897837,95250.05986777252
1215.172236442566,0.5686526805893222,95251.25388099527
1215.2697162628174,0.5671828190562965,95251.82849289574
1215.3881137371063,0.568468947897694,95251.54564360616
1215.487536907196,0.5660804229065273,95251.19107924556
1215.5855538845062,0.565896690214899,95251.27197132101
1215.683636188507,0.5679177498228094,95251.14477418891
1215.7796053886414,0.5679177498228094,95250.83029677003
1215.8770108222961,0.5666316209814118,95250.64726709302
1215.9744131565094,0.5665397546355978,95251.18254038373
1216.0721247196198,0.5702144084681621,95250.96428634535
1216.169463634491,0.5672746854021106,95250.66785771083
1216.2685678005219,0.5669990863646683,95250.00107193974
1216.3864040374756,0.56681535367304,95249.30096474577
1216.4846715927124,0.5669990863646683,95248.77086827118
1216.5825226306915,0.565896690214899,95247.99378144408
1216.680104970932,0.5682852152060658,95248.59440329966
1216.7787292003632,0.5662641555981555,95248.7349629697
1216.8775961399078,0.5681014825144376,95248.66146667274
1216.974704027176,0.5669990863646683,95249.99532000546
1217.072429895401,0.56681535367304,95250.59578800492
1217.1697463989258,0.564151229644431,95249.93620920443
1217.2882249355316,0.5644268286818733,95250.74258828399
1217.3857448101044,0.5649780267567579,95249.8683294556
1217.4840478897095,0.5620383036907065,95248.68149651003
1217.5808689594269,0.5649780267567579,95249.01334685904
1217.6782636642456,0.5639674969528028,95250.21201217314
1217.775740146637,0.5628651008030335,95250.09081095582
1217.8733294010162,0.5635081652237323,95250.68172986025
1217.9720740318298,0.565069893102572,95251.61355687423
1218.069745540619,0.5654373584858284,95252.3522011868
1218.1689071655273,0.5634162988779181,95252.71698106814
1218.2872560024261,0.5652536257942002,95252.84528296132
1218.3849127292633,0.5652536257942002,95252.26075466519
1218.4831178188324,0.5642430959902451,95252.33467919867
1218.580368757248,0.5649780267567579,95252.3012112788
1218.6779572963715,0.5638756306069886,95252.67109015092
1218.7757048606873,0.561578971961636,95253.00398113584
1218.873573064804,0.562497635419777,95253.50358302226
1218.970606803894,0.561578971961636,95254.65322472004
1219.0690908432007,0.5613033729241936,95254.48790224805
1219.1688318252563,0.5621301700365207,95254.53911202324
1219.2874393463135,0.562497635419777,95253.78520082092
1219.3848476409912,0.5613952392700078,95253.70668073883
1219.4825870990753,0.5625895017655912,95253.33601266495
1219.579161643982,0.5626813681114052,95254.50241139845
1219.6767654418945,0.5605684421576808,95254.55217025861
1219.7743558883667,0.550463144118129,95254.69695323276
1219.8706908226013,0.545226762406725,95256.32725790949
1219.9690318107605,0.5408171778076478,95259.49453211855
1220.0878493785858,0.5367750585918271,95263.6450789067
1220.1853997707367,0.5351214643671732,95267.98057101603
1220.2834594249725,0.5633244325321041,95273.08251391443
1220.3818290233612,0.553035401800924,95278.07426252299
1220.4802510738373,0.6776061667248531,95282.8668362707
1220.5784769058228,0.9287687561806216,95288.28015264362
1220.6758258342743,1.0315671971466074,95294.85213737926
1220.773606300354,1.194446228275019,95301.86692364134
1220.870502948761,1.2748292808623627,95309.0802312772
1220.969081878662,1.3861712919890603,95315.57220814948
1221.0683908462524,1.4818960243273598,95322.41498733453
1221.1862235069275,1.4419341638982233,95329.87348860108
1221.2834434509277,1.3968277881034967,95336.48613974098
1221.3802964687347,1.3615511113108796,95341.53752576688
1221.4780893325806,1.2967853375119343,95347.38377319019
1221.576987504959,1.2470856444265024,95354.14539587116
1221.6739258766174,0.9868282867351372,95360.33085628405
1221.7702944278717,0.813200893146475,95365.09777065566
1221.8687734603882,0.5920785987719195,95369.1879935901
1221.9867379665375,0.4758676713170742,95374.26919423109
1222.0844638347626,0.46603797231496474,95379.24227480798
1222.1821014881134,0.4567594713877399,95383.4180473272
1222.2794342041016,0.44178525702004046,95389.47624259448
1222.3778145313263,0.44013166279538657,95396.22861833504
1222.475745677948,0.4591479963789067,95402.20575650154
1222.573724269867,0.44637857431074585,95410.0851808514
1222.6701707839966,0.46805903192287507,95417.27666276626
1222.7684874534607,0.5251998990192496,95425.94899648963
1222.8873136043549,0.6706243244429809,95436.05409684067
1222.9854092597961,0.7559681597042863,95445.6486871566
1223.0833086967468,0.8902767572845107,95454.78381844093
1223.1802341938019,1.0431423567191849,95465.50543659684
1223.27823472023,1.1486049217137797,95475.95489293715
1223.3754682540894,1.2698684981884008,95486.45940364344
1223.4716703891754,1.3178227307033648,95496.91346327911
1223.5691223144531,1.306155704784973,95506.2221169512
1223.668380498886,1.0932095151878731,95514.29990525608
1223.7862877845764,0.8147626210253148,95522.46991473048
1223.8842005729675,0.577931181516547,95529.42292325743
1223.98046708107,0.4066923129190516,95536.38063093169
1224.0787017345428,0.3843687908862236,95543.64256783851
1224.1743190288544,0.38271519666156967,95551.17831105465
1224.271521806717,0.3787649437915631,95558.86047994919
1224.3687672615051,0.3741716265008577,95565.77443195427
1224.4864377975464,0.37260989862201793,95572.49698875885
1224.5835852622986,0.3702213736308511,95578.34728988298
1224.6800615787506,0.36921084382689595,95585.31256089469
1224.7780220508575,0.3646175265361906,95592.58130480522
1224.876126050949,0.3615859371243251,95600.2231743247
1224.973762512207,0.3587380804040878,95607.00085689223
1225.070377111435,0.3554308919547799,95615.30077120301
1225.1687943935394,0.3511131737015169,95623.2706940827
1225.2691044807434,0.34661172275662566,95631.64362467443
1225.3684186935425,0.34293706892406134,95638.57926220699
1225.4863913059235,0.33751695452102903,95644.3213359863
1225.5825474262238,0.3328317708845096,95651.18920238767
1225.679426908493,0.32686045840659267,95659.37028214891
1225.77823138237,0.32318580457402835,95667.03325393403
1225.8775146007538,0.3197867497789064,95675.32992854062
1225.9772865772247,0.3126211748054061,95683.89693568657
1226.0744769573212,0.3083953228979571,95692.20724211792
1226.1733632087708,0.30453693637376467,95700.18651790613
1226.269992351532,0.2985656238958477,95710.26786611552
1226.3682718276978,0.2959933662130527,95719.24107950398
1226.4886322021484,0.2889196575853665,95727.81697155358
1226.5861327648163,0.28634739990257146,95735.53527439822
1226.6850311756134,0.2786306268541865,95745.58174695841
1226.782603263855,0.279089958583257,95755.62357226259
1226.879503250122,0.2745885076383658,95763.86121503633
1226.977721452713,0.27082198745998737,95772.4750935327
1227.0771310329437,0.2657693384402115,95778.72758417943
1227.1767873764038,0.26880092785207704,95785.25482576148
1227.274052619934,0.2643913432529999,95793.92934318533
1227.3715326786041,0.26273774902834596,95800.9364088668
1227.468906879425,0.2631052144116024,95809.0427679801
1227.5868360996246,0.25842003077508297,95817.9384911821
1227.6871221065521,0.2553884413632174,95825.04464206388
1227.7857582569122,0.25189752022228135,95832.04017785749
1227.8831241130829,0.24904966350204402,95837.93616007175
1227.9796335697174,0.24519127697785154,95844.44254406459
1228.0779502391815,0.24289461833249887,95850.89828965813
1228.1772520542145,0.23894436546249226,95856.50846069232
1228.2766177654266,0.23600464239644084,95864.4576146231
1228.3739793300629,0.23444291451760102,95870.01185316079
1228.4712862968445,0.22939026549782512,95876.11066784471
1228.5684306621552,0.22415388378642104,95882.29960106025
1228.6866583824158,0.22185722514106837,95887.76964095423
1228.7837607860565,0.21900936842083105,95895.59267685881
1228.8812086582184,0.21340552132617052,95902.53340917293
1228.9784471988678,0.2091796694187216,95910.08006825564
1229.077431678772,0.20421888674475983,95917.57206143008
1229.176992893219,0.2024734261742918,95925.21485528706
1229.274020910263,0.1933786579386952,95932.59336975835
1229.3696172237396,0.18832600891891932,95940.83403278251
1229.4884119033813,0.1843757560489127,95950.35062950428
1229.5860862731934,0.18070110221634844,95959.31556655385
1229.684895992279,0.17509725512168792,95970.18400989847
1229.7821900844574,0.17142260128912362,95978.96560890862
1229.8783447742462,0.16930967533539917,95988.46904801775
1229.977302789688,0.16159290228701417,95998.12214321598
1230.0767028331757,0.15966370902491794,96006.40992889438
1230.174243927002,0.15369239654700098,96014.76893600494
1230.273238658905,0.15176320328490472,96023.19204240444
1230.368394613266,0.15213066866816116,96030.972838164
1230.4864580631256,0.14790481676071224,96038.8755543476
1230.5849437713623,0.1488234802188533,96047.38799891283
1230.6822335720062,0.14671055426512886,96056.24919902156
1230.7789425849915,0.1421172369744235,96065.8242791194
1230.877521276474,0.14193350428279528,96074.14185120746
1230.9766891002655,0.13743205333790404,96082.42766608672
1231.0732085704803,0.1304502110560319,96089.78489947805
1231.172726392746,0.12705115626090996,96098.60640953026
1231.2682871818542,0.1235602351199739,96105.04576857724
1231.388798236847,0.12190664089531997,96111.84119171952
1231.4859795570374,0.11859945244601211,96118.15707254758
1231.5847477912903,0.11722145725880051,96122.84136529281
1231.6820816993713,0.11207694189321052,96127.95722876352
1231.7785394191742,0.10867788709808857,96133.96150588717
1231.8771224021912,0.10472763422808196,96141.16535529846
1231.976867198944,0.09829699002109447,96148.74881976862
1232.0737426280975,0.09388740542201733,96156.57393779175
1232.1730308532715,0.08975341986038252,96165.11654401258
1232.2690501213074,0.08341464199920914,96174.20488961133
1232.387964963913,0.07523853722175362,96183.0844006502
1232.486153125763,0.07138015069756112,96191.57596058519
1232.5868382453918,0.06522510552801596,96200.71836452668
1232.6851284503937,0.06504137283638774,96209.94652807401
1232.7841663360596,0.06099925362056704,96219.75187526662
1232.8818883895874,0.060264322854054184,96228.17668773995
1232.977612733841,0.058610728629400255,96236.05901896596
1233.0764451026917,0.052180084422412766,96244.85311706936
1233.1736447811127,0.04979155943124598,96253.36780536243
1233.2724945545197,0.04804609886077795,96261.0310248262
1233.3685579299927,0.04620877194449581,96268.72792234358
1233.486055135727,0.042258519074489215,96277.05513010922
1233.5846486091614,0.035184810446802973,96284.0496170983
1233.6817445755005,0.03904319697099547,96289.94465538848
1233.7793018817902,0.033623082567963154,96296.95018984964
1233.8773636817932,0.03151015661423869,96304.45517086468
1233.9758818149567,0.02829483451074495,96312.10965377821
1234.0733125209808,0.02462018067818067,96319.1986884004
1234.1721863746643,0.02250725472445621,96325.47881956036
1234.2882544994354,0.017730204742122647,96333.43093760432
1234.385398864746,0.015984744171654616,96341.0878438439
1234.4840848445892,0.014698615330257117,96347.97905945951
1234.5816233158112,0.00909476823559659,96355.48115351357
1234.678232908249,0.0039502528700066,96361.8330381622
1234.7769010066986,0.0010105298039551768,96367.64973434599
1234.8735735416412,-0.005420114403032312,96375.3847609114
1234.9739875793457,-0.007165574973500345,96382.84628482026
1235.0684115886688,-0.011758892264205694,96390.96165633823
1235.185979604721,-0.01818953647119318,96400.96549070442
1235.2845771312714,-0.026733106631905132,96409.26894163397
1235.3818411827087,-0.03077522584772584,96417.04204747058
1235.4784879684448,-0.03454174602610423,96426.73784272351
1235.576817035675,-0.04115612292471993,96436.76405845115
1235.6735455989838,-0.04492264310309831,96447.28765260604
1235.7722318172455,-0.051904485384970445,96458.35888734544
1235.888044834137,-0.053741812301252585,96468.9229986109
1235.9853987693787,-0.06090738727475293,96479.63069874981
1236.0842447280884,-0.06513323918220185,96488.46762887483
1236.1834211349487,-0.06660310071522756,96499.12086598735
1236.2784311771393,-0.07073708627686237,96507.90877938861
1236.3771011829376,-0.07422800741779845,96517.01790144976
1236.4754145145416,-0.07578973529663827,96524.91611130479
1236.5731463432312,-0.08001558720408718,96533.3245001743
1236.6712882518768,-0.08240411219525397,96541.69205015687
1236.7880885601044,-0.08653809775688878,96549.82284514119
1236.8854262828827,-0.0881916919815427,96559.14056062707
1236.9837429523468,-0.09113141504759413,96568.42650456437
1237.0813791751862,-0.0921419448515493,96576.38385410793
1237.1775708198547,-0.0960921977215559,96584.34546869715
1237.2764446735382,-0.09811325732946626,96592.21092182744
1237.3733327388763,-0.10344150538668447,96598.78982964471
1237.472738981247,-0.10463576788226785,96606.41084668024
1237.5881304740906,-0.11023961497692839,96614.56976201222
1237.6855845451355,-0.11042334766855659,96621.412785811
1237.7840864658356,-0.11336307073460801,96629.1715072299
1237.8815531730652,-0.11997744763322372,96636.55435650691
1237.9781708717346,-0.12521382934462782,96644.89892085623
1238.0765964984894,-0.12934781490626263,96653.1090287706
1238.173427581787,-0.1341248648885962,96662.19812589354
1238.2880520820618,-0.14083110813302602,96672.0783133042
1238.385300397873,-0.14294403408675047,96681.37048197378
1238.4836683273315,-0.1474454850316417,96691.33343377641
1238.5813977718353,-0.15029334175187903,96701.00009039877
1238.678174495697,-0.15672398595886652,96710.9000813589
1238.7765655517578,-0.1619603676702706,96720.31007322301
1238.8733477592468,-0.1644407590072515,96730.67906590071
1238.9714465141296,-0.1698608734102838,96740.91115931065
1239.088279247284,-0.17325992820540576,96750.22004337958
1239.1855568885803,-0.1779451118419252,96760.79803904163
1239.284728527069,-0.18116043394541897,96770.41823513748
1239.381590127945,-0.1840082906656563,96780.27641162372
1239.477903842926,-0.18795854353566288,96787.24877046136
1239.5761847496033,-0.1882341425731052,96797.52389341523
1239.6732692718506,-0.19245999448055412,96806.77150407371
1239.7885203361511,-0.19438918774265038,96814.89435366634
1239.8858625888824,-0.19925810407079805,96823.00491829972
1239.9843397140503,-0.1986150396500993,96832.00442646975
1240.0815896987915,-0.20449448578220214,96838.80398382277
1240.1776478290558,-0.2051375502029009,96844.82358544049
1240.2761163711548,-0.20798540692313822,96852.24122689644
1240.37327170372,-0.21009833287686266,96861.1171042068
1240.4682350158691,-0.21542658093408087,96867.70539378612
1240.5859801769257,-0.21551844727989497,96875.2348544075
1240.6839787960052,-0.2196524328415298,96882.61136896675
1240.7813000679016,-0.22286775494502353,96889.15023207008
1240.876794576645,-0.22672614146921602,96897.23520886307
1240.973355293274,-0.231870656834806,96904.91168797677
1241.069825410843,-0.23646397412551137,96911.9205191791
1241.1873087882996,-0.24124102410784493,96920.42846726118
1241.284835577011,-0.24767166831483242,96927.98562053507
1241.379454612732,-0.25171378753065315,96936.58705848156
1241.4760131835938,-0.25474537694251864,96945.2283526334
1241.570386171341,-0.25979802596229457,96955.10551737006
1241.6878004074097,-0.2632889471032306,96965.19496563305
1241.7853190898895,-0.27045452207673093,96973.97546906976
1241.8837959766388,-0.2753234384048786,96983.37792216279
1241.9825978279114,-0.2778038297418595,96992.54012994652
1242.0780544281006,-0.2843263402946611,97001.98611695187
1242.175699710846,-0.28726606336071253,97012.68750525668
1242.2751092910767,-0.29176751430560377,97022.51875473102
1242.3726601600647,-0.29645269794212326,97031.56687925792
1242.4698045253754,-0.2974632277460784,97040.41019133214
1242.5871613025665,-0.3011378815786427,97050.26917219892
1242.6846754550934,-0.3025158767658543,97058.64225497903
1242.779441356659,-0.3053637334860916,97066.67802948112
1242.8768994808197,-0.31078384788912394,97074.81022653301
1242.973221540451,-0.31234557576796373,97083.12920387971
1243.071058511734,-0.3127130411512202,97090.01628349174
1243.1877160072327,-0.3147341007591305,97098.91465514257
1243.2852714061737,-0.32033794785379105,97105.52318962831
1243.3837642669678,-0.32189967573263084,97113.47087066548
1243.4828593730927,-0.32419633437798356,97120.82378359893
1243.5777881145477,-0.32713605744403496,97127.64140523903
1243.675635099411,-0.32823845359380427,97135.17726471514
1243.7729632854462,-0.33393416703427886,97142.45953824362
1243.888219833374,-0.3363226920254457,97150.11358441926
1243.9853203296661,-0.34155907373684974,97158.50222597732
1244.0797700881958,-0.3419265391201062,97167.1520033796
1244.1766016483307,-0.346060524681741,97175.43680304164
1244.2720651626587,-0.3532260996552413,97183.89312273747
1244.388085603714,-0.3587380804040878,97194.30381046372
1244.4852802753448,-0.36360699673223545,97203.27342941734
1244.5827527046204,-0.36783284863968435,97212.14608647561
1244.680040359497,-0.3671897842189856,97222.63147782805
1244.7755045890808,-0.3714156361264345,97231.86833004525
1244.8730676174164,-0.3777544139876079,97241.38149704073
1244.9712517261505,-0.3811534687827299,97249.84334733666
1245.0868980884552,-0.3892377072143713,97261.859012603
1245.1847655773163,-0.39135063316809576,97271.3731113427
1245.280794620514,-0.3871247812606468,97280.53580020844
1245.376958847046,-0.3880434447187879,97288.18222018759
1245.4734289646149,-0.3947496879632177,97296.16399816883
1245.5712459087372,-0.39429035623414715,97305.34759835196
1245.686946630478,-0.39906740621648074,97314.01283851676
1245.7792854309082,-0.40301765908648735,97321.71155466509
1245.8788585662842,-0.4075191100313786,97329.74039919858
1245.9765012264252,-0.4049468523485836,97337.76635927873
1246.0732975006104,-0.4074272436855645,97346.58972335086
1246.1716248989105,-0.41257175905115445,97354.43075101578
1246.287412405014,-0.4190024032581419,97360.9876759142
1246.3847663402557,-0.41936986864139836,97366.98890832279
1246.481571674347,-0.4237794532404755,97374.6900174905
1246.5766224861145,-0.42414691862373194,97381.02101574145
1246.6732456684113,-0.4259842455400141,97386.61891416731
1246.771336555481,-0.4291995676435078,97394.15702275057
1246.8877716064453,-0.435354612813053,97400.84132047552
1246.9851558208466,-0.4343440830090978,97408.35718842798
1247.0853905677795,-0.4378350041500339,97414.72146958519
1247.1832582950592,-0.4367326080002646,97422.74932262667
1247.2809426784515,-0.4421527224032969,97430.674390364
1247.3762893676758,-0.44564364354423297,97438.4069513276
1247.4733355045319,-0.4554733425463424,97446.56625619484
1247.5714762210846,-0.4595154617621631,97454.40963057536
1247.6870772838593,-0.46622170500659293,97461.36866751782
1247.7847814559937,-0.47219301748450987,97469.83180076604
1247.8817269802094,-0.4765107357377729,97478.44862068945
1247.9768912792206,-0.48165525110336294,97488.70375862051
1248.0732235908508,-0.4854217712817413,97497.83338275846
1248.1714930534363,-0.49139308375965823,97506.45004448261
1248.2694020271301,-0.4933222770217545,97516.20504003434
1248.3858768939972,-0.4990179904622291,97524.68453603092
1248.484188079834,-0.4999366539203702,97534.11608242783
1248.581367969513,-0.5059079663982872,97542.90447418505
1248.6774408817291,-0.5073778279313128,97551.61402676655
1248.7750387191772,-0.5107768827264348,97560.3526240899
1248.8726003170013,-0.5116955461845759,97568.0173616809
1248.9883337020874,-0.5116036798387618,97576.31562551283
1249.085295200348,-0.5172993932792365,97584.28406296155
1249.1838173866272,-0.5172075269334223,97591.4556566654
1249.2811751365662,-0.5184936557748198,97598.51009099887
1249.3766467571259,-0.5217089778783136,97604.45908189898
1249.4758460521698,-0.5242812355611085,97611.81317370909
1249.5733616352081,-0.5265778942064612,97617.93185633818
1249.6682922840118,-0.5300688153473972,97624.93867070437
1249.7858493328094,-0.5327329393760064,97632.34480363394
1249.8837871551514,-0.5365913259001989,97639.71032327056
1249.9813675880432,-0.5393473162746221,97645.6392909435
1250.0775656700134,-0.5398066480036926,97652.77536184914
1250.1750285625458,-0.5412765095367184,97659.29782566424
1250.2727026939392,-0.5472478220146353,97666.46804309782
1250.3695929050446,-0.5472478220146353,97673.52123878803
1250.487441778183,-0.5550564614088344,97680.66911490924
1250.584958076477,-0.5565263229418601,97686.60220341831
1250.6830265522003,-0.5609359075409373,97693.54198307649
1250.7785081863403,-0.5643349623360592,97699.78778476885
1250.8758416175842,-0.5670909527104824,97707.10900629197
1250.973325252533,-0.569295745010021,97714.39810566277
1251.0683100223541,-0.5734297305716558,97722.35829509649
1251.185822725296,-0.5785742459372458,97729.22246558685
1251.281937122345,-0.5786661122830599,97736.00021902817
1251.377150297165,-0.5797685084328291,97743.00019712535
1251.4746885299683,-0.5704900075056044,97748.50017741282
1251.5727140903473,-0.5715924036553737,97753.85015967154
1251.6683073043823,-0.5747158594130533,97758.76514370438
1251.7856640815735,-0.5782986468998035,97763.98862933395
1251.8856654167175,-0.5822488997698101,97770.78976640056
1251.9818716049194,-0.584729291106791,97775.6107897605
1252.0768716335297,-0.5872096824437718,97781.14971078445
1252.173586845398,-0.5895982074349386,97786.83473970601
1252.2714512348175,-0.5897819401265668,97791.35126573541
1252.3880982398987,-0.5918948660802913,97796.01613916187
1252.4852838516235,-0.595110188183785,97801.5145252457
1252.5836064815521,-0.5926297968468042,97805.16307272113
1252.681339263916,-0.5952939208754132,97808.44676544903
1252.776767730713,-0.596763782408439,97812.70208890413
1252.873301744461,-0.5986011093247211,97818.53188001373
1252.9681468009949,-0.600254703549375,97822.17869201236
1253.0871126651764,-0.6031944266154264,97826.06082281112
1253.1832630634308,-0.6024594958489136,97829.95474053001
1253.2807657718658,-0.6070528131396189,97832.55926647702
1253.3776080608368,-0.6074202785228754,97835.90333982932
1253.474685907364,-0.6106356006263691,97840.2130058464
1253.5722754001617,-0.6109111996638115,97844.99170526177
1253.6883490085602,-0.6117379967761384,97850.49253473559
1253.7852656841278,-0.61311599196335,97854.74328126204
1253.882738828659,-0.6143102544589334,97857.36895313584
1253.9782559871674,-0.6155963833003308,97861.43205782225
1254.0763142108917,-0.6166987794501002,97863.78885204003
1254.1731188297272,-0.6193629034787093,97867.90996683603
1254.2696957588196,-0.6220270275073184,97871.61897015243
1254.3866527080536,-0.6245074188442993,97873.85707313719
1254.4842851161957,-0.6255179486482545,97877.17136582347
1254.5815210342407,-0.6256098149940685,97880.95422924112
1254.677757024765,-0.6255179486482545,97884.65880631702
1254.7755353450775,-0.6269878101812801,97887.89292568532
1254.869568347931,-0.6276308746019789,97891.30363311678
1254.987173318863,-0.6273552755645366,97895.0732698051
1255.0846064090729,-0.6268959438354661,97897.16594282459
1255.1815090179443,-0.6282739390226777,97898.64934854214
1255.2775144577026,-0.6281820726768635,97900.68441368792
1255.3747839927673,-0.6313973947803573,97902.81597231913
1255.4739367961884,-0.6334184543882676,97904.33437508723
1255.588149547577,-0.6333265880424536,97905.6009375785
1255.6849942207336,-0.6325916572759407,97907.64084382067
1255.7815499305725,-0.6333265880424536,97910.3767594386
1255.8775162696838,-0.6361744447626908,97911.73908349474
1255.9755868911743,-0.6360825784168768,97914.46517514526
1256.0729625225067,-0.6390223014829282,97917.11865763074
1256.1683061122894,-0.6359907120710626,97919.20679186766
1256.2855410575867,-0.6408596283992103,97922.1861126809
1256.3834583759308,-0.6382873707164153,97925.2675014128
1256.4785573482513,-0.6411352274366526,97926.34075127153
1256.576584815979,-0.6445342822317746,97927.10667614438
1256.6748106479645,-0.6437993514652617,97930.29600852994
1256.7680723667145,-0.646555341839685,97933.16640767694
1256.8856301307678,-0.6450854803066592,97934.74976690924
1256.9836211204529,-0.6472902726061978,97937.47479021832
1257.0784757137299,-0.6470146735687555,97939.42731119649
1257.1762192249298,-0.6491275995224799,97941.88458007683
1257.2731473445892,-0.6503218620180633,97943.99612206915
1257.3685693740845,-0.6501381293264351,97946.79650986224
1257.485829591751,-0.6505974610555056,97948.41685887602
1257.5835773944855,-0.651791723551089,97949.37517298842
1257.681087732315,-0.6528941197008583,97952.63765568958
1257.7776427268982,-0.6529859860466725,97954.77389012062
1257.8770191669464,-0.6539965158506276,97956.49650110856
1257.9700961112976,-0.6539965158506276,97958.5468509977
1258.0877497196198,-0.6533534514299288,97961.49216589794
1258.185168504715,-0.6520673225885314,97962.54294930815
1258.282965183258,-0.6543639812338841,97962.88865437734
1258.3775506019592,-0.6562931744959802,97964.2997889396
1258.4750878810883,-0.6550989120003969,97965.46981004566
1258.5722959041595,-0.6546395802713264,97967.1228290411
1258.6683611869812,-0.6539965158506276,97969.31054613699
1258.7859551906586,-0.6569362389166791,97969.87949152329
1258.8839883804321,-0.6565687735334226,97970.89154237095
1258.981214761734,-0.6582223677580765,97972.20238813385
1259.0793273448944,-0.6597840956369163,97973.28214932047
1259.1740517616272,-0.660335293711801,97973.95393438842
1259.2719588279724,-0.6617132888990126,97974.75854094958
1259.3878860473633,-0.6626319523571537,97975.18268685462
1259.4850771427155,-0.6673171359936731,97974.96441816917
1259.5837225914001,-0.6691544629099553,97976.66797635226
1259.6812043190002,-0.6686951311808847,97977.60117871704
1259.7778007984161,-0.6669496706104167,97978.94106084535
1259.8755962848663,-0.6675008686853013,97981.04695476081
1259.9730336666107,-0.6702568590597245,97982.54225928473
1260.068651676178,-0.6709917898262374,97985.18803335626
1260.1856777668,-0.6725535177050772,97988.06923002063
1260.2852194309235,-0.6731047157799619,97990.06230701857
1260.3842339515686,-0.6713592552094938,97992.15607631672
1260.4816842079163,-0.6751257753878722,97995.14046868504
1260.5781762599945,-0.6765037705750838,97997.72642181655
1260.6761474609375,-0.6790760282578788,97999.4537796349
1260.7731671333313,-0.6815564195948597,98001.50840167141
1260.8687055110931,-0.6814645532490456,98003.15756150427
1260.9857256412506,-0.6826588157446289,98004.94180535385
1261.0835886001587,-0.6833937465111418,98007.14762481846
1261.17853474617,-0.6822913503613726,98009.93286233662
1261.2751469612122,-0.6823832167071867,98010.23957610296
1261.3726394176483,-0.6797190926785776,98012.61561849267
1261.4898941516876,-0.6806377561367186,98014.1540566434
1261.5843620300293,-0.6826588157446289,98016.83865097907
1261.681429862976,-0.6812808205574173,98016.75478588117
1261.7777395248413,-0.6823832167071867,98018.07930729305
1261.875497341156,-0.6814645532490456,98019.27137656375
1261.9696516990662,-0.686057870539751,98019.54423890737
1262.0877754688263,-0.6858741378481227,98020.38981501664
1262.184639930725,-0.6856904051564945,98020.65083351497
1262.2803084850311,-0.6896406580265011,98021.68575016348
1262.3773317337036,-0.6890894599516165,98021.91717514713
1262.474983215332,-0.6928559801299948,98025.42545763242
1262.5694451332092,-0.6958875695418604,98027.38291186918
1262.6894128322601,-0.6924885147467384,98029.54462068225
1262.7846732139587,-0.6923047820551103,98031.59015861402
1262.8814942836761,-0.6940502426255782,98032.33114275262
1262.9779753684998,-0.6948770397379053,98033.49802847735
1263.0759308338165,-0.6966225003083732,98036.24822562962
1263.1732511520386,-0.698184228187213,98037.72340306667
1263.2687911987305,-0.6984598272246554,98039.55106276002
1263.3858904838562,-0.7017670156739633,98041.89595648402
1263.484194278717,-0.7035124762444313,98044.20636083563
1263.5813403129578,-0.7038799416276877,98047.48572475206
1263.6781766414642,-0.70415554066513,98048.63715227685
1263.7761685848236,-0.7037880752818736,98050.77343704917
1263.8731832504272,-0.7098512541056047,98051.39609334424
1263.9694647789001,-0.7039718079735018,98053.25648400982
1264.087821006775,-0.7059010012355981,98053.43083560884
1264.1849267482758,-0.7038799416276877,98054.28775204795
1264.2832629680634,-0.7059010012355981,98056.65897684316
1264.3812067508698,-0.7069115310395532,98057.49307915884
1264.4781181812286,-0.7097593877597905,98057.34377124296
1264.575583934784,-0.709208189684906,98058.30939411867
1264.6731116771698,-0.7080139271893225,98058.7784547068
1264.7689473628998,-0.7096675214139765,98059.90060923612
1264.8859748840332,-0.713617774283983,98060.41054831252
1264.983434677124,-0.7128828435174702,98060.36949348127
1265.078988313675,-0.7104943185263034,98061.33254413314
1265.1774458885193,-0.7115048483302586,98062.19928971982
1265.2746088504791,-0.7149039031253805,98063.97936074784
1265.3725850582123,-0.7147201704337524,98065.58142467306
1265.468291759491,-0.7137096406297971,98066.52328220576
1265.5857107639313,-0.7165574973500345,98069.57095398518
1265.6842062473297,-0.7191297550328295,98071.31385858667
1265.7813959121704,-0.7211508146407398,98072.182472728
1265.8780884742737,-0.7206914829116693,98075.3642254552
1265.9757542610168,-0.723906805015163,98077.72780290968
1266.0731580257416,-0.7273977261560991,98080.15502261871
1266.1682460308075,-0.7278570578851696,98083.93952035684
1266.2856061458588,-0.7330015732507597,98085.24556832116
1266.3843355178833,-0.731623578063548,98087.72101148905
1266.4793148040771,-0.7330934395965737,98089.84891034014
1266.5769407749176,-0.737594890541465,98091.76401930612
1266.6734170913696,-0.7387891530370484,98093.4876173755
1266.7688837051392,-0.7384216876537919,98095.33885563795
1266.8857834339142,-0.738513553999606,98096.50497007415
1266.9832990169525,-0.7407183462991446,98098.25447306673
1267.0782301425934,-0.7392484847661189,98100.22902576005
1267.1760036945343,-0.7442092674400806,98101.30612318405
1267.273213148117,-0.7418207424489138,98102.47551086565
1267.3689596652985,-0.7457709953189204,98104.12795977909
1267.48592710495,-0.744484866477523,98105.91516380118
1267.5848264694214,-0.7469652578145038,98106.32364742107
1267.6820979118347,-0.7460465943563628,98106.39128267896
1267.7782752513885,-0.7454953962814782,98108.55215441107
1267.8762788772583,-0.7469652578145038,98110.69693896997
1267.9733543395996,-0.7477920549268309,98111.52724507297
1268.0690162181854,-0.7506399116470681,98112.67452056568
1268.1858310699463,-0.749629381843113,98113.20706850912
1268.2832622528076,-0.7516504414510233,98114.98636165822
1268.3791718482971,-0.7535796347131196,98117.18772549239
1268.4759855270386,-0.7520179068342797,98120.36895294314
1268.5730421543121,-0.7575298875831262,98123.43205764884
1268.6689069271088,-0.7545901645170747,98125.38885188397
1268.7883989810944,-0.7589997491161519,98127.34996669558
1268.8852767944336,-0.7588160164245237,98129.31497002601
1268.9832582473755,-0.7559681597042863,98131.68347302341
1269.0791547298431,-0.7584485510412673,98134.81512572107
1269.1769547462463,-0.7592753481535942,98137.43361314897
1269.2737112045288,-0.7638686654442995,98138.89025183408
1269.3681757450104,-0.7636849327526714,98141.30122665067
1269.4855151176453,-0.7669002548561651,98143.8711039856
1269.5842199325562,-0.7666246558187227,98145.78399358704
1269.6813962459564,-0.7680945173517485,98149.90559422834
1269.7783164978027,-0.7672677202394215,98152.01503480552
1269.8762574195862,-0.7708505077261717,98152.91353132497
1269.9749348163605,-0.7699318442680306,98155.82217819248
1270.072906255722,-0.7714935721468704,98157.03996037324
1270.1688611507416,-0.772871567334082,98159.63596433592
1270.2859902381897,-0.7736064981005949,98160.57236790232
1270.3839900493622,-0.7743414288671078,98161.91513111208
1270.4787850379944,-0.7737902307922231,98163.12361800087
1270.5762758255005,-0.7748007605961783,98164.01125620079
1270.6734082698822,-0.7730553000257102,98165.61013058071
1270.7691838741302,-0.7760868894375758,98165.34911752264
1270.8878285884857,-0.7751682259794347,98165.71420577037
1270.9850635528564,-0.777097419241531,98167.44278519334
1271.0815770626068,-0.7781079490454862,98167.79850667402
1271.1804859638214,-0.7765462211666463,98169.31865600662
1271.2772209644318,-0.7740658298296654,98170.98679040596
1271.372844696045,-0.7730553000257102,98172.38811136538
1271.4690430164337,-0.7708505077261717,98172.94930022885
1271.587426185608,-0.7723203692591974,98175.15437020597
1271.6850214004517,-0.7731471663715244,98176.53893318537
1271.7804403305054,-0.7723203692591974,98179.28503986682
1271.8773953914642,-0.7770055528957168,98181.35653588014
1271.975622177124,-0.7759031567459476,98183.12088229212
1272.0730838775635,-0.7776486173164157,98185.3087940629
1272.1683604717255,-0.7801290086533965,98186.57791465662
1272.2857222557068,-0.7841711278692172,98188.72012319096
1272.3858301639557,-0.7866515192061981,98190.04811087187
1272.4842228889465,-0.7878457817017814,98191.74329978468
1272.5796489715576,-0.7902343066929483,98193.36896980621
1272.6771671772003,-0.7904180393845764,98194.8320728256
1272.7746315002441,-0.7882132470850379,98196.64886554304
1272.8696167469025,-0.7901424403471341,98197.78397898875
1272.9880139827728,-0.7880295143934097,98197.10558108988
1273.0851233005524,-0.7866515192061981,98196.5950229809
1273.1829488277435,-0.789223776888993,98196.6355206828
1273.2790937423706,-0.789223776888993,98197.67196861452
1273.3769888877869,-0.7898668413096919,98199.50477175308
1273.4737524986267,-0.7901424403471341,98201.35429457777
1273.571308851242,-0.7906936384220188,98202.41886512
1273.6880824565887,-0.7897749749638777,98203.07697860799
1273.7851898670197,-0.7894993759264354,98202.26928074719
1273.8834161758423,-0.7911529701510893,98202.24235267247
1273.9791412353516,-0.7898668413096919,98202.81811740523
1274.0769617557526,-0.7911529701510893,98203.8363056647
1274.1735968589783,-0.7939089605255125,98204.15267509823
1274.2694475650787,-0.7957462874417947,98205.33740758842
1274.3878509998322,-0.7964812182083075,98204.50366682958
1274.4850008487701,-0.794368292254583,98205.15330014663
1274.5818107128143,-0.7984104114704038,98205.33797013196
1274.6788380146027,-0.8008908028073847,98206.10417311877
1274.7789540290833,-0.8008908028073847,98207.99375580689
1274.8769571781158,-0.7977673470497051,98209.69438022621
1274.973578453064,-0.7979510797413333,98209.4249422036
1275.0687851905823,-0.7996965403118013,98210.28244798323
1275.1856858730316,-0.8034630604901797,98211.95420318491
1275.2841906547546,-0.8072295806685581,98213.85878286643
1275.3800406455994,-0.8064027835562311,98215.77290457979
1275.4772880077362,-0.8076889123976286,98216.29561412182
1275.574784040451,-0.8104449027720518,98217.16605270964
1275.6728394031525,-0.8128334277632185,98217.04944743868
1275.7695264816284,-0.813200893146475,98217.94450269482
1275.8881647586823,-0.8118228979592634,98219.15005242535
1275.9868748188019,-0.8153138191001995,98222.43504718281
1276.0852200984955,-0.8164162152499688,98225.19154246453
1276.1801130771637,-0.8170592796706675,98227.67238821808
1276.27734041214,-0.8158650171750841,98223.70514939628
1276.3754589557648,-0.7675433192768638,98197.03463445665
1276.4735295772552,-0.7681863836975625,98172.63117101099
1276.569679260254,-0.7716773048384986,98152.16805390989
1276.6881608963013,-0.7758112904001334,98134.9512485189
1276.7853274345398,-0.7791184788494413,98119.65612366701
1276.8836741447449,-0.7813232711489799,98105.59051130031
1276.978874206543,-0.7849979249815442,98093.33146017029
1277.0770435333252,-0.7881213807392238,98079.89831415325
1277.1772348880768,-0.7873864499727109,98070.80848273792
1277.2726211547852,-0.7894993759264354,98061.52763446413
1277.3691132068634,-0.7927146980299291,98053.47487101772
1277.4877989292145,-0.7980429460871473,98049.52738391595
1277.5853168964386,-0.8041061249108784,98045.87464552435
1277.680386543274,-0.8061271845187887,98041.48718097192
1277.7776577472687,-0.8081482441266992,98038.43846287474
1277.8760459423065,-0.8109042345011224,98037.29461658726
1277.9734945297241,-0.8147626210253148,98036.76515492854
1278.0686480998993,-0.8211013988864883,98037.88863943568
1278.1859471797943,-0.829553102701386,98041.59977549211
1278.2847681045532,-0.8324009594216234,98044.53979794291
1278.3816616535187,-0.8383722718995403,98050.38581814863
1278.4791135787964,-0.8438842526483867,98055.54723633376
1278.5768642425537,-0.8488450353223486,98060.69251270038
1278.6738085746765,-0.8547244814544513,98067.42326143035
1278.7690768241882,-0.857847937212131,98074.3809352873
1278.8884139060974,-0.8631761852693492,98082.14284175857
1278.9853818416595,-0.8676776362142404,98089.42855758271
1279.0845801830292,-0.8705254929344778,98096.58570182444
1279.1802484989166,-0.8736489486921574,98103.52713164201
1279.2775402069092,-0.8814575880863565,98111.6744184778
1279.3761105537415,-0.8837542467317092,98118.30697663003
1279.473537683487,-0.8826518505819398,98125.87627896703
1279.569594860077,-0.8876126332559017,98132.28865107032
1279.6689946651459,-0.8893580938263697,98139.2597859633
1279.7863698005676,-0.8911954207426518,98146.23380736697
1279.8847110271454,-0.8955131389959149,98153.21042663028
1279.9805841445923,-0.8981772630245239,98158.88938396725
1280.0778648853302,-0.8934002130421904,98163.90044557053
1280.1767482757568,-0.8979935303328958,98169.21040101348
1280.2738337516785,-0.896431802454056,98175.68936091213
1280.3691234588623,-0.899922723594992,98180.92042482093
1280.4879627227783,-0.9025868476236011,98186.72838233883
1280.585299730301,-0.9055265706896525,98191.95554410495
1280.680453300476,-0.9075476302975629,98196.95998969446
1280.777560710907,-0.9122328139340823,98201.36399072502
1280.8768413066864,-0.9130596110464093,98205.62759165252
1280.9736814498901,-0.9124165466257106,98209.36483248728
1281.069001674652,-0.9191227898701404,98214.32834923855
1281.18616604805,-0.9247266369648008,98219.5955143147
1281.2845695018768,-0.9294118206013203,98223.83596288323
1281.3805549144745,-0.9326271427048141,98227.8523665949
1281.4778134822845,-0.9348319350043527,98232.26712993541
1281.57603597641,-0.9376797917245899,98234.54041694188
1281.67365026474,-0.9276663600308523,98230.6863752477
1281.7691395282745,-0.8344220190295337,98250.41773772294
1281.8684976100922,-0.7653385269773253,98273.77596395064
1281.9861180782318,-0.7651547942856971,98296.39836755558
1282.0854089260101,-0.7648791952482548,98316.15853080002
1282.184424161911,-0.7691969135015178,98334.54267772002
1282.2805688381195,-0.7699318442680306,98350.58840994802
1282.3779191970825,-0.7758112904001334,98366.02956895322
1282.4764313697815,-0.7770055528957168,98379.9266120579
1282.573637008667,-0.779669676924326,98393.03395085211
1282.670075893402,-0.7821500682613068,98405.5305557669
1282.768856048584,-0.7856409894022429,98415.87750019022
1282.8863673210144,-0.7876620490101532,98425.8897501712
1282.9851124286652,-0.7885807124682943,98434.90077515409
1283.080159664154,-0.7912448364969035,98444.41069763868
1283.1775805950165,-0.7904180393845764,98452.66962787481
1283.2778713703156,-0.7928984307215574,98459.10266508732
1283.37628531456,-0.7937252278338843,98465.3923985786
1283.4737780094147,-0.7951950893669101,98471.65315872074
1283.5702633857727,-0.798594144162032,98475.98784284867
1283.6689085960388,-0.8014420008822694,98481.1890585638
1283.7860021591187,-0.8026362633778527,98486.47015270742
1283.8846728801727,-0.8036467931818079,98490.4231374367
1283.9804844856262,-0.8056678527897182,98495.08082369302
1284.0778267383575,-0.8103530364262377,98497.87274132372
1284.1762239933014,-0.8088831748932119,98502.28546719135
1284.2735829353333,-0.8058515854813465,98505.85692047222
1284.369710445404,-0.8109042345011224,98509.071228425
1284.469946861267,-0.8153138191001995,98511.6641055825
1284.5865156650543,-0.8187128738953214,98514.69769502425
1284.684885263443,-0.8215607306155588,98516.62792552184
1284.780749320984,-0.8240411219525396,98518.36513296966
1284.877692937851,-0.8271645777102192,98520.5286196727
1284.976705789566,-0.828634439243245,98522.27575770543
1285.0738570690155,-0.8324009594216234,98524.5481819349
1285.1702630519867,-0.8359837469083735,98524.79336374141
1285.268822669983,-0.8450785151439701,98524.61402736728
1285.3861832618713,-0.8493962333972331,98525.75262463056
1285.4849224090576,-0.8547244814544513,98526.77736216752
1285.5806019306183,-0.8541732833795668,98526.49962595076
1285.679485321045,-0.8605120612407401,98527.7496633557
1285.777395248413,-0.8623493881570222,98528.77469702014
1285.8721327781677,-0.8606957939323683,98529.59722731813
1285.9696695804596,-0.8633599179609774,98531.23750458632
1286.0688178539276,-0.857847937212131,98530.81375412768
1286.1863677501678,-0.8520603574258423,98528.73237871492
1286.2850902080536,-0.8397502670867519,98524.95914084344
1286.380440235138,-0.8414957276572199,98523.16322675909
1286.4779193401337,-0.8443435843774573,98520.44690408319
1286.5766496658325,-0.8450785151439701,98518.50221367487
1286.673935174942,-0.8453541141814125,98517.2519923074
1286.7701988220215,-0.8494880997430473,98516.32679307666
1286.8706181049347,-0.851876624734214,98515.494113769
1286.9865515232086,-0.856102476641663,98514.44470239211
1287.085105419159,-0.8577560708663169,98514.10023215291
1287.1806931495667,-0.8596852641284132,98515.29020893763
1287.2777330875397,-0.8634517843067915,98515.76118804386
1287.376685142517,-0.8649216458398172,98515.68506923948
1287.4738764762878,-0.8669427054477276,98516.61656231554
1287.569524049759,-0.8709848246635483,98516.85490608399
1287.688294172287,-0.8728221515798305,98517.9694154756
1287.7854430675507,-0.8739245477295997,98520.17247392805
1287.8841633796692,-0.8771398698330934,98522.55522653525
1287.9803216457367,-0.8793446621326321,98523.89970388173
1288.079311132431,-0.8809063900114719,98525.70973349355
1288.1775424480438,-0.8850403755731067,98525.6387601442
1288.2725183963776,-0.8832949150026387,98525.57488412978
1288.3694047927856,-0.8825599842361258,98527.0173957168
1288.488357782364,-0.8809063900114719,98527.81565614512
1288.5829544067383,-0.8817331871237988,98528.7340905306
1288.6799666881561,-0.8794365284784461,98528.86068147754
1288.7772762775421,-0.8815494544321706,98528.97461332979
1288.8747284412384,-0.8846729101898503,98528.67715199682
1288.969916343689,-0.8847647765356643,98529.90943679714
1289.087567806244,-0.8856834399938054,98532.01849311743
1289.185379266739,-0.8883475640224145,98533.1166438057
1289.2857661247253,-0.8884394303682286,98534.00497942512
1289.3810594081879,-0.890460489976139,98535.80448148261
1289.4777927398682,-0.8922978168924212,98537.62403333434
1289.5763125419617,-0.8971667332205688,98537.96163000092
1289.673763036728,-0.8953294063042867,98537.16546700083
1289.770459651947,-0.8945026091919597,98538.24892030076
1289.8689908981323,-0.896431802454056,98539.0240282707
1289.9862418174744,-0.8958806043791713,98539.52162544362
1290.084852695465,-0.8941351438087033,98540.06946289926
1290.1817865371704,-0.8945944755377738,98541.66251660934
1290.279676914215,-0.8915628861259083,98542.79626494841
1290.3775353431702,-0.8923896832382352,98543.51663845357
1290.4756944179535,-0.8952375399584726,98546.06497460822
1290.571986913681,-0.8946863418835879,98550.55847714741
1290.6697680950165,-0.8851322419189208,98555.50262943267
1290.7688102722168,-0.7002052877951234,98498.3523664894
1290.8861770629883,-0.5544133969881356,98444.71712984046
1290.983451128006,-0.5591904469704692,98395.54541685642
1291.0804090499878,-0.5636918979153605,98352.89087517078
1291.176766872406,-0.5631406998404758,98315.0017876537
1291.2739253044128,-0.5619464373448924,98280.10160888833
1291.370693206787,-0.566723487327226,98249.8914479995
1291.4692950248718,-0.5681933488602516,98222.50230319955
1291.5687236785889,-0.5686526805893222,98197.8520728796
1291.6861300468445,-0.5712249382721172,98175.46686559163
1291.7688901424408,-0.5732459978800276,98155.82017903247
1291.8688969612122,-0.571868002692816,98137.53816112923
1291.9690344333649,-0.5675502844395529,98121.7843450163
1292.0691781044006,-0.5595579123537257,98106.80591051467
1292.168907403946,-0.5584555162039564,98094.0253194632
1292.2688415050507,-0.559833511391168,98081.12278751688
1292.368822813034,-0.5589148479330269,98068.9105087652
1292.469031572342,-0.5601091104286102,98058.41945788868
1292.5692899227142,-0.5609359075409373,98049.87751209982
1292.6687960624695,-0.5614871056158218,98042.28976088983
1292.7689509391785,-0.5589148479330269,98035.16078480086
1292.8689603805542,-0.5580880508206999,98029.44470632078
1292.9690549373627,-0.559006714278841,98023.5002356887
1293.0685336589813,-0.5562507239044178,98017.05021211982
1293.1686539649963,-0.5555157931379049,98011.14519090785
1293.268670797348,-0.5575368527458153,98007.23067181706
1293.3688459396362,-0.5583636498581422,98004.00760463535
1293.4688861370087,-0.5516574066137124,97999.90684417183
1293.5692002773285,-0.5505550104639432,97996.31615975464
1293.6692457199097,-0.5560669912127896,97993.58454377917
1293.7684984207153,-0.5525760700718535,97993.02608940126
1293.8687453269958,-0.5498200796974303,97993.42348046113
1293.9689223766327,-0.5457779604816095,97986.38113241503
1294.068862915039,-0.5206984480743584,97973.14301917353
1294.169236421585,-0.5120630115678323,97957.72871725618
1294.2684774398804,-0.5025089116031652,97940.65584553056
1294.3689680099487,-0.48496243955267077,97920.7902609775
1294.4692058563232,-0.47834806265405505,97901.01123487976
1294.5691678524017,-0.46116905598681707,97876.21011139179
1294.6686708927155,-0.4496857627600537,97849.38910025262
1294.7691287994385,-0.4399479301037583,97823.75019022737
1294.8683965206146,-0.43360915224258495,97797.47517120464
1294.9686551094055,-0.43085316186816175,97773.72765408418
1295.0688450336456,-0.4325067560928157,97752.25488867576
1295.1690549850464,-0.42883210226025137,97733.22939980819
1295.2691097259521,-0.4273622407272257,97715.70645982737
1295.3688147068024,-0.4312206272514182,97700.93581384464
1295.4688138961792,-0.4326904887844439,97685.74223246018
1295.5686621665955,-0.43351728589677085,97673.26800921417
1295.668757200241,-0.38464438992366595,97639.34120829275
1295.7690200805664,-0.35368543138431185,97573.90708746348
1295.8687512874603,-0.09039648428108127,97514.61637871714
1295.969351530075,-0.1341248648885962,97468.65474084542
1296.0690670013428,-0.09783765829202394,97423.98926676088
1296.1684985160828,-0.03077522584772584,97369.1903400848
1296.2691133022308,-0.01065649611443641,97320.07130607632
1296.3693034648895,0.016260343209096934,97267.8641754687
1296.4692704677582,0.0019291932620962467,97232.97775792182
1296.5685884952545,0.0006430644206987489,97195.27998212965
1296.6686770915985,-0.008359837469083736,97160.25198391669
1296.769067287445,0.020761794153988176,97130.02678552503
1296.8693556785583,-0.01736273935886622,97103.22410697253
1296.9693386554718,0.00946223361885302,97076.10169627528
1297.0691921710968,0.017270873013052114,97055.59152664775
1297.1683642864227,0.009645966310481233,97033.93237398297
1297.2685046195984,0.023242185490969066,97016.93913658467
1297.368724346161,0.005236381711404098,97006.4452229262
1297.4688003063202,0.014514882638628903,96988.20070063358
1297.568900346756,0.09903192078760732,96969.78063057021
1297.6683764457703,0.02985656238958477,96951.50256751319
1297.7686104774475,0.0038583865241924933,96941.75231076186
1297.8689284324646,0.0008267971123269628,96933.47707968568
1297.9688820838928,-0.0170871403214239,96928.5293717171
1298.0690717697144,-0.020578061462359964,96927.1764345454
1298.1685297489166,0.00881916919815427,96921.25879109086
1298.2686500549316,0.0029397230660514234,96917.03291198178
1298.3691391944885,0.0032153221034937444,96913.52962078359
1298.4688713550568,0.006246911515359275,96910.47665870524
1298.569307088852,0.0027559903744232093,96906.72899283473
1298.6692934036255,0.0024803913369808887,96903.55609355126
1298.7690167427063,0.0035827874867501723,96900.60048419613
1298.8689453601837,0.0028478567202373166,96898.64043577653
1298.9688475131989,0.005236381711404098,96895.27639219888
1299.0691571235657,0.00578757978628874,96893.64875297899
1299.1689219474792,0.004133985561634814,96891.7838776811
1299.2692856788635,0.005328248057218205,96889.305489913
1299.3692531585693,0.0010105298039551768,96887.1749409217
1299.468422651291,0.004409584599077135,96885.65744682953
1299.56844830513,0.0037665201783783865,96883.49170214657
1299.6686310768127,0.0031234557576796376,96881.94253193191
1299.7686131000519,0.0035827874867501723,96880.84827873873
1299.8687722682953,0.0027559903744232093,96880.46345086486
1299.9687604904175,0.0034909211409360655,96880.11710577838
1300.0686373710632,0.0022966586453526745,96879.40539520055
1300.1687211990356,0.0022047922995385677,96880.5648556805
1300.2687063217163,0.004133985561634814,96878.60837011246
1300.3686435222626,0.0031234557576796376,96878.24753310121
1300.468638420105,0.0021129259537244604,96877.72277979109
1300.5684695243835,0.003399054795121958,96877.05050181199
1300.6685638427734,0.0031234557576796376,96876.5454516308
1300.7692811489105,0.0005511980748846419,96876.39090646771
1300.8690946102142,0.0017454605704680327,96877.35181582095
1300.969028711319,0.0015617278788398188,96878.41663423886
1301.0689392089844,0.0,96879.67497081499
1301.168818950653,0.0015617278788398188,96880.20747373349
1301.2686460018158,0.0004593317290705349,96880.08672636014
1301.3686892986298,-0.0021129259537244604,96880.17805372413
1301.468712568283,0.0018373269162821396,96880.16024835172
1301.5689797401428,0.0017454605704680327,96881.04422351654
1301.669033050537,0.0008267971123269628,96881.0398011649
1301.7690963745117,0.0015617278788398188,96882.3358210484
1301.8691985607147,0.0014698615330257117,96882.30223894356
1301.9690816402435,-0.0131368874514173,96876.77201504921
1302.0686197280884,0.015892877825840507,96874.6948135443
1302.1689417362213,-0.09324434100131859,96890.52533218986
1302.2685647010803,-0.19475665312590681,96913.17279897087
1302.3692610263824,-0.20688301077336893,96935.05551907378
1302.468683719635,-0.21616151170059372,96956.5499671664
1302.5683796405792,-0.22176535879525425,96975.09497044976
1302.6688015460968,-0.23177879048899191,96992.58547340479
1302.7692172527313,-0.17555658685075845,96992.22692606431
1302.8692886829376,0.009554099964667126,96977.60423345788
1302.9690613746643,0.006338777861173382,96963.2438101121
1303.0692517757416,0.009645966310481233,96950.5194291009
1303.1692740917206,0.0079005057400132,96937.26748619082
1303.268450975418,0.0079005057400132,96930.24073757173
1303.3690066337585,-0.10959655055622963,96937.71666381456
1303.4687225818634,-0.13651338987976297,96946.1449974331
1303.568528175354,-0.11033148132274248,96949.73049768979
1303.6686861515045,-0.023517784528411387,96948.05744792082
1303.7685284614563,-0.06862416032313792,96948.15170312874
1303.869035243988,-0.03472547871773244,96946.23653281586
1303.968373298645,-0.029397230660514233,96941.01287953428
1304.068686723709,-0.08010745354990129,96943.81159158084
1304.1683621406555,-0.08212851315781164,96940.93043242276
1304.268818616867,-0.12824541875649334,96939.93738918049
1304.3685235977173,-0.23223812221806245,96948.44365026244
1304.4685089588165,-0.27844689416255824,96964.5992852362
1304.568526506424,-0.29939242100817465,96983.93935671258
1304.669144153595,-0.30352640656980945,97000.54542104133
1304.7685511112213,-0.26613680382346794,96997.4908789372
1304.8692514896393,-0.08644623141107467,96989.74179104347
1304.9688966274261,-0.09195821215992109,96987.96761193912
1305.0689709186554,-0.09673526214225465,96986.27085074522
1305.169328212738,-0.09884818809597912,96984.04376567069
1305.2689294815063,-0.09884818809597912,96983.53938910362
1305.3689036369324,-0.0974701929087675,96981.68545019327
1305.4692401885986,-0.09710272752551108,96979.81690517395
1305.5685906410217,-0.09664339579644055,96978.63521465656
1305.6690533161163,-0.09581659868411359,96977.9716931909
1305.769184589386,-0.09673526214225465,96977.77452387182
1305.8683784008026,-0.09636779675899823,96976.89707148464
1305.968486070633,-0.09462233618853019,96975.40736433618
1306.0691561698914,-0.09563286599248537,96974.66662790257
1306.168951511383,-0.09397927176783144,96974.09996511231
1306.2683804035187,-0.09407113811364555,96974.48996860109
1306.3685071468353,-0.09462233618853019,96973.94097174097
1306.4687604904175,-0.09269314292643395,96973.74687456687
1306.5689659118652,-0.09315247465550448,96973.4721871102
1306.6691589355469,-0.09361180638457502,96972.82496839917
1306.76926779747,-0.09159074677666466,96971.94247155925
1306.8686532974243,-0.08883475640224145,96971.14822440333
1306.9686250686646,-0.08975341986038252,96969.93340196299
1307.0692565441132,-0.09122328139340824,96967.7400617667
1307.1684577465057,-0.09508166791760073,96971.16605559003
1307.269036769867,-0.09407113811364555,96976.14945003104
1307.3684723377228,-0.118507586100198,96987.93450502792
1307.468979358673,-0.12135544282043532,96998.04105452512
1307.5692336559296,-0.12071237839973657,97005.03694907262
1307.6685485839844,-0.10812668902320392,97008.53325416536
1307.768797636032,-0.07285001223058683,97002.67992874882
1307.8683824539185,-0.07257441319314452,96997.81193587393
1307.9686834812164,-0.07193134877244577,96992.33074228655
1308.0692830085754,-0.07560600260501005,96987.79766805789
1308.1690287590027,-0.07275814588477272,96983.6179012521
1308.2688598632812,-0.07027775454779184,96979.25611112689
1308.368411064148,-0.07174761608081755,96975.8305000142
1308.4683978557587,-0.07165574973500345,96972.44745001278
1308.5687732696533,-0.058243263246143824,96966.90270501151
1308.668485879898,-0.05475234210520776,96959.21243451037
1308.768917798996,-0.05080208923520116,96955.09119105933
1308.8689501285553,-0.0499752921228742,96949.78207195339
1308.9689574241638,-0.046943702711008665,96943.20386475805
1309.0689888000488,-0.048505430589848485,96938.58347828225
1309.1693370342255,-0.04832169789822027,96935.12513045402
1309.2687282562256,-0.04914849501054724,96929.61261740862
1309.3692905902863,-0.03454174602610423,96925.85135566776
1309.4685642719269,-0.03105082488516816,96919.16622010099
1309.5691664218903,-0.037389602746341545,96914.54959809089
1309.6685721874237,-0.029672829697956555,96909.39463828181
1309.7689545154572,-0.039135063316809576,96907.45517445363
1309.8692235946655,-0.040696791195649396,96905.90965700826
1309.968440771103,-0.03959439504588011,96904.01869130743
1310.0690350532532,-0.042074786382860996,96901.91682217669
1310.1691670417786,-0.041799187345418674,96899.82513995902
1310.2684733867645,-0.041891053691232784,96899.54262596312
1310.368632555008,-0.04051305850402118,96898.18836336682
1310.4692945480347,-0.03757333543796976,96897.16952703014
1310.5692887306213,-0.04088052388727761,96895.65257432713
1310.6685078144073,-0.04143172196216225,96893.98731689442
1310.768579006195,-0.03986999408332243,96893.38858520499
1310.8692908287048,-0.04170732099960457,96891.24972668449
1310.968581199646,-0.03996186042913654,96890.72475401605
1311.0690093040466,-0.0394106623542519,96890.35227861445
1311.1683769226074,-0.04051305850402118,96890.617050753
1311.2689809799194,-0.038859464279367255,96889.65534567772
1311.3693056106567,-0.04106425657890582,96890.28981110995
1311.4684660434723,-0.042166652728675105,96889.96082999895
1311.5687041282654,-0.04639250463612403,96892.96474699906
1311.6684741973877,-0.04455517771984189,96894.06827229915
1311.7692370414734,-0.043912113299143136,96895.96144506923
1311.8690867424011,-0.04262598445774564,96898.46530056231
1311.9685907363892,-0.04483077675728421,96900.41877050609
1312.0692400932312,-0.045565707523797065,96901.57689345548
1312.168842792511,-0.04326904887844439,96903.31920410992
1312.2691791057587,-0.04639250463612403,96904.58728369894
1312.368673324585,-0.04409584599077135,96904.72855532906
1312.4692213535309,-0.0434527815700726,96906.75569979615
1312.5688152313232,-0.046668103673566344,96907.08012981653
1312.6684577465057,-0.04492264310309831,96907.27211683488
1312.7684254646301,-0.04565757386961117,96906.6449051514
1312.8690524101257,-0.04639250463612403,96907.08041463628
1312.9692153930664,-0.041799187345418674,96907.77237317264
1313.06885099411,-0.04593317290705349,96907.49513585538
1313.1687252521515,-0.04455517771984189,96907.24562226984
1313.268720626831,-0.043820246953329034,96908.62106004286
1313.369353055954,-0.046759970019380453,96907.15895403858
1313.468966960907,-0.04620877194449581,96907.34305863471
1313.568424463272,-0.04593317290705349,96908.10875277124
1313.6690695285797,-0.04630063829030992,96908.59787749412
1313.7686626911163,-0.045290108486354744,96907.93808974471
1313.8692917823792,-0.04620877194449581,96909.14428077024
1313.9688529968262,-0.043728380607514925,96908.92985269321
1314.0686013698578,-0.045381974832168846,96908.73686742388
1314.1690669059753,-0.04639250463612403,96908.8631806815
1314.2686748504639,-0.04446331137402778,96908.97686261334
1314.369302034378,-0.04896476231891902,96908.779176352
1314.4686398506165,-0.0460250392528676,96909.3012587168
1314.5684547424316,-0.043636514261700815,96909.17113284513
1314.6693799495697,-0.04813796520659206,96909.55401956063
1314.7690796852112,-0.045290108486354744,96908.69861760458
1314.868979692459,-0.04170732099960457,96909.72875584412
1314.9688882827759,-0.04437144502821367,96910.05588025971
1315.0683794021606,-0.04446331137402778,96910.05029223373
1315.169193983078,-0.046759970019380453,96909.84526301037
1315.2690026760101,-0.046759970019380453,96910.36073670934
1315.368978023529,-0.04501450944891242,96910.12466303841
1315.4684870243073,-0.04483077675728421,96909.61219673457
1315.5684132575989,-0.04630063829030992,96910.25097706112
1315.6689426898956,-0.04630063829030992,96909.82587935502
1315.7686507701874,-0.04492264310309831,96909.34329141951
1315.86874294281,-0.04492264310309831,96909.50896227757
1315.9686706066132,-0.04565757386961117,96908.85806604981
1316.0689270496368,-0.04685183636519456,96909.27225944484
1316.1685523986816,-0.043636514261700815,96910.74503350035
1316.2689785957336,-0.04749490078589331,96910.67053015032
1316.3691504001617,-0.04455517771984189,96910.8034771353
1316.4691359996796,-0.04657623732775224,96910.92312942176
1316.5687618255615,-0.04611690559868171,96911.4308164796
1316.6692385673523,-0.04565757386961117,96911.28773483164
1316.769196510315,-0.0447389104114701,96911.25896134849
1316.8691821098328,-0.047311168094265096,96910.63306521364
1316.9691426753998,-0.044003979644957246,96910.16975869228
1317.0685892105103,-0.045290108486354744,96908.75278282307
1317.1688923835754,-0.04106425657890582,96908.27750454076
1317.2691016197205,-0.043912113299143136,96908.04975408669
1317.3686859607697,-0.043820246953329034,96908.94477867802
1317.4689402580261,-0.04611690559868171,96909.65030081023
1317.5692250728607,-0.04565757386961117,96908.68527072921
1317.6692850589752,-0.041891053691232784,96906.1167436563
1317.7685897350311,-0.04152358830797635,96904.60506929067
1317.8687317371368,-0.040421192158207074,96903.24456236161
1317.9686875343323,-0.04152358830797635,96902.12010612544
1318.0687730312347,-0.0407886575414635,96900.4080955129
1318.1687908172607,-0.03986999408332243,96899.06728596162
1318.269015789032,-0.04299344984100207,96898.96055736546
1318.369152545929,-0.042258519074489215,96898.0645016289
1318.469161748886,-0.040696791195649396,96899.25805146602
1318.5684854984283,-0.040329325812392965,96900.03224631942
1318.6688482761383,-0.04308531618681617,96899.82902168747
1318.769362449646,-0.04290158349518796,96900.94611951873
1318.869204044342,-0.04152358830797635,96901.05150756685
1318.9685316085815,-0.04124798927053404,96901.14635681016
1319.0688564777374,-0.04354464791588671,96900.13172112915
1319.1686215400696,-0.0447389104114701,96899.11854901623
1319.2687318325043,-0.043360915224258494,96900.30669411461
1319.3687574863434,-0.04280971714937385,96900.27602470315
1319.4687144756317,-0.04427957868239957,96899.64842223283
1319.5686790943146,-0.04308531618681617,96898.88358000954
1319.6688952445984,-0.04235038542030332,96899.19522200858
1319.768923997879,-0.04244225176611743,96899.67569980772
1319.8690061569214,-0.04630063829030992,96899.40812982694
1319.9684298038483,-0.04483077675728421,96899.36731684425
1320.0690121650696,-0.04409584599077135,96899.43058515982
1320.1687815189362,-0.042534118111931536,96900.28752664384
1320.2684671878815,-0.037022137363085114,96904.95877397945
1320.3686208724976,-0.04143172196216225,96905.26289658151
1320.4687814712524,-0.04308531618681617,96905.53660692336
1320.5688157081604,-0.04124798927053404,96904.68294623103
1320.6690046787262,-0.04290158349518796,96904.41465160792
1320.7690751552582,-0.04409584599077135,96903.37318644712
1320.8684210777283,-0.045290108486354744,96902.2358678024
1320.9693207740784,-0.04299344984100207,96901.51228102217
1321.0684187412262,-0.04409584599077135,96900.86105291995
1321.168705701828,-0.04464704406565599,96900.57494762796
1321.2686393260956,-0.04501450944891242,96899.71745286517
1321.3692162036896,-0.043820246953329034,96899.04570757865
1321.4686563014984,-0.045565707523797065,96897.34113682079
1321.5690310001373,-0.04593317290705349,96897.30702313871
1321.668954372406,-0.04501450944891242,96896.07632082484
1321.7692294120789,-0.04657623732775224,96894.36868874235
1321.8684267997742,-0.04501450944891242,96893.73181986812
1321.9690341949463,-0.04483077675728421,96893.3586378813
1322.0691788196564,-0.04244225176611743,96894.52277409317
1322.1691493988037,-0.04446331137402778,96895.17049668386
1322.2691230773926,-0.04418771233658546,96897.35344701547
1322.3692116737366,-0.042258519074489215,96897.21810231393
1322.469304561615,-0.04501450944891242,96896.49629208253
1322.5687425136566,-0.045381974832168846,96896.24666287428
1322.668711900711,-0.043728380607514925,96895.02199658685
1322.769182920456,-0.04767863347752152,96893.81979692816
1322.8687958717346,-0.04427957868239957,96893.33781723534
1322.9692165851593,-0.04354464791588671,96893.4040355118
1323.0692858695984,-0.04299344984100207,96892.36363196063
1323.1685061454773,-0.04483077675728421,96892.32726876457
1323.2687871456146,-0.04455517771984189,96892.59454188812
1323.3689546585083,-0.04574944021542528,96893.13508769931
1323.469143152237,-0.044003979644957246,96892.52157892937
1323.568544626236,-0.042166652728675105,96892.36942103645
1323.668437242508,-0.04317718253263028,96892.5324789328
1323.768628358841,-0.04088052388727761,96892.57923103952
1323.8684794902802,-0.041799187345418674,96893.12130793557
1323.9686949253082,-0.04299344984100207,96892.20917714201
1324.0688526630402,-0.045381974832168846,96891.68825942781
1324.1688725948334,-0.045565707523797065,96891.21943348504
1324.2690126895905,-0.04290158349518796,96892.09749013654
1324.3690302371979,-0.04427957868239957,96892.18774112289
1324.4687542915344,-0.043728380607514925,96891.4689670106
1324.5689778327942,-0.043912113299143136,96892.62207030955
1324.6688919067383,-0.045565707523797065,96892.4598632786
1324.769124031067,-0.04262598445774564,96890.61387695072
1324.8692536354065,-0.043912113299143136,96889.55248925566
1324.9685108661652,-0.04584130656123939,96889.6972403301
1325.0690340995789,-0.04501450944891242,96890.12751629709
1325.1691727638245,-0.044003979644957246,96890.71476466738
1325.268563747406,-0.04455517771984189,96890.34328820065
1325.3692555427551,-0.0407886575414635,96890.80895938058
1325.4683663845062,-0.045473841177982956,96891.02806344253
1325.5690195560455,-0.04492264310309831,96891.12525709828
1325.6692576408386,-0.04235038542030332,96890.31273138845
1325.7693417072296,-0.04308531618681617,96891.7814582496
1325.8684310913086,-0.04437144502821367,96891.60331242465
1325.9689197540283,-0.04143172196216225,96891.34298118218
1326.0691721439362,-0.04483077675728421,96891.80868306398
1326.1686253547668,-0.042534118111931536,96893.22781475759
1326.2689368724823,-0.04271785080355975,96892.50503328184
1326.3692138195038,-0.042258519074489215,96892.65452995365
1326.4684991836548,-0.045565707523797065,96892.28907695829
1326.5689163208008,-0.042166652728675105,96892.46016926246
1326.669279575348,-0.04235038542030332,96892.71415233621
1326.7685396671295,-0.04501450944891242,96891.7427371026
1326.8693664073944,-0.04244225176611743,96891.16846339234
1326.9687588214874,-0.046668103673566344,96892.0516170531
1327.0683705806732,-0.043820246953329034,96891.24645534779
1327.1693148612976,-0.04014559312076475,96890.42180981302
1327.2686862945557,-0.04170732099960457,96889.77962883172
1327.3691804409027,-0.03986999408332243,96888.00166594854
1327.4687502384186,-0.04299344984100207,96886.80149935369
1327.5693163871765,-0.04170732099960457,96885.92134941834
1327.6686053276062,-0.04280971714937385,96885.9292144765
1327.7684423923492,-0.04152358830797635,96885.43629302886
1327.8687028884888,-0.04124798927053404,96885.79266372597
1327.9687478542328,-0.03959439504588011,96886.51339735338
1328.0688452720642,-0.04152358830797635,96886.96205761805
1328.1686322689056,-0.04244225176611743,96885.76585185624
1328.2687220573425,-0.04418771233658546,96884.68926667061
1328.3685681819916,-0.041891053691232784,96885.02034000355
1328.4686255455017,-0.03968626139169422,96884.9183060032
1328.5689482688904,-0.04152358830797635,96884.52647540288
1328.6690039634705,-0.04161545465379046,96883.77382786259
1328.7692742347717,-0.04152358830797635,96884.99644507634
1328.8685653209686,-0.042166652728675105,96885.8968005687
1328.9688749313354,-0.03977812773750832,96886.00712051183
1329.0686168670654,-0.04106425657890582,96886.20640846065
1329.1684279441833,-0.04097239023309172,96886.2857676146
1329.268607378006,-0.04161545465379046,96886.65719085313
1329.368562221527,-0.04170732099960457,96887.19147176782
1329.4684190750122,-0.043360915224258494,96887.47232459104
1329.5685019493103,-0.04244225176611743,96887.62509213193
1329.6685180664062,-0.04446331137402778,96886.66258291874
1329.7689032554626,-0.04235038542030332,96887.29632462688
1329.8687794208527,-0.04262598445774564,96887.3666921642
1329.968744277954,-0.043912113299143136,96888.43002294778
1330.0689952373505,-0.0407886575414635,96889.487020653
1330.1690700054169,-0.041799187345418674,96889.9383185877
1330.2683546543121,-0.04198292003704689,96891.84448672892
1330.3688592910767,-0.041799187345418674,96891.46003805603
1330.469239473343,-0.04235038542030332,96892.21403425043
1330.56849360466,-0.04161545465379046,96892.69263082539
1330.6689836978912,-0.04244225176611743,96892.82336774285
1330.76895236969,-0.040421192158207074,96893.14103096857
1330.8685641288757,-0.04326904887844439,96893.02692787172
1330.9688937664032,-0.04170732099960457,96894.42423508455
1331.0691118240356,-0.0434527815700726,96893.58181157609
1331.169022321701,-0.04299344984100207,96893.42363041849
1331.2691524028778,-0.039502528700066,96893.18126737665
1331.3693006038666,-0.040696791195649396,96891.963140639
1331.4693162441254,-0.04170732099960457,96891.66682657509
1331.5683896541595,-0.04170732099960457,96891.30014391759
1331.668823480606,-0.04317718253263028,96891.47012952583
1331.7687377929688,-0.043360915224258494,96890.82311657324
1331.8688955307007,-0.042258519074489215,96891.14080491592
1331.9689319133759,-0.04409584599077135,96891.12672442434
1332.0687053203583,-0.042074786382860996,96890.21405198191
1332.1689383983612,-0.04097239023309172,96889.89264678372
1332.268862247467,-0.042534118111931536,96891.20338210535
1332.3691940307617,-0.04124798927053404,96890.38304389482
1332.469178199768,-0.014790481676071224,96885.54473950533
1332.5689454078674,-0.019291932620962467,96880.9902655548
1332.6692171096802,-0.021129259537244607,96877.09123899933
1332.7692561149597,-0.02131299222887282,96873.18211509941
1332.86913728714,-0.02002686338747532,96870.46390358948
1332.9687564373016,-0.020761794153988176,96869.21751323054
1333.0687041282654,-0.018097670125379075,96866.59576190749
1333.1686642169952,-0.020210596079103537,96863.83618571673
1333.268543958664,-0.019291932620962467,96860.75256714507
1333.3685266971588,-0.021404858574686925,96858.87731043056
1333.4688246250153,-0.020853660499802286,96856.7895793875
1333.5687460899353,-0.021496724920501035,96855.61062144875
1333.668803691864,-0.021404858574686925,96854.34955930388
1333.7686727046967,-0.021496724920501035,96853.8146033735
1333.8685467243195,-0.03151015661423869,96857.73314303615
1333.969003200531,-0.03444987968029012,96861.35982873253
1334.0687334537506,-0.033714948913777264,96862.82384585928
1334.168673992157,-0.03454174602610423,96863.04146127336
1334.2686741352081,-0.0341742806428478,96863.33731514603
1334.368583202362,-0.03748146909215565,96864.50358363142
1334.4691293239594,-0.037022137363085114,96865.05322526828
1334.5686824321747,-0.036930271017271005,96865.24790274145
1334.6688032150269,-0.033990547951219585,96865.82311246732
1334.7689788341522,-0.03500107775517476,96866.14080122058
1334.8688898086548,-0.032336953726565656,96866.52672109852
1334.9688563346863,-0.03610347390494405,96867.47404898868
1335.068615913391,-0.03463361237191833,96868.6266440898
1335.1690576076508,-0.03325561718470673,96867.76397968082
1335.2687406539917,-0.03637907294238636,96868.28758171275
1335.3687069416046,-0.033990547951219585,96868.35882354146
1335.4690268039703,-0.035552275830059404,96868.72294118731
1335.569095134735,-0.035368543138431185,96868.35064706858
1335.6688206195831,-0.03408241429703369,96868.41558236172
1335.769063949585,-0.035184810446802973,96868.67402412556
1335.8689639568329,-0.03628720659657226,96869.00662171301
1335.9686331748962,-0.03454174602610423,96868.1059595417
1336.0691184997559,-0.035092944100988864,96868.69536358753
1336.169029712677,-0.03196948834330923,96869.02582722878
1336.2687339782715,-0.03628720659657226,96869.3232445059
1336.3693542480469,-0.03481734506354655,96869.99092005531
1336.468976020813,-0.033990547951219585,96869.89182804977
1336.5686638355255,-0.03408241429703369,96870.00264524481
1336.668755531311,-0.035736008521687616,96871.20238072032
1336.768831729889,-0.03472547871773244,96871.88214264829
1336.8687505722046,-0.03435801333447601,96871.39392838346
1336.9690129756927,-0.035552275830059404,96870.45453554511
1337.0689771175385,-0.0341742806428478,96869.9090819906
1337.168790102005,-0.033806815259591366,96869.71817379154
1337.2685868740082,-0.03757333543796976,96870.14635641238
1337.368584394455,-0.03766520178378386,96869.73172077116
1337.468676328659,-0.03665467197982868,96870.15854869405
1337.5686972141266,-0.03454174602610423,96870.64269382464
1337.6689889431,-0.03527667679261708,96869.77842444218
1337.769213438034,-0.035184810446802973,96869.80058199796
1337.868531703949,-0.03628720659657226,96870.42052379817
1337.9685966968536,-0.035092944100988864,96870.77847141835
1338.0688426494598,-0.03601160755912994,96871.50062427652
1338.1693081855774,-0.03637907294238636,96871.25056184886
1338.2689480781555,-0.03619534025075815,96872.62550566398
1338.3691067695618,-0.03858386524192493,96872.4629550976
1338.4689013957977,-0.03481734506354655,96874.11665958783
1338.5685267448425,-0.03656280563401458,96873.70499362906
1338.668778181076,-0.0368384046714569,96874.23449426614
1338.7686007022858,-0.03307188449307851,96875.71104483953
1338.8691093921661,-0.03637907294238636,96875.53994035556
1338.9688985347748,-0.037389602746341545,96876.08594632002
1339.068882226944,-0.035736008521687616,96875.67735168802
1339.1688830852509,-0.035092944100988864,96876.10961651921
1339.2685735225677,-0.033990547951219585,96877.29865486729
1339.3689680099487,-0.03601160755912994,96878.56878938056
1339.4690630435944,-0.03435801333447601,96879.1119104425
1339.5689442157745,-0.03408241429703369,96879.30071939826
1339.6687080860138,-0.03527667679261708,96880.27064745843
1339.768879890442,-0.03591974121331583,96879.74358271259
1339.8686311244965,-0.035460409484245295,96880.76922444133
1339.968968629837,-0.03601160755912994,96879.4923019972
1340.0690779685974,-0.03435801333447601,96879.04307179748
1340.1689450740814,-0.03481734506354655,96879.33876461773
1340.269027709961,-0.0368384046714569,96878.70488815596
1340.3690898418427,-0.03665467197982868,96878.63439934037
1340.4687836170197,-0.03619534025075815,96878.67095940633
1340.5689396858215,-0.03656280563401458,96878.1038634657
1340.6690757274628,-0.037389602746341545,96878.09347711914
1340.7685198783875,-0.035092944100988864,96877.68412940722
1340.8686792850494,-0.03307188449307851,96877.91571646651
1340.968836069107,-0.03444987968029012,96878.72414481986
1341.0691485404968,-0.037297736400527436,96879.55173033787
1341.169251203537,-0.03665467197982868,96879.29655730409
1341.2690312862396,-0.037297736400527436,96879.46690157369
1341.3687951564789,-0.03674653832564279,96880.42021141632
1341.4689393043518,-0.037205870054713326,96881.37819027469
1341.5691878795624,-0.033898681605405476,96881.14037124721
1341.668841123581,-0.03610347390494405,96881.1263341225
1341.7693367004395,-0.0368384046714569,96880.21370071024
1341.8692512512207,-0.03674653832564279,96878.89233063922
1341.9690427780151,-0.03637907294238636,96878.2030975753
1342.0690610408783,-0.03408241429703369,96879.08278781777
1342.1692159175873,-0.03408241429703369,96879.87450903599
1342.269023180008,-0.035552275830059404,96879.08705813238
1342.3689081668854,-0.03601160755912994,96879.87835231914
1342.4691581726074,-0.03757333543796976,96879.09051708723
1342.5688695907593,-0.03601160755912994,96878.28146537852
1342.6690094470978,-0.039135063316809576,96878.05331884067
1342.769107580185,-0.03775706812959797,96879.0479869566
1342.8688011169434,-0.035092944100988864,96878.54318826094
1342.9688770771027,-0.0368384046714569,96878.18886943485
1343.0691063404083,-0.03463361237191833,96877.56998249136
1343.1693124771118,-0.03647093928820047,96877.41298424223
1343.2690999507904,-0.03610347390494405,96877.471685818
1343.3691005706787,-0.035552275830059404,96877.6245172362
1343.469097852707,-0.035184810446802973,96878.06206551258
1343.568609237671,-0.03591974121331583,96879.55585896134
1343.6689774990082,-0.03601160755912994,96880.40027306521
1343.7687163352966,-0.035092944100988864,96879.9602457587
1343.8690893650055,-0.035552275830059404,96878.06422118284
1343.9691503047943,-0.035736008521687616,96876.15779906455
1344.0691142082214,-0.03527667679261708,96875.8420191581
1344.16841340065,-0.03481734506354655,96876.0578172423
1344.2686381340027,-0.03325561718470673,96875.45203551807
1344.368775844574,-0.03628720659657226,96874.60683196626
1344.468906879425,-0.03454174602610423,96875.24614876964
1344.5692582130432,-0.033898681605405476,96874.42153389267
1344.6686170101166,-0.03619534025075815,96875.07938050342
1344.769098997116,-0.03435801333447601,96875.67144245308
1344.8692672252655,-0.03591974121331583,96875.50429820777
1344.9687790870667,-0.036930271017271005,96875.553868387
1345.0691576004028,-0.037297736400527436,96875.4984815483
1345.169334411621,-0.03408241429703369,96875.94863339348
1345.269299507141,-0.03435801333447601,96876.65377005414
1345.3689408302307,-0.03601160755912994,96876.78839304873
1345.46905875206,-0.03610347390494405,96877.10955374385
1345.5689189434052,-0.03610347390494405,96877.59859836947
1345.6686084270477,-0.03444987968029012,96877.93873853252
1345.768471479416,-0.03628720659657226,96877.94486467927
1345.8689558506012,-0.035368543138431185,96878.45037821135
1345.968566417694,-0.03343934987633494,96878.10534039022
1346.068921327591,-0.0341742806428478,96878.4948063512
1346.1685049533844,-0.035460409484245295,96878.64532571608
1346.2691490650177,-0.03527667679261708,96877.58079314447
1346.3693158626556,-0.03647093928820047,96877.12271383003
1346.4691607952118,-0.03656280563401458,96877.11044244702
1346.5691668987274,-0.03500107775517476,96878.39939820232
1346.6692850589752,-0.0341742806428478,96878.45945838209
1346.7691128253937,-0.035552275830059404,96877.41351254388
1346.8692820072174,-0.03472547871773244,96876.67216128949
1346.968845129013,-0.035736008521687616,96875.50494516054
1347.069200515747,-0.03637907294238636,96877.15445064449
1347.1692156791687,-0.03637907294238636,96876.63900558004
1347.2688574790955,-0.033806815259591366,96876.37510502203
1347.3693163394928,-0.03490921140936065,96876.03759451983
1347.469039440155,-0.03601160755912994,96875.03383506785
1347.5684432983398,-0.03316375083889262,96875.33045156107
1347.6692502498627,-0.03490921140936065,96875.49740640496
1347.7685270309448,-0.035736008521687616,96875.64766576447
1347.8691446781158,-0.035736008521687616,96875.88289918803
1347.9690737724304,-0.033990547951219585,96875.79460926923
1348.068442106247,-0.033806815259591366,96876.71514834231
1348.1689903736115,-0.035460409484245295,96876.14363350808
1348.268723487854,-0.03564414217587351,96875.62927015728
1348.3683726787567,-0.03481734506354655,96874.96634314155
1348.468579530716,-0.035827874867501726,96875.86970882739
1348.569156885147,-0.03490921140936065,96876.88273794466
1348.6688673496246,-0.03325561718470673,96877.09446415018
1348.7685129642487,-0.033898681605405476,96876.48501773518
1348.868426322937,-0.03619534025075815,96876.73651596166
1348.9684572219849,-0.035827874867501726,96875.76286436549
1349.0692114830017,-0.03408241429703369,96875.58657792893
1349.1688299179077,-0.03628720659657226,96875.12792013604
1349.2687366008759,-0.03601160755912994,96875.71512812245
1349.3685958385468,-0.03408241429703369,96874.84361531021
1349.4686603546143,-0.03463361237191833,96874.05925377918
1349.5692341327667,-0.035184810446802973,96873.35332840127
1349.6687562465668,-0.035368543138431185,96872.91799556113
1349.7685923576355,-0.03316375083889262,96872.42619600502
1349.8687875270844,-0.03435801333447601,96873.18357640452
1349.9688456058502,-0.03343934987633494,96873.66521876407
1350.0690612792969,-0.035092944100988864,96873.99869688766
1350.1687443256378,-0.03601160755912994,96875.0988271989
1350.269005060196,-0.03527667679261708,96874.88894447903
1350.3690090179443,-0.03647093928820047,96874.40005003112
1350.4687204360962,-0.033806815259591366,96872.56004502802
1350.56924366951,-0.03316375083889262,96872.50404052522
1350.6690030097961,-0.035736008521687616,96872.4536364727
1350.7687706947327,-0.035736008521687616,96872.50827282543
1350.8687143325806,-0.035827874867501726,96872.3574455429
1350.968575000763,-0.035184810446802973,96871.12170098862
1351.068475484848,-0.03454174602610423,96869.80953088976
1351.1690571308136,-0.03481734506354655,96870.82857780078
1351.2688646316528,-0.03298001814726441,96871.24572002071
1351.3686842918396,-0.035460409484245295,96870.32114801864
1351.4689395427704,-0.035092944100988864,96870.08903321679
1351.5685548782349,-0.035552275830059404,96870.58012989511
1351.6685111522675,-0.035736008521687616,96870.4221169056
1351.7687103748322,-0.028202968164930845,96869.97990521505
1351.868934392929,-0.037389602746341545,96870.18191469354
1351.968364238739,-0.03803266716704029,96870.16372322419
1352.0685758590698,-0.03343934987633494,96871.24735090179
1352.1689529418945,-0.03481734506354655,96871.6226158116
1352.2690794467926,-0.0328881518014503,96871.86035423043
1352.3689286708832,-0.03628720659657226,96872.37431880739
1352.4684782028198,-0.03490921140936065,96870.83688692664
1352.568418264389,-0.03490921140936065,96868.95319823398
1352.6692292690277,-0.031142691230982268,96868.35787841059
1352.7687420845032,-0.030224027772841198,96869.62209056954
1352.8685853481293,-0.03187762199749512,96870.4598815126
1352.9691562652588,-0.03270441910982209,96870.11389336134
1353.0692794322968,-0.03307188449307851,96869.80250402521
1353.168627500534,-0.033990547951219585,96870.0222536227
1353.2691719532013,-0.03334748353052083,96871.02002826042
1353.3691563606262,-0.03343934987633494,96870.51802543439
1353.4690446853638,-0.033990547951219585,96869.16622289094
1353.5692241191864,-0.03279628545563619,96868.74960060185
1353.66894364357,-0.03325561718470673,96868.27464054165
1353.7690546512604,-0.03490921140936065,96867.7471764875
1353.8687546253204,-0.03454174602610423,96868.37245883874
1353.968965768814,-0.03279628545563619,96868.63521295488
1354.0687954425812,-0.03169388930586691,96868.17169165939
1354.1688714027405,-0.032153221034937444,96866.85452249345
1354.2689468860626,-0.0316020229600528,96865.96907024411
1354.368703842163,-0.033623082567963154,96865.7721632197
1354.4684855937958,-0.03472547871773244,96866.39494689774
1354.5692267417908,-0.03270441910982209,96867.55545220796
1354.6689891815186,-0.03325561718470673,96866.09990698718
1354.7685487270355,-0.0328881518014503,96866.98991628845
1354.8691651821136,-0.03187762199749512,96866.6909246596
1354.9687049388885,-0.03343934987633494,96866.42183219364
1355.068785905838,-0.033623082567963154,96866.37964897428
1355.1691660881042,-0.03647093928820047,96868.44168407685
1355.2685868740082,-0.03307188449307851,96868.59751566917
1355.368782043457,-0.032245087380751554,96869.03776410226
1355.4691832065582,-0.03325561718470673,96868.73398769205
1355.568529844284,-0.03270441910982209,96867.56058892285
1355.6691212654114,-0.0328881518014503,96866.90453003057
1355.7683508396149,-0.03500107775517476,96866.51407702752
1355.868932723999,-0.032153221034937444,96868.06266932476
1355.968520641327,-0.035552275830059404,96867.65640239228
1356.0685398578644,-0.03270441910982209,96866.69076215306
1356.168449640274,-0.030591493156097625,96866.92168593775
1356.2684490680695,-0.032245087380751554,96868.02951734398
1356.3688209056854,-0.032336953726565656,96868.62656560958
1356.469204902649,-0.03316375083889262,96869.56390904862
1356.568457365036,-0.032336953726565656,96869.70751814377
1356.6689984798431,-0.03132642392261048,96869.9367663294
1356.769044160843,-0.032336953726565656,96870.14308969646
1356.869107723236,-0.030867092193539947,96871.12878072681
1356.9687685966492,-0.03252068641819387,96870.71590265413
1357.0685486793518,-0.03252068641819387,96869.94431238873
1357.168405532837,-0.032336953726565656,96869.94988114986
1357.269240140915,-0.0341742806428478,96870.75489303489
1357.3688287734985,-0.03408241429703369,96871.3794037314
1357.4689857959747,-0.0328881518014503,96871.34146335826
1357.5684974193573,-0.032153221034937444,96871.10731702243
1357.669159412384,-0.03187762199749512,96871.59658532019
1357.76886844635,-0.03334748353052083,96870.53692678818
1357.8684673309326,-0.032336953726565656,96869.18323410935
1357.969141960144,-0.03408241429703369,96870.76491069842
1358.0686974525452,-0.033990547951219585,96870.88841962858
1358.1691870689392,-0.03298001814726441,96871.99957766572
1358.268818616867,-0.033898681605405476,96872.09961989915
1358.369140625,-0.03316375083889262,96873.18965790924
1358.4685349464417,-0.035552275830059404,96872.37069211832
1358.568407535553,-0.03610347390494405,96871.63362290649
1358.6690380573273,-0.033714948913777264,96870.97026061584
1358.7685556411743,-0.033714948913777264,96872.07323455425
1358.8684799671173,-0.03435801333447601,96873.06591109882
1358.9687848091125,-0.03426614698866191,96872.65931998893
1359.0684633255005,-0.035460409484245295,96872.79338799004
1359.1691155433655,-0.032428820072379766,96873.71404919104
1359.2689085006714,-0.033990547951219585,96873.84264427194
1359.3692536354065,-0.03490921140936065,96872.75837984474
1359.4686992168427,-0.03307188449307851,96872.28254186027
1359.5691266059875,-0.033714948913777264,96873.35428767426
1359.668530702591,-0.03334748353052083,96872.81885890683
1359.7690665721893,-0.035368543138431185,96873.63697301615
1359.868733406067,-0.03196948834330923,96871.67327571454
1359.968674659729,-0.032245087380751554,96871.60594814309
1360.068799495697,-0.03591974121331583,96871.64535332877
1360.1684613227844,-0.03435801333447601,96871.88081799589
1360.2690625190735,-0.03472547871773244,96871.6927361963
1360.368462562561,-0.03270441910982209,96872.12346257668
1360.4688472747803,-0.03490921140936065,96872.311116319
1360.5692865848541,-0.033990547951219585,96872.5800046871
1360.6688799858093,-0.03279628545563619,96871.6220042184
1360.769296169281,-0.035184810446802973,96871.85980379656
1360.8687031269073,-0.032153221034937444,96870.6738234169
1360.968380689621,-0.03353121622214905,96870.40644107522
1361.0690608024597,-0.03435801333447601,96869.2657969677
1361.1686129570007,-0.0341742806428478,96869.43921727093
1361.2690889835358,-0.033990547951219585,96867.99529554385
1361.3685743808746,-0.03454174602610423,96867.99576598947
1361.469360589981,-0.03325561718470673,96867.79618939053
1361.568682193756,-0.03444987968029012,96867.11657045149
1361.669246673584,-0.03472547871773244,96868.50491340634
1361.768738746643,-0.03454174602610423,96870.0544220657
1361.8693132400513,-0.03435801333447601,96871.14897985914
1361.9688074588776,-0.033623082567963154,96871.43408187322
1362.0683901309967,-0.035460409484245295,96871.9906736859
1362.1686398983002,-0.03325561718470673,96871.89160631731
1362.2684617042542,-0.03408241429703369,96872.50244568559
1362.3688836097717,-0.03444987968029012,96873.65220111703
1362.4692804813385,-0.0341742806428478,96873.88698100533
1362.5690350532532,-0.03187762199749512,96873.19828290479
1362.669334411621,-0.035092944100988864,96873.87845461431
1362.7684319019318,-0.033806815259591366,96873.99060915288
1362.8691432476044,-0.033714948913777264,96874.5915482376
1362.9689047336578,-0.03408241429703369,96874.63239341385
1363.0691220760345,-0.03481734506354655,96874.16915407247
1363.1686432361603,-0.033714948913777264,96873.75223866523
1363.2687003612518,-0.03610347390494405,96873.2770147987
1363.3688237667084,-0.03408241429703369,96873.64931331883
1363.468739748001,-0.03481734506354655,96873.88438198697
1363.5693340301514,-0.035092944100988864,96874.89594378826
1363.6693079471588,-0.03408241429703369,96876.10634940943
1363.769290447235,-0.03647093928820047,96877.0957144685
1363.8692767620087,-0.03426614698866191,96876.58614302165
1363.9691174030304,-0.03426614698866191,96877.0275287195
1364.0687839984894,-0.03334748353052083,96877.72477584754
1364.1687495708466,-0.03325561718470673,96877.85229826279
1364.2693078517914,-0.031234557576796374,96878.66706843652
1364.3692784309387,-0.03252068641819387,96878.70036159287
1364.469012260437,-0.035184810446802973,96878.73032543359
1364.5689206123352,-0.03325561718470673,96878.55729289023
1364.6689281463623,-0.033714948913777264,96877.9015636012
1364.769067287445,-0.033898681605405476,96877.01140724108
1364.8688170909882,-0.03454174602610423,96878.11026651697
1364.9685351848602,-0.03151015661423869,96878.29923986529
1365.0693316459656,-0.035368543138431185,96879.46931587876
1365.169183254242,-0.03435801333447601,96880.32238429089
1365.2692947387695,-0.033714948913777264,96879.8901458618
1365.3688480854034,-0.03490921140936065,96879.90113127563
1365.468330860138,-0.03196948834330923,96880.41101814808
1365.5684521198273,-0.0328881518014503,96880.66991633328
1365.6683475971222,-0.032245087380751554,96880.80292469995
1365.7690415382385,-0.03353121622214905,96880.92263222995
1365.8692152500153,-0.03343934987633494,96880.63036900696
1365.9689395427704,-0.033990547951219585,96879.06733210626
1366.068820476532,-0.03325561718470673,96878.56059889564
1366.1693575382233,-0.03426614698866191,96878.50453900608
1366.2691164016724,-0.033898681605405476,96876.55408510547
1366.3692846298218,-0.0328881518014503,96876.79867659492
1366.4690170288086,-0.031142691230982268,96876.81880893542
1366.5687365531921,-0.03472547871773244,96877.43692804189
1366.6686699390411,-0.03527667679261708,96877.9932352377
1366.7687108516693,-0.03500107775517476,96877.69391171394
1366.8685665130615,-0.03252068641819387,96877.42452054255
1366.9688560962677,-0.03426614698866191,96878.2820684883
1367.0689191818237,-0.03444987968029012,96877.85386163947
1367.1687581539154,-0.035460409484245295,96879.46847547551
1367.269027709961,-0.033714948913777264,96879.62162792798
1367.3691534996033,-0.03500107775517476,96879.65946513518
1367.4690697193146,-0.03463361237191833,96878.49351862166
1367.568971157074,-0.03472547871773244,96878.4441667595
1367.6686427593231,-0.035460409484245295,96877.79975008355
1367.7687492370605,-0.032428820072379766,96877.7197750752
1367.8688406944275,-0.03325561718470673,96878.64779756767
1367.9687662124634,-0.03490921140936065,96878.9830178109
1368.0686194896698,-0.0341742806428478,96878.78471602981
1368.168539762497,-0.0328881518014503,96878.20624442684
1368.2686295509338,-0.033990547951219585,96877.68561998416
1368.3690431118011,-0.033990547951219585,96877.51705798575
1368.4688913822174,-0.03307188449307851,96876.76535218718
1368.5689215660095,-0.04988342577706009,96901.88881696847
1368.6685163974762,-0.028386700856559057,96901.39993527162
1368.768707036972,-0.037114003708899224,96901.85994174446
1368.8685882091522,-0.03564414217587351,96901.27394757002
1368.968582391739,-0.03307188449307851,96900.14655281302
1369.0688524246216,-0.03472547871773244,96900.23189753173
1369.1683764457703,-0.035184810446802973,96900.30870777856
1369.2684445381165,-0.03444987968029012,96901.1778370007
1369.3691115379333,-0.03490921140936065,96900.06005330062
1369.468731880188,-0.033714948913777264,96900.15404797057
1369.5683455467224,-0.033806815259591366,96899.93864317352
1369.6692333221436,-0.03444987968029012,96900.44477885617
1369.7689011096954,-0.035368543138431185,96900.80030097054
1369.8689482212067,-0.03490921140936065,96901.22027087348
1369.9686305522919,-0.035184810446802973,96901.89824378614
1370.068511247635,-0.035827874867501726,96902.90841940753
1370.1683747768402,-0.032336953726565656,96903.41757746678
1370.268479347229,-0.03500107775517476,96903.5758197201
1370.3689632415771,-0.03647093928820047,96903.5182377481
1370.4693293571472,-0.03187762199749512,96910.06641397328
1370.5684785842896,-0.021037393191430498,96902.85977257596
1370.6687812805176,-0.03784893447541208,96902.17379531838
1370.7688474655151,-0.03996186042913654,96902.15641578654
1370.8683998584747,-0.0407886575414635,96901.5407742079
1370.969027519226,-0.03867573158773904,96903.08669678711
1371.0693190097809,-0.04005372677495064,96903.7780271084
1371.1686227321625,-0.03784893447541208,96904.00022439758
1371.2691943645477,-0.03996186042913654,96903.70020195782
1371.3684725761414,-0.03794080082122618,96903.43018176204
1371.4690585136414,-0.0394106623542519,96903.98716358583
1371.568564414978,-0.039502528700066,96902.38844722725
1371.6692974567413,-0.040604924849835286,96902.34960250452
1371.768640756607,-0.038859464279367255,96900.81464225406
1371.8690695762634,-0.03830826620448261,96900.83317802867
1371.9692823886871,-0.12016118032485193,96892.14986022579
1372.0691213607788,-0.025171378753065313,96887.43487420322
1372.1690831184387,-0.01984313069584711,96888.1913867829
1372.26908826828,-0.021404858574686925,96886.27224810461
1372.3687016963959,-0.020853660499802286,96884.44502329415
1372.4684600830078,-0.02002686338747532,96884.00052096474
1372.569334745407,-0.01984313069584711,96881.90046886826
1372.6688859462738,-0.01736273935886622,96881.21042198144
1372.7691955566406,-0.019383798966776573,96881.48937978329
1372.8684306144714,-0.019934997041661216,96880.94044180497
1372.968923330307,-0.019383798966776573,96880.64639762447
1373.0691485404968,-0.019567531658404788,96880.58175786202
1373.1693305969238,-0.01892446723770604,96880.42358207582
1373.268755197525,-0.01984313069584711,96879.68122386825
1373.36918592453,-0.02131299222887282,96877.81310148143
1373.468590259552,-0.016168476863282828,96876.23179133328
1373.569355726242,-0.03196948834330923,96876.60861219995
1373.6687393188477,-0.030040295081212982,96877.24775097996
1373.768742799759,-0.03040776046446941,96879.72297588197
1373.8691821098328,-0.03151015661423869,96881.35067829379
1373.968620300293,-0.032153221034937444,96882.6156104644
1374.0691239833832,-0.04326904887844439,96878.65404941796
1374.168539762497,-0.014147417255372476,96877.58864447617
1374.269288778305,-0.02158859126631514,96878.32978002855
1374.3686611652374,-0.017546472050494432,96877.19680202569
1374.469230890274,-0.020118729733289428,96876.97712182312
1374.5690333843231,-0.01488234802188533,96886.4794096408
1374.6688196659088,-0.009829699002109447,96883.53146867672
1374.7685692310333,-0.012126357647462121,96880.47832180906
1374.8691489696503,-0.012218223993276229,96877.93048962815
1374.9685373306274,-0.019383798966776573,96878.93744066534
1375.0693337917328,-0.020118729733289428,96879.7436965988
1375.1689546108246,-0.022047922995385674,96879.06932693893
1375.269276857376,-0.021221125883058713,96879.46239424504
1375.3693470954895,-0.022323522032827996,96879.61615482054
1375.4685833454132,-0.02066992780817407,96880.35453933848
1375.5689125061035,-0.04437144502821367,96886.11908540464
1375.6686606407166,-0.014147417255372476,96884.30717686418
1375.768676519394,-0.01883260089189193,96883.97645917778
1375.8683021068573,-0.018557001854449612,96883.67881326
1375.9690737724304,-0.020210596079103537,96882.610931934
1376.0687687397003,-0.01883260089189193,96880.9498387406
1376.168497800827,-0.01800580377956497,96879.95485486655
1376.268875360489,-0.01920006627514836,96878.4593693799
1376.3686802387238,-0.02131299222887282,96878.11343244191
1376.469094991684,-0.04593317290705349,96876.90208919773
1376.5690319538116,-0.024803913369808885,96878.31188027796
1376.6689476966858,-0.02921349796888602,96878.98069225017
1376.7689442634583,-0.027468037398417987,96878.78262302515
1376.869327545166,-0.02801923547330263,96878.50436072264
1376.9685928821564,-0.029305364314700127,96878.55392465038
1377.069284439087,-0.030315894118655304,96880.39853218534
1377.1690292358398,-0.026733106631905132,96881.1586789668
1377.2686285972595,-0.028754166239815485,96881.34281107014
1377.3684101104736,-0.02921349796888602,96881.00852996313
1377.4691741466522,-0.02801923547330263,96881.20767696682
1377.5687263011932,-0.029305364314700127,96881.78690927014
1377.6687595844269,-0.028386700856559057,96881.80821834313
1377.7684948444366,-0.027835502781674414,96881.92739650882
1377.8692240715027,-0.028202968164930845,96882.73465685794
1377.9688720703125,-0.027651770090046202,96881.96119117214
1378.0687634944916,-0.02958096335214245,96882.86507205493
1378.168708562851,-0.028386700856559057,96884.17856484946
1378.2686250209808,-0.027743636435860308,96883.56070836452
1378.3685150146484,-0.02958096335214245,96883.90463752806
1378.469148159027,-0.027835502781674414,96884.71417377525
1378.5692067146301,-0.027927369127488524,96886.34275639773
1378.6688466072083,-0.02976469604377066,96888.30848075797
1378.768614768982,-0.030040295081212982,96888.87763268217
1378.8686051368713,-0.02801923547330263,96888.88986941395
1378.9691479206085,-0.027835502781674414,96888.70088247255
1379.0685186386108,-0.03068335950191173,96889.6307942253
1379.169222831726,-0.028386700856559057,96890.06771480278
1379.2685039043427,-0.030867092193539947,96890.66094332251
1379.369256734848,-0.029948428735398876,96890.89484899027
1379.468582391739,-0.027192438360975665,96890.80536409124
1379.5691640377045,-0.00946223361885302,96889.02482768212
1379.6686413288116,-0.0043177182532630285,96888.42234491391
1379.7686972618103,0.0032153221034937444,96886.28011042252
1379.868632555008,-0.12806168606486512,96907.25209938028
1379.9690163135529,-0.3462442573733692,96993.52688944225
1380.0690038204193,-0.5884039449393552,97118.87420049802
1380.1686532497406,-0.7867433855520122,97284.68678044822
1380.2684471607208,-0.8674020371767981,97441.11810240339
1380.369121313095,-0.5197797846162173,97459.20629216304
1380.4685616493225,-0.007349307665128558,97398.98566294674
1380.5686378479004,-0.02829483451074495,97347.38709665208
1380.6691057682037,-0.022047922995385674,97301.34838698687
1380.7693450450897,-0.11354680342623623,97285.71354828819
1380.8687644004822,-0.13357366681371155,97271.34219345936
1380.9685237407684,-0.07551413625919594,97242.80797411344
1381.0692732334137,-0.02958096335214245,97200.9271767021
1381.1685988903046,-0.0008267971123269628,97166.53445903189
1381.2690606117249,0.0009186634581410698,97135.6810131287
1381.3693039417267,0.00018373269162821396,97108.31291181584
1381.469388961792,0.0015617278788398188,97082.88162063425
1381.5693097114563,0.0011023961497692838,97058.79345857081
1381.669311761856,-0.0029397230660514234,97039.81411271374
1381.7685906887054,-0.030132161427027092,97030.23270144236
1381.8690302371979,-0.05640593632986169,97026.30943129814
1381.9693338871002,-0.07211508146407399,97025.77848816833
1382.0692973136902,-0.13495166200092315,97048.9006393515
1382.168793439865,-0.3328317708845096,97118.41057541635
1382.268504858017,-0.7276733251935414,97265.26951787471
1382.3686792850494,-0.9387821878743593,97442.44256608724
1382.4684653282166,-1.1394182871323688,97651.99830947851
1382.5687143802643,-1.36871668628438,97882.09847853066
1382.6688566207886,-1.5315038510669774,98122.4886306776
1382.768795490265,-1.1612824774361263,98242.43976760985
1382.86878824234,-0.8620737891195799,98292.99579084887
1382.9687857627869,-0.7911529701510893,98336.096211764
1383.0686354637146,-0.7793940778868836,98366.28659058761
1383.168481349945,-0.47311168094265094,98309.05793152885
1383.2685618400574,-0.11786452167949926,98184.45213837597
1383.3684666156769,0.007992372085827308,98053.30692453838
1383.4692001342773,-0.009829699002109447,97950.27623208455
1383.5690550804138,-0.3462442573733692,97936.74860887609
1383.668926000595,-0.8396584007409378,98038.27374798848
1383.7690300941467,-1.3181901960866211,98232.24637318964
1383.8691601753235,-1.7304863561003332,98510.42173587068
1383.9691071510315,-2.042280733793412,98820.17956228362
1384.0688498020172,-2.3673038652837226,99182.16160605526
1384.168658733368,-2.7436802840841192,99570.54544544974
1384.26846241951,-2.544146580975879,99853.19090090477
1384.3693680763245,-1.5811116778065952,99867.6718108143
1384.4688630104065,-0.6801784244076481,99671.20462973288
1384.5687465667725,-0.25171378753065315,99426.98416675959
1384.668777704239,0.015433546096769973,99188.08575008364
1384.7693076133728,-0.01433114994700069,98968.3771750753
1384.86878323555,-0.020578061462359964,98771.33945756777
1384.9684643745422,-0.0316020229600528,98596.30551181099
1385.0692391395569,-0.029489097006328343,98435.3749606299
1385.168580532074,-0.022323522032827996,98287.63746456691
1385.2684864997864,-0.010564629768622304,98149.97371811022
1385.3684239387512,-0.016903407629795683,98028.9763462992
1385.46924161911,-0.13366553315952565,97942.77871166928
1385.568926334381,-0.16636995226934775,97875.90084050235
1385.6686372756958,-0.18979587045194501,97817.81075645212
1385.768682718277,-0.1895202714145027,97765.32968080691
1385.8688607215881,-0.1316444735516153,97706.29671272622
1385.9686801433563,-0.12172290820369175,97651.26704145361
1386.068717956543,-0.11207694189321052,97598.54033730825
1386.1691250801086,-0.08323090930758092,97561.48630357743
1386.269035100937,-0.11915065052089675,97518.23767321969
1386.3684575557709,-0.12043677936229426,97479.41390589772
1386.468596458435,-0.040696791195649396,97426.47251530795
1386.5687782764435,-0.029121631623071912,97378.12526377715
1386.6685605049133,-0.02048619511654586,97334.41273739944
1386.7684428691864,-0.2236945520573505,97332.07146365951
1386.8685948848724,-0.24013862795807564,97347.66431729356
1386.9687519073486,-0.6875277320727766,97497.29788556421
1387.068678855896,-1.7258930388096279,97917.0680970078
1387.1687047481537,-2.834903565477527,98508.96128730703
1387.2686729431152,-3.5287700754114772,99208.96515857632
1387.3693194389343,-3.7402464034755516,99838.46864271868
1387.4688954353333,-3.783239853316554,100403.82177844681
1387.5685336589813,-3.8790564520006674,100916.83960060214
1387.668440580368,-3.8362467348512936,101368.65564054193
1387.7691831588745,-4.09429930024312,101820.39007648775
1387.8688430786133,-4.194433617180497,102236.85106883898
1387.9688892364502,-3.110135137536592,102249.16596195508
1388.068600654602,-0.24702860389413367,101743.44936575957
1388.1687905788422,0.11777265533368515,101239.60442918362
1388.2688100337982,0.15552972346328311,100778.74398626527
1388.3687801361084,0.23196252318062013,100342.66958763875
1388.469351530075,0.2430783510241271,99949.10262887488
1388.5686919689178,0.1616847686328283,99632.1923659874
1388.6686930656433,-0.04262598445774564,99376.37312938865
1388.7687129974365,-0.06798109590243917,99153.23581644979
1388.8690791130066,-0.0722069478098881,98949.41223480481
1388.9688756465912,-0.06292844688266329,98764.37101132433
1389.0685958862305,-0.08883475640224145,98598.53391019191
1389.168799161911,-0.0631121795742915,98443.98051917272
1389.2687783241272,-0.04749490078589331,98298.68246725545
1389.3692109584808,-0.10491136691971018,98187.5142205299
1389.469132900238,-0.17574031954238667,98126.76279847692
1389.5692253112793,-0.5600172440827962,98148.08651862924
1389.6691319942474,-0.8267971123269628,98231.17786676632
1389.7689366340637,-1.1860863908059351,98406.26008008969
1389.869027853012,-1.8383374460860948,98715.83407208072
1389.9692957401276,-2.441623739047335,99109.45066487264
1390.0692579746246,-2.9954859379605865,99583.60559838539
1390.1692283153534,-3.465566029491372,100101.44503854685
1390.2691929340363,-3.7161774208722558,100618.10053469217
1390.369292974472,-3.9231522979914386,101119.49048122295
1390.469254732132,-3.9842434179578197,101582.84143310066
1390.5691976547241,-4.0974227560008,102020.8572897906
1390.6692309379578,-4.109457247302448,102416.17156081155
1390.7689847946167,-4.121767337641538,102774.8544047304
1390.868946313858,-4.179091937429541,103115.56896425736
1390.9687144756317,-4.277297061104821,103440.61206783162
1391.0689702033997,-4.241193587199877,103724.35086104847
1391.1687302589417,-4.22135045650403,103975.71577494363
1391.2686727046967,-4.201599192153997,104196.44419744927
1391.3687055110931,-4.179918734541868,104391.89977770434
1391.4693622589111,-4.165771317286495,104564.80979993391
1391.5689175128937,-4.165679450940681,104720.92881994053
1391.6684551239014,-4.16430145575347,104860.43593794649
1391.7693417072296,-4.163015326912072,104985.79234415185
1391.8685293197632,-4.162004797108117,105097.11310973667
1391.9691116809845,-4.155757885592758,105195.601798763
1392.069218635559,-4.151991365414379,105283.34161888671
1392.1686248779297,-4.147489914469488,105363.00745699805
1392.269190788269,-4.144090859674366,105433.40671129824
1392.3686470985413,-4.138487012579706,105494.46604016842
1392.469106912613,-4.132240101064347,105549.9194361516
1392.568850517273,-4.131137704914577,105600.22749253645
1392.6691281795502,-4.185890047019785,105656.30474328282
1392.7686133384705,-4.203895850799349,105710.17426895454
1392.8691215515137,-4.1954441469844515,105755.55684205907
1392.9685657024384,-4.188002972973509,105795.40115785316
1393.0692586898804,-4.173671823026509,105828.46104206785
1393.1686403751373,-4.157595212509039,105853.81493786107
1393.2692079544067,-4.131137704914577,105871.33344407496
1393.3686633110046,-4.131597036643647,105887.60009966747
1393.4685525894165,-4.134077427980628,105901.14008970073
1393.569043636322,-4.130219041456436,105913.22608073066
1393.669359445572,-4.126544387623872,105922.7034726576
1393.768538236618,-4.119103213612929,105929.33312539183
1393.869069814682,-4.1176333520799036,105935.79981285264
1393.968624830246,-4.115887891509435,105940.51983156738
1394.0691912174225,-4.111110841527101,105944.06784841065
1394.1687066555023,-4.10927351461082,105946.46106356959
1394.2689759731293,-4.104863930011742,105948.01495721262
1394.368506193161,-4.103761533861973,105948.91346149136
1394.4689462184906,-4.101097409833364,105950.12211534224
1394.5692508220673,-4.0974227560008,105948.60990380801
1394.6693296432495,-4.083275338745427,105946.54891342722
1394.7687408924103,-4.080703081062632,105943.0940220845
1394.869003534317,-4.076293496463555,105938.98461987605
1394.9691627025604,-4.067382460919586,105935.58615788845
1395.0684578418732,-4.063615940741208,105931.5275420996
1395.168493270874,-4.059941286908644,105926.87478788964
1395.2692239284515,-4.056542232113522,105922.38730910067
1395.3692824840546,-4.054337439813984,105918.04857819062
1395.4686617851257,-4.055807301347009,105914.44372037155
1395.569313287735,-4.052408246551887,105910.0993483344
1395.6693029403687,-4.048366127336067,105907.38941350098
1395.769327878952,-4.0421192158207075,105903.25047215089
1395.8686413764954,-4.031462719706271,105895.52542493581
1395.968501329422,-4.02898232836929,105889.57288244224
1396.069142818451,-4.027971798565335,105883.11559419803
1396.1692264080048,-4.014008114001591,105873.50403477822
1396.268765926361,-3.917456584550964,105838.3536313004
1396.3692245483398,-3.6669370595158943,105741.41826817035
1396.4690434932709,-3.2687883167575547,105568.77644135332
1396.5687460899353,-2.938345070864212,105338.19879721799
1396.6693727970123,-2.6277449556667163,105057.8789174962
1396.7688779830933,-2.316042444319451,104733.59102574659
1396.8684723377228,-1.8834438218808214,104340.63192317192
1396.9686725139618,-1.326641899901519,103880.86873085474
1397.0685727596283,-1.0136532597128565,103408.28185776927
1397.1685037612915,-0.7568868231624274,102934.75367199235
1397.2686972618103,-0.4550140108172719,102419.47830479311
1397.369285106659,-0.14570002446117367,101917.5304743138
1397.468790769577,-0.1091372188271591,101448.87742688242
1397.5693428516388,-0.0316020229600528,101013.78968419418
1397.6687848567963,-0.021956056649571568,100616.81071577476
1397.7690131664276,-0.06302031322847738,100267.02964419728
1397.8693792819977,-0.14827228214396868,99982.72667977754
1397.9689400196075,-0.4651193088568237,99802.85401179978
1398.0686900615692,-0.8940432774628891,99744.3686106198
1398.1693720817566,-1.2129113637836544,99746.73174955783
1398.2690546512604,-1.582489672993807,99825.65857460206
1398.3693249225616,-1.8805040988147699,99959.59271714186
1398.4690117835999,-2.2383235157607166,100159.03344542769
1398.5693514347076,-2.557283468427296,100405.13010088493
1398.6688342094421,-2.9173995440185956,100701.21709079645
1398.7686512470245,-3.1645200142585432,101016.19538171681
1398.8688580989838,-3.3042487262418,101326.77584354513
1398.9686512947083,-3.416784999864081,101636.09825919062
1399.0688083171844,-3.6406632846130598,101959.08843327157
1399.1687371730804,-3.8069413705365935,102274.57958994442
1399.2684698104858,-3.873911936635077,102571.72163094999
1399.3686451911926,-3.9043196970995466,102841.94946785501
1399.4693095684052,-3.924254694141208,103090.9545210695
1399.5690579414368,-3.9400557056212344,103319.45906896256
1399.6685190200806,-3.9758835804887362,103534.7131620663
1399.768684387207,-4.006199474607391,103733.64184585967
1399.8692879676819,-4.0621460792081825,103927.57766127371
1399.9689512252808,-4.129392244344109,104120.21989514635
1400.0693035125732,-4.208397301744241,104310.99790563172
1400.1689729690552,-4.277756392833892,104497.49811506856
1400.2685115337372,-4.27279561015993,104662.5483035617
1400.369153022766,-4.257637663100602,104808.09347320555
1400.4686341285706,-4.225025110336595,104928.48412588499
1400.5684661865234,-3.8809856452627636,104941.4357132965
1400.6687908172607,-3.1845468776460186,104811.59214196684
1400.7687485218048,-2.4804832033267026,104532.53292777017
1400.8689608573914,-1.8528523287247238,104169.67963499317
1400.9685723781586,-1.5296665241506953,103765.11167149385
1401.0688319206238,-1.269317300113516,103359.40050434448
1401.1687335968018,-1.1235254093065283,102967.96045391003
1401.2686178684235,-1.0803482267738982,102608.56440851901
1401.3687906265259,-1.077684102745289,102286.1079676671
1401.46932387352,-1.0844822123355329,101998.2971709004
1401.5685670375824,-1.075846775829007,101731.06745381038
1401.6693122386932,-0.7882132470850379,101411.96070842934
1401.7689700126648,-0.3317293747347403,101022.26463758641
1401.8686866760254,-0.04483077675728421,100625.63817382779
1401.968692779541,0.01368808552630194,100264.57435644501
1402.06933760643,0.00946223361885302,99938.31692080051
1402.1685893535614,-0.007992372085827308,99643.88522872046
1402.2692093849182,-0.0007349307665128559,99375.39670584841
1402.368723154068,-0.012677555722346764,99133.05703526357
1402.4684734344482,-0.022323522032827996,98914.55133173722
1402.5690631866455,-0.02039432877073175,98718.7961985635
1402.6692872047424,-0.02066992780817407,98544.31657870715
1402.7684316635132,-0.01249382303071855,98387.68492083644
1402.8686084747314,-0.015157947059327652,98247.0164287528
1402.9692447185516,-0.014514882638628903,98121.01478587752
1403.0686790943146,-0.016168476863282828,98007.61330728976
1403.169356584549,-0.016995273975609793,97904.85197656079
1403.2685086727142,-0.018557001854449612,97813.06677890471
1403.3684182167053,-0.020302462424917643,97729.86010101424
1403.4690318107605,-0.020302462424917643,97656.37409091282
1403.5693418979645,-0.02066992780817407,97588.03668182154
1403.6685540676117,-0.021680457612129247,97528.03301363939
1403.7691071033478,-0.02342591818259728,97473.92971227545
1403.8684694766998,-0.023517784528411387,97424.63674104791
1403.9693031311035,-0.024528314332366564,97379.77306694313
1404.0684909820557,-0.02526324509887942,97340.39576024882
1404.1685192584991,-0.023609650874225493,97305.45618422395
1404.2684597969055,-0.02645750759446281,97274.91056580156
1404.3684902191162,-0.02526324509887942,97246.6195092214
1404.4692332744598,-0.027284304706789775,97221.05755829928
1404.5686163902283,-0.027743636435860308,97197.35180246935
1404.6692657470703,-0.025722576827949956,97175.91662222242
1404.768478155136,-0.027468037398417987,97157.52496000017
1404.8688762187958,-0.028478567202373163,97140.97246400015
1404.9689860343933,-0.028570433548187273,97125.57521760014
1405.0692067146301,-0.030224027772841198,97111.31769584013
1405.1691679954529,-0.031785755651681014,97098.58592625611
1405.2691938877106,-0.03040776046446941,97087.52733363051
1405.3691761493683,-0.03132642392261048,97076.97460026747
1405.4694032669067,-0.030315894118655304,97069.17714024072
1405.5689103603363,-0.03141829026842459,97060.85942621666
1405.6689620018005,-0.03169388930586691,97054.473483595
1405.7691411972046,-0.030132161427027092,97049.1261352355
1405.8691790103912,-0.03252068641819387,97043.91352171196
1405.969289779663,-0.031785755651681014,97040.02216954077
1406.069299697876,-0.029397230660514233,97036.6199525867
1406.1691563129425,-0.02976469604377066,97033.65795732803
1406.2693026065826,-0.03334748353052083,97031.99216159523
1406.3685340881348,-0.032428820072379766,97029.4929454357
1406.469227552414,-0.032336953726565656,97026.74365089214
1406.5693261623383,-0.03527667679261708,97024.26928580292
1406.669267654419,-0.03187762199749512,97022.74235722263
1406.7692909240723,-0.033714948913777264,97020.26812150037
1406.8691191673279,-0.032428820072379766,97017.54130935033
1406.9692447185516,-0.033990547951219585,97015.7871784153
1407.0692133903503,-0.033898681605405476,97013.60846057376
1407.169090270996,-0.03481734506354655,97011.14761451638
1407.2688739299774,-0.03628720659657226,97009.43285306473
1407.3690927028656,-0.03656280563401458,97008.78956775827
1407.4690158367157,-0.03490921140936065,97008.81061098244
1407.5688927173615,-0.03408241429703369,97008.1295498842
1407.668954372406,-0.033623082567963154,97007.41659489578
1407.7684643268585,-0.035827874867501726,97005.77493540621
1407.8693099021912,-0.035368543138431185,97004.59744186558
1407.969298839569,-0.03435801333447601,97003.33769767902
1408.0693414211273,-0.03591974121331583,97003.10392791113
1408.1685988903046,-0.035368543138431185,97002.19353512001
1408.269199848175,-0.03481734506354655,97002.27418160801
1408.369084596634,-0.03463361237191833,97003.54676344722
1408.4691405296326,-0.037114003708899224,97004.09208710249
1408.5693054199219,-0.03637907294238636,97004.18287839224
1408.6690573692322,-0.03674653832564279,97005.26459055302
1408.7691097259521,-0.035184810446802973,97005.13813149772
1408.8690257072449,-0.035460409484245295,97006.12431834795
1408.9691536426544,-0.035827874867501726,97007.01188651317
1409.0690615177155,-0.03674653832564279,97007.91069786185
1409.1691355705261,-0.03610347390494405,97008.81962807567
1409.268490076065,-0.037297736400527436,97008.8376652681
1409.3691837787628,-0.035736008521687616,97008.4538987413
1409.4691517353058,-0.0381245335128544,97008.90850886717
1409.5688326358795,-0.03601160755912994,97008.81765798046
1409.6691069602966,-0.02397711625748192,97007.53589218242
1409.7691864967346,-0.027284304706789775,97007.08230296419
1409.8691837787628,-0.023058452799340854,97005.27407266777
1409.9685244560242,-0.02342591818259728,97003.14666540099
1410.069301366806,-0.025079512407251207,97001.03199886088
1410.1684777736664,-0.022599121070270317,96999.32879897479
1410.2689123153687,-0.02563071048213585,96997.89591907732
1410.36922955513,-0.023609650874225493,96997.30632716959
1410.4687368869781,-0.02397711625748192,96995.87569445264
1410.5686016082764,-0.026641240286091026,96995.28812500738
1410.6684532165527,-0.0249876460614371,96994.75931250665
1410.7690584659576,-0.028478567202373163,96994.98338125598
1410.8692495822906,-0.026090042211206383,96994.38504313037
1410.968652009964,-0.027835502781674414,96993.54653881735
1411.0690789222717,-0.025906309519578168,96993.79188493562
1411.168872833252,-0.026916839323533347,96994.91269644206
1411.2690742015839,-0.029121631623071912,96995.02142679786
1411.369108915329,-0.027559903744232096,96995.81928411807
1411.4690623283386,-0.025079512407251207,96995.73735570627
1411.5691349506378,-0.027284304706789775,96995.56362013564
1411.669085264206,-0.028202968164930845,96995.50725812207
1411.768938779831,-0.027008705669347453,96994.85653230986
1411.8685297966003,-0.016352209554911044,97004.17087907888
1411.9690721035004,-0.04455517771984189,97019.65379117099
1412.0684521198273,-0.046943702711008665,97035.38841205389
1412.1693551540375,-0.025171378753065313,97036.8495708485
1412.2684948444366,-0.011115827843506945,97046.26461376366
1412.3690695762634,-0.02737617105260388,97050.0381523873
1412.4685776233673,-0.018373269162821396,97050.83433714857
1412.568558216095,-0.021129259537244607,97047.25090343371
1412.66846036911,-0.01065649611443641,97038.02581309034
1412.7689445018768,0.04813796520659206,97024.0232317813
1412.8685734272003,0.06118298631219525,97009.52090860317
1412.9686183929443,0.016168476863282828,97006.96881774285
1413.0689425468445,0.0039502528700066,97016.97193596856
1413.1685004234314,0.010472763422808196,97017.9747423717
1413.2684729099274,0.04198292003704689,97001.77726813454
1413.368668794632,0.055487272871720617,96999.59954132109
1413.4686591625214,-0.04914849501054724,97001.83958718898
1413.5690774917603,0.07615720067989469,96983.55562847007
1413.668794631958,0.02710057201516156,96994.80006562307
1413.7687368392944,-0.04896476231891902,96993.32005906077
1413.868783712387,0.07569786895082416,96980.18805315469
1413.9686064720154,0.043728380607514925,96983.36924783922
1414.0684554576874,-0.0735849429970997,96985.0323230553
1414.1694133281708,0.09177447946829287,96969.62909074978
1414.2690165042877,0.0,96973.6661816748
1414.3687126636505,-0.0960921977215559,96973.89956350732
1414.4689605236053,0.05502794114265008,96956.20960715659
1414.5689055919647,0.0869055631401452,96968.38864644093
1414.668874502182,0.009829699002109447,96990.94978179684
1414.7690000534058,-0.10197164385365876,96994.95480361716
1414.8688642978668,-0.11143387747251177,96959.85932325544
1414.9688663482666,0.06871602666895202,96927.7733909299
1415.0689842700958,0.13219567162649995,96915.79605183691
1415.1689040660858,0.04262598445774564,96922.1164466532
1415.2684903144836,-0.07082895262267648,96945.20480198789
1415.3689498901367,-0.04813796520659206,96965.2843217891
1415.468581199646,0.1447813610030326,96962.65588961019
1415.5689465999603,0.007533040356756773,96977.79030064917
1415.6687653064728,-0.043360915224258494,96994.21127058424
1415.7692658901215,-0.028570433548187273,96999.69014352582
1415.8686859607697,-0.053741812301252585,97009.72112917324
1415.9686920642853,-0.05723273344218865,97017.24901625591
1416.0687174797058,-0.03904319697099547,97017.62411463032
1416.1685934066772,-0.03858386524192493,97018.06170316729
1416.268583059311,-0.03775706812959797,97016.05553285056
1416.3693211078644,-0.0381245335128544,97015.9499795655
1416.4685742855072,-0.040329325812392965,97016.25498160894
1416.5686573982239,-0.035092944100988864,97016.12948344805
1416.6691136360168,-0.03922692966262368,97016.31653510325
1416.7693493366241,-0.040421192158207074,97016.78488159293
1416.8687586784363,-0.03757333543796976,97016.70639343365
1416.9690816402435,-0.04152358830797635,97016.6357540903
1417.0685014724731,-0.03904319697099547,97015.87217868127
1417.1686398983002,-0.038491998896110824,97017.28496081314
1417.2687029838562,-0.0394106623542519,97016.55646473182
1417.3686497211456,-0.03601160755912994,97016.00081825865
1417.4687027931213,-0.04133985561634814,97017.40073643278
1417.5691442489624,-0.03775706812959797,97017.8606627895
1417.6686136722565,-0.03830826620448261,97016.87459651056
1417.7686054706573,-0.04198292003704689,97016.3871368595
1417.8685891628265,-0.0381245335128544,97015.34842317356
1417.968542098999,-0.040421192158207074,97015.81358085621
1418.0686156749725,-0.0407886575414635,97014.73222277059
1418.1685411930084,-0.03959439504588011,97014.95900049353
1418.2693321704865,-0.04133985561634814,97015.86310044417
1418.368656873703,-0.037389602746341545,97015.57679039976
1418.468593120575,-0.04133985561634814,97016.01911135978
1418.5685906410217,-0.040696791195649396,97017.21720022381
1418.6686141490936,-0.04133985561634814,97017.79548020143
1418.7686896324158,-0.040696791195649396,97018.81593218129
1418.8691997528076,-0.03867573158773904,97018.83433896315
1418.969301700592,-0.039502528700066,97019.55090506685
1419.0687248706818,-0.04088052388727761,97018.99581456016
1419.168609380722,-0.03867573158773904,97018.69623310414
1419.2692682743073,-0.03977812773750832,97019.22660979372
1419.3690869808197,-0.04088052388727761,97013.70394881435
1419.4685261249542,-0.014514882638628903,97010.13355393292
1419.5688939094543,-0.018097670125379075,97006.12019853963
1419.6685967445374,-0.016903407629795683,97003.70817868567
1419.7686095237732,-0.01910819992933425,97001.5373608171
1419.8685812950134,-0.02223165568701389,97000.68362473541
1419.968990802765,-0.019659398004218894,96997.81526226187
1420.0684509277344,-0.02039432877073175,96995.33373603568
1420.1685771942139,-0.021680457612129247,96994.00036243211
1420.2686924934387,-0.021404858574686925,96991.00032618889
1420.3687417507172,-0.02048619511654586,96990.00029357002
1420.4687469005585,-0.021680457612129247,96988.400264213
1420.5685794353485,-0.018648868200263718,96985.36023779171
1420.6687712669373,-0.022966586453526745,96983.92421401254
1420.7685060501099,-0.019567531658404788,96982.73179261129
1420.8685402870178,-0.022047922995385674,96981.35861335015
1420.968843460083,-0.020578061462359964,96979.82275201514
1421.0685217380524,-0.021772323957943356,96979.44047681363
1421.168714761734,-0.02039432877073175,96979.49642913227
1421.2687368392944,-0.023609650874225493,96979.34678621904
1421.3688173294067,-0.022323522032827996,96978.31210759714
1421.46896982193,-0.02066992780817407,96978.18089683742
1421.5685753822327,-0.020210596079103537,96976.56280715368
1421.6687865257263,-0.022139789341199784,96977.1065264383
1421.768661737442,-0.02315031914515496,96978.19587379448
1421.8690173625946,-0.02223165568701389,96978.37628641503
1421.9690520763397,-0.021221125883058713,96977.93865777353
1422.0690693855286,-0.020945526845616392,96976.94479199618
1422.1691856384277,-0.02315031914515496,96976.65031279656
1422.2692596912384,-0.024344581640738352,96976.9852815169
1422.369292974472,-0.022139789341199784,96976.28675336522
1422.468421459198,-0.018648868200263718,96976.5580780287
1422.5685460567474,-0.022599121070270317,96977.60227022583
1422.6691536903381,-0.021956056649571568,96977.54204320326
1422.7687232494354,-0.02406898260329603,96977.98783888292
1422.8686742782593,-0.025079512407251207,96978.88905499464
1422.9688568115234,-0.024252715294924242,96978.70014949517
1423.0690367221832,-0.024252715294924242,96979.23013454565
1423.1690163612366,-0.02342591818259728,96979.20712109108
1423.2690505981445,-0.023701517220039603,96980.88640898198
1423.3691618442535,-0.02250725472445621,96981.3977680838
1423.469120979309,-0.023334051836783172,96980.65799127541
1423.5688350200653,-0.025446977790507634,96981.59219214787
1423.6693766117096,-0.02526324509887942,96981.13297293309
1423.76921916008,-0.023609650874225493,96981.81967563978
1423.869253396988,-0.021956056649571568,96980.33770807581
1423.9691517353058,-0.02379338356585371,96981.40393726823
1424.0694048404694,-0.021956056649571568,96982.06354354142
1424.169305562973,-0.02526324509887942,96981.45718918728
1424.2691774368286,-0.024252715294924242,96981.21147026855
1424.3687505722046,-0.02526324509887942,96980.0903232417
1424.4692497253418,-0.021404858574686925,96979.58129091753
1424.56898021698,-0.02315031914515496,96980.62316182577
1424.669214963913,-0.024436447986552458,96980.96084564319
1424.7690496444702,-0.024344581640738352,96981.96476107888
1424.8693413734436,-0.021956056649571568,96982.868284971
1424.9692010879517,-0.02471204702399478,96982.6814564739
1425.0693154335022,-0.023701517220039603,96982.6133108265
1425.1693577766418,-0.023885249911667815,96982.15197974387
1425.268626689911,-0.027008705669347453,96981.23678176949
1425.3690094947815,-0.02618190855702049,96981.81310359255
1425.4690668582916,-0.0249876460614371,96982.03179323328
1425.5684115886688,-0.025722576827949956,96982.32861390995
1425.669153213501,-0.027927369127488524,96982.19575251896
1425.7684338092804,-0.023334051836783172,96982.77617726708
1425.8684513568878,-0.028111101819116736,96982.89855954036
1425.969347000122,-0.025355111444693528,96983.90870358633
1426.0687844753265,-0.027743636435860308,96984.3178332277
1426.168449640274,-0.024803913369808885,96983.98604990494
1426.2693617343903,-0.025446977790507634,96984.78744491444
1426.3688578605652,-0.0249876460614371,96985.308700423
1426.4692590236664,-0.024344581640738352,96984.5778303807
1426.568617105484,-0.023242185490969066,96983.42004734263
1426.6692757606506,-0.026365641248648704,96982.87804260837
1426.7685227394104,-0.02563071048213585,96983.29023834753
1426.868880033493,-0.025906309519578168,96982.96121451278
1426.9688484668732,-0.02462018067818067,96983.4650930615
1427.0691649913788,-0.02553884413632174,96982.51858375534
1427.1693212985992,-0.02737617105260388,96982.86672537982
1427.2693417072296,-0.023701517220039603,96982.58005284183
1427.3683512210846,-0.025171378753065313,96982.92204755766
1427.4692759513855,-0.026641240286091026,96983.62984280189
1427.5685060024261,-0.027008705669347453,96984.7668585217
1427.6689913272858,-0.02489577971562299,96985.29017266954
1427.7692534923553,-0.030591493156097625,96988.16115540259
1427.868637084961,-0.02250725472445621,96986.74503986232
1427.9692544937134,-0.0072574413193144515,96986.87053587609
1428.0693035125732,-0.007441174010942665,96984.58348228848
1428.1687970161438,-0.011299560535135159,96982.62513405964
1428.2692425251007,-0.021772323957943356,96982.16262065367
1428.368677854538,-0.01249382303071855,96980.24635858831
1428.4687836170197,-0.016076610517468722,96979.32172272948
1428.5689833164215,-0.01910819992933425,96979.28955045652
1428.668410539627,-0.0170871403214239,96978.46059541088
1428.7685241699219,-0.015066080713513546,96978.1145358698
1428.8688921928406,-0.017822071087936753,96977.20308228281
1428.9689967632294,-0.017913937433750863,96977.48277405453
1429.0691640377045,-0.016076610517468722,96976.03449664908
1429.1684300899506,-0.018465135508635502,96976.53104698418
1429.268565416336,-0.01524981340514176,96976.17794228577
1429.3692202568054,-0.01818953647119318,96975.8601480572
1429.468565940857,-0.016811541283981577,96974.47413325148
1429.5685231685638,-0.015617278788398187,96973.92671992633
1429.668996334076,-0.020302462424917643,96973.3340479337
1429.7684309482574,-0.018740734546077824,96972.40064314032
1429.868499994278,-0.020945526845616392,96972.6605788263
1429.9684615135193,-0.017730204742122647,96973.49452094367
1430.0692915916443,-0.016076610517468722,96974.3450688493
1430.1685416698456,-0.017179006667238005,96973.51056196439
1430.2693405151367,-0.016535942246539256,96973.45950576795
1430.3687522411346,-0.016352209554911044,96974.61355519116
1430.4694068431854,-0.016076610517468722,96973.85219967204
1430.5687065124512,-0.017913937433750863,96973.46697970484
1430.668639421463,-0.017913937433750863,96974.22028173436
1430.7685904502869,-0.015617278788398187,96973.49825356093
1430.8685386180878,-0.014698615330257117,96972.64842820483
1430.9693269729614,-0.01892446723770604,96972.98358538435
1431.068619966507,-0.016168476863282828,96973.88522684592
1431.1686699390411,-0.02048619511654586,96973.49670416133
1431.2691612243652,-0.01671967493816747,96973.54703374518
1431.3685266971588,-0.01910819992933425,96973.39233037067
1431.4684975147247,-0.01984313069584711,96973.7530973336
1431.5690784454346,-0.019383798966776573,96973.77778760024
1431.6691040992737,-0.019567531658404788,96974.50000884022
1431.7683730125427,-0.016076610517468722,96974.85000795619
1431.8693542480469,-0.016168476863282828,96975.16500716058
1431.9693002700806,-0.01910819992933425,96975.64850644453
1432.069346666336,-0.01947566531259068,96975.48365580007
1432.1687321662903,-0.01883260089189193,96975.73529022007
1432.2686882019043,-0.01910819992933425,96976.36176119806
1432.3684005737305,-0.018373269162821396,96977.22558507825
1432.468544960022,-0.020118729733289428,96977.30302657043
1432.5691068172455,-0.01947566531259068,96978.27272391338
1432.6692457199097,-0.019751264350033,96978.64545152204
1432.7683577537537,-0.019383798966776573,96979.08090636984
1432.8692510128021,-0.018373269162821396,96978.87281573286
1432.9693410396576,-0.01763833839630854,96978.78553415957
1433.0685999393463,-0.020853660499802286,96978.40698074362
1433.1683757305145,-0.018740734546077824,96977.96628266925
1433.2692408561707,-0.020118729733289428,96977.76965440233
1433.369075536728,-0.01947566531259068,96978.5926889621
1433.46861410141,-0.016535942246539256,96977.2334200659
1433.5683815479279,-0.02002686338747532,96977.0100780593
1433.669173002243,-0.01883260089189193,96977.60907025338
1433.7692806720734,-0.019659398004218894,96978.24816322804
1433.8691353797913,-0.020210596079103537,96979.02334690525
1433.969262599945,-0.018557001854449612,96978.92101221473
1434.0688462257385,-0.017822071087936753,96978.82891099327
1434.1688587665558,-0.01984313069584711,96977.94601989395
1434.2690851688385,-0.017546472050494432,96978.15141790456
1434.3688418865204,-0.02158859126631514,96977.2362761141
1434.468760728836,-0.019291932620962467,96977.41264850268
1434.5690846443176,-0.018465135508635502,96978.47138365242
1434.6691555976868,-0.01920006627514836,96979.12424528718
1434.7689554691315,-0.019567531658404788,96979.21182075847
1434.8685069084167,-0.018557001854449612,96978.89063868263
1434.9686071872711,-0.020302462424917643,96977.90157481436
1435.0683901309967,-0.022047922995385674,96976.41141733293
1435.1686000823975,-0.021221125883058713,96976.67027559964
1435.2687616348267,-0.01883260089189193,96976.30324803968
1435.3686633110046,-0.02039432877073175,96975.67292323572
1435.4685559272766,-0.01883260089189193,96975.50563091214
1435.5684607028961,-0.019751264350033,96975.15506782093
1435.6690301895142,-0.020210596079103537,96975.03956103884
1435.768956899643,-0.02158859126631514,96976.13560493496
1435.8688838481903,-0.01910819992933425,96976.32204444146
1435.9690420627594,-0.02002686338747532,96977.18983999731
1436.0693361759186,-0.020302462424917643,96977.57085599759
1436.1692824363708,-0.022047922995385674,96977.61377039783
1436.2692041397095,-0.02223165568701389,96977.35239335804
1436.3690946102142,-0.02039432877073175,96977.01715402224
1436.4688062667847,-0.018557001854449612,96977.21543862001
1436.5691075325012,-0.021956056649571568,96976.59389475801
1436.6689031124115,-0.019934997041661216,96975.33450528221
1436.7693600654602,-0.020118729733289428,96976.901054754
1436.8690567016602,-0.02066992780817407,96976.9109492786
1436.9688901901245,-0.018373269162821396,96976.21985435074
1437.0692200660706,-0.019934997041661216,96975.49786891566
1437.1687200069427,-0.020578061462359964,96975.44808202409
1437.268746137619,-0.02131299222887282,96974.10327382167
1437.3692519664764,-0.02039432877073175,96974.49294643951
1437.4691960811615,-0.019291932620962467,96973.84365179557
1437.5690155029297,-0.021404858574686925,96973.45928661601
1437.6684064865112,-0.019016333583520145,96974.31335795441
1437.7690136432648,-0.020853660499802286,96973.58202215897
1437.8691337108612,-0.02066992780817407,96973.72381994307
1437.96923494339,-0.022139789341199784,96973.05143794876
1438.069057226181,-0.020302462424917643,96973.14629415388
1438.1692311763763,-0.021129259537244607,96973.83166473849
1438.2691702842712,-0.020761794153988176,96974.04849826464
1438.3687591552734,-0.021129259537244607,96974.54364843818
1438.4693021774292,-0.021680457612129247,96976.28928359436
1438.5685544013977,-0.018465135508635502,96976.56035523492
1438.6684851646423,-0.020210596079103537,96976.40431971144
1438.7694296836853,-0.021956056649571568,96976.5638877403
1438.868797302246,-0.020118729733289428,96974.80749896626
1438.9686255455017,-0.019934997041661216,96975.52674906963
1439.0691828727722,-0.021221125883058713,96973.97407416267
1439.1686034202576,-0.019016333583520145,96975.37666674641
1439.2685794830322,-0.021680457612129247,96974.33900007176
1439.3685476779938,-0.021496724920501035,96973.80510006458
1439.4686036109924,-0.021129259537244607,96974.02459005814
1439.5684950351715,-0.020118729733289428,96975.42213105233
1439.6685438156128,-0.023242185490969066,96975.27991794709
1439.769225358963,-0.020761794153988176,96974.95192615238
1439.8685686588287,-0.020578061462359964,96974.25673353714
1439.969173192978,-0.020210596079103537,96974.23106018342
1440.068597793579,-0.020118729733289428,96973.10795416508
1440.1688933372498,-0.022415388378642105,96973.89715874859
1440.2688953876495,-0.02131299222887282,96974.20744287373
1440.3688759803772,-0.020945526845616392,96973.68669858635
1440.468582868576,-0.020853660499802286,96973.5180287277
1440.5691051483154,-0.01947566531259068,96973.96622585494
1440.6689140796661,-0.021129259537244607,96974.46960326943
1440.7687056064606,-0.021864190303757462,96973.3226429425
1440.8691339492798,-0.022782853761898533,96974.89037864824
1440.968359708786,-0.022047922995385674,96974.60134078341
1441.0691323280334,-0.021680457612129247,96974.24120670508
1441.1688306331635,-0.019383798966776573,96974.51708603457
1441.2691802978516,-0.02158859126631514,96974.66537743111
1441.3689303398132,-0.022323522032827996,96973.998839688
1441.4687650203705,-0.021956056649571568,96973.39895571921
1441.5686929225922,-0.021404858574686925,96973.8590601473
1441.6688568592072,-0.023517784528411387,96974.67315413257
1441.7687344551086,-0.02250725472445621,96974.1058387193
1441.868884563446,-0.019291932620962467,96973.59525484737
1441.968654870987,-0.02287472010771264,96973.73572936264
1442.0690145492554,-0.022323522032827996,96974.26215642637
1442.1684713363647,-0.022415388378642105,96973.33594078373
1442.2688586711884,-0.022690987416084423,96974.20234670535
1442.3687064647675,-0.024252715294924242,96973.08211203483
1442.4690055847168,-0.022599121070270317,96972.07390083135
1442.5689404010773,-0.021221125883058713,96973.86651074822
1442.6689348220825,-0.019291932620962467,96974.7798596734
1442.7690925598145,-0.021864190303757462,96976.00187370606
1442.8691146373749,-0.021496724920501035,96976.30168633546
1442.9691066741943,-0.022690987416084423,96975.1715177019
1443.0690977573395,-0.023058452799340854,96975.25436593173
1443.1687133312225,-0.02287472010771264,96975.72892933855
1443.2689182758331,-0.023242185490969066,96977.0560364047
1443.3688020706177,-0.021956056649571568,96976.35043276423
1443.4687428474426,-0.021772323957943356,96975.31538948782
1443.5690476894379,-0.021129259537244607,96975.18385053903
1443.6688063144684,-0.021404858574686925,96975.46546548513
1443.768551826477,-0.02287472010771264,96975.01891893662
1443.8685894012451,-0.022415388378642105,96975.61702704297
1443.9685633182526,-0.022599121070270317,96976.75532433868
1444.0685334205627,-0.022782853761898533,96977.57979190482
1444.1687905788422,-0.02315031914515496,96977.52181271433
1444.2687046527863,-0.021864190303757462,96977.2696314429
1444.3685977458954,-0.02342591818259728,96976.94266829861
1444.4685740470886,-0.022690987416084423,96977.04840146875
1444.5687491893768,-0.02131299222887282,96977.74356132187
1444.6686680316925,-0.02287472010771264,96977.86920518968
1444.768812417984,-0.024160848949110136,96977.78228467071
1444.8684344291687,-0.023058452799340854,96977.30405620365
1444.9687705039978,-0.023058452799340854,96976.27365058329
1445.0688905715942,-0.022323522032827996,96976.44628552496
1445.1687641143799,-0.021496724920501035,96975.90165697248
1445.2683367729187,-0.023058452799340854,96975.41149127524
1445.3687567710876,-0.02315031914515496,96974.67034214773
1445.4686825275421,-0.02250725472445621,96974.20330793296
1445.5687456130981,-0.02315031914515496,96973.98297713966
1445.6685514450073,-0.022782853761898533,96973.78467942569
1445.768720149994,-0.02158859126631514,96973.60621148311
1445.8687224388123,-0.023609650874225493,96973.5455903348
1445.9689056873322,-0.022599121070270317,96975.29103130133
1446.0690376758575,-0.02315031914515496,96975.8619281712
1446.1690373420715,-0.024803913369808885,96976.87573535409
1446.269032716751,-0.02315031914515496,96977.28816181868
1446.368989944458,-0.022966586453526745,96977.05934563681
1446.4689257144928,-0.022690987416084423,96978.55341107312
1446.5686211585999,-0.022139789341199784,96977.79806996582
1446.6685972213745,-0.022139789341199784,96978.11826296925
1446.7688138484955,-0.024803913369808885,96977.40643667233
1446.8688044548035,-0.020853660499802286,96977.8657930051
1446.9685077667236,-0.024252715294924242,96977.6792137046
1447.0688455104828,-0.023701517220039603,96977.71129233415
1447.1684634685516,-0.022782853761898533,96978.24016310074
1447.2686722278595,-0.02489577971562299,96978.41614679067
1447.3688659667969,-0.023609650874225493,96977.7745321116
1447.4687077999115,-0.02489577971562299,96978.89707890044
1447.569005727768,-0.02342591818259728,96978.70737101039
1447.6688144207,-0.023334051836783172,96978.23663390934
1447.7691130638123,-0.022139789341199784,96978.81297051841
1447.8686475753784,-0.02342591818259728,96979.13167346657
1447.9691143035889,-0.022966586453526745,96979.01850611992
1448.069160938263,-0.024803913369808885,96978.41665550793
1448.1692843437195,-0.021496724920501035,96978.27498995714
1448.2684121131897,-0.022415388378642105,96979.04749096143
1448.3690395355225,-0.022690987416084423,96979.04274186528
1448.4689593315125,-0.02406898260329603,96979.53846767875
1448.5684049129486,-0.024160848949110136,96978.68462091088
1448.6686944961548,-0.024528314332366564,96978.8161588198
1448.768447637558,-0.02397711625748192,96978.63454293781
1448.86829996109,-0.022415388378642105,96978.47108864403
1448.9687049388885,-0.023609650874225493,96977.82397977963
1449.068767786026,-0.025722576827949956,96977.74158180166
1449.16912484169,-0.02131299222887282,96978.0674236215
1449.2688994407654,-0.023242185490969066,96977.26068125934
1449.3686044216156,-0.024528314332366564,96976.83461313341
1449.468976020813,-0.02158859126631514,96978.75115182008
1449.5687863826752,-0.025446977790507634,96979.17603663808
1449.6689341068268,-0.022782853761898533,96978.75843297427
1449.768756866455,-0.02287472010771264,96978.18258967684
1449.8688683509827,-0.02158859126631514,96979.66433070916
1449.9690475463867,-0.023334051836783172,96980.59789763823
1450.0689947605133,-0.02406898260329603,96979.83810787441
1450.1689932346344,-0.023334051836783172,96980.45429708698
1450.269203901291,-0.023609650874225493,96980.80886737828
1450.3686606884003,-0.022966586453526745,96980.82798064046
1450.4688341617584,-0.021864190303757462,96981.74518257641
1450.568419933319,-0.02315031914515496,96981.47066431877
1450.6689944267273,-0.020853660499802286,96981.32359788689
1450.769297361374,-0.0249876460614371,96981.89123809821
1450.8687131404877,-0.02462018067818067,96980.70211428839
1450.9684791564941,-0.025079512407251207,96979.83190285954
1451.0688359737396,-0.022690987416084423,96980.54871257358
1451.1690256595612,-0.023701517220039603,96981.59384131624
1451.2686941623688,-0.02250725472445621,96981.63445718461
1451.368929386139,-0.025171378753065313,96980.77101146616
1451.4683909416199,-0.02397711625748192,96980.99391031955
1451.568331003189,-0.021680457612129247,96981.1945192876
1451.6684186458588,-0.02287472010771264,96980.27506735885
1451.7692832946777,-0.02406898260329603,96979.54756062296
1451.8688471317291,-0.021864190303757462,96977.99280456066
1451.9689049720764,-0.022415388378642105,96977.1935241046
1452.068899154663,-0.02287472010771264,96977.77417169415
1452.1689722537994,-0.024803913369808885,96978.49675452473
1452.2691912651062,-0.023701517220039603,96978.64707907227
1452.3684828281403,-0.024252715294924242,96980.38237116505
1452.4691007137299,-0.024252715294924242,96980.84413404854
1452.5691239833832,-0.02066992780817407,96981.25972064369
1452.6685483455658,-0.02379338356585371,96982.83374857932
1452.7694494724274,-0.0249876460614371,96983.6503737214
1452.8685464859009,-0.023242185490969066,96983.48533634926
1452.96870470047,-0.02737617105260388,96983.83680271433
1453.069143295288,-0.021404858574686925,96983.4531224429
1453.1692411899567,-0.02563071048213585,96984.0078101986
1453.2687358856201,-0.023242185490969066,96983.70702917875
1453.3689723014832,-0.02223165568701389,96981.93632626088
1453.468941450119,-0.02342591818259728,96981.24269363479
1453.569393157959,-0.02489577971562299,96980.81842427132
1453.669033050537,-0.02048619511654586,96980.5365818442
1453.7692096233368,-0.024160848949110136,96980.38292365977
1453.8691029548645,-0.024160848949110136,96981.04463129379
1453.968467950821,-0.02315031914515496,96979.94016816441
1454.0688757896423,-0.02250725472445621,96978.24615134798
1454.169026851654,-0.022139789341199784,96977.02153621319
1454.268535375595,-0.024436447986552458,96977.31938259187
1454.3683750629425,-0.02397711625748192,96976.78744433269
1454.4693887233734,-0.02471204702399478,96977.10869989941
1454.569072008133,-0.025171378753065313,96976.09782990947
1454.6688618659973,-0.024160848949110136,96975.48804691853
1454.7688434123993,-0.02315031914515496,96975.53924222669
1454.8688530921936,-0.0249876460614371,96975.98531800402
1454.9693732261658,-0.02379338356585371,96975.98678620363
1455.0694377422333,-0.02462018067818067,96976.88810758328
1455.168855190277,-0.023609650874225493,96976.89929682495
1455.2684135437012,-0.02287472010771264,96977.50936714245
1455.369244337082,-0.023058452799340854,96979.1584304282
1455.4688630104065,-0.023242185490969066,96980.24258738538
1455.5687503814697,-0.023885249911667815,96980.51832864685
1455.6684892177582,-0.023242185490969066,96981.16649578216
1455.769181728363,-0.02563071048213585,96981.14984620396
1455.8687245845795,-0.025079512407251207,96980.63486158357
1455.969120502472,-0.02471204702399478,96980.57137542522
1456.0685877799988,-0.024160848949110136,96981.2142378827
1456.1691117286682,-0.023609650874225493,96982.09281409443
1456.2692847251892,-0.026365641248648704,96981.78353268499
1456.3692753314972,-0.022966586453526745,96982.3051794165
1456.4687418937683,-0.024160848949110136,96982.77466147485
1456.5693292617798,-0.025722576827949956,96982.89719532736
1456.6691308021545,-0.023242185490969066,96983.00747579461
1456.7685067653656,-0.025079512407251207,96982.30672821516
1456.869107723236,-0.02342591818259728,96982.77605539364
1456.968909740448,-0.023885249911667815,96983.29844985428
1457.0684626102448,-0.02526324509887942,96982.46860486886
1457.1686313152313,-0.026365641248648704,96982.22174438198
1457.2694127559662,-0.02397711625748192,96982.49956994379
1457.3694128990173,-0.023885249911667815,96983.84961294942
1457.4692151546478,-0.024252715294924242,96984.96465165447
1457.568724155426,-0.025079512407251207,96985.26818648903
1457.6691942214966,-0.025446977790507634,96984.04136784014
1457.7691242694855,-0.023517784528411387,96983.93723105613
1457.8684895038605,-0.027192438360975665,96984.14350795053
1457.96839427948,-0.02462018067818067,96983.82915715549
1458.0690953731537,-0.023885249911667815,96982.54624143995
1458.1683747768402,-0.022782853761898533,96982.59161729596
1458.2684903144836,-0.021772323957943356,96982.93245556636
1458.36887550354,-0.02581444317376406,96983.63921000973
1458.4687676429749,-0.023885249911667815,96982.57528900876
1458.5685472488403,-0.024344581640738352,96981.01776010789
1458.669067144394,-0.0249876460614371,96980.2159840971
1458.7687957286835,-0.024803913369808885,96979.1943856874
1458.8685328960419,-0.02406898260329603,96979.87494711866
1458.9683763980865,-0.02471204702399478,96979.28745240679
1459.0689351558685,-0.023609650874225493,96980.55870716611
1459.1693902015686,-0.02618190855702049,96980.30283644951
1459.2688703536987,-0.027743636435860308,96979.07255280456
1459.3686790466309,-0.02489577971562299,96979.7652975241
1459.4692885875702,-0.02342591818259728,96979.18876777169
1459.5689408779144,-0.025446977790507634,96980.26989099452
1459.6686069965363,-0.02553884413632174,96980.74290189506
1459.7686233520508,-0.02342591818259728,96979.86861170556
1459.8688139915466,-0.02618190855702049,96980.681750535
1459.9689557552338,-0.02406898260329603,96980.9135754815
1460.0684487819672,-0.025171378753065313,96981.52221793335
1460.1690833568573,-0.0249876460614371,96981.06999614001
1460.2685906887054,-0.024344581640738352,96980.662996526
1460.3686029911041,-0.02645750759446281,96981.79669687341
1460.4692742824554,-0.024252715294924242,96982.81702718607
1460.568904876709,-0.025079512407251207,96982.93532446746
1460.6683690547943,-0.0262737749028346,96983.44179202072
1460.7690641880035,-0.023885249911667815,96982.49761281864
1460.869084596634,-0.026733106631905132,96983.84785153679
1460.9690809249878,-0.023517784528411387,96982.66306638312
1461.0691938400269,-0.025722576827949956,96982.5967597448
1461.1693227291107,-0.025722576827949956,96982.73708377032
1461.2689645290375,-0.02526324509887942,96983.06337539329
1461.3689363002777,-0.025446977790507634,96982.85703785397
1461.468692779541,-0.026365641248648704,96983.07133406858
1461.5684542655945,-0.02489577971562299,96983.06420066173
1461.6689648628235,-0.02526324509887942,96982.35778059556
1461.7691700458527,-0.025446977790507634,96981.72200253601
1461.8692438602448,-0.02406898260329603,96981.04980228242
1461.9684603214264,-0.02526324509887942,96980.84482205418
1462.0685420036316,-0.02563071048213585,96982.06033984876
1462.1690838336945,-0.02471204702399478,96981.9543058639
1462.269076347351,-0.023885249911667815,96981.85887527751
1462.3693525791168,-0.0262737749028346,96981.67298774976
1462.4692554473877,-0.026549373940276916,96982.40568897477
1462.568647146225,-0.02563071048213585,96983.0651200773
1462.6689627170563,-0.026090042211206383,96982.25860806958
1462.7685120105743,-0.027284304706789775,96982.03274726262
1462.8685369491577,-0.025998175865392277,96982.82947253637
1462.9693295955658,-0.02471204702399478,96982.14652528273
1463.0693144798279,-0.025722576827949956,96980.93187275446
1463.1691634654999,-0.026090042211206383,96980.43868547902
1463.2693629264832,-0.02406898260329603,96980.79481693111
1463.3686046600342,-0.025446977790507634,96981.415335238
1463.4689962863922,-0.02563071048213585,96981.0738017142
1463.569378376007,-0.025906309519578168,96982.56642154278
1463.6691164970398,-0.0249876460614371,96983.10977938851
1463.7684416770935,-0.023609650874225493,96982.29880144967
1463.868885755539,-0.02526324509887942,96983.3689213047
1463.9684224128723,-0.025906309519578168,96983.33202917424
1464.0687124729156,-0.02553884413632174,96983.29882625683
1464.1692824363708,-0.02342591818259728,96984.06894363115
1464.2685458660126,-0.023058452799340854,96982.26204926804
1464.3686265945435,-0.025906309519578168,96982.63584434125
1464.4684929847717,-0.023701517220039603,96982.57225990712
1464.5686235427856,-0.0262737749028346,96981.81503391641
1464.6686124801636,-0.024252715294924242,96982.73353052478
1464.7690386772156,-0.023701517220039603,96982.76017747232
1464.8687734603882,-0.027284304706789775,96983.98415972509
1464.9688293933868,-0.025722576827949956,96984.08574375258
1465.0684604644775,-0.02379338356585371,96984.27716937734
1465.1690623760223,-0.02471204702399478,96984.34945243961
1465.2683775424957,-0.025446977790507634,96985.01450719565
1465.3689441680908,-0.02526324509887942,96985.01305647609
1465.469173192978,-0.025906309519578168,96984.91175082848
1465.5690472126007,-0.025171378753065313,96984.02057574564
1465.6688432693481,-0.024528314332366564,96983.31851817107
1465.7691586017609,-0.02397711625748192,96982.28666635398
1465.8688282966614,-0.02462018067818067,96981.25799971858
1465.968729019165,-0.02397711625748192,96980.93219974673
1466.0689404010773,-0.026090042211206383,96979.43897977207
1466.1683609485626,-0.02397711625748192,96976.99508179486
1466.2685894966125,-0.026641240286091026,96976.79557361537
1466.3693380355835,-0.024344581640738352,96977.31601625383
1466.4683713912964,-0.026090042211206383,96977.58441462845
1466.5688645839691,-0.023334051836783172,96977.72597316561
1466.6685535907745,-0.025355111444693528,96977.15337584904
1466.7685866355896,-0.024528314332366564,96977.23803826414
1466.868905544281,-0.02342591818259728,96977.41423443772
1466.9690265655518,-0.02379338356585371,96977.27281099395
1467.0691080093384,-0.02315031914515496,96977.64552989457
1467.1685011386871,-0.025079512407251207,96977.98097690512
1467.2688899040222,-0.026916839323533347,96977.18287921461
1467.3683769702911,-0.02379338356585371,96977.36459129315
1467.4688863754272,-0.025998175865392277,96978.72813216384
1467.5684432983398,-0.025171378753065313,96979.35531894746
1467.6684484481812,-0.02406898260329603,96980.81978705271
1467.7688691616058,-0.02462018067818067,96981.23780834743
1467.869090795517,-0.02462018067818067,96980.2140275127
1467.9684481620789,-0.025355111444693528,96979.69262476143
1468.068935394287,-0.025722576827949956,96979.5233622853
1468.169112920761,-0.023334051836783172,96979.37102605678
1468.2685866355896,-0.024528314332366564,96979.9339234511
1468.3684797286987,-0.024160848949110136,96979.640531106
1468.468859910965,-0.02406898260329603,96979.6764779954
1468.5684838294983,-0.025446977790507634,96980.30883019586
1468.668781042099,-0.024528314332366564,96981.57794717628
1468.768533706665,-0.024528314332366564,96981.92015245865
1468.869277715683,-0.024436447986552458,96981.72813721279
1468.968596458435,-0.02563071048213585,96982.25532349151
1469.068481206894,-0.02471204702399478,96983.42979114235
1469.1690874099731,-0.02526324509887942,96983.38681202813
1469.2684574127197,-0.026733106631905132,96983.84813082532
1469.3689024448395,-0.027284304706789775,96983.76331774279
1469.468478679657,-0.02710057201516156,96984.78698596852
1469.5686523914337,-0.02645750759446281,96986.00828737166
1469.6690464019775,-0.022966586453526745,96986.9074586345
1469.768564939499,-0.027743636435860308,96988.11671277104
1469.8687660694122,-0.02315031914515496,96987.50504149393
1469.96839761734,-0.023334051836783172,96988.25453734455
1470.068457365036,-0.02250725472445621,96988.7290836101
1470.168609380722,-0.024528314332366564,96988.6561752491
1470.2689180374146,-0.023885249911667815,96987.69055772419
1470.3683922290802,-0.025998175865392277,96987.32150195177
1470.468409538269,-0.02406898260329603,96987.68935175659
1470.569105386734,-0.025079512407251207,96988.02041658094
1470.6683559417725,-0.02526324509887942,96988.31837492285
1470.7691740989685,-0.0249876460614371,96989.18653743056
1470.8684828281403,-0.022415388378642105,96988.46788368751
1470.9685847759247,-0.023885249911667815,96988.42109531876
1471.068866968155,-0.02563071048213585,96988.17898578689
1471.1687562465668,-0.024528314332366564,96987.5610872082
1471.2685437202454,-0.02397711625748192,96987.30497848739
1471.3691861629486,-0.023058452799340854,96985.87448063865
1471.4686284065247,-0.024803913369808885,96986.0870325748
1471.5693156719208,-0.02462018067818067,96986.77832931733
1471.6686706542969,-0.02223165568701389,96984.8004963856
1471.7689864635468,-0.0262737749028346,96985.52044674703
1471.8684296607971,-0.025906309519578168,96984.36840207233
1471.9688844680786,-0.022139789341199784,96985.53156186511
1472.0690166950226,-0.03105082488516816,96984.2784056786
1472.1686453819275,-0.022599121070270317,96984.25056511073
1472.2688837051392,-0.023885249911667815,96984.32550859966
1472.3684017658234,-0.027559903744232096,96984.69295773971
1472.4689750671387,-0.024528314332366564,96986.42366196573
1472.568787097931,-0.02645750759446281,96985.28129576916
1472.6686444282532,-0.02553884413632174,96985.75316619225
1472.7684342861176,-0.02489577971562299,96986.57784957302
1472.869001865387,-0.025446977790507634,96986.92006461573
1472.9689915180206,-0.025722576827949956,96986.12805815415
1473.068544626236,-0.025355111444693528,96985.31525233874
1473.1687924861908,-0.024803913369808885,96985.68372710486
1473.2686009407043,-0.02553884413632174,96984.61535439438
1473.3685431480408,-0.02553884413632174,96985.75381895495
1473.4691319465637,-0.02563071048213585,96985.67843705945
1473.5686478614807,-0.025722576827949956,96986.81059335351
1473.668910741806,-0.025171378753065313,96986.42953401817
1473.7685825824738,-0.02406898260329603,96987.08658061636
1473.8685405254364,-0.026641240286091026,96986.77792255473
1473.968369960785,-0.02618190855702049,96986.50013029925
1474.0692868232727,-0.022047922995385674,96986.45011726933
1474.168996334076,-0.026365641248648704,96986.8051055424
1474.2691712379456,-0.02406898260329603,96988.02459498815
1474.3689353466034,-0.02406898260329603,96988.12213548934
1474.4687886238098,-0.022599121070270317,96987.7099219404
1474.569079399109,-0.025171378753065313,96987.33892974636
1474.6689369678497,-0.02581444317376406,96987.70503677173
1474.7688899040222,-0.0249876460614371,96987.23453309457
1474.8690900802612,-0.027008705669347453,96987.4110797851
1474.9689016342163,-0.026090042211206383,96986.7699718066
1475.0688617229462,-0.024344581640738352,96986.99297462593
1475.1689596176147,-0.022690987416084423,96987.19367716333
1475.2689878940582,-0.0249876460614371,96987.274309447
1475.369066953659,-0.026641240286091026,96987.84687850231
1475.4692318439484,-0.028202968164930845,96988.16219065209
1475.569422006607,-0.022782853761898533,96987.54597158688
1475.669319152832,-0.02581444317376406,96987.2913744282
1475.7686235904694,-0.023517784528411387,96986.86223698538
1475.869078874588,-0.02462018067818067,96985.87601328685
1475.9685785770416,-0.02581444317376406,96986.68841195817
1476.0690186023712,-0.024528314332366564,96987.11957076236
1476.1691088676453,-0.02462018067818067,96987.50761368613
1476.2691566944122,-0.02526324509887942,96987.85685231752
1476.3691446781158,-0.026641240286091026,96986.07116708577
1476.4689576625824,-0.02342591818259728,96985.0640503772
1476.5685665607452,-0.025171378753065313,96985.75764533949
1476.6692895889282,-0.024344581640738352,96985.68188080554
1476.7690000534058,-0.02471204702399478,96984.61369272499
1476.8693470954895,-0.022415388378642105,96985.1523234525
1476.9692006111145,-0.02553884413632174,96985.73709110725
1477.0684638023376,-0.026549373940276916,96985.16338199652
1477.1684753894806,-0.02471204702399478,96985.04704379686
1477.268522977829,-0.02618190855702049,96984.74233941718
1477.369036436081,-0.02489577971562299,96984.26810547546
1477.469173192978,-0.023701517220039603,96984.84129492792
1477.569314956665,-0.02471204702399478,96983.65716543513
1477.6684198379517,-0.025355111444693528,96983.29144889161
1477.768654346466,-0.025998175865392277,96984.66230400246
1477.868618965149,-0.02553884413632174,96984.49607360222
1477.9687464237213,-0.024252715294924242,96985.246466242
1478.069168806076,-0.02397711625748192,96983.9218196178
1478.1691637039185,-0.027008705669347453,96984.12963765602
1478.2683911323547,-0.02526324509887942,96985.01667389042
1478.3686702251434,-0.024803913369808885,96983.81500650139
1478.469360589981,-0.026365641248648704,96984.33350585125
1478.5687153339386,-0.0249876460614371,96984.60015526612
1478.6684007644653,-0.024803913369808885,96984.64013973951
1478.76864027977,-0.023242185490969066,96985.17612576556
1478.8691148757935,-0.02618190855702049,96983.658513189
1478.968792438507,-0.025906309519578168,96983.1926618701
1479.0684094429016,-0.026641240286091026,96981.17339568309
1479.1688578128815,-0.02618190855702049,96980.15605611479
1479.2691876888275,-0.023885249911667815,96980.24045050332
1479.3690004348755,-0.02553884413632174,96979.71640545299
1479.4692962169647,-0.025355111444693528,96980.14476490769
1479.5692892074585,-0.02379338356585371,96980.63028841693
1479.66858792305,-0.025446977790507634,96981.16725957525
1479.7686941623688,-0.02710057201516156,96982.35053361773
1479.8692762851715,-0.025998175865392277,96981.81548025596
1479.9688665866852,-0.0262737749028346,96981.53393223036
1480.0686354637146,-0.026824972977719238,96982.48053900733
1480.1690208911896,-0.02563071048213585,96983.93248510659
1480.2692384719849,-0.02397711625748192,96984.63923659593
1480.3689665794373,-0.02618190855702049,96984.27531293634
1480.468463897705,-0.026365641248648704,96984.3477816427
1480.5692193508148,-0.025355111444693528,96984.51300347844
1480.6691627502441,-0.025079512407251207,96985.66170313061
1480.769142627716,-0.026365641248648704,96986.09553281755
1480.8687853813171,-0.024252715294924242,96985.18597953579
1480.969391822815,-0.025171378753065313,96985.06738158221
1481.0686843395233,-0.024803913369808885,96986.26064342399
1481.168562412262,-0.023058452799340854,96987.33457908158
1481.2688086032867,-0.026916839323533347,96988.20112117344
1481.3683323860168,-0.025906309519578168,96987.78100905608
1481.4691772460938,-0.02829483451074495,96987.90290815047
1481.5690681934357,-0.02618190855702049,96988.31261733542
1481.6690847873688,-0.024528314332366564,96987.88135560187
1481.768934726715,-0.025998175865392277,96989.29322004168
1481.8693079948425,-0.025906309519578168,96988.36389803751
1481.9692103862762,-0.027927369127488524,96988.02750823376
1482.0691058635712,-0.026549373940276916,96988.42475741038
1482.1693305969238,-0.025171378753065313,96986.88228166934
1482.2692332267761,-0.024528314332366564,96985.5940535024
1482.3689603805542,-0.024344581640738352,96984.43464815215
1482.4689548015594,-0.027559903744232096,96984.29118333694
1482.568629026413,-0.028570433548187273,96984.06206500325
1482.6692073345184,-0.023058452799340854,96983.35585850292
1482.7685134410858,-0.023885249911667815,96984.42027265263
1482.8688204288483,-0.024344581640738352,96984.07824538737
1482.9690330028534,-0.026549373940276916,96985.07042084863
1483.0693242549896,-0.02397711625748192,96986.06337876376
1483.1690955162048,-0.027284304706789775,96987.35704088738
1483.2688262462616,-0.025722576827949956,96987.72133679866
1483.368477344513,-0.027468037398417987,96987.0492031188
1483.4684631824493,-0.026365641248648704,96986.64428280693
1483.5689678192139,-0.02710057201516156,96985.67985452623
1483.668689250946,-0.025171378753065313,96984.5118690736
1483.7688748836517,-0.02553884413632174,96984.26068216623
1483.8688724040985,-0.025355111444693528,96985.43461394962
1483.9690473079681,-0.02563071048213585,96985.09115255465
1484.0688228607178,-0.025906309519578168,96984.88203729919
1484.1688966751099,-0.026090042211206383,96985.09383356928
1484.2686913013458,-0.027835502781674414,96984.78445021235
1484.3683352470398,-0.026090042211206383,96984.10600519112
1484.4689409732819,-0.025355111444693528,96984.195404672
1484.5684704780579,-0.027468037398417987,96984.67586420481
1484.6685211658478,-0.02553884413632174,96985.10827778433
1484.768411397934,-0.027559903744232096,96985.49745000589
1484.8686215877533,-0.028111101819116736,96984.84770500529
1484.969311952591,-0.027008705669347453,96985.26293450476
1485.0685946941376,-0.027927369127488524,96984.63664105428
1485.168479681015,-0.026549373940276916,96985.67297694886
1485.2687146663666,-0.02618190855702049,96985.80567925397
1485.3691802024841,-0.02581444317376406,96985.72511132857
1485.4685668945312,-0.02553884413632174,96985.95260019573
1485.5685594081879,-0.024528314332366564,96985.75734017615
1485.66929936409,-0.02471204702399478,96985.08160615854
1485.7691876888275,-0.026365641248648704,96985.47344554268
1485.8692140579224,-0.02489577971562299,96985.32610098842
1485.9684436321259,-0.027743636435860308,96984.79349088957
1486.0689208507538,-0.026365641248648704,96984.51414180061
1486.1692805290222,-0.025906309519578168,96984.26272762055
1486.2683765888214,-0.026824972977719238,96985.03645485849
1486.3687365055084,-0.02618190855702049,96983.93280937264
1486.468445777893,-0.02563071048213585,96983.33952843538
1486.568645477295,-0.027468037398417987,96983.00557559184
1486.6690292358398,-0.02471204702399478,96982.20501803266
1486.7684421539307,-0.02581444317376406,96982.18451622939
1486.868814945221,-0.024252715294924242,96982.06606460646
1486.9692537784576,-0.026733106631905132,96981.95945814582
1487.0690371990204,-0.027284304706789775,96982.86351233124
1487.169162273407,-0.026641240286091026,96983.67716109812
1487.2692651748657,-0.027835502781674414,96982.8094449883
1487.3687615394592,-0.025171378753065313,96983.92850048948
1487.4692254066467,-0.0262737749028346,96983.83565044054
1487.5693652629852,-0.024528314332366564,96984.5520853965
1487.6685371398926,-0.029397230660514233,96986.09687685686
1487.7690920829773,-0.026365641248648704,96984.98718917117
1487.86878323555,-0.02563071048213585,96984.58847025406
1487.9686875343323,-0.027284304706789775,96984.62962322865
1488.069121837616,-0.02563071048213585,96984.36666090578
1488.1689655780792,-0.02581444317376406,96985.9299948152
1488.2687199115753,-0.027192438360975665,96985.93699533369
1488.3684568405151,-0.027559903744232096,96986.74329580032
1488.4692223072052,-0.027008705669347453,96986.8689662203
1488.5690762996674,-0.025355111444693528,96986.28206959828
1488.6688661575317,-0.02866229989400138,96986.15386263846
1488.7693040370941,-0.02581444317376406,96986.13847637462
1488.868827342987,-0.025722576827949956,96986.42462873715
1488.9687073230743,-0.025722576827949956,96986.98216586343
1489.068852186203,-0.02737617105260388,96987.3839492771
1489.1687831878662,-0.027651770090046202,96987.64555434938
1489.268498659134,-0.02645750759446281,96988.38099891445
1489.3690962791443,-0.026733106631905132,96988.64289902302
1489.4692351818085,-0.02737617105260388,96987.47860912072
1489.5688569545746,-0.025722576827949956,96987.63074820864
1489.668548822403,-0.026824972977719238,96986.66767338778
1489.76873087883,-0.026090042211206383,96985.70090604901
1489.8692831993103,-0.029029765277257806,96985.5308154441
1489.9691278934479,-0.02526324509887942,96985.87773389969
1490.068396806717,-0.026549373940276916,96984.98996050972
1490.1688137054443,-0.028111101819116736,96983.99096445875
1490.2684862613678,-0.027651770090046202,96983.89186801287
1490.3686156272888,-0.025355111444693528,96984.80268121159
1490.4684882164001,-0.025355111444693528,96984.92241309043
1490.569043636322,-0.026641240286091026,96983.9301717814
1490.6689751148224,-0.02581444317376406,96983.53715460325
1490.7686235904694,-0.026733106631905132,96983.88343914293
1490.8688459396362,-0.026365641248648704,96984.39509522862
1490.9684376716614,-0.026916839323533347,96984.55558570578
1491.0688445568085,-0.028386700856559057,96984.7000271352
1491.1684772968292,-0.027468037398417987,96984.53002442169
1491.2685430049896,-0.02829483451074495,96984.17702197953
1491.3686084747314,-0.026916839323533347,96984.95931978157
1491.4687039852142,-0.027835502781674414,96986.66338780342
1491.5683889389038,-0.028754166239815485,96986.99704902308
1491.668888092041,-0.027192438360975665,96985.59734412078
1491.7684242725372,-0.02553884413632174,96985.3376097087
1491.868916273117,-0.02829483451074495,96985.30384873784
1491.969028711319,-0.029121631623071912,96986.37346386406
1492.0691730976105,-0.02737617105260388,96987.23611747766
1492.1685798168182,-0.026824972977719238,96988.1125057299
1492.2687418460846,-0.026090042211206383,96988.10125515691
1492.3684902191162,-0.02645750759446281,96987.49112964122
1492.469256401062,-0.027192438360975665,96988.54201667711
1492.5689613819122,-0.026549373940276916,96988.6878150094
1492.6686403751373,-0.02563071048213585,96988.81903350847
1492.7691903114319,-0.029489097006328343,96989.73713015762
1492.8689503669739,-0.022966586453526745,96991.06341714186
1492.969032049179,-0.02866229989400138,96992.35707542767
1493.0691983699799,-0.027835502781674414,96992.3213678849
1493.1692023277283,-0.026824972977719238,96991.68923109642
1493.2690727710724,-0.029029765277257806,96991.62030798678
1493.3689999580383,-0.026733106631905132,96992.3582771881
1493.4690947532654,-0.02710057201516156,96992.3224494693
1493.569227218628,-0.026641240286091026,96992.49020452237
1493.669201374054,-0.028846032585629594,96992.04118407014
1493.7690725326538,-0.02921349796888602,96992.23706566312
1493.8683915138245,-0.026733106631905132,96991.91335909681
1493.9692163467407,-0.02645750759446281,96992.32202318714
1494.0691690444946,-0.027927369127488524,96992.28982086842
1494.1684701442719,-0.028386700856559057,96992.36083878158
1494.268970489502,-0.02645750759446281,96992.22475490342
1494.368450164795,-0.027468037398417987,96990.10227941308
1494.4687311649323,-0.028570433548187273,96990.79205147177
1494.5687894821167,-0.02829483451074495,96992.3128463246
1494.6685693264008,-0.025722576827949956,96991.08156169213
1494.7684307098389,-0.027008705669347453,96990.97340552292
1494.8689999580383,-0.026365641248648704,96990.47606497063
1494.9686360359192,-0.02976469604377066,96990.42845847357
1495.0684206485748,-0.026641240286091026,96990.7856126262
1495.1691706180573,-0.026365641248648704,96990.80705136359
1495.268605709076,-0.02710057201516156,96991.72634622724
1495.3684077262878,-0.02645750759446281,96990.55371160452
1495.4688103199005,-0.027743636435860308,96990.19834044407
1495.5690441131592,-0.027192438360975665,96989.77850639967
1495.6691310405731,-0.02710057201516156,96988.80065575971
1495.7691767215729,-0.02563071048213585,96988.92059018374
1495.868863582611,-0.027559903744232096,96988.42853116537
1495.9689800739288,-0.026365641248648704,96988.18567804883
1496.0687997341156,-0.027468037398417987,96987.46711024396
1496.1690771579742,-0.02829483451074495,96986.92039921957
1496.2686891555786,-0.02710057201516156,96986.42835929761
1496.3690617084503,-0.025446977790507634,96985.48552336785
1496.4691169261932,-0.026916839323533347,96985.73697103107
1496.569307088852,-0.028202968164930845,96985.56327392797
1496.6691715717316,-0.026824972977719238,96985.90694653516
1496.7687451839447,-0.027468037398417987,96986.01625188165
1496.8687930107117,-0.026090042211206383,96987.11462669348
1496.9685928821564,-0.028570433548187273,96986.40316402413
1497.0686733722687,-0.027927369127488524,96987.16284762172
1497.16849899292,-0.027559903744232096,96987.04656285956
1497.2686131000519,-0.026824972977719238,96986.94190657361
1497.3685965538025,-0.02801923547330263,96986.64771591625
1497.4683938026428,-0.026365641248648704,96986.78294432463
1497.569147348404,-0.025906309519578168,96987.20464989217
1497.668705701828,-0.026916839323533347,96987.48418490296
1497.7692337036133,-0.02710057201516156,96987.73576641266
1497.8687431812286,-0.027468037398417987,96987.2621897714
1497.968410730362,-0.02526324509887942,96987.63597079426
1498.068410873413,-0.026365641248648704,96987.17237371484
1498.1683490276337,-0.027559903744232096,96986.05513634336
1498.2690019607544,-0.026090042211206383,96986.24962270903
1498.3683986663818,-0.025722576827949956,96986.12466043813
1498.4692118167877,-0.025722576827949956,96985.91219439432
1498.5686855316162,-0.02829483451074495,96984.82097495488
1498.668526172638,-0.024436447986552458,96984.4388774594
1498.7691416740417,-0.027284304706789775,96985.79498971347
1498.8684017658234,-0.027284304706789775,96985.21549074212
1498.9683911800385,-0.02526324509887942,96985.49394166791
1499.0689949989319,-0.027192438360975665,96987.24454750112
1499.1684255599976,-0.02553884413632174,96987.52009275102
1499.2692248821259,-0.02645750759446281,96988.56808347593
1499.3692407608032,-0.026733106631905132,96988.51127512835
1499.4690272808075,-0.026733106631905132,96989.16014761552
1499.5692129135132,-0.02645750759446281,96989.74413285397
1499.6686086654663,-0.025722576827949956,96991.26971956858
1499.7688250541687,-0.027835502781674414,96991.84274761172
1499.8691608905792,-0.025446977790507634,96991.85847285055
1499.9690787792206,-0.027284304706789775,96991.57262556549
1500.0692028999329,-0.02737617105260388,96991.51536300895
1500.1690402030945,-0.025355111444693528,96992.56382670805
1500.2685618400574,-0.027651770090046202,96993.40744403725
1500.3687374591827,-0.029029765277257806,96992.16669963353
1500.469199180603,-0.02921349796888602,96991.35002967017
1500.5690500736237,-0.029305364314700127,96992.01502670316
1500.6684753894806,-0.026916839323533347,96991.61352403284
1500.7687332630157,-0.029305364314700127,96991.75217162956
1500.868987083435,-0.030224027772841198,96990.87695446661
1500.9684345722198,-0.030591493156097625,96990.68925901994
1501.0684142112732,-0.028111101819116736,96990.52033311795
1501.168530702591,-0.029397230660514233,96988.96829980616
1501.269318819046,-0.028202968164930845,96989.37146982555
1501.3688762187958,-0.026365641248648704,96990.534322843
1501.468740940094,-0.029397230660514233,96990.4808905587
1501.5687925815582,-0.027192438360975665,96991.13280150283
1501.6690547466278,-0.028478567202373163,96993.41952135254
1501.7689023017883,-0.027927369127488524,96993.27756921729
1501.8688645362854,-0.03049962681028352,96993.34981229555
1501.9684603214264,-0.028846032585629594,96994.014831066
1502.0685844421387,-0.027927369127488524,96993.9133479594
1502.1684975624084,-0.02618190855702049,96994.52201316347
1502.269168138504,-0.02581444317376406,96993.76981184712
1502.3690748214722,-0.027743636435860308,96993.2928306624
1502.4689140319824,-0.026641240286091026,96994.26354759616
1502.5689713954926,-0.027284304706789775,96994.63719283654
1502.6688010692596,-0.027559903744232096,96993.67347355289
1502.7686924934387,-0.027835502781674414,96993.4061261976
1502.8693470954895,-0.0434527815700726,96998.36551357785
1502.9688518047333,0.0029397230660514234,96991.52896222007
1503.0692479610443,0.005695713440474633,96990.67606599806
1503.1691937446594,-0.03665467197982868,96981.40845939827
1503.2690742015839,0.017454605704680326,96972.26761345845
1503.3687932491302,-0.010840228806064623,96971.4408521126
1503.4691104888916,-0.0011023961497692838,96965.69676690134
1503.5689208507538,0.02462018067818067,96959.3270902112
1503.6689927577972,-0.01524981340514176,96960.79438119008
1503.7689917087555,0.013320620143045513,96953.11494307106
1503.868801355362,0.013228753797231405,96940.30344876397
1503.9685900211334,-0.0024803913369808887,96948.77310388758
1504.0686593055725,0.04143172196216225,96941.49579349883
1504.169201850891,0.013045021105603192,96943.14621414896
1504.269014120102,-0.02829483451074495,96938.33159273407
1504.3689274787903,0.023334051836783172,96930.79843346067
1504.468769788742,0.0029397230660514234,96933.91859011461
1504.5687789916992,0.0010105298039551768,96931.72673110315
1504.6685621738434,0.020118729733289428,96927.85405799284
1504.7686908245087,-0.005971312477916954,96929.76865219355
1504.8689675331116,0.009645966310481233,96925.19178697419
1504.9690408706665,0.009186634581410698,96925.97260827677
1505.0687358379364,-0.005603847094660526,96926.4753474491
1505.1688315868378,0.018097670125379075,96924.6278127042
1505.2689192295074,-0.0061550451695451674,96926.06503143378
1505.3690385818481,0.009554099964667126,96925.4585282904
1505.4688987731934,0.009278500927224806,96926.31267546136
1505.568690776825,-0.0035827874867501723,96926.28140791523
1505.6687359809875,0.014239283601186582,96927.25326712371
1505.7688338756561,0.00881916919815427,96929.72794041134
1505.8687405586243,0.006981842281872131,96929.6551463702
1505.9685220718384,0.01368808552630194,96927.78963173319
1506.0685677528381,0.0031234557576796376,96928.41066855987
1506.1691718101501,0.007716773048384987,96925.86960170389
1506.2691452503204,0.008727302852340163,96925.6826415335
1506.3687434196472,0.006614376898615703,96924.51437738014
1506.4687900543213,0.0072574413193144515,96924.06293964213
1506.569124698639,0.008635436506526057,96924.95664567791
1506.6683859825134,0.0020210596079103535,96924.16098111012
1506.7685062885284,0.011207694189321053,96922.84488299912
1506.8688340187073,0.0,96924.36039469922
1506.9691903591156,0.005328248057218205,96923.72435522931
1507.069108247757,0.008451703814897842,96923.55191970637
1507.1689884662628,-0.0005511980748846419,96924.29672773574
1507.2691230773926,0.012218223993276229,96921.26705496215
1507.3693401813507,0.00486891632814767,96923.04034946594
1507.4685354232788,0.0017454605704680327,96923.53631451936
1507.5684864521027,0.010564629768622304,96923.18268306743
1507.6685345172882,0.0022047922995385677,96924.06441476068
1507.7684812545776,0.008267971123269628,96922.05797328461
1507.8693151474,0.004777049982333563,96923.35217595616
1507.968427181244,0.004133985561634814,96923.51695836055
1508.069130897522,0.006798109590243916,96923.2652625245
1508.169204711914,0.003399054795121958,96923.73873627205
1508.26864528656,0.006246911515359275,96923.76486264484
1508.3687858581543,0.007533040356756773,96924.08837638036
1508.4686901569366,0.006981842281872131,96925.67953874232
1508.5689949989319,0.006522510552801596,96922.81158486809
1508.6687507629395,0.005328248057218205,96923.73042638128
1508.7688403129578,0.005695713440474633,96924.35738374316
1508.8686277866364,0.006981842281872131,96923.52164536885
1508.9685668945312,0.004409584599077135,96922.96948083196
1509.0686585903168,0.007441174010942665,96921.67253274877
1509.1693332195282,0.004593317290705349,96921.30527947389
1509.269169807434,-0.019751264350033,96923.5747515265
1509.3691358566284,0.009186634581410698,96921.31727637385
1509.4693286418915,-0.016811541283981577,96923.08554873646
1509.5685794353485,-0.025906309519578168,96932.17699386281
1509.6684212684631,-0.011115827843506945,96939.05929447654
1509.7693600654602,0.06605190264034293,96932.15336502889
1509.8684816360474,0.10215537654528696,96915.938028526
1509.9688756465912,-0.023701517220039603,96931.4442256734
1510.0690305233002,-0.03444987968029012,96939.89980310608
1510.16881108284,-0.03426614698866191,96946.90982279547
1510.2693281173706,-0.032061354689123335,96953.01884051593
1510.3686046600342,-0.0328881518014503,96958.61695646434
1510.468913078308,-0.03169388930586691,96963.35526081792
1510.5688035488129,-0.032245087380751554,96968.71973473612
1510.6685118675232,-0.0341742806428478,96972.64776126252
1510.7688128948212,-0.032336953726565656,96974.88298513627
1510.8685796260834,-0.035460409484245295,96978.59468662264
1510.9689464569092,0.005879446132102847,96979.93521796037
1511.0687687397003,0.007165574973500345,96970.94169616434
1511.1685914993286,0.09058021697270949,96981.7475265479
1511.2688484191895,-0.06329591226591971,96970.47277389311
1511.368932723999,-0.024160848949110136,96958.82549650379
1511.468901872635,0.03564414217587351,96959.34294685342
1511.5689797401428,-0.03610347390494405,96955.30865216807
1511.6691839694977,0.0512614209642717,96961.37778695127
1511.7684438228607,-0.019751264350033,96955.84000825616
1511.8685510158539,-0.012126357647462121,96953.15600743053
1511.9694125652313,-0.003399054795121958,96953.04040668748
1512.0689628124237,-0.01001343169373766,96952.03636601873
1512.1690933704376,-0.0067062432444298095,96949.43272941686
1512.2688295841217,-0.006246911515359275,96947.68945647517
1512.3688652515411,-0.01001343169373766,96946.42051082765
1512.46888422966,-0.005420114403032312,96943.8784597449
1512.5690512657166,-0.008451703814897842,96942.1906137704
1512.669055223465,-0.006063178823731061,96942.07155239338
1512.7688121795654,-0.00762490670257088,96941.06439715404
1512.8685743808746,-0.006981842281872131,96940.35795743864
1512.9685306549072,-0.01065649611443641,96939.12216169477
1513.068699836731,-0.008451703814897842,96939.50994552531
1513.168677330017,-0.009829699002109447,96938.15895097278
1513.2692034244537,-0.008359837469083736,96936.0430558755
1513.3687331676483,-0.012310090339090335,96936.43875028795
1513.4684660434723,-0.007441174010942665,96935.09487525916
1513.5688779354095,-0.00909476823559659,96934.08538773326
1513.668586730957,-0.010380897076994088,96933.27684895994
1513.7685420513153,-0.00881916919815427,96932.04916406395
1513.8684918880463,-0.010289030731179982,96932.24424765755
1513.9692869186401,-0.006522510552801596,96932.7198228918
1514.0684251785278,-0.006614376898615703,96933.24784060262
1514.1692233085632,-0.008359837469083736,96932.32305654236
1514.2688224315643,-0.009554099964667126,96934.29075088812
1514.3686022758484,-0.007165574973500345,96934.26167579931
1514.4691116809845,-0.00946223361885302,96934.63550821938
1514.568449497223,-0.0055119807488464186,96933.47195739744
1514.6688241958618,-0.013045021105603192,96937.5247616577
1514.7687349319458,-0.00909476823559659,96932.47228549192
1514.8686361312866,-0.008267971123269628,96931.22505694273
1514.969203710556,-0.0158010114800264,96922.70255124847
1515.0689642429352,0.0078086393941990935,96927.83229612361
1515.168836593628,0.00762490670257088,96925.04906651126
1515.2686233520508,-0.005144515365589991,96926.74415986013
1515.368818283081,-0.011758892264205694,96925.56974387412
1515.4687678813934,0.009278500927224806,96921.9127694867
1515.5689125061035,-0.00854357016071195,96924.92149253804
1515.668920993805,0.005420114403032312,96922.42934328424
1515.7689607143402,0.004777049982333563,96922.78640895583
1515.8689246177673,-0.0078086393941990935,96924.00776806024
1515.9689662456512,0.0072574413193144515,96923.50699125421
1516.0685861110687,-0.0005511980748846419,96924.25629212879
1516.1683723926544,-0.0009186634581410698,96924.13066291592
1516.2689123153687,0.00762490670257088,96922.31759662434
1516.3688700199127,-0.0007349307665128559,96921.58583696191
1516.4686810970306,0.00027559903744232096,96920.32725326571
1516.5689017772675,0.0015617278788398188,96919.49452793914
1516.6686625480652,-0.0024803913369808887,96919.04507514523
1516.7686054706573,0.0021129259537244604,96918.6405676307
1516.8684797286987,0.0,96919.77651086764
1516.9690437316895,0.00018373269162821396,96921.09885978088
1517.0688154697418,0.0020210596079103535,96920.98897380279
1517.1685435771942,-0.0016535942246539257,96919.2900764225
1517.2687754631042,-0.00027559903744232096,96920.76106878025
1517.3685398101807,-0.00027559903744232096,96922.58496190222
1517.4685881137848,-0.003399054795121958,96923.226465712
1517.5686049461365,0.005052649019775884,96923.50381914081
1517.6685318946838,0.0038583865241924933,96924.45343722674
1517.7685105800629,-0.0007349307665128559,96924.70809350406
1517.8685262203217,0.0022966586453526745,96925.03728415366
1517.9684028625488,0.0007349307665128559,96926.0335557383
1518.0689022541046,0.0016535942246539257,96925.03020016447
1518.168596982956,9.186634581410698e-05,96923.72718014802
1518.2684738636017,0.0,96923.45446213323
1518.36838388443,0.0026641240286091024,96924.10901591991
1518.4688885211945,0.0011023961497692838,96924.09811432792
1518.5691242218018,-0.00036746538325642793,96924.28830289513
1518.668552160263,0.0079005057400132,96923.65947260562
1518.7691235542297,-0.0010105298039551768,96924.59352534506
1518.8690252304077,0.0013779951872116046,96924.43417281056
1518.9688992500305,0.0012861288413974978,96925.29075552951
1519.0687704086304,-0.00486891632814767,96925.66167997656
1519.1687297821045,-0.0031234557576796376,96925.89551197892
1519.2685477733612,0.005420114403032312,96926.40596078103
1519.3687665462494,-0.0018373269162821396,96928.16536470293
1519.4687049388885,0.0028478567202373166,96927.64882823265
1519.5691254138947,0.0007349307665128559,96926.48394540939
1519.668818473816,-0.0015617278788398188,96926.13555086845
1519.768860578537,0.0032153221034937444,96925.4219957816
1519.869239807129,-0.004133985561634814,96925.77979620344
1519.9690968990326,0.0005511980748846419,96927.2018165831
1520.0691165924072,-9.186634581410698e-05,96927.48163492478
1520.168857574463,-0.0013779951872116046,96927.73347143231
1520.268560886383,0.0012861288413974978,96927.86012428907
1520.3686728477478,-0.0011023961497692838,96928.17411186018
1520.4684448242188,-0.0023885249911667814,96926.95670067417
1520.5687546730042,0.0021129259537244604,96928.06103060675
1520.6690390110016,-0.0011023961497692838,96928.95492754607
1520.7693474292755,0.0011023961497692838,96927.55943479147
1520.8688445091248,-0.0011942624955833907,96927.60349131233
1520.9691677093506,0.0011023961497692838,96927.0431421811
1521.0683388710022,0.0007349307665128559,96926.63882796299
1521.1691586971283,0.0005511980748846419,96927.27494516669
1521.2689566612244,0.0006430644206987489,96925.24745065001
1521.3693284988403,-0.0006430644206987489,96925.22270558501
1521.4693052768707,0.0,96925.00043502651
1521.5684678554535,0.0027559903744232093,96925.70039152386
1521.668921470642,-0.0026641240286091024,96925.83035237147
1521.7692246437073,0.00027559903744232096,96925.84731713434
1521.8684051036835,-0.0017454605704680327,96927.36258542091
1521.9686620235443,-0.0011023961497692838,96927.52632687881
1522.0691351890564,0.0025722576827949956,96926.87369419094
1522.168339729309,0.0012861288413974978,96927.18632477186
1522.2685890197754,0.0,96927.36769229466
1522.368868112564,0.0014698615330257117,96926.3309230652
1522.4689872264862,-9.186634581410698e-05,96926.19783075868
1522.5692863464355,-9.186634581410698e-05,96924.87804768283
1522.6684222221375,0.00027559903744232096,96925.59024291454
1522.7686030864716,-0.0011023961497692838,96925.33121862309
1522.8692708015442,0.0020210596079103535,96923.69809676078
1522.9685063362122,-0.005052649019775884,96924.1282870847
1523.0691454410553,-0.0011942624955833907,96923.81545837624
1523.1683721542358,0.0039502528700066,96924.03391253862
1523.2693693637848,-0.0026641240286091024,96925.23052128477
1523.3685212135315,0.0026641240286091024,96924.4074691563
1523.4684393405914,-0.0007349307665128559,96924.06672224068
1523.569325685501,-0.0032153221034937444,96925.3600500166
1523.669181585312,0.004501450944891242,96924.02404501494
1523.7693781852722,-0.0015617278788398188,96925.52164051344
1523.8686978816986,0.0007349307665128559,96925.16947646209
1523.9690871238708,0.003674653832564279,96926.65252881589
1524.0690350532532,-0.0014698615330257117,96927.88727593429
1524.1691694259644,0.0027559903744232093,96925.89854834086
1524.2691633701324,0.0019291932620962467,96926.80869350678
1524.3691020011902,-0.004685183636519456,96925.72782415611
1524.4691970348358,0.005879446132102847,96924.5550417405
1524.5685586929321,-0.007073708627686238,96925.29953756645
1524.6690926551819,0.0014698615330257117,96922.7695838098
1524.7690420150757,0.0,96922.19262542883
1524.8690295219421,-0.005144515365589991,96922.47336288594
1524.9688866138458,0.0011023961497692838,96921.12602659734
1525.069058418274,-0.0019291932620962467,96921.11342393761
1525.1689836978912,-0.0015617278788398188,96922.90208154384
1525.2687118053436,0.0022966586453526745,96922.71187338946
1525.3685886859894,-0.0020210596079103535,96924.3406860505
1525.4689474105835,0.0039502528700066,96923.60661744546
1525.568829536438,-0.0019291932620962467,96925.14595570091
1525.6688578128815,-0.00018373269162821396,96925.43136013082
1525.7686204910278,-0.0009186634581410698,96924.98822411775
1525.8685095310211,0.00018373269162821396,96924.68940170598
1525.9689342975616,-0.0022966586453526745,96925.02046153539
1526.0687408447266,-0.005971312477916954,96925.71841538185
1526.1689283847809,-0.0011023961497692838,96924.24657384367
1526.2687537670135,-0.0024803913369808887,96926.5219164593
1526.3691651821136,0.0038583865241924933,96927.26972481336
1526.4688565731049,0.0022047922995385677,96928.24275233202
1526.569018125534,-0.0020210596079103535,96929.81847709882
1526.6688725948334,0.004593317290705349,96929.03662938894
1526.7687768936157,-0.0079005057400132,96929.83296645005
1526.8683030605316,0.0006430644206987489,96928.24966980504
1526.9691619873047,-0.0020210596079103535,96928.32470282452
1527.06875538826,-0.0007349307665128559,96928.29223254208
1527.1689438819885,-0.00027559903744232096,96928.16300928788
1527.268440246582,-0.0018373269162821396,96928.24670835909
1527.3687963485718,-0.0013779951872116046,96928.42203752318
1527.468947172165,0.0014698615330257117,96928.37983377087
1527.5687837600708,-0.0021129259537244604,96928.74185039378
1527.6688544750214,0.0011023961497692838,96929.2676653544
1527.7690134048462,-0.0008267971123269628,96928.84089881896
1527.8690626621246,-0.0025722576827949956,96929.05680893708
1527.9690461158752,0.00018373269162821396,96928.55112804337
1528.0690751075745,-0.0012861288413974978,96928.69601523904
