time_s,torque,deflection
0.49120140075683594,0.0004593317290705349,131983.0179
0.5918383598327637,0.030224027772841198,131984.81611
0.6922452449798584,0.1093209515187873,131975.93449900002
0.791682243347168,0.23646397412551137,131949.74104910003
0.8917026519775391,0.16783981380237345,131940.16694419004
0.9924783706665039,0.07082895262267648,131934.25024977105
1.0914571285247803,0.06853229397732381,131958.22522479395
1.191849708557129,0.09535726695504304,131974.80270231457
1.2915453910827637,0.24289461833249887,131991.22243208313
1.3922045230865479,0.3642500611529342,132013.80018887483
1.4914565086364746,0.4678752992312469,132046.72016998735
1.5923900604248047,0.3419265391201062,132060.34815298862
1.691436529159546,0.28506127106117396,132059.41333768977
1.7918384075164795,0.5286908201601856,132060.27200392078
1.8924710750579834,0.5948345891463427,132054.2448035287
1.9917809963226318,0.4496857627600537,132031.02032317585
2.091911554336548,0.4664973040440353,132022.71829085826
2.1920700073242188,0.5939159256882016,131995.64646177244
2.2923643589019775,0.636266311108505,131968.6818155952
2.392367124557495,0.5293338845808845,131976.31363403567
2.4923934936523438,0.5260266961315766,131991.08227063212
2.5924489498138428,0.4538197483216885,131969.17404356893
2.6914756298065186,0.5613952392700078,131952.75663921202
2.7913763523101807,0.4709987549889265,131933.18097529083
2.892336368560791,0.412204293667898,131927.16287776176
2.9922266006469727,0.1209879774371789,131933.7465899856
3.0919787883758545,0.0341742806428478,131940.97193098703
3.1916189193725586,0.027008705669347453,131954.17473788833
3.2922093868255615,0.026916839323533347,131963.3572640995
3.3914809226989746,0.025355111444693528,131972.22153768956
3.4920766353607178,0.058518862283586146,131980.0993839206
3.5919973850250244,-0.04841356424403438,131986.68944552855
3.692063808441162,-0.0684404276315097,131992.3205009757
3.7921695709228516,-0.08176104777455521,131997.28845087814
3.891724109649658,-0.053649945955438476,132002.75960579034
3.992095947265625,-0.06788922955662506,132006.7836452113
4.0920586585998535,-0.10610562941529357,132011.50528069018
4.192830324172974,-0.07303374492221505,132015.85475262115
4.292236566543579,-0.09361180638457502,132020.46927735905
4.391934394836426,-0.11079081305181301,132023.72234962313
4.4926698207855225,-0.11207694189321052,132025.65011466082
4.592275381088257,-0.060264322854054184,132027.58510319475
4.692072629928589,-0.1251219629988137,132030.12659287528
4.791813850402832,-0.11777265533368515,132032.81393358775
4.891906261444092,-0.10959655055622963,132034.63254022898
4.991771221160889,-0.03656280563401458,132036.5692862061
5.0918190479278564,-0.07533040356756772,132038.3123575855
5.191792249679565,0.03665467197982868,132038.98112182695
5.29168701171875,0.11235254093065283,132034.68300964424
5.391917705535889,0.012861288413974978,132031.5147086798
5.491804838180542,-0.04896476231891902,132031.46323781184
5.591804504394531,-0.09315247465550448,132033.21691403067
5.691953659057617,-0.06871602666895202,132034.0952226276
5.791807651519775,-0.08001558720408718,132035.08570036484
5.891907691955566,-0.05971312477916954,132033.87713032836
5.992032766342163,-0.03803266716704029,132034.48941729552
6.09180760383606,-0.16692115034423238,132034.14047556598
6.191839933395386,-0.10426830249901142,132034.1264280094
6.292067527770996,-0.10436016884482553,132033.31378520845
6.3913657665252686,-0.09269314292643395,132033.9824066876
6.4913575649261475,-0.0802911862415295,132032.98416601884
6.591734170913696,-0.09140701408503644,132033.68574941694
6.69209885597229,-0.07680026510059344,132034.21717447526
6.7919862270355225,-0.04620877194449581,132034.99545702775
6.891763925552368,-0.06862416032313792,132033.39591132497
6.992031574249268,-0.051537020001714014,132033.65632019247
7.091792345046997,-0.04565757386961117,132032.69068817323
7.192463397979736,-0.07229881415570219,132033.52161935592
7.29189395904541,-0.08350650834502325,132034.06945742032
7.3918750286102295,-0.0762490670257088,132035.0625116783
7.492094278335571,-0.051996351730784554,132036.05626051046
7.591636657714844,-0.0382163998586685,132036.65063445942
7.691507339477539,0.0008267971123269628,132037.98557101347
7.7916038036346436,-0.02131299222887282,132039.08701391213
7.891445875167847,-0.05438487672195133,132034.37831252092
7.991567850112915,-0.08754862756084396,132035.34048126882
8.092158794403076,-0.06991028916453541,132035.80643314193
8.192370891571045,-0.06641936802359935,132036.12578982775
8.292139291763306,-0.10518696595715249,132036.213210845
8.39224886894226,-0.11418986784693498,132036.89188976047
8.491688013076782,-0.12934781490626263,132037.60270078442
8.59172511100769,-0.13724832064627585,132037.842430706
8.692104816436768,-0.1249382303071855,132038.55818763538
8.79145359992981,-0.13770765237534638,132039.40236887184
8.891279935836792,-0.15369239654700098,132039.96213198465
8.992343425750732,-0.15562158980909724,132040.36591878618
9.0913827419281,-0.15176320328490472,132042.12932690757
9.191561460494995,-0.1184157197543839,132042.7163942168
9.292154550552368,-0.08075051797060004,132042.04475479512
9.392404556274414,-0.05907006035847079,132043.24027931562
9.491356372833252,-0.029121631623071912,132044.71625138406
9.591537952423096,-0.07138015069756112,132044.54462624565
9.692487478256226,-0.03068335950191173,132045.5901636211
9.791407823562622,-0.046943702711008665,132046.031147259
9.891491413116455,-0.05401741133869491,132046.2280325331
9.99158239364624,-0.03794080082122618,132041.7052292798
10.091494083404541,-0.007349307665128558,132042.3347063518
10.192297458648682,0.046668103673566344,132036.50123571663
10.29148817062378,0.07551413625919594,132027.35111214497
10.391406774520874,0.13375739950533977,132019.71600093046
10.491482496261597,0.028202968164930845,132013.3444008374
10.591484308242798,0.02866229989400138,132011.70996075368
10.691598415374756,-0.006614376898615703,132004.6389646783
10.791440486907959,-0.08258784488688217,132009.37506821047
10.891639947891235,-0.0869055631401452,132013.23756138943
10.991454839706421,-0.08120984969967057,132016.21380525047
11.091464519500732,-0.0802911862415295,132019.59242472542
11.192105054855347,-0.08378210738246557,132021.13318225287
11.292269945144653,-0.08093425066222826,132023.5198640276
11.391826152801514,-0.08203664681199753,132025.36787762484
11.492228507995605,-0.0801993198957154,132027.83108986236
11.591832876205444,-0.08277157757851039,132029.14798087612
11.691546440124512,-0.07725959682966398,132029.0331827885
11.792189598083496,-0.08010745354990129,132029.42986450964
11.891817569732666,-0.05328248057218205,132027.9868780587
11.991645574569702,0.00762490670257088,132020.88819025282
12.091883659362793,-0.01524981340514176,132024.39937122754
12.191513299942017,-0.03463361237191833,132022.9594341048
12.291664361953735,-0.04565757386961117,132022.6634906943
12.391755819320679,-0.04492264310309831,132022.0971416249
12.491621494293213,-0.03564414217587351,132022.6874274624
12.591764211654663,-0.033990547951219585,132021.01868471617
12.69187068939209,-0.03196948834330923,132020.01681624455
12.791718006134033,-0.03959439504588011,132020.3151346201
12.891748905181885,-0.05613033729241937,132022.0836211581
12.99175214767456,-0.06109111996638114,132023.17525904227
13.092201471328735,-0.03481734506354655,132019.05773313806
13.191665887832642,-0.004409584599077135,132016.65195982426
13.291945457458496,-0.0249876460614371,132015.98676384182
13.392316579818726,0.045198242140540634,131996.28808745765
13.491929054260254,-0.0328881518014503,131994.7592787119
13.592022180557251,0.03748146909215565,131987.6833508407
13.69184398651123,-0.03298001814726441,131986.31501575664
13.792087078094482,-0.0014698615330257117,131988.183514181
13.891700267791748,-0.048781029627290806,131985.4651627629
13.992136478424072,0.035368543138431185,131978.31864648662
14.092199087142944,0.08506823622386307,131976.08678183795
14.192056655883789,-0.004777049982333563,131974.77810365416
14.292366743087769,-0.01671967493816747,131973.90029328875
14.392107248306274,-0.026824972977719238,131975.61026395988
14.491830348968506,0.021221125883058713,131967.8492375639
14.591670751571655,-0.02287472010771264,131968.06431380752
14.691614389419556,0.013504352834673727,131966.05788242677
14.791855812072754,-0.04106425657890582,131964.45209418412
14.891853094100952,-0.04969969308543188,131962.7068847657
14.991716861724854,-0.03674653832564279,131960.83619628914
15.091810703277588,-0.07771892855873451,131959.25257666022
15.192176818847656,-0.04088052388727761,131957.9273189942
15.291541814804077,-0.019659398004218894,131957.43458709476
15.391760349273682,-0.01910819992933425,131955.8911283853
15.491744995117188,-0.02066992780817407,131954.90201554677
15.591724634170532,-0.020945526845616392,131953.7118139921
15.6918466091156,-0.019751264350033,131952.4406325929
15.791813611984253,-0.022782853761898533,131952.4965693336
15.892433881759644,-0.021496724920501035,131951.74691240024
15.991902351379395,-0.021037393191430498,131951.1722211602
16.09168314933777,0.03252068641819387,131950.9549990442
16.19196629524231,-0.00036746538325642793,131949.15949913976
16.291463136672974,-0.020853660499802286,131948.84354922577
16.39189887046814,-0.02223165568701389,131949.0591943032
16.492152452468872,-0.023334051836783172,131948.5532748729
16.592200994491577,-0.021864190303757462,131948.7979473856
16.691893339157104,-0.022139789341199784,131948.31815264706
16.791415691375732,-0.022966586453526745,131947.68633738236
16.891746997833252,-0.020945526845616392,131947.41770364414
16.992136478424072,-0.02250725472445621,131947.57593327973
17.091655015945435,-0.022139789341199784,131948.21833995177
17.191678762435913,-0.021956056649571568,131947.7965059566
17.292145490646362,-0.02406898260329603,131949.11685536095
17.39226007461548,-0.023334051836783172,131948.20516982485
17.491989374160767,-0.019291932620962467,131947.38465284236
17.59229564666748,-0.019383798966776573,131947.94618755812
17.69180130958557,-0.022323522032827996,131947.7515688023
17.792343378067017,-0.014698615330257117,131947.97641192208
17.891695737838745,-0.015709145134212295,131949.0787707299
17.99179458618164,-0.009645966310481233,131948.1708936569
18.091811180114746,-0.01488234802188533,131948.1538042912
18.19220995903015,-0.0170871403214239,131948.5384238621
18.292311668395996,-0.01524981340514176,131947.8845814759
18.391957759857178,-0.018373269162821396,131946.4961233283
18.492229461669922,-0.017270873013052114,131945.34651099547
18.591888666152954,-0.01763833839630854,131945.81185989594
18.692208290100098,-0.017270873013052114,131945.73067390634
18.79201889038086,-0.0170871403214239,131946.8576065157
18.891985654830933,-0.014514882638628903,131947.47184586411
18.992026805877686,-0.012218223993276229,131948.3246612777
19.091691732406616,-0.013412486488859619,131947.69219514992
19.19200873374939,-0.016995273975609793,131947.32297563495
19.292243480682373,-0.01368808552630194,131947.09067807146
19.39227294921875,-0.01524981340514176,131948.68161026432
19.49161696434021,-0.016168476863282828,131948.0134492379
19.59231948852539,-0.018465135508635502,131946.8121043141
19.6921489238739,-0.014423016292814797,131947.6308938827
19.79153060913086,-0.016811541283981577,131947.86780449445
19.891708374023438,-0.01671967493816747,131947.881024045
19.991793870925903,-0.018648868200263718,131946.8929216405
20.092180967330933,-0.013504352834673727,131946.30362947646
20.191301345825195,-0.048597296935662594,131948.0732665288
20.29242992401123,-0.0341742806428478,131948.2659398759
20.39164924621582,-0.04510637579472653,131947.73934588832
20.492165088653564,-0.004225851907448921,131948.1654112995
20.59135413169861,-0.004042119215820707,131950.84887016955
20.69204354286194,-0.01671967493816747,131951.5639831526
20.792151927947998,-0.03628720659657226,131959.90758483735
20.89199423789978,-0.11014774863111428,131970.2168263536
20.992017030715942,-0.08056678527897182,131979.69514371824
21.091896295547485,-0.07110455166011881,131988.22562934642
21.19216251373291,-0.10353337173249857,131996.10306641177
21.29207181930542,-0.07928065643757433,132000.2927597706
21.391789436340332,-0.09655152945062644,132007.06348379352
21.491519451141357,-0.09719459387132519,132011.85713541417
21.591447830200195,-0.07946438912920253,132016.77142187275
21.69227123260498,-0.07652466606315111,132019.29427968548
21.79143524169922,-0.1050950996113384,132021.76485171693
21.89223337173462,-0.12989901298114728,132024.88836654523
21.991347551345825,-0.1475373513774558,132028.7995298907
22.092142820358276,-0.09682712848806876,132031.81957690165
22.191530466079712,-0.12300903704508925,132034.43761921147
22.292237281799316,-0.1813441666370472,132036.89385729033
22.39167833328247,-0.29130818257653324,132039.1044715613
22.49222755432129,-0.23444291451760102,132040.79402440516
22.59153699874878,-0.08718116217758752,132042.61462196463
22.69210124015808,-0.13642152353394887,132043.15315976818
22.791744709014893,-0.03463361237191833,132044.13784379137
22.891671657562256,-0.08635436506526056,132045.22405941223
22.991436004638672,-0.10215537654528696,132047.701653471
23.092360734939575,-0.011207694189321053,132042.2314881239
23.191482067108154,-0.007165574973500345,132039.10833931153
23.29163432121277,-0.04767863347752152,132036.69750538038
23.392151832580566,-0.04630063829030992,132030.32775484235
23.492239475250244,-0.03298001814726441,132027.29497935812
23.592061042785645,-0.06173418438707989,132026.2654814223
23.692269563674927,-0.05723273344218865,132024.93893328006
23.792452335357666,-0.053833678647066695,132024.64503995207
23.89195966720581,-0.053649945955438476,132024.78053595687
23.991334199905396,-0.047403034440079206,132024.6024823612
24.09190607070923,-0.04914849501054724,132025.84223412507
24.192105770111084,-0.042166652728675105,132026.25801071257
24.292189836502075,-0.039135063316809576,132025.13220964134
24.391788482666016,-0.01883260089189193,132023.0189886772
24.49176859855652,0.0249876460614371,132022.21708980948
24.59216809272766,-0.005052649019775884,132021.19538082855
24.692477464675903,-0.02379338356585371,132020.1758427457
24.791973114013672,0.03132642392261048,132019.45825847113
24.892096042633057,0.01433114994700069,132017.512432624
24.991716861724854,-0.011667025918391586,132016.8611893616
25.091575145721436,-0.027559903744232096,132015.87507042545
25.192253589630127,-0.0394106623542519,132015.98756338292
25.291857957839966,-0.028570433548187273,132015.98880704463
25.392270803451538,-0.03307188449307851,132016.48992634017
25.491503953933716,-0.04244225176611743,132017.84093370615
25.592096090316772,-0.06329591226591971,132018.75684033553
25.69227147102356,-0.011942624955833907,132021.08115630198
25.79240083694458,-0.06292844688266329,132022.77304067177
25.892128705978394,0.016076610517468722,132023.7957366046
25.992081880569458,-0.04483077675728421,132025.31616294416
26.09232211112976,-0.05567100556334883,132025.48454664976
26.19167685508728,-0.015157947059327652,132026.4360919848
26.29190230369568,-0.04786236616914974,132025.79248278632
26.392441034317017,-0.04115612292471993,132025.8132345077
26.492355585098267,-0.06522510552801596,132025.43191105692
26.592204093933105,-0.05613033729241937,132025.28871995123
26.691539525985718,-0.06991028916453541,132025.3598479561
26.791999578475952,-0.07294187857640094,132025.2238631605
26.891967058181763,-0.07340121030547148,132026.20147684444
26.99240016937256,-0.07395240838035612,132026.08132916
27.092020273208618,-0.07303374492221505,132026.673196244
27.19163942337036,-0.07193134877244577,132028.1058766196
27.29198384284973,-0.07082895262267648,132028.49528895767
27.39188003540039,-0.07202321511825988,132029.64576006192
27.49227476119995,-0.07174761608081755,132031.18118405575
27.592328548431396,-0.07018588820197773,132032.16306565018
27.692490339279175,-0.07110455166011881,132033.54675908518
27.791792154312134,-0.07321747761384327,132034.29208317667
27.89155650138855,-0.0735849429970997,132035.062874859
27.99161434173584,-0.07138015069756112,132035.9565873731
28.09190344810486,-0.06991028916453541,132036.5609286358
28.19210934638977,-0.07229881415570219,132036.90483577223
28.291499853134155,-0.07330934395965737,132036.91435219502
28.391937017440796,-0.0722069478098881,132035.52291697552
28.49221396446228,-0.07431987376361254,132036.37062527798
28.592050313949585,-0.07266627953895863,132036.3335627502
28.69218683242798,-0.07092081896849059,132037.80020647516
28.79157328605652,-0.07450360645524076,132038.12018582766
28.892332792282104,-0.0735849429970997,132037.4081672449
28.992242336273193,-0.07174761608081755,132036.76735052041
29.092062950134277,-0.07110455166011881,132035.99061546838
29.192210912704468,-0.07009402185616363,132035.79155392156
29.292154550552368,-0.06935909108965077,132035.5123985294
29.39194416999817,-0.07110455166011881,132036.06115867646
29.491841793060303,-0.07395240838035612,132036.9550428088
29.592408180236816,-0.07128828435174701,132037.55953852792
29.691641569137573,-0.07046148723942006,132037.50358467514
29.792400121688843,-0.07193134877244577,132037.45322620764
29.892168521881104,-0.07321747761384327,132038.00790358687
29.992180347442627,-0.07257441319314452,132038.00711322817
30.09209418296814,-0.07312561126802916,132037.80640190537
30.191896438598633,-0.0737686756887279,132037.82576171483
30.2916042804718,-0.07477920549268309,132038.24318554337
30.39229106903076,-0.07193134877244577,132038.81886698902
30.49217200279236,-0.07174761608081755,132039.13698029012
30.59199285507202,-0.07275814588477272,132039.5232822611
30.69206738471985,-0.0735849429970997,132040.17095403498
30.791866540908813,-0.07441174010942665,132040.75385863148
30.891875982284546,-0.07431987376361254,132041.57847276833
30.991886138916016,-0.07294187857640094,132041.9206254915
31.091747760772705,-0.07266627953895863,132042.02856294235
31.191538095474243,-0.07257441319314452,132042.32570664812
31.292437314987183,-0.07321747761384327,132042.1931359833
31.39192008972168,-0.07514667087593951,132042.37382238498
31.49200177192688,-0.07275814588477272,132043.8364401465
31.59217095375061,-0.07836199297943326,132043.55279613184
31.69230604171753,-0.07698399779222165,132043.89751651866
31.79217839241028,-0.07450360645524076,132044.5077648668
31.891518115997314,-0.07771892855873451,132044.35698838014
31.99151849746704,-0.07615720067989469,132044.72128954213
32.09144353866577,-0.07487107183849719,132044.7491605879
32.19158172607422,-0.07781079490454862,132044.8742445291
32.29216122627258,-0.076432799717337,132043.6868200762
32.391507625579834,-0.07744332952129218,132043.6181380686
32.49235701560974,-0.076432799717337,132043.35632426172
32.59218716621399,-0.07790266125036271,132043.22069183557
32.69329524040222,-0.07560600260501005,132043.598622652
32.79158973693848,-0.07808639394199093,132042.9387603868
32.89241647720337,-0.0763409333715229,132042.54488434814
32.99190044403076,-0.07551413625919594,132042.99039591334
33.09183120727539,-0.07606533433408058,132043.891356322
33.1919891834259,-0.07597346798826647,132042.8022206898
33.29223418235779,-0.0735849429970997,132042.02199862082
33.39225745201111,-0.07808639394199093,132042.31979875875
33.49166417121887,-0.09012088524363895,132041.9878188829
33.59232473373413,-0.09149888043085055,132041.7890369946
33.69214391708374,-0.08920222178549787,132041.21013329513
33.7921245098114,-0.08635436506526056,132038.4891199656
33.89213275909424,-0.08350650834502325,132037.24020796907
33.9924430847168,-0.08708929583177343,132036.21618717216
34.09158802032471,-0.08525196891549128,132034.39456845494
34.19234538078308,-0.08396584007409379,132032.75511160944
34.29231262207031,-0.08497636987804896,132031.5796004485
34.39241409301758,-0.0869055631401452,132031.12164040364
34.492329597473145,-0.08534383526130539,132030.50947636328
34.591782093048096,-0.08745676121502985,132030.85852872697
34.69243669509888,-0.08607876602781825,132029.17267585426
34.792030572891235,-0.08874289005642734,132028.95540826884
34.8917818069458,-0.0869055631401452,132027.25986744196
34.99187350273132,-0.08617063237363234,132028.03388069777
35.09193563461304,-0.08470077084060663,132028.630492628
35.1920804977417,-0.08387397372827968,132029.3674433652
35.29185390472412,-0.08598689968200414,132029.63069902867
35.391791105270386,-0.0855275679529336,132030.2676291258
35.492319107055664,-0.0855275679529336,132028.64086621322
35.59177327156067,-0.08607876602781825,132029.2767795919
35.69251346588135,-0.0855275679529336,132029.9491016327
35.79217863082886,-0.08470077084060663,132029.15419146942
35.89207124710083,-0.08727302852340163,132027.8387723225
35.99172282218933,-0.08782422659828627,132027.95489509025
36.09243369102478,-0.0868136967943311,132027.55940558124
36.19154906272888,-0.08773236025247216,132027.8034650231
36.291722536087036,-0.0854357016071195,132028.42311852082
36.39211463928223,-0.0869055631401452,132027.98080666875
36.492351055145264,-0.08745676121502985,132027.48272600188
36.59195280075073,-0.08883475640224145,132027.2344534017
36.69227480888367,-0.08653809775688878,132027.71100806154
36.79190135002136,-0.08993715255201074,132027.7399072554
36.892200231552124,-0.08727302852340163,132026.86591652987
36.99169707298279,-0.08846729101898503,132026.0793248769
37.09197425842285,-0.08617063237363234,132025.9713923892
37.19235062599182,-0.0881916919815427,132025.6742531503
37.29170370101929,-0.08938595447712609,132027.00682783528
37.39153528213501,-0.08846729101898503,132026.60614505174
37.49183940887451,-0.08855915736479913,132027.04553054657
37.59233093261719,-0.08865102371061324,132027.34097749193
37.691871643066406,-0.08782422659828627,132027.20687974273
37.79156804084778,-0.08718116217758752,132027.78619176845
37.892054319381714,-0.09021275158945306,132027.6075725916
37.9923951625824,-0.09039648428108127,132028.54681533246
38.09209108352661,-0.08874289005642734,132027.9921337992
38.19178509712219,-0.08708929583177343,132028.9929204193
38.291791915893555,-0.08617063237363234,132030.09362837736
38.39156413078308,-0.08589503333619003,132030.88426553961
38.49229431152344,-0.08617063237363234,132031.29583898565
38.591574907302856,-0.08580316699037592,132030.36625508708
38.69239521026611,-0.08855915736479913,132029.62962957838
38.79229497909546,-0.08699742948595932,132028.36666662054
38.89188241958618,-0.0880998256357286,132028.32999995849
38.99240446090698,-0.08745676121502985,132028.19699996265
39.09181022644043,-0.08920222178549787,132026.97729996638
39.1915385723114,-0.0868136967943311,132028.47956996976
39.29151010513306,-0.08865102371061324,132027.0316129728
39.39196586608887,-0.08938595447712609,132025.8284516755
39.49149775505066,-0.08791609294410038,132023.84560650797
39.592230558395386,-0.08764049390665807,132023.46104585717
39.69171905517578,-0.08323090930758092,132023.51494127145
39.791882276535034,-0.07468733914686898,132022.56344714432
39.89179468154907,-0.06678683340685578,132019.70710242988
39.99169945716858,-0.05649780267567579,132016.3363921869
40.09198975563049,-0.03830826620448261,132009.90275296822
40.19212818145752,0.007441174010942665,131996.5124776714
40.29211950302124,0.0578757978628874,131979.3612299043
40.39222574234009,0.04896476231891902,131965.72510691386
40.49209928512573,0.04437144502821367,131953.25259622248
40.5921368598938,0.03968626139169422,131942.62733660024
40.69182991981506,0.03647093928820047,131933.6646029402
40.7921097278595,0.03591974121331583,131924.9981426462
40.8920214176178,0.02737617105260388,131918.19832838158
40.99202489852905,0.013504352834673727,131913.37849554344
41.09203267097473,0.007165574973500345,131911.2406459891
41.19189405441284,0.008084238431641414,131907.5165813902
41.29183340072632,0.004501450944891242,131905.26492325118
41.3919095993042,0.0027559903744232093,131902.63843092608
41.49157452583313,0.0022047922995385677,131901.17458783346
41.59153413772583,0.0019291932620962467,131899.95712905013
41.69227385520935,0.0012861288413974978,131899.16141614513
41.7917697429657,0.0021129259537244604,131898.3452745306
41.89230751991272,0.0016535942246539257,131897.31074707754
41.99210977554321,-0.0004593317290705349,131897.2796723698
42.09158182144165,-0.0011023961497692838,131897.45170513281
42.19170165061951,-0.0028478567202373166,131897.70653461953
42.291375398635864,-0.0026641240286091024,131897.23588115757
42.39212679862976,-0.0028478567202373166,131896.81229304182
42.49149680137634,-0.0038583865241924933,131897.13106373764
42.59212040901184,-0.0043177182532630285,131896.41795736388
42.69158911705017,-0.0029397230660514234,131896.6761616275
42.791587829589844,-0.0023885249911667814,131896.80854546474
42.8921012878418,-0.003399054795121958,131896.12769091828
42.991544008255005,-0.0030315894118655303,131895.11492182646
43.091519355773926,-0.00486891632814767,131893.9034296438
43.192378520965576,-0.008084238431641414,131893.71308667943
43.291916370391846,-0.006246911515359275,131893.0417780115
43.391552686691284,-0.010197164385365875,131889.73760021036
43.49227428436279,-0.009921565347923555,131886.6638401893
43.59241700172424,-0.020302462424917643,131882.39745617038
43.692331314086914,-0.028754166239815485,131880.35771055336
43.792017221450806,-0.0368384046714569,131878.321939498
43.89176344871521,-0.03674653832564279,131875.6897455482
43.991464376449585,-0.03500107775517476,131874.9207709934
44.091891288757324,-0.03895133062518136,131873.12869389408
44.192389488220215,-0.038767597933553145,131871.61582450467
44.29152750968933,-0.03840013255029672,131869.6542420542
44.39210605621338,-0.040421192158207074,131869.88881784878
44.49218440055847,-0.03931879600843779,131869.09993606393
44.59148168563843,-0.042166652728675105,131869.78994245754
44.692224979400635,-0.04106425657890582,131869.61094821178
44.79198861122131,-0.040696791195649396,131868.64985339058
44.892287254333496,-0.03867573158773904,131868.88486805154
44.99216628074646,-0.036930271017271005,131868.7963812464
45.092095375061035,-0.03977812773750832,131867.51674312176
45.19231081008911,-0.04483077675728421,131865.56506880958
45.29155135154724,-0.05107768827264348,131862.80856192863
45.39200687408447,-0.053833678647066695,131860.12770573577
45.49173164367676,-0.05300688153473973,131856.6149351622
45.592143297195435,-0.05971312477916954,131854.55344164596
45.69168448448181,-0.06430644206987489,131852.59809748136
45.791544675827026,-0.06375524399499025,131851.13828773322
45.89172697067261,-0.06302031322847738,131850.0244589599
45.99206328392029,-0.06210164977033632,131848.02201306392
46.09220552444458,-0.06292844688266329,131847.01981175752
46.19230508804321,-0.06274471419103507,131845.31783058177
46.291677474975586,-0.0645820411073172,131845.88604752359
46.391549587249756,-0.06494950649057364,131845.09744277122
46.49177551269531,-0.06430644206987489,131842.9876984941
46.59198355674744,-0.06283658053684918,131841.7889286447
46.69192171096802,-0.06283658053684918,131841.71003578024
46.79198384284973,-0.0645820411073172,131841.4390322022
46.892032861709595,-0.07138015069756112,131840.19512898198
46.99231266975403,-0.08662996410270288,131837.67561608378
47.09236121177673,-0.0972864602171393,131835.4080544754
47.191675424575806,-0.11667025918391587,131833.26724902788
47.29222917556763,-0.128796616831378,131830.5405241251
47.39235830307007,-0.1392693802541862,131828.9864717126
47.49202299118042,-0.15433546096769973,131828.08782454132
47.59222149848938,-0.1668292839984183,131828.37904208718
47.6917290687561,-0.17436232435517504,131828.44113787846
47.791674852371216,-0.17849630991680987,131828.69702409062
47.89180588722229,-0.17803697818773934,131827.92732168155
47.991719007492065,-0.18217096374937414,131826.8345895134
48.0916588306427,-0.18097670125379076,131827.25113056207
48.191524267196655,-0.185478152198682,131828.52601750585
48.29209113121033,-0.1868561473858936,131829.67341575527
48.391648054122925,-0.18740734546077825,131829.30607417974
48.49174189567566,-0.18924467237706039,131829.47546676177
48.59148836135864,-0.18648868200263718,131829.7279200856
48.69171595573425,-0.18667241469426538,131830.25512807706
48.791632890701294,-0.19962556945405446,131833.32961526935
48.89183306694031,-0.2090878030729075,131835.99665374242
48.992048025131226,-0.21349738767198462,131838.8969883682
49.09226965904236,-0.22286775494502353,131840.30728953137
49.19180250167847,-0.2264505424317737,131841.67656057823
49.292171001434326,-0.22599121070270317,131841.6089045204
49.3917441368103,-0.22764480492735711,131842.44801406836
49.49142670631409,-0.22948213184363925,131843.10321266152
49.592442750930786,-0.22984959722689566,131844.39289139537
49.69239854812622,-0.22957399818945334,131845.65360225583
49.791717529296875,-0.22801227031061352,131846.78824203025
49.89237570762634,-0.22929839915201103,131846.50941782724
49.992308378219604,-0.22975773088108156,131846.95847604453
50.09186911582947,-0.22690987416084424,131847.36262844008
50.19155740737915,-0.23040079530178031,131848.3263655961
50.29182267189026,-0.23076826068503675,131849.09372903648
50.39156651496887,-0.23058452799340853,131848.98435613283
50.49167203903198,-0.2288390674229405,131848.78592051956
50.59236741065979,-0.22837973569386996,131847.6073284676
50.69242310523987,-0.22792040396479943,131848.14659562084
50.79185676574707,-0.22948213184363925,131847.23193605876
50.8918035030365,-0.23122759241410729,131847.90874245288
50.99194002151489,-0.23242185490969067,131846.8178682076
51.09193229675293,-0.230125196264338,131846.93608138684
51.191771030426025,-0.23214625587224835,131846.44247324817
51.29146480560303,-0.23269745394713298,131847.39822592336
51.392394065856934,-0.23269745394713298,131848.35840333102
51.49232530593872,-0.22975773088108156,131852.02256299794
51.59242486953735,-0.23637210777969728,131853.82030669815
51.691640853881836,-0.23986302892063333,131855.03827602832
51.791762828826904,-0.23839316738760763,131856.0344484255
51.891706228256226,-0.23866876642504994,131856.63100358294
51.99157929420471,-0.24114915776203083,131857.16790322465
52.092313051223755,-0.23857690007923582,131859.3511129022
52.19152617454529,-0.24050609334133208,131859.91600161197
52.29165291786194,-0.239587429883191,131861.52440145076
52.3917670249939,-0.2407816923787744,131859.87196130567
52.4917516708374,-0.23921996449993457,131859.3847651751
52.59175443649292,-0.23995489526644745,131859.64628865762
52.69164156913757,-0.23977116257481923,131858.88165979186
52.79229187965393,-0.23995489526644745,131858.89349381268
52.89207649230957,-0.23903623180830635,131859.4041444314
52.99197196960449,-0.23894436546249226,131862.56372998827
53.09227275848389,-0.24041422699551798,131863.00735698946
53.192267179489136,-0.24013862795807564,131864.00662129052
53.29217028617859,-0.24032236064970386,131863.20595916148
53.39201807975769,-0.2379338356585371,131863.78536324535
53.491737842559814,-0.24289461833249887,131863.4068269208
53.59158802032471,-0.24013862795807564,131863.56614422874
53.69246459007263,-0.24179222218272958,131864.00952980586
53.79229784011841,-0.24023049430388976,131864.1085768253
53.89236664772034,-0.24004676161226154,131863.89771914278
53.991944789886475,-0.24243528660342833,131864.30794722852
54.09234595298767,-0.24087355872458852,131864.77715250567
54.19191122055054,-0.24004676161226154,131865.2994372551
54.291502237319946,-0.24105729141621673,131866.6694935296
54.39245629310608,-0.24023049430388976,131867.30254417664
54.491843700408936,-0.2394036971915628,131866.67228975898
54.59233093261719,-0.2383013010417935,131865.70506078308
54.69234299659729,-0.24050609334133208,131865.13455470477
54.791478633880615,-0.23839316738760763,131864.42109923429
54.89236807823181,-0.2368314395087678,131865.27898931084
54.99211072921753,-0.23618837508806906,131865.15109037978
55.09237718582153,-0.2356371770131844,131864.8359813418
55.192073345184326,-0.2339835827885305,131864.45238320762
55.29190468788147,-0.23196252318062013,131863.60714488686
55.39226007461548,-0.2341673154801587,131863.7464303982
55.49150252342224,-0.2369233058545819,131863.47178735837
55.59161877632141,-0.23921996449993457,131861.82460862256
55.692392110824585,-0.2353615779757421,131861.7421477603
55.79220747947693,-0.2381175683501653,131861.26793298428
55.892338275909424,-0.2383013010417935,131860.04113968587
55.99214196205139,-0.23646397412551137,131861.2370257173
56.092127561569214,-0.2369233058545819,131860.51332314557
56.1919322013855,-0.2356371770131844,131859.06199083102
56.29174852371216,-0.2394036971915628,131858.1557917479
56.39141273498535,-0.23995489526644745,131857.94021257313
56.49202823638916,-0.2383013010417935,131858.4461913158
56.59166717529297,-0.23857690007923582,131858.50157218424
56.692533016204834,-0.2396792962290051,131857.2514149658
56.79210114479065,-0.23885249911667816,131857.32627346923
56.89198422431946,-0.23738263758365244,131857.9936461223
56.9921088218689,-0.23756637027528066,131856.8942815101
57.09226179122925,-0.2379338356585371,131857.9048533591
57.19228219985962,-0.23435104817178692,131858.5143680232
57.29169821739197,-0.2367395731629537,131858.5629312209
57.39157843589783,-0.23407544913434458,131856.5066380988
57.491798877716064,-0.23058452799340853,131853.2559742889
57.59167766571045,-0.23122759241410729,131849.33037686002
57.69157886505127,-0.23352425105945995,131846.997339174
57.79174757003784,-0.23407544913434458,131844.6976052566
57.89163255691528,-0.2369233058545819,131843.02784473094
57.99185061454773,-0.2353615779757421,131841.22506025783
58.09174036979675,-0.235269711629928,131839.70255423203
58.19160580635071,-0.2369233058545819,131836.53229880883
58.29160928726196,-0.23747450392946656,131834.57906892797
58.39242744445801,-0.23857690007923582,131832.22116203516
58.491955041885376,-0.23738263758365244,131830.39904583164
58.59176015853882,-0.239587429883191,131828.35914124848
58.69165873527527,-0.237015172200396,131828.32322712362
58.7916042804718,-0.23949556353737692,131827.19090441125
58.89233589172363,-0.23775010296690888,131826.67181397014
58.99181079864502,-0.24555874236110797,131826.60463257311
59.09194207191467,-0.25208125291390954,131827.0441693158
59.19179153442383,-0.25722576827949956,131827.93975238423
59.29192638397217,-0.25584777309228796,131829.9457771458
59.392170906066895,-0.25988989230810866,131830.85119943123
59.49230766296387,-0.2581444317376406,131831.3660794881
59.59199380874634,-0.26282961537416005,131832.2294715393
59.692004919052124,-0.2615434865327626,131833.00652438536
59.79210066795349,-0.26485067498207043,131833.20587194682
59.89193105697632,-0.26521814036532687,131834.98528475213
59.99238705635071,-0.26402387786974346,131836.48675627692
60.09239959716797,-0.26549373940276916,131836.53808064925
60.191770792007446,-0.2699951903476604,131835.38427258434
60.29187345504761,-0.2691683932353335,131835.04584532592
60.39186406135559,-0.2719243836097567,131833.94126079333
60.49164342880249,-0.2699951903476604,131833.647134714
60.592205286026,-0.269627724964404,131834.1824212426
60.69197130203247,-0.2710975864974297,131834.46417911837
60.79207110404968,-0.2721081163013849,131835.11776120652
60.89213681221008,-0.2710057201516156,131836.40598508588
60.992284297943115,-0.2712813191890579,131837.06538657728
61.091493368148804,-0.2724755816846413,131836.45884791954
61.19241261482239,-0.27440477494673754,131835.81296312757
61.292460680007935,-0.2722918489930131,131835.13166681482
61.3915901184082,-0.27284304706789775,131837.71850013334
61.49158978462219,-0.27219998264719897,131838.54665012
61.59158134460449,-0.2733023787969683,131839.491985108
61.6917610168457,-0.2724755816846413,131840.1427865972
61.7920024394989,-0.2752315720590645,131840.92850793747
61.89194059371948,-0.2733942451427824,131841.13565714372
61.992090702056885,-0.2750478393674363,131839.12209142934
62.09242653846741,-0.2726593143762695,131838.0098822864
62.19174027442932,-0.2737617105260388,131838.30889405776
62.29235315322876,-0.2724755816846413,131838.678004652
62.39211106300354,-0.27550717109650685,131837.4102041868
62.49190664291382,-0.27422104225510935,131835.96918376812
62.592225790023804,-0.27431290860092344,131835.97226539132
62.69212818145752,-0.2748641066758081,131834.4750388522
62.79188132286072,-0.27293491341371184,131833.327534967
62.89221477508545,-0.2764258345546479,131833.49478147028
62.99223446846008,-0.2733942451427824,131833.24530332326
63.092169523239136,-0.27431290860092344,131832.32077299093
63.1924569606781,-0.27422104225510935,131832.58869569184
63.29154872894287,-0.2746803739841799,131833.02982612266
63.3924343585968,-0.2766095672462761,131832.9268435104
63.491440296173096,-0.2761502355172056,131833.53415915935
63.592334508895874,-0.2761502355172056,131833.68074324343
63.6923406124115,-0.2758746364797633,131834.1126689191
63.79152727127075,-0.2762421018630197,131834.50140202718
63.89232349395752,-0.27569090378813504,131834.75126182448
63.992260694503784,-0.27550717109650685,131836.17613564205
64.092453956604,-0.27422104225510935,131836.95852207785
64.19189310073853,-0.2758746364797633,131837.36266987008
64.29245519638062,-0.2746803739841799,131838.5264028831
64.39237141609192,-0.2752315720590645,131838.8737625948
64.49153995513916,-0.27559903744232095,131839.38638633533
64.59181070327759,-0.2760583691713915,131839.2477477018
64.6916732788086,-0.2766095672462761,131837.8229729316
64.79191160202026,-0.2763339682088338,131837.94067563844
64.89206457138062,-0.2758746364797633,131838.84660807461
64.99152779579163,-0.27679329993790436,131839.06194726715
65.09238409996033,-0.27679329993790436,131839.65575254045
65.19214510917664,-0.2750478393674363,131839.4901772864
65.29162311553955,-0.2774363643586031,131839.14115955777
65.39236903190613,-0.27578277013394914,131839.527043602
65.49164485931396,-0.27569090378813504,131840.07433924178
65.59240865707397,-0.2785387605083724,131839.5669053176
65.69159317016602,-0.2762421018630197,131838.61021478585
65.79209351539612,-0.27716076532116074,131837.94919330726
65.89162564277649,-0.2776200970502313,131838.6542739765
65.99159574508667,-0.2776200970502313,131839.28884657886
66.09176921844482,-0.27357797783441057,131839.85996192097
66.19224786758423,-0.2779875624334877,131841.87396572888
66.29210782051086,-0.2786306268541865,131842.186569156
66.39237403869629,-0.2776200970502313,131842.1679122404
66.49218511581421,-0.2744966412925517,131841.95112101635
66.59173130989075,-0.2766095672462761,131840.75600891473
66.69205856323242,-0.2760583691713915,131839.98040802326
66.79147219657898,-0.2763339682088338,131839.28236722093
66.89190101623535,-0.2766095672462761,131838.95413049884
66.99239420890808,-0.27578277013394914,131838.65871744897
67.0918242931366,-0.2761502355172056,131839.19284570406
67.19167733192444,-0.27716076532116074,131840.57356113364
67.29156851768494,-0.27569090378813504,131840.91620502027
67.39176917076111,-0.2791818249290711,131840.82458451827
67.49154496192932,-0.27899809223744293,131840.64212606644
67.59167313575745,-0.27706889897534664,131839.4779134598
67.69168329238892,-0.2761502355172056,131839.43012211382
67.7917890548706,-0.2801004883872122,131839.58710990244
67.89168548583984,-0.2763339682088338,131840.0283989122
67.991868019104,-0.2761502355172056,131839.02555902099
68.09176778793335,-0.2789062258916288,131838.4230031189
68.19199705123901,-0.279089958583257,131837.080702807
68.29177570343018,-0.2777119633960454,131837.7726325263
68.39182782173157,-0.2785387605083724,131837.99536927365
68.49161767959595,-0.2767014335920902,131837.8958323463
68.59189128875732,-0.27964115665814165,131838.20624911165
68.69166016578674,-0.2793655576206993,131838.28562420048
68.79180335998535,-0.2788143595458147,131837.85706178044
68.89176607131958,-0.2785387605083724,131837.7713556024
68.99196100234985,-0.279089958583257,131837.99422004216
69.09191918373108,-0.27826316147093005,131837.19479803793
69.19189143180847,-0.27807942877930186,131837.07531823413
69.2918632030487,-0.2791818249290711,131836.0677864107
69.39189553260803,-0.2815703499202379,131836.36100776965
69.49189925193787,-0.27844689416255824,131837.2249069927
69.59197425842285,-0.2801004883872122,131837.40241629342
69.69207739830017,-0.2802842210788404,131837.8621746641
69.79192018508911,-0.2788143595458147,131838.7759571977
69.89180564880371,-0.27817129512511596,131838.79836147794
69.99210143089294,-0.2776200970502313,131838.71852533013
70.09189343452454,-0.27899809223744293,131839.44667279712
70.19215703010559,-0.27688516628371845,131840.3020055174
70.29191470146179,-0.2767014335920902,131839.67180496568
70.39217519760132,-0.2777119633960454,131839.7046244691
70.49168038368225,-0.28101915184535325,131838.6341620222
70.59233784675598,-0.2785387605083724,131838.67074581998
70.69168591499329,-0.2802842210788404,131839.20367123798
70.7914891242981,-0.2813866172286097,131838.3833041142
70.8920545578003,-0.28037608742465453,131838.84497370277
70.99221277236938,-0.2778038297418595,131838.0604763325
71.091952085495,-0.2772526316669749,131837.25442869926
71.192138671875,-0.2777119633960454,131835.22898582934
71.29210257530212,-0.2800086220413981,131835.10608724641
71.39229536056519,-0.2792736912748852,131835.49547852177
71.49155282974243,-0.2766095672462761,131835.04593066958
71.59214329719543,-0.2778038297418595,131835.04133760263
71.69248390197754,-0.27826316147093005,131836.33720384235
71.79164242744446,-0.27844689416255824,131835.40348345813
71.89230942726135,-0.27945742396651346,131835.9631351123
71.9922707080841,-0.27954929031232756,131835.5668216011
72.09197735786438,-0.2786306268541865,131834.410139441
72.19155621528625,-0.27844689416255824,131833.9691254969
72.29180765151978,-0.27899809223744293,131834.5722129472
72.39209222793579,-0.27899809223744293,131833.6149916525
72.49159669876099,-0.27899809223744293,131834.95349248726
72.59232020378113,-0.27973302300395575,131835.25814323852
72.69186067581177,-0.2793655576206993,131835.2323289147
72.79206490516663,-0.2807435528079109,131835.00909602322
72.89235377311707,-0.28166221626605203,131835.5081864209
72.99175429344177,-0.28037608742465453,131835.2573677788
73.09223699569702,-0.2801004883872122,131835.3316310009
73.1916971206665,-0.27826316147093005,131834.49846790082
73.29171180725098,-0.27817129512511596,131834.24862111075
73.39212894439697,-0.28101915184535325,131834.02375899968
73.49166941642761,-0.2801004883872122,131834.52138309972
73.59221601486206,-0.2800086220413981,131834.76924478976
73.6924660205841,-0.279089958583257,131834.29232031078
73.79198718070984,-0.28120288453698145,131834.2630882797
73.89222764968872,-0.27835502781674415,131834.93677945173
73.99161458015442,-0.2818459489576802,131835.04310150657
74.09220457077026,-0.27982488934976985,131835.13879135592
74.19238352775574,-0.2806516864620968,131834.72491222032
74.29222202301025,-0.27697703262953255,131835.3524209983
74.39203929901123,-0.2791818249290711,131834.8171788985
74.49228525161743,-0.27945742396651346,131834.83546100865
74.59202790260315,-0.2789062258916288,131835.3519149078
74.69209957122803,-0.2818459489576802,131834.91672341703
74.79193067550659,-0.2801923547330263,131835.82505107534
74.89191889762878,-0.2804679537704686,131836.2425459678
74.99227690696716,-0.28092728549953916,131835.91829137102
75.09195756912231,-0.28101915184535325,131836.72646223393
75.19161343574524,-0.27899809223744293,131837.05381601054
75.29158544540405,-0.2791818249290711,131837.44843440948
75.39172577857971,-0.28092728549953916,131838.20359096854
75.49170446395874,-0.2793655576206993,131839.1832318717
75.59162974357605,-0.2792736912748852,131838.66490868453
75.69147634506226,-0.279089958583257,131838.8984178161
75.79147577285767,-0.2779875624334877,131840.2085760345
75.89150500297546,-0.2820296816493084,131840.08771843105
75.99151277542114,-0.2788143595458147,131839.87894658794
76.09206199645996,-0.2791818249290711,131840.29105192915
76.19212436676025,-0.28083541915372506,131838.56194673624
76.29157280921936,-0.2802842210788404,131839.50575206263
76.39165163040161,-0.28037608742465453,131840.05517685637
76.49185729026794,-0.2804679537704686,131840.84965917072
76.59163022041321,-0.2789062258916288,131840.96469325366
76.69202399253845,-0.28101915184535325,131841.4682239283
76.79177451133728,-0.2793655576206993,131840.62140153546
76.89153695106506,-0.2805598201162827,131840.55926138192
76.99197793006897,-0.2787224932000006,131841.30333524372
77.09193420410156,-0.27945742396651346,131840.47300171934
77.19208574295044,-0.2818459489576802,131841.0257015474
77.29202032089233,-0.28166221626605203,131841.12313139267
77.39182353019714,-0.2801923547330263,131841.6108182534
77.49177861213684,-0.2800086220413981,131840.84973642806
77.59186506271362,-0.2792736912748852,131840.76476278526
77.69193720817566,-0.28175408261186613,131840.58828650674
77.79194784164429,-0.2793655576206993,131840.42945785608
77.89206647872925,-0.2807435528079109,131840.78651207048
77.99191069602966,-0.2819378153034943,131840.10786086344
78.09219026565552,-0.2802842210788404,131841.1970747771
78.192214012146,-0.27973302300395575,131841.2773672994
78.29211902618408,-0.28120288453698145,131839.74963056945
78.39160227775574,-0.2813866172286097,131839.0746675125
78.49217677116394,-0.2793655576206993,131838.66720076127
78.5919177532196,-0.28092728549953916,131839.30048068514
78.69201850891113,-0.27964115665814165,131839.47043261662
78.79192280769348,-0.2802842210788404,131839.12338935497
78.89221811294556,-0.27973302300395575,131839.81105041946
78.99203705787659,-0.28111101819116735,131840.12994537753
79.09208703041077,-0.2791818249290711,131839.21695083976
79.19208073616028,-0.2805598201162827,131839.0952557558
79.29135942459106,-0.2819378153034943,131840.2857301802
79.39211750030518,-0.2791818249290711,131841.3571571622
79.49167084693909,-0.2828564787616354,131841.721441446
79.5921242237091,-0.28166221626605203,131841.7492973014
79.6921899318695,-0.2793655576206993,131840.37436757126
79.79234457015991,-0.27835502781674415,131841.03693081415
79.89180517196655,-0.28221341434093666,131840.23323773273
79.99218153953552,-0.27982488934976985,131839.30991395944
80.09147262573242,-0.2815703499202379,131839.2789225635
80.19174003601074,-0.27945742396651346,131838.95103030716
80.29230833053589,-0.28101915184535325,131837.75592727645
80.39221668243408,-0.279916755695584,131838.5803345488
80.49174165725708,-0.27817129512511596,131839.72230109392
80.59215188026428,-0.28359140952814826,131839.95007098455
80.69158458709717,-0.28248901337837895,131839.6550638861
80.79227948188782,-0.27945742396651346,131839.6895574975
80.89140272140503,-0.2778038297418595,131838.52060174776
80.99226427078247,-0.2818459489576802,131838.168541573
81.0923080444336,-0.28166221626605203,131837.5516874157
81.19180727005005,-0.2801004883872122,131838.0965186741
81.29197311401367,-0.2792736912748852,131837.0868668067
81.39191842079163,-0.2820296816493084,131838.47818012603
81.49135756492615,-0.2826727460700072,131836.6303621134
81.59165000915527,-0.2800086220413981,131836.06732590208
81.69192433357239,-0.28166221626605203,131836.26059331186
81.79187393188477,-0.2789062258916288,131836.53453398068
81.89207744598389,-0.2815703499202379,131836.38108058262
81.99178051948547,-0.28111101819116735,131836.24297252437
82.09203338623047,-0.27964115665814165,131836.01867527195
82.19207310676575,-0.28037608742465453,131837.71680774476
82.29170942306519,-0.28120288453698145,131837.2451269703
82.39241027832031,-0.2793655576206993,131837.82061427325
82.49156618118286,-0.2804679537704686,131837.53855284594
82.59140610694885,-0.2820296816493084,131837.98469756136
82.69214224815369,-0.28111101819116735,131839.48622780523
82.79212784767151,-0.28221341434093666,131840.7376050247
82.89171981811523,-0.28083541915372506,131840.56384452226
82.9923951625824,-0.279916755695584,131842.40746007004
83.09206199645996,-0.2807435528079109,131840.26671406304
83.19191551208496,-0.28166221626605203,131838.94004265673
83.29140186309814,-0.2807435528079109,131837.54603839107
83.39230918884277,-0.2802842210788404,131836.99143455198
83.49154424667358,-0.2802842210788404,131836.8922910968
83.59222459793091,-0.28101915184535325,131837.10306198712
83.69228982925415,-0.28212154799512257,131835.8927557884
83.79143691062927,-0.27982488934976985,131835.30348020955
83.89192938804626,-0.28083541915372506,131835.57313218858
83.99193406105042,-0.2804679537704686,131835.01581896972
84.09220170974731,-0.28313207779907773,131835.21423707277
84.19158792495728,-0.2829483451074495,131836.1928133655
84.29199385643005,-0.2786306268541865,131836.47353202893
84.3914852142334,-0.2801004883872122,131835.72617882604
84.4919331073761,-0.28037608742465453,131835.05356094343
84.59176278114319,-0.2801004883872122,131834.2482048491
84.69206619262695,-0.28212154799512257,131834.4233843642
84.79186153411865,-0.2825808797241931,131834.78104592778
84.89188385009766,-0.28212154799512257,131833.502941335
84.992103099823,-0.2804679537704686,131833.6526472015
85.09237432479858,-0.2815703499202379,131833.78738248133
85.19229936599731,-0.28248901337837895,131834.1086442332
85.29169774055481,-0.28101915184535325,131833.49777980987
85.3917760848999,-0.28304021145326363,131832.34800182888
85.49197316169739,-0.27964115665814165,131831.513201646
85.59161567687988,-0.2801004883872122,131830.5618814814
85.69245100021362,-0.28120288453698145,131831.20569333326
85.79156517982483,-0.2807435528079109,131831.48512399994
85.89235424995422,-0.28092728549953916,131831.43661159996
85.99217534065247,-0.2805598201162827,131832.09295043995
86.09139776229858,-0.2813866172286097,131832.68365539596
86.19175744056702,-0.2805598201162827,131834.31528985637
86.29225277900696,-0.2839588749114047,131834.48376087073
86.39181780815125,-0.2826727460700072,131835.43538478366
86.49207091331482,-0.2833158104907059,131834.9918463053
86.592200756073,-0.2789062258916288,131835.89266167476
86.69157552719116,-0.2807435528079109,131836.2033955073
86.79171991348267,-0.28166221626605203,131836.58305595658
86.89156579971313,-0.2819378153034943,131837.12475036093
86.99226498603821,-0.2828564787616354,131837.31227532483
87.09240198135376,-0.2788143595458147,131836.98104779236
87.19192934036255,-0.28451007298628933,131837.28294301312
87.29146027565002,-0.2806516864620968,131836.4546487118
87.39233016967773,-0.2841426076030329,131835.90918384062
87.49211645126343,-0.2812947508827956,131835.21826545655
87.59194207191467,-0.28120288453698145,131835.5964389109
87.69166088104248,-0.2815703499202379,131835.13679501982
87.79168057441711,-0.2841426076030329,131835.42311551783
87.89211416244507,-0.28111101819116735,131835.58080396606
87.99216556549072,-0.2819378153034943,131835.32272356946
88.09170889854431,-0.28083541915372506,131834.89045121253
88.1916708946228,-0.27982488934976985,131834.9014060913
88.29164218902588,-0.28340767683652,131835.91126548217
88.39193749427795,-0.28230528068675076,131835.52013893396
88.49167060852051,-0.2820296816493084,131835.36812504058
88.5916018486023,-0.28092728549953916,131834.73131253652
88.69230890274048,-0.28340767683652,131833.85818128288
88.79150700569153,-0.2814784835744238,131834.1723631546
88.89156436920166,-0.28175408261186613,131833.55512683914
88.99201679229736,-0.2800086220413981,131832.89961415523
89.09147906303406,-0.28212154799512257,131832.30965273973
89.19213771820068,-0.2827646124158213,131832.07868746575
89.29229354858398,-0.2827646124158213,131831.4708187192
89.39165616035461,-0.28248901337837895,131831.32373684726
89.4920027256012,-0.28221341434093666,131831.59136316253
89.59228610992432,-0.28120288453698145,131831.9322268463
89.6923496723175,-0.27964115665814165,131833.13900416167
89.79196619987488,-0.28120288453698145,131833.4251037455
89.89231133460999,-0.27826316147093005,131832.48259337095
89.99234700202942,-0.28120288453698145,131833.03433403384
90.09199261665344,-0.2820296816493084,131832.93090063045
90.19223022460938,-0.28101915184535325,131833.4378105674
90.29151773452759,-0.28037608742465453,131833.29402951067
90.3918228149414,-0.28230528068675076,131833.16462655962
90.49165439605713,-0.28340767683652,131833.64816390365
90.5918641090393,-0.2819378153034943,131834.8833475133
90.69247889518738,-0.28166221626605203,131836.59501276197
90.79153084754944,-0.28037608742465453,131834.83551148578
90.89205741882324,-0.2815703499202379,131834.4519603372
90.99198246002197,-0.2813866172286097,131835.00676430349
91.09191393852234,-0.2814784835744238,131834.90608787315
91.19186902046204,-0.28248901337837895,131835.21547908583
91.29173254966736,-0.2812947508827956,131835.69393117726
91.39181327819824,-0.28212154799512257,131834.72453805953
91.49194002151489,-0.27964115665814165,131834.2520842536
91.59196853637695,-0.28368327587396236,131834.92687582824
91.69191193580627,-0.28175408261186613,131834.43418824542
91.79174423217773,-0.28101915184535325,131833.8907694209
91.89165759086609,-0.28349954318233417,131834.70169247882
91.99153733253479,-0.28166221626605203,131835.83152323094
92.09165787696838,-0.2805598201162827,131835.44837090786
92.19181704521179,-0.28304021145326363,131836.3035338171
92.29172921180725,-0.2805598201162827,131835.8731804354
92.3917338848114,-0.2832239441448918,131836.38586239185
92.49175691604614,-0.28166221626605203,131836.04727615268
92.59213709831238,-0.28101915184535325,131835.2425485374
92.69207692146301,-0.2814784835744238,131837.01829368368
92.79161596298218,-0.28304021145326363,131837.41646431532
92.89224338531494,-0.2819378153034943,131838.1748178838
92.99157047271729,-0.2825808797241931,131837.95733609542
93.09142875671387,-0.28037608742465453,131839.46160248588
93.1916811466217,-0.28166221626605203,131840.01544223732
93.29145765304565,-0.2828564787616354,131839.71389801358
93.39176201820374,-0.28175408261186613,131840.84250821223
93.49222421646118,-0.2801004883872122,131840.858257391
93.59142446517944,-0.2819378153034943,131840.5724316519
93.69244933128357,-0.28101915184535325,131839.61518848673
93.79169726371765,-0.2812947508827956,131840.25366963807
93.89177346229553,-0.27982488934976985,131840.92830267426
93.99227714538574,-0.28166221626605203,131839.63547240684
94.09210157394409,-0.2812947508827956,131840.07192516615
94.19189667701721,-0.2825808797241931,131840.06473264954
94.29226922988892,-0.2825808797241931,131841.6582593846
94.39144325256348,-0.2812947508827956,131840.89243344613
94.49208998680115,-0.2812947508827956,131840.6031901015
94.59190893173218,-0.28111101819116735,131839.74287109135
94.69190073013306,-0.28037608742465453,131838.76858398222
94.79208064079285,-0.2805598201162827,131838.491725584
94.89160799980164,-0.2812947508827956,131838.2425530256
94.9920449256897,-0.2807435528079109,131837.41829772305
95.09211945533752,-0.28166221626605203,131837.37646795076
95.19183301925659,-0.2828564787616354,131838.3388211557
95.29190635681152,-0.2828564787616354,131838.40493904013
95.39193797111511,-0.28248901337837895,131838.56444513611
95.49165272712708,-0.28248901337837895,131837.8080006225
95.59219527244568,-0.2813866172286097,131837.52720056026
95.6922619342804,-0.2832239441448918,131838.07448050423
95.79181790351868,-0.28248901337837895,131838.46703245383
95.89173221588135,-0.28340767683652,131838.92032920846
95.99193358421326,-0.28175408261186613,131838.9282962876
96.09173250198364,-0.2828564787616354,131839.33546665884
96.19163584709167,-0.2820296816493084,131839.90191999296
96.2918348312378,-0.27945742396651346,131840.41172799366
96.39152550697327,-0.2814784835744238,131840.8705551943
96.49241733551025,-0.2815703499202379,131840.48349967488
96.59175753593445,-0.28111101819116735,131840.9351497074
96.69213008880615,-0.2833158104907059,131839.64163473665
96.7920560836792,-0.28340767683652,131839.877471263
96.89222931861877,-0.2812947508827956,131840.5897241367
96.99163150787354,-0.28092728549953916,131840.03075172304
97.09215950965881,-0.28230528068675076,131838.12767655074
97.19180297851562,-0.2800086220413981,131837.21490889566
97.29238557815552,-0.28349954318233417,131836.7934180061
97.39189219474792,-0.28212154799512257,131837.21407620548
97.49229884147644,-0.28175408261186613,131837.39266858494
97.59166955947876,-0.2818459489576802,131836.75340172646
97.69210481643677,-0.2818459489576802,131835.8780615538
97.79198980331421,-0.28212154799512257,131836.29025539843
97.89143395423889,-0.28248901337837895,131836.0612298586
97.99224901199341,-0.2805598201162827,131835.65510687276
98.0923204421997,-0.28175408261186613,131836.08959618548
98.19189500808716,-0.2815703499202379,131836.28063656692
98.2921769618988,-0.28212154799512257,131835.75257291022
98.39191460609436,-0.2812947508827956,131835.8773156192
98.49212408065796,-0.28166221626605203,131836.58958405728
98.59222102165222,-0.2828564787616354,131836.13062565157
98.691739320755,-0.2819378153034943,131835.21756308642
98.79175686836243,-0.2814784835744238,131834.3958067778
98.89190578460693,-0.28166221626605203,131833.55622610002
98.99206137657166,-0.28175408261186613,131833.60060349002
99.09147834777832,-0.2827646124158213,131833.54054314102
99.19242119789124,-0.2806516864620968,131833.48648882692
99.29200792312622,-0.28166221626605203,131832.93783994424
99.3918251991272,-0.28340767683652,131833.4440559498
99.49202394485474,-0.2815703499202379,131833.59965035482
99.5920844078064,-0.28248901337837895,131834.23968531936
99.69216442108154,-0.2813866172286097,131833.51571678743
99.79230785369873,-0.28248901337837895,131833.56414510868
99.89204621315002,-0.28230528068675076,131834.90773059783
99.99220395088196,-0.28248901337837895,131835.71695753804
100.09192061424255,-0.28349954318233417,131836.54526178425
100.19243741035461,-0.2829483451074495,131837.19073560584
100.29203510284424,-0.28230528068675076,131837.37166204525
100.39189004898071,-0.2812947508827956,131838.73449584073
100.49232482910156,-0.2813866172286097,131839.06104625665
100.59220767021179,-0.28230528068675076,131839.05494163098
100.69183397293091,-0.28313207779907773,131839.24944746788
100.79218530654907,-0.2825808797241931,131840.6245027211
100.89175248146057,-0.284234473948847,131840.66205244898
100.99179339408875,-0.28230528068675076,131840.6958472041
101.09162306785583,-0.2820296816493084,131839.6262624837
101.19245600700378,-0.2833158104907059,131838.46363623533
101.29219722747803,-0.2839588749114047,131837.2172726118
101.39171242713928,-0.28386700856559055,131838.09554535063
101.4920392036438,-0.28239714703256485,131838.68599081557
101.592360496521,-0.2804679537704686,131838.91739173402
101.69152569770813,-0.2829483451074495,131839.22565256062
101.79141187667847,-0.2827646124158213,131839.00308730456
101.89157748222351,-0.2833158104907059,131837.8027785741
101.99234390258789,-0.28368327587396236,131838.9225007167
102.09234404563904,-0.2839588749114047,131838.530250645
102.19246506690979,-0.2841426076030329,131838.47722558051
102.29185175895691,-0.28506127106117396,131839.32950302248
102.3923978805542,-0.2825808797241931,131839.79655272025
102.49220037460327,-0.2819378153034943,131840.61689744823
102.59234237670898,-0.28377514221977646,131841.25520770342
102.69150447845459,-0.28230528068675076,131841.72968693307
102.79190754890442,-0.28304021145326363,131840.15671823977
102.89153695106506,-0.2843263402946611,131840.64104641578
102.99228072166443,-0.28368327587396236,131839.6769417742
103.0917444229126,-0.2829483451074495,131839.90924759678
103.19205975532532,-0.2829483451074495,131839.8183228371
103.29146671295166,-0.2829483451074495,131840.3364905534
103.39211440086365,-0.2813866172286097,131839.80284149805
103.4923779964447,-0.28304021145326363,131840.62255734825
103.5915596485138,-0.2833158104907059,131839.66030161342
103.69185543060303,-0.28340767683652,131838.69427145208
103.79222655296326,-0.28120288453698145,131839.02484430687
103.89188289642334,-0.28239714703256485,131838.9223598762
103.99219870567322,-0.28166221626605203,131837.33012388856
104.09223699569702,-0.28368327587396236,131837.49711149972
104.19225811958313,-0.2825808797241931,131837.14740034976
104.29163479804993,-0.28120288453698145,131836.93266031478
104.39207363128662,-0.28230528068675076,131837.1393942833
104.49220037460327,-0.28101915184535325,131837.52545485497
104.59158134460449,-0.28239714703256485,131838.1729093695
104.69209504127502,-0.2829483451074495,131838.15561843253
104.79155921936035,-0.28386700856559055,131838.84005658928
104.8923556804657,-0.2829483451074495,131838.55605093035
104.99241280555725,-0.2818459489576802,131837.0004458373
105.09147000312805,-0.28340767683652,131836.70040125356
105.19169735908508,-0.28340767683652,131837.5303611282
105.29199123382568,-0.2846019393321034,131838.1773250154
105.39236974716187,-0.2820296816493084,131838.05959251386
105.49182748794556,-0.2820296816493084,131837.95363326248
105.5920467376709,-0.28377514221977646,131837.95826993624
105.69220113754272,-0.2827646124158213,131839.36244294263
105.79149532318115,-0.28451007298628933,131840.82619864837
105.89239716529846,-0.28092728549953916,131840.24357878353
105.99186420440674,-0.2829483451074495,131839.91922090517
106.09221363067627,-0.2814784835744238,131839.02729881465
106.19182658195496,-0.2825808797241931,131838.2245689332
106.29164433479309,-0.28377514221977646,131837.60211203987
106.39149355888367,-0.284234473948847,131838.44190083587
106.49156022071838,-0.2833158104907059,131838.59771075228
106.59150767326355,-0.28349954318233417,131839.03793967704
106.69204592704773,-0.2826727460700072,131838.23414570934
106.79182076454163,-0.28386700856559055,131838.71073113842
106.89238047599792,-0.28221341434093666,131838.63965802456
106.99202275276184,-0.28506127106117396,131838.6756922221
107.09164214134216,-0.2852450037528022,131838.8081229999
107.19190859794617,-0.28221341434093666,131839.62731069993
107.29183006286621,-0.2841426076030329,131839.56457962995
107.39195823669434,-0.28386700856559055,131840.00812166696
107.49196553230286,-0.28340767683652,131839.70730950029
107.59158301353455,-0.28368327587396236,131839.83657855025
107.69220852851868,-0.2828564787616354,131839.65292069523
107.79197716712952,-0.284234473948847,131838.5876286257
107.89185285568237,-0.28304021145326363,131839.02886576313
107.99199080467224,-0.28037608742465453,131838.4259791868
108.09220576286316,-0.28230528068675076,131838.88338126813
108.19216394424438,-0.2825808797241931,131839.79504314132
108.29180192947388,-0.28377514221977646,131840.71553882718
108.3922049999237,-0.28487753836954577,131840.54398494447
108.49222898483276,-0.2815703499202379,131839.78958645003
108.59225034713745,-0.2820296816493084,131839.61062780503
108.69161462783813,-0.28340767683652,131840.14956502453
108.79211568832397,-0.2825808797241931,131839.93460852207
108.89148926734924,-0.2840507412572188,131839.14114766987
108.99188303947449,-0.2828564787616354,131839.8270329029
109.09151792526245,-0.2806516864620968,131839.24432961261
109.19192624092102,-0.2827646124158213,131840.21989665137
109.29226183891296,-0.2841426076030329,131840.89790698624
109.39179873466492,-0.2867148652858279,131840.4081162876
109.49199867248535,-0.28304021145326363,131840.36730465887
109.59161186218262,-0.28441820664047524,131841.23057419297
109.69161820411682,-0.2819378153034943,131842.10751677369
109.79230403900146,-0.2825808797241931,131843.49676509632
109.8914966583252,-0.2840507412572188,131842.6470885867
109.99166870117188,-0.2832239441448918,131841.88237972802
110.09236860275269,-0.2826727460700072,131842.69414175523
110.19166088104248,-0.2840507412572188,131843.0247275797
110.29165029525757,-0.2827646124158213,131843.82225482175
110.39244151115417,-0.28230528068675076,131843.54002933958
110.49145579338074,-0.2827646124158213,131842.88602640564
110.59200644493103,-0.28368327587396236,131842.39742376507
110.69197940826416,-0.2819378153034943,131842.25768138855
110.79144549369812,-0.28304021145326363,131842.6319132497
110.892169713974,-0.2832239441448918,131842.36872192472
110.9915840625763,-0.2843263402946611,131842.23184973226
111.09225487709045,-0.28340767683652,131842.80866475904
111.19165229797363,-0.28340767683652,131842.62779828312
111.29236197471619,-0.2856124691360586,131842.96501845482
111.39152765274048,-0.2826727460700072,131842.26851660933
111.4918704032898,-0.2841426076030329,131842.2416649484
111.59145402908325,-0.2807435528079109,131841.71749845357
111.69220566749573,-0.28377514221977646,131842.24574860823
111.79237079620361,-0.2852450037528022,131842.3211737474
111.8920829296112,-0.2846938056779175,131841.88905637266
111.99174809455872,-0.28304021145326363,131841.5001507354
112.09153509140015,-0.28441820664047524,131840.85013566187
112.19189858436584,-0.28368327587396236,131840.86512209568
112.29234623908997,-0.28386700856559055,131840.5786098861
112.39203238487244,-0.2827646124158213,131841.4207488975
112.49162340164185,-0.28386700856559055,131841.37867400775
112.5914511680603,-0.2825808797241931,131842.84080660698
112.69164633750916,-0.2828564787616354,131840.85672594627
112.7915153503418,-0.2841426076030329,131839.47105335165
112.8917326927185,-0.2827646124158213,131839.82394801648
112.99171876907349,-0.28230528068675076,131838.84155321482
113.09218692779541,-0.284234473948847,131839.45739789336
113.19183039665222,-0.284234473948847,131839.51165810402
113.29243040084839,-0.2828564787616354,131839.06049229362
113.39176154136658,-0.2828564787616354,131839.25444306424
113.49161696434021,-0.28441820664047524,131838.7289987578
113.59164142608643,-0.2839588749114047,131838.55609888205
113.69236135482788,-0.28377514221977646,131838.80048899385
113.79151034355164,-0.28313207779907773,131838.82044009445
113.89159202575684,-0.28349954318233417,131840.238396085
113.99172782897949,-0.2820296816493084,131838.91455647652
114.09184551239014,-0.28101915184535325,131838.72310082888
114.19208860397339,-0.28377514221977646,131838.350790746
114.29185152053833,-0.28304021145326363,131838.9157116714
114.39178133010864,-0.28101915184535325,131839.02414050425
114.49162864685059,-0.2826727460700072,131839.92172645382
114.59200644493103,-0.2825808797241931,131840.02955380845
114.69215989112854,-0.28386700856559055,131840.52659842762
114.79151248931885,-0.28248901337837895,131840.57393858486
114.89176654815674,-0.2833158104907059,131841.41654472638
114.99160623550415,-0.2825808797241931,131841.27489025373
115.09227991104126,-0.28221341434093666,131842.54740122837
115.19159960746765,-0.2825808797241931,131842.59266110553
115.29148054122925,-0.2843263402946611,131841.73339499498
115.39181900024414,-0.28304021145326363,131842.66005549548
115.49202513694763,-0.2846019393321034,131843.49404994593
115.59159350395203,-0.28304021145326363,131843.54464495135
115.69175791740417,-0.28515313740698806,131843.89018045622
115.79232859611511,-0.28340767683652,131843.1011624106
115.89182615280151,-0.2843263402946611,131842.89104616953
115.99184441566467,-0.2829483451074495,131843.70194155257
116.09176278114319,-0.2819378153034943,131843.03174739733
116.19191431999207,-0.28386700856559055,131843.6285726576
116.29235744476318,-0.28368327587396236,131844.36571539182
116.39238286018372,-0.2855206027902445,131844.32914385264
116.49212312698364,-0.28239714703256485,131844.09622946737
116.59145998954773,-0.28496940471535986,131843.38660652062
116.69236016273499,-0.28349954318233417,131842.54794586857
116.79185652732849,-0.2846938056779175,131842.99315128173
116.89227533340454,-0.28230528068675076,131841.99383615356
116.99143075942993,-0.2846938056779175,131841.0944525382
117.0922155380249,-0.2819378153034943,131841.1850072844
117.19176387786865,-0.285979934519315,131840.26650655596
117.29152798652649,-0.28515313740698806,131840.63985590037
117.39153671264648,-0.2833158104907059,131840.97587031033
117.49210381507874,-0.2846938056779175,131840.2782832793
117.59192085266113,-0.28386700856559055,131839.95045495138
117.69239711761475,-0.2847856720237316,131840.35540945624
117.79219055175781,-0.2833158104907059,131840.51986851063
117.89224433898926,-0.28451007298628933,131840.86788165956
117.99208617210388,-0.2839588749114047,131841.08109349362
118.09154009819031,-0.28570433548187274,131841.17298414427
118.19217085838318,-0.2825808797241931,131842.55568572984
118.29226160049438,-0.28377514221977646,131842.20011715687
118.39189982414246,-0.285979934519315,131841.38010544117
118.49162149429321,-0.28313207779907773,131840.54209489704
118.59173107147217,-0.28588806817350093,131839.08788540735
118.69158911705017,-0.2846019393321034,131838.17909686663
118.79186367988586,-0.28340767683652,131837.06118717996
118.89144992828369,-0.2825808797241931,131836.55506846198
118.99213814735413,-0.284234473948847,131836.49956161578
119.09204936027527,-0.2819378153034943,131836.1496054542
119.19206428527832,-0.28487753836954577,131836.33464490878
119.29226493835449,-0.2853368700986163,131836.90118041792
119.39217448234558,-0.284234473948847,131836.0110623761
119.4917585849762,-0.28359140952814826,131836.7099561385
119.5917067527771,-0.2827646124158213,131836.93896052465
119.69161057472229,-0.2826727460700072,131835.5450644722
119.79220652580261,-0.28496940471535986,131835.39055802498
119.89239454269409,-0.28441820664047524,131835.85150222247
119.99164843559265,-0.2819378153034943,131835.86635200022
120.09192538261414,-0.2820296816493084,131836.2797168002
120.19165277481079,-0.28496940471535986,131836.8517451202
120.29196429252625,-0.28368327587396236,131836.96657060817
120.3916847705841,-0.28496940471535986,131837.76991354735
120.49197030067444,-0.2843263402946611,131838.2929221926
120.59194588661194,-0.28304021145326363,131838.36362997335
120.69229817390442,-0.28487753836954577,131838.72726697603
120.79171895980835,-0.284234473948847,131837.9545402784
120.89144921302795,-0.28386700856559055,131837.15908625058
120.99192762374878,-0.284234473948847,131838.44317762554
121.09243130683899,-0.28313207779907773,131840.098859863
121.19167113304138,-0.2820296816493084,131839.98897387672
121.29177570343018,-0.28368327587396236,131838.99007648905
121.39201855659485,-0.28441820664047524,131838.79106884016
121.4915623664856,-0.28487753836954577,131839.41196195615
121.59208035469055,-0.28349954318233417,131838.67076576056
121.69158244132996,-0.284234473948847,131837.6036891845
121.79234600067139,-0.2833158104907059,131839.64332026604
121.89190411567688,-0.284234473948847,131841.47898823943
121.99158811569214,-0.284234473948847,131841.83108941547
122.09231996536255,-0.28248901337837895,131841.04798047393
122.19168305397034,-0.2832239441448918,131842.04318242654
122.2917423248291,-0.28588806817350093,131842.03886418388
122.39210891723633,-0.2827646124158213,131841.4349777655
122.49234986305237,-0.28506127106117396,131840.49147998894
122.59180927276611,-0.2846938056779175,131839.24233199004
122.69161081314087,-0.2856124691360586,131836.21809879105
122.7922534942627,-0.2827646124158213,131834.69628891195
122.89206624031067,-0.28386700856559055,131835.32666002074
122.99174857139587,-0.28506127106117396,131835.59399401868
123.09208130836487,-0.2840507412572188,131835.3345946168
123.19188833236694,-0.2856124691360586,131835.70113515513
123.29219937324524,-0.2840507412572188,131835.13102163962
123.39181613922119,-0.28248901337837895,131834.51791947568
123.49205660820007,-0.2853368700986163,131834.26612752813
123.59174966812134,-0.28386700856559055,131835.83951477532
123.69220304489136,-0.2833158104907059,131836.35556329778
123.79237627983093,-0.284234473948847,131837.120006968
123.89186787605286,-0.28570433548187274,131837.1080062712
123.99162411689758,-0.2828564787616354,131836.8972056441
124.09163522720337,-0.2833158104907059,131836.7074850797
124.19224739074707,-0.2839588749114047,131835.73673657174
124.2919704914093,-0.28506127106117396,131835.76306291457
124.39212799072266,-0.28441820664047524,131837.28675662313
124.49180459976196,-0.2839588749114047,131837.25808096083
124.59191727638245,-0.28359140952814826,131836.93227286477
124.69184565544128,-0.2825808797241931,131836.63904557828
124.7917730808258,-0.28230528068675076,131835.37514102046
124.89182376861572,-0.28588806817350093,131834.9376269184
124.99193286895752,-0.28634739990257146,131834.74386422656
125.0920341014862,-0.28359140952814826,131834.9694778039
125.19213676452637,-0.28515313740698806,131834.87253002354
125.29177522659302,-0.28506127106117396,131834.5852770212
125.39207172393799,-0.2840507412572188,131834.02674931908
125.49197387695312,-0.28496940471535986,131833.02407438718
125.59211468696594,-0.28506127106117396,131832.72166694846
125.69199681282043,-0.28239714703256485,131833.84950025362
125.7920355796814,-0.28368327587396236,131835.26455022825
125.89214086532593,-0.2860718008651291,131836.03809520544
125.99175548553467,-0.284234473948847,131835.6342856849
126.0919840335846,-0.2846938056779175,131835.97085711642
126.19210767745972,-0.2861636672109433,131836.17377140478
126.29203915596008,-0.28313207779907773,131836.8563942643
126.39203476905823,-0.28634739990257146,131836.87075483787
126.49201440811157,-0.2869904643232702,131836.1836793541
126.59227013587952,-0.28506127106117396,131836.4653114187
126.69131088256836,-0.28588806817350093,131837.51878027682
126.7919933795929,-0.2853368700986163,131836.96690224914
126.8920419216156,-0.28377514221977646,131837.57021202423
126.9922091960907,-0.2839588749114047,131839.41319082183
127.09206056594849,-0.2832239441448918,131838.27187173965
127.19221925735474,-0.2843263402946611,131837.3446845657
127.29209423065186,-0.2843263402946611,131838.41021610913
127.3916552066803,-0.28496940471535986,131838.26919449822
127.49223160743713,-0.28349954318233417,131839.4422750484
127.59183883666992,-0.2841426076030329,131838.79804754356
127.6922698020935,-0.28772539508978306,131839.5182427892
127.79215359687805,-0.2846938056779175,131839.66641851029
127.89234781265259,-0.2856124691360586,131838.89977665927
127.99141526222229,-0.28441820664047524,131837.80979899334
128.0913724899292,-0.28570433548187274,131836.32881909402
128.1913866996765,-0.2825808797241931,131836.4959371846
128.29245018959045,-0.2854287364444304,131836.74634346616
128.39149689674377,-0.28368327587396236,131835.87170911956
128.49222111701965,-0.2826727460700072,131835.6845382076
128.59130382537842,-0.28579620182768684,131836.31608438684
128.69157481193542,-0.28506127106117396,131836.78447594817
128.79132175445557,-0.2827646124158213,131836.90602835335
128.89128804206848,-0.28506127106117396,131837.11542551802
128.99139714241028,-0.2853368700986163,131837.9038829662
129.09158563613892,-0.2841426076030329,131838.41349466957
129.19165921211243,-0.2869904643232702,131838.6721452026
129.29210758209229,-0.28653113259419966,131838.80493068235
129.3914852142334,-0.28579620182768684,131838.82443761412
129.49163007736206,-0.285979934519315,131839.24199385272
129.59164261817932,-0.28441820664047524,131840.21779446746
129.69189715385437,-0.28239714703256485,131840.19601502072
129.7914514541626,-0.28588806817350093,131840.07641351866
129.89160180091858,-0.2853368700986163,131839.36877216678
129.99157881736755,-0.28368327587396236,131838.8318949501
130.09160590171814,-0.286806731631642,131839.0487054551
130.19158291816711,-0.28386700856559055,131837.9438349096
130.2916295528412,-0.28653113259419966,131838.34945141865
130.39161133766174,-0.28230528068675076,131838.6145062768
130.4914972782135,-0.28304021145326363,131837.7530556491
130.59143352508545,-0.28496940471535986,131836.9777500842
130.69174766540527,-0.2860718008651291,131837.47997507578
130.79176092147827,-0.2860718008651291,131837.33197756822
130.89173078536987,-0.2846019393321034,131837.4987798114
130.99161577224731,-0.28506127106117396,131837.64890183025
131.09191250801086,-0.28515313740698806,131837.88401164723
131.1919445991516,-0.2856124691360586,131837.4956104825
131.29158997535706,-0.284234473948847,131837.74604943424
131.39202499389648,-0.2861636672109433,131838.5714444908
131.49160981178284,-0.2847856720237316,131837.41430004174
131.59234523773193,-0.28451007298628933,131838.57287003758
131.6918342113495,-0.28634739990257146,131840.51558303382
131.79155158996582,-0.28496940471535986,131841.56402473044
131.8919780254364,-0.285979934519315,131841.70762225738
131.99187755584717,-0.2828564787616354,131840.73686003164
132.0914661884308,-0.2868985979774561,131840.56317402847
132.1917541027069,-0.28570433548187274,131840.6068566256
132.29181694984436,-0.28588806817350093,131838.84617096305
132.39182949066162,-0.28451007298628933,131838.96155386674
132.4917974472046,-0.28625553355675737,131838.16539848008
132.59152722358704,-0.28340767683652,131837.8488586321
132.6924123764038,-0.2856124691360586,131837.26397276888
132.79164385795593,-0.28377514221977646,131835.83757549198
132.89676117897034,-0.28570433548187274,131836.0538179428
132.99127888679504,-0.2839588749114047,131836.04843614853
133.09216856956482,-0.2854287364444304,131835.84359253367
133.19152426719666,-0.28496940471535986,131836.4592332803
133.29241847991943,-0.285979934519315,131836.61330995226
133.39129877090454,-0.2852450037528022,131836.65197895703
133.49191069602966,-0.28496940471535986,131837.48678106134
133.59156155586243,-0.2854287364444304,131837.1381029552
133.69203448295593,-0.2846019393321034,131838.92429265968
133.791925907135,-0.28579620182768684,131839.53186339373
133.8921718597412,-0.2825808797241931,131839.87867705437
133.99207711219788,-0.2846019393321034,131840.09080934894
134.092351436615,-0.285979934519315,131839.98172841404
134.19195175170898,-0.2846019393321034,131839.88355557265
134.292010307312,-0.2846938056779175,131840.19520001538
134.391339302063,-0.2843263402946611,131840.27568001384
134.4919149875641,-0.2839588749114047,131839.44811201247
134.59147024154663,-0.2854287364444304,131838.20330081123
134.69211840629578,-0.2846938056779175,131838.58297073012
134.79204106330872,-0.284234473948847,131838.5246736571
134.89173293113708,-0.28304021145326363,131838.5722062914
134.9918954372406,-0.28340767683652,131838.41498566227
135.09238839149475,-0.2846938056779175,131837.97348709605
135.19139170646667,-0.2846019393321034,131837.77613838646
135.29225301742554,-0.28496940471535986,131838.19852454783
135.39227628707886,-0.28496940471535986,131839.37867209304
135.49223160743713,-0.284234473948847,131840.74080488374
135.59217071533203,-0.28919525662280876,131840.36672439537
135.69227766990662,-0.2847856720237316,131839.63005195584
135.79218196868896,-0.2853368700986163,131840.86704676028
135.89158701896667,-0.28377514221977646,131841.88034208425
135.99149250984192,-0.2853368700986163,131841.39230787582
136.0923306941986,-0.2853368700986163,131841.05307708823
136.1913022994995,-0.2868985979774561,131841.2477693794
136.2922718524933,-0.2873579297065266,131841.72299244147
136.39173340797424,-0.28643926624838556,131841.75069319733
136.4923017024994,-0.2847856720237316,131841.77562387762
136.59132742881775,-0.28643926624838556,131842.29806148986
136.69142699241638,-0.2852450037528022,131841.86825534087
136.79255747795105,-0.2847856720237316,131843.6814298068
136.8916380405426,-0.2846938056779175,131844.51328682614
136.99143743515015,-0.28515313740698806,131844.66195814352
137.0914590358734,-0.2860718008651291,131846.99576232917
137.19241309165955,-0.2843263402946611,131846.99618609625
137.29164171218872,-0.28304021145326363,131846.99656748664
137.39144682884216,-0.28487753836954577,131846.69691073798
137.4915280342102,-0.2856124691360586,131846.32721966418
137.5918972492218,-0.2846019393321034,131845.49449769777
137.69183111190796,-0.28588806817350093,131846.545047928
137.79172492027283,-0.2828564787616354,131847.9905431352
137.8914544582367,-0.28781726143559716,131847.0914888217
137.99168848991394,-0.28496940471535986,131846.38233993953
138.09226322174072,-0.285979934519315,131846.0441059456
138.19167113304138,-0.2861636672109433,131845.23969535102
138.29161667823792,-0.2855206027902445,131846.0157258159
138.3915708065033,-0.285979934519315,131846.41415323433
138.4917550086975,-0.28570433548187274,131846.6727379109
138.5919303894043,-0.28349954318233417,131846.50546411984
138.69172072410583,-0.28515313740698806,131846.85491770785
138.80042147636414,-0.2843263402946611,131845.96942593707
138.89239025115967,-0.28588806817350093,131846.47248334336
138.99182629585266,-0.28634739990257146,131846.52523500903
139.09184908866882,-0.2854287364444304,131847.27271150812
139.19180512428284,-0.2847856720237316,131848.94544035732
139.29164481163025,-0.2856124691360586,131848.75089632158
139.39168977737427,-0.28625553355675737,131849.37580668944
139.49184775352478,-0.2840507412572188,131848.5382260205
139.59154772758484,-0.284234473948847,131848.18440341845
139.69184947013855,-0.28340767683652,131846.6659630766
139.79168224334717,-0.28588806817350093,131846.29936676894
139.89151763916016,-0.28359140952814826,131846.26943009204
139.9920253753662,-0.286806731631642,131846.14248708283
140.09215331077576,-0.2854287364444304,131846.62823837454
140.19178128242493,-0.2847856720237316,131847.0654145371
140.2918393611908,-0.2855206027902445,131846.45887308338
140.39206671714783,-0.2861636672109433,131846.11298577505
140.49192118644714,-0.28230528068675076,131846.60168719754
140.59183502197266,-0.2867148652858279,131846.3415184778
140.69189500808716,-0.28570433548187274,131845.70736663003
140.7917115688324,-0.2852450037528022,131845.33662996703
140.89183592796326,-0.28579620182768684,131845.00296697032
140.992192029953,-0.2867148652858279,131844.3026702733
141.0919303894043,-0.28349954318233417,131844.87240324594
141.19234538078308,-0.28377514221977646,131844.08516292134
141.29219722747803,-0.2853368700986163,131843.07664662923
141.39155626296997,-0.28625553355675737,131843.8689819663
141.4919412136078,-0.28487753836954577,131844.5820837697
141.59217762947083,-0.2843263402946611,131845.82387539273
141.69210505485535,-0.28496940471535986,131845.24148785346
141.79203605651855,-0.2866229989400138,131845.51733906812
141.89206647872925,-0.28625553355675737,131845.36560516132
141.9913980960846,-0.28451007298628933,131845.62904464517
142.09229922294617,-0.2847856720237316,131844.96614018065
142.1921045780182,-0.286806731631642,131843.9695261626
142.29215717315674,-0.2873579297065266,131843.17257354636
142.39219117164612,-0.2847856720237316,131843.25531619173
142.4922161102295,-0.28496940471535986,131844.42978457257
142.59213423728943,-0.2868985979774561,131843.8868061153
142.6917233467102,-0.28496940471535986,131843.29812550376
142.79204869270325,-0.2847856720237316,131842.46831295337
142.89168572425842,-0.28368327587396236,131842.02148165804
142.99167490005493,-0.2846938056779175,131841.61933349224
143.09181475639343,-0.2852450037528022,131841.25740014302
143.1916847229004,-0.2861636672109433,131842.33166012872
143.29221487045288,-0.28377514221977646,131841.29849411585
143.39164090156555,-0.2861636672109433,131842.26864470428
143.49210405349731,-0.2847856720237316,131841.84178023384
143.59209156036377,-0.2846019393321034,131841.65760221047
143.69158506393433,-0.28368327587396236,131841.49184198942
143.7915678024292,-0.28487753836954577,131842.3426577905
143.8920192718506,-0.285979934519315,131842.00839201146
143.99160051345825,-0.2866229989400138,131842.5075528103
144.09155011177063,-0.28441820664047524,131842.85679752927
144.19147396087646,-0.28441820664047524,131844.37111777635
144.2917320728302,-0.28496940471535986,131844.2340059987
144.3927845954895,-0.2847856720237316,131845.51060539883
144.49179220199585,-0.28506127106117396,131845.65954485897
144.59213519096375,-0.2867148652858279,131845.89359037307
144.69172549247742,-0.28248901337837895,131845.00423133577
144.79224634170532,-0.28487753836954577,131845.0038082022
144.89149022102356,-0.28579620182768684,131844.703427382
144.99195790290833,-0.2852450037528022,131844.1330846438
145.0922966003418,-0.2852450037528022,131843.3197761794
145.19232964515686,-0.2855206027902445,131842.98779856146
145.2918519973755,-0.2852450037528022,131841.58901870533
145.39140701293945,-0.28386700856559055,131840.6301168348
145.49207973480225,-0.2866229989400138,131840.76710515132
145.5919759273529,-0.2855206027902445,131841.19039463619
145.69240140914917,-0.28451007298628933,131840.57135517255
145.79174971580505,-0.2847856720237316,131841.3142196553
145.89222478866577,-0.28506127106117396,131840.58279768977
145.99165558815002,-0.2847856720237316,131841.3245179208
146.09214067459106,-0.2860718008651291,131841.4920661287
146.19202399253845,-0.2853368700986163,131841.04285951584
146.29216647148132,-0.2839588749114047,131842.23857356425
146.39187455177307,-0.28634739990257146,131842.81471620782
146.4916934967041,-0.2873579297065266,131842.43324458704
146.59157061576843,-0.28634739990257146,131841.28992012833
146.6918752193451,-0.2853368700986163,131841.4609281155
146.79226899147034,-0.284234473948847,131841.51483530397
146.8920500278473,-0.28515313740698806,131840.8633517736
146.99176812171936,-0.2854287364444304,131842.37701659623
147.09153866767883,-0.2846938056779175,131842.9393149366
147.19174575805664,-0.2860718008651291,131842.84538344297
147.29161477088928,-0.28368327587396236,131843.76084509867
147.39201641082764,-0.2846019393321034,131842.98476058882
147.4916262626648,-0.28579620182768684,131842.98628452994
147.59175610542297,-0.2829483451074495,131841.58765607694
147.69206261634827,-0.2855206027902445,131841.82889046925
147.79183077812195,-0.2880928604730395,131841.04600142234
147.89184975624084,-0.28377514221977646,131841.8414012801
147.99154090881348,-0.28441820664047524,131841.2572611521
148.09219193458557,-0.28579620182768684,131840.93153503689
148.19148588180542,-0.2856124691360586,131840.83838153322
148.2920217514038,-0.28515313740698806,131840.9545433799
148.3914041519165,-0.2855206027902445,131840.6590890419
148.491872549057,-0.2860718008651291,131839.8931801377
148.59180808067322,-0.2832239441448918,131839.60386212394
148.6919026374817,-0.2847856720237316,131839.34347591156
148.7918405532837,-0.2853368700986163,131839.2091283204
148.89185738563538,-0.2866229989400138,131839.38821548835
148.99167776107788,-0.2861636672109433,131840.2493939395
149.09201860427856,-0.28772539508978306,131839.42445454557
149.1919252872467,-0.2868985979774561,131839.482009091
149.2924144268036,-0.28588806817350093,131838.4338081819
149.39219689369202,-0.2855206027902445,131836.89042736372
149.49191689491272,-0.28653113259419966,131837.30138462735
149.59229969978333,-0.2854287364444304,131837.27124616463
149.69150042533875,-0.2856124691360586,131837.44412154818
149.79170727729797,-0.2856124691360586,131836.59970939337
149.89240431785583,-0.2846938056779175,131836.43973845404
149.99154686927795,-0.2856124691360586,131835.79576460863
150.09190487861633,-0.284234473948847,131836.21618814778
150.19154047966003,-0.2853368700986163,131837.394569333
150.2919352054596,-0.28579620182768684,131838.3551123997
150.39209532737732,-0.2855206027902445,131838.81960115972
150.49201774597168,-0.2852450037528022,131838.13764104375
150.5914387702942,-0.2826727460700072,131839.2238769394
150.69200611114502,-0.28625553355675737,131838.60148924546
150.79238319396973,-0.284234473948847,131839.94134032092
150.8919656276703,-0.2852450037528022,131840.84720628883
150.99146175384521,-0.28708233066908434,131841.06248565996
151.09148645401,-0.28625553355675737,131840.55623709396
151.19230461120605,-0.285979934519315,131840.60061338457
151.2916350364685,-0.2855206027902445,131841.7405520461
151.3919756412506,-0.2855206027902445,131840.9664968415
151.4922697544098,-0.28717419701489844,131840.56984715734
151.59191846847534,-0.28653113259419966,131841.3128624416
151.69182014465332,-0.2852450037528022,131840.68157619744
151.79167819023132,-0.2856124691360586,131840.2134185777
151.89188170433044,-0.28588806817350093,131840.79207671995
151.99178457260132,-0.28790912778141126,131840.71286904794
152.0923194885254,-0.2868985979774561,131839.34158214316
152.1916468143463,-0.2855206027902445,131839.40742392885
152.2918095588684,-0.2860718008651291,131838.16668153598
152.3918468952179,-0.2856124691360586,131837.65001338237
152.49243569374084,-0.2852450037528022,131837.28501204413
152.59154081344604,-0.28653113259419966,131837.95651083972
152.69238257408142,-0.28570433548187274,131838.96085975575
152.79152536392212,-0.28441820664047524,131838.66477378018
152.89195823669434,-0.2867148652858279,131838.09829640217
152.99148178100586,-0.28653113259419966,131837.98846676195
153.09151124954224,-0.28634739990257146,131838.58962008575
153.19235110282898,-0.28579620182768684,131838.93065807718
153.29230165481567,-0.2852450037528022,131839.83759226947
153.39230751991272,-0.28487753836954577,131840.55383304253
153.4917266368866,-0.28763352874396897,131840.49844973828
153.59185934066772,-0.2860718008651291,131839.44860476448
153.69144296646118,-0.2875416623981549,131840.00374428803
153.79176998138428,-0.2847856720237316,131840.70336985923
153.89200806617737,-0.2847856720237316,131841.6330328733
153.9915165901184,-0.28496940471535986,131841.86972958597
154.0922453403473,-0.2856124691360586,131841.58275662738
154.19240021705627,-0.285979934519315,131842.72448096465
154.2918770313263,-0.2846019393321034,131842.3520328682
154.39161658287048,-0.28515313740698806,131842.01682958138
154.49217891693115,-0.2852450037528022,131841.01514662325
154.592280626297,-0.2847856720237316,131839.61363196094
154.6915922164917,-0.28506127106117396,131839.05226876485
154.7915678024292,-0.285979934519315,131837.84704188837
154.89147472381592,-0.2840507412572188,131837.26233769953
154.99227261543274,-0.2847856720237316,131836.23610392958
155.0922167301178,-0.2867148652858279,131836.31249353662
155.1918342113495,-0.2861636672109433,131835.28124418296
155.29173302650452,-0.28579620182768684,131835.15311976467
155.39221668243408,-0.28625553355675737,131835.6378077882
155.4915852546692,-0.2874497960523407,131836.4740270094
155.59230709075928,-0.28570433548187274,131835.42662430846
155.69201970100403,-0.28653113259419966,131835.48396187762
155.79168105125427,-0.2861636672109433,131836.23556568986
155.89152097702026,-0.28441820664047524,131836.01200912087
155.99159359931946,-0.28579620182768684,131835.71080820877
156.09178137779236,-0.2854287364444304,131836.1397273879
156.19176387786865,-0.2880928604730395,131836.22575464912
156.29224061965942,-0.285979934519315,131836.6031791842
156.3916687965393,-0.28313207779907773,131836.74286126578
156.4924304485321,-0.2853368700986163,131837.9685751392
156.59192156791687,-0.28836845951048184,131837.47171762527
156.69226717948914,-0.28506127106117396,131837.02454586275
156.79147124290466,-0.2846938056779175,131837.52209127648
156.89154267311096,-0.2873579297065266,131838.16988214882
156.9921681880951,-0.2853368700986163,131838.15289393393
157.09190797805786,-0.2847856720237316,131838.83760454055
157.19166612625122,-0.28386700856559055,131838.6538440865
157.29180932044983,-0.2861636672109433,131838.48845967787
157.3914659023285,-0.2856124691360586,131837.8396137101
157.49173784255981,-0.2888277912395524,131838.15565233908
157.59202599525452,-0.28386700856559055,131838.24008710517
157.6915876865387,-0.28846032585629594,131837.61607839467
157.79215836524963,-0.2853368700986163,131837.55447055522
157.89209961891174,-0.2846938056779175,131836.1990234997
157.99214816093445,-0.28588806817350093,131836.37912114974
158.09148120880127,-0.2855206027902445,131837.4412090348
158.19178867340088,-0.2853368700986163,131836.99708813132
158.29236268997192,-0.28846032585629594,131836.7973793182
158.39171957969666,-0.2855206027902445,131836.11764138637
158.4919683933258,-0.2875416623981549,131834.60587724773
158.5919382572174,-0.2868985979774561,131834.94528952296
158.69253849983215,-0.28368327587396236,131835.35076057067
158.79168033599854,-0.28506127106117396,131835.8156845136
158.89167261123657,-0.28496940471535986,131834.93411606224
158.9920015335083,-0.28717419701489844,131835.64070445602
159.0922086238861,-0.2875416623981549,131835.17663401042
159.19215559959412,-0.2881847268188536,131835.35897060938
159.29220962524414,-0.2855206027902445,131835.62307354843
159.39199995994568,-0.28643926624838556,131835.8607661936
159.49208903312683,-0.2856124691360586,131835.57468957425
159.59217047691345,-0.2855206027902445,131836.1172206168
159.69211220741272,-0.28496940471535986,131837.20549855515
159.7923367023468,-0.28451007298628933,131837.38494869965
159.89237236976624,-0.28588806817350093,131836.54645382968
159.9918975830078,-0.28515313740698806,131836.39180844673
160.09185934066772,-0.28570433548187274,131836.95262760206
160.19215321540833,-0.28340767683652,131838.25736484188
160.29190611839294,-0.2874497960523407,131838.93162835768
160.39235138893127,-0.28643926624838556,131838.8384655219
160.49233770370483,-0.2854287364444304,131838.9546189697
160.5921130180359,-0.28653113259419966,131837.15915707272
160.69172739982605,-0.2856124691360586,131837.54324136543
160.79206442832947,-0.28717419701489844,131837.8889172289
160.89153742790222,-0.2860718008651291,131838.30002550603
160.99151921272278,-0.28570433548187274,131837.67002295543
161.0918629169464,-0.28496940471535986,131838.7030206599
161.1919186115265,-0.28386700856559055,131839.7327185939
161.29190611839294,-0.286806731631642,131840.7594467345
161.39203214645386,-0.2846019393321034,131839.08350206105
161.4916524887085,-0.285979934519315,131838.17515185496
161.5923011302948,-0.2861636672109433,131838.65763666946
161.69165587425232,-0.28377514221977646,131839.29187300254
161.7915644645691,-0.2832239441448918,131839.5626857023
161.89245986938477,-0.2867148652858279,131839.10641713208
161.99160742759705,-0.28781726143559716,131839.5957754189
162.09224152565002,-0.28570433548187274,131840.636197877
162.19223046302795,-0.28790912778141126,131840.5725780893
162.29210233688354,-0.2846938056779175,131839.5153202804
162.39184045791626,-0.28772539508978306,131839.26378825237
162.49239587783813,-0.2854287364444304,131839.43740942713
162.59184169769287,-0.2847856720237316,131840.59366848442
162.6920998096466,-0.2880928604730395,131842.134301636
162.79219436645508,-0.28781726143559716,131842.3208714724
162.8914659023285,-0.28653113259419966,131842.18878432515
162.9917483329773,-0.2852450037528022,131842.56990589263
163.09161686897278,-0.2826727460700072,131841.91291530337
163.19153666496277,-0.2866229989400138,131842.42162377303
163.29243397712708,-0.28634739990257146,131840.57946139574
163.39199209213257,-0.2855206027902445,131839.92151525617
163.49149656295776,-0.28836845951048184,131839.32936373056
163.59233379364014,-0.2868985979774561,131839.2964273575
163.69181060791016,-0.28653113259419966,131837.96678462176
163.79236316680908,-0.2856124691360586,131837.17010615958
163.8922519683838,-0.285979934519315,131837.15309554362
163.9917290210724,-0.2868985979774561,131837.23778598924
164.09192967414856,-0.28763352874396897,131837.31400739032
164.19200444221497,-0.2852450037528022,131837.2826066513
164.29163551330566,-0.2869904643232702,131838.15434598617
164.3916015625,-0.2856124691360586,131838.83891138755
164.49152946472168,-0.2866229989400138,131839.65502024879
164.59150385856628,-0.28506127106117396,131840.18951822392
164.69181180000305,-0.2847856720237316,131841.17056640153
164.7916190624237,-0.2860718008651291,131841.2535097614
164.89192390441895,-0.28653113259419966,131841.22815878526
164.99160051345825,-0.28772539508978306,131840.30534290674
165.0919303894043,-0.28625553355675737,131841.07480861607
165.19225788116455,-0.28643926624838556,131841.16732775446
165.29163646697998,-0.2853368700986163,131841.850594979
165.39184474945068,-0.28570433548187274,131842.2655354811
165.49181580543518,-0.2852450037528022,131842.73898193298
165.59198832511902,-0.28515313740698806,131842.9650837397
165.6921067237854,-0.28588806817350093,131842.16857536574
165.79220867156982,-0.28506127106117396,131841.35171782918
165.89205503463745,-0.2843263402946611,131841.91654604627
165.99191689491272,-0.285979934519315,131841.32489144165
166.09186339378357,-0.28653113259419966,131841.49240229747
166.19248127937317,-0.28570433548187274,131840.64316206772
166.29214787483215,-0.2867148652858279,131840.87884586095
166.39207315444946,-0.2880009941272254,131843.29096127488
166.49224257469177,-0.2869904643232702,131843.06186514738
166.59177207946777,-0.28717419701489844,131841.95567863266
166.69192385673523,-0.2873579297065266,131842.2601107694
166.7921268939972,-0.28570433548187274,131841.73409969246
166.89189457893372,-0.2855206027902445,131842.36068972322
166.9923062324524,-0.28487753836954577,131842.52462075092
167.0922167301178,-0.28368327587396236,131842.47215867584
167.1921615600586,-0.2854287364444304,131842.12494280827
167.2916738986969,-0.2868985979774561,131842.91244852744
167.39146184921265,-0.28634739990257146,131842.9212036747
167.49178647994995,-0.2882765931646677,131843.32908330724
167.59168004989624,-0.28634739990257146,131842.99617497652
167.69201064109802,-0.2854287364444304,131843.69655747886
167.7914264202118,-0.28772539508978306,131843.726901731
167.8919017314911,-0.2867148652858279,131843.75421155788
167.9921863079071,-0.28772539508978306,131844.1787904021
168.09219479560852,-0.2843263402946611,131843.7609113619
168.19240736961365,-0.28790912778141126,131845.1848202257
168.29217648506165,-0.284234473948847,131846.36633820314
168.39189434051514,-0.28643926624838556,131847.42970438284
168.49183750152588,-0.28570433548187274,131847.78673394455
168.5916714668274,-0.2852450037528022,131847.8080605501
168.6917018890381,-0.2843263402946611,131847.3272544951
168.79212260246277,-0.28625553355675737,131845.8945290456
168.89190816879272,-0.2868985979774561,131845.70507614102
168.99158883094788,-0.28772539508978306,131844.63456852693
169.09150314331055,-0.2881847268188536,131844.87111167423
169.19246292114258,-0.28451007298628933,131844.88400050683
169.2922785282135,-0.28506127106117396,131845.79560045616
169.39229488372803,-0.28579620182768684,131844.91604041055
169.49203729629517,-0.2856124691360586,131843.7244363695
169.59199738502502,-0.28643926624838556,131842.65199273254
169.69191479682922,-0.28790912778141126,131841.48679345928
169.79193830490112,-0.29038951911839217,131840.53811411335
169.89170956611633,-0.2841426076030329,131839.88430270203
169.99167108535767,-0.2855206027902445,131839.19587243182
170.09154081344604,-0.2846938056779175,131839.97628518866
170.1916847229004,-0.28579620182768684,131838.8786566698
170.29152178764343,-0.2860718008651291,131837.79079100283
170.39193153381348,-0.2860718008651291,131836.91171190256
170.4923403263092,-0.28515313740698806,131836.5205407123
170.5923318862915,-0.2852450037528022,131836.66848664108
170.6920759677887,-0.28496940471535986,131837.901637977
170.79176831245422,-0.2855206027902445,131837.0114741793
170.89150738716125,-0.28763352874396897,131835.41032676137
170.9930865764618,-0.2869904643232702,131836.36929408525
171.09208130836487,-0.28653113259419966,131836.73236467672
171.1924180984497,-0.28726606336071253,131838.05912820905
171.29238963127136,-0.28625553355675737,131838.75321538816
171.3917064666748,-0.2861636672109433,131838.77789384936
171.49176216125488,-0.2855206027902445,131840.30010446443
171.5923182964325,-0.28653113259419966,131841.670094018
171.6923327445984,-0.28340767683652,131840.8030846162
171.792138338089,-0.2839588749114047,131841.3227761546
171.8916745185852,-0.28451007298628933,131841.69049853913
171.99156522750854,-0.28653113259419966,131842.6214486852
172.0920877456665,-0.2882765931646677,131841.5593038167
172.19184064865112,-0.28643926624838556,131842.00337343503
172.29209303855896,-0.28487753836954577,131842.90303609153
172.39237308502197,-0.28506127106117396,131842.8127324824
172.49150347709656,-0.2875416623981549,131842.53145923413
172.5918209552765,-0.2866229989400138,131843.2783133107
172.6923098564148,-0.28653113259419966,131843.25048197963
172.79228615760803,-0.28781726143559716,131842.52543378167
172.89166808128357,-0.28634739990257146,131843.1728904035
172.9923939704895,-0.28653113259419966,131842.85560136318
173.09179878234863,-0.28643926624838556,131841.97004122686
173.19201564788818,-0.29057325181002036,131840.47303710418
173.29237341880798,-0.28717419701489844,131839.72573339377
173.39209580421448,-0.2880009941272254,131840.0531600544
173.49174118041992,-0.2853368700986163,131839.14784404897
173.59213995933533,-0.2880009941272254,131839.13305964408
173.69223952293396,-0.286806731631642,131838.81975367968
173.792396068573,-0.2855206027902445,131838.83777831172
173.89187502861023,-0.28726606336071253,131838.55400048054
173.99185514450073,-0.28588806817350093,131838.2986004325
174.09186148643494,-0.28717419701489844,131839.06874038925
174.19219422340393,-0.28570433548187274,131839.96186635032
174.2923424243927,-0.286806731631642,131840.3656797153
174.39205884933472,-0.2868985979774561,131839.42911174375
174.49238896369934,-0.28496940471535986,131841.48620056937
174.5917613506317,-0.28579620182768684,131841.73758051245
174.69214725494385,-0.2896545883518793,131841.3638224612
174.79152750968933,-0.28506127106117396,131841.22744021507
174.89186811447144,-0.28643926624838556,131841.30469619358
174.9923496246338,-0.28781726143559716,131842.17422657422
175.09145545959473,-0.2846938056779175,131841.15680391682
175.19206738471985,-0.28487753836954577,131841.34112352514
175.29192852973938,-0.2861636672109433,131841.10701117263
175.3916368484497,-0.28653113259419966,131838.79631005536
175.49163103103638,-0.2874497960523407,131838.51667904982
175.59231662750244,-0.28717419701489844,131837.66501114483
175.69213008880615,-0.28496940471535986,131837.59851003034
175.7919158935547,-0.28708233066908434,131836.5386590273
175.89190697669983,-0.2868985979774561,131837.1847931246
175.99226713180542,-0.2866229989400138,131837.7663138121
176.09156894683838,-0.2874497960523407,131838.38968243092
176.19161915779114,-0.28846032585629594,131837.85071418784
176.29230213165283,-0.2880928604730395,131838.26564276905
176.391934633255,-0.2887359248937382,131838.23907849216
176.4924168586731,-0.2861636672109433,131838.31517064295
176.59174489974976,-0.28588806817350093,131838.48365357867
176.69224977493286,-0.2846938056779175,131839.13528822083
176.79212594032288,-0.28570433548187274,131838.92175939874
176.89224863052368,-0.28772539508978306,131839.32958345886
176.99205875396729,-0.28441820664047524,131839.596625113
177.09145998954773,-0.2854287364444304,131840.2369626017
177.1920235157013,-0.2861636672109433,131841.41326634152
177.29161095619202,-0.2860718008651291,131842.67193970736
177.3914840221405,-0.285979934519315,131843.90474573663
177.49242210388184,-0.2854287364444304,131844.91427116297
177.59195733070374,-0.286806731631642,131844.22284404666
177.69154572486877,-0.28726606336071253,131843.300559642
177.79229855537415,-0.2856124691360586,131844.5705036778
177.89171719551086,-0.2861636672109433,131843.11345331
177.99190473556519,-0.286806731631642,131842.50210797903
178.09177446365356,-0.28763352874396897,131841.95189718113
178.19197154045105,-0.2861636672109433,131842.856707463
178.29153990745544,-0.2875416623981549,131842.17103671673
178.3915843963623,-0.2860718008651291,131841.35393304506
178.49164843559265,-0.28910339027699467,131841.51853974056
178.5919668674469,-0.28451007298628933,131841.0666857665
178.69218182563782,-0.2852450037528022,131840.66001718986
178.79203486442566,-0.28515313740698806,131839.99401547087
178.89229822158813,-0.2869904643232702,131839.19461392378
178.99225997924805,-0.28625553355675737,131839.2751525314
179.09175324440002,-0.28496940471535986,131839.14763727825
179.1919436454773,-0.28579620182768684,131836.73287355044
179.2919933795929,-0.2874497960523407,131836.2595861954
179.3920967578888,-0.2861636672109433,131836.83362757586
179.49180054664612,-0.28781726143559716,131836.25026481829
179.59190487861633,-0.28708233066908434,131835.82523833646
179.6922001838684,-0.2866229989400138,131836.0427145028
179.79203391075134,-0.2881847268188536,131835.93844305252
179.89194655418396,-0.285979934519315,131836.54459874728
179.99224996566772,-0.28643926624838556,131837.89013887255
180.09220457077026,-0.2875416623981549,131837.7011249853
180.19213700294495,-0.28653113259419966,131837.93101248675
180.29197907447815,-0.28625553355675737,131837.23791123807
180.39157819747925,-0.28726606336071253,131837.31412011426
180.49176049232483,-0.2855206027902445,131837.88270810284
180.59174728393555,-0.28717419701489844,131838.79443729256
180.69183993339539,-0.2843263402946611,131838.91499356332
180.79226183891296,-0.2874497960523407,131838.923494207
180.8920419216156,-0.28239714703256485,131839.6311447863
180.99165320396423,-0.28570433548187274,131840.06803030768
181.0920696258545,-0.284234473948847,131839.96122727692
181.19222259521484,-0.2874497960523407,131838.86510454922
181.29228281974792,-0.2860718008651291,131838.97859409428
181.39148473739624,-0.285979934519315,131839.28073468487
181.49221777915955,-0.286806731631642,131839.6526612164
181.59150576591492,-0.28708233066908434,131839.98739509474
181.6915566921234,-0.2861636672109433,131840.18865558528
181.7915163040161,-0.28726606336071253,131840.56979002676
181.89184165000916,-0.2868985979774561,131842.11281102407
181.99190402030945,-0.284234473948847,131843.00152992166
182.09239768981934,-0.28763352874396897,131842.5013769295
182.1916103363037,-0.28901152393118057,131842.25123923656
182.29174184799194,-0.28625553355675737,131842.12611531292
182.39200091362,-0.2875416623981549,131843.41350378163
182.4919183254242,-0.28625553355675737,131843.07215340348
182.59142136573792,-0.28653113259419966,131843.36493806314
182.6922676563263,-0.2894708556602511,131843.32844425683
182.79242205619812,-0.2855206027902445,131842.89559983116
182.89198899269104,-0.2852450037528022,131842.40603984805
182.99201941490173,-0.286806731631642,131842.76543586326
183.0920741558075,-0.2855206027902445,131841.98889227695
183.19171118736267,-0.28570433548187274,131840.89000304925
183.29160690307617,-0.285979934519315,131840.20100274432
183.39156866073608,-0.28790912778141126,131839.9809024699
183.49191880226135,-0.2852450037528022,131840.9828122229
183.59194207191467,-0.2887359248937382,131841.5845310006
183.6917610168457,-0.28588806817350093,131842.32607790056
183.791588306427,-0.28653113259419966,131842.2934701105
183.89149618148804,-0.28634739990257146,131842.76412309948
183.99155282974243,-0.2869904643232702,131842.88771078954
184.09154677391052,-0.28588806817350093,131841.7989397106
184.1916241645813,-0.285979934519315,131841.21904573953
184.29216408729553,-0.2866229989400138,131840.19714116558
184.39195847511292,-0.28781726143559716,131840.67742704903
184.49200630187988,-0.28855219220211004,131840.40968434414
184.59151148796082,-0.2852450037528022,131839.56871590973
184.69161581993103,-0.2867148652858279,131840.01184431877
184.79195046424866,-0.2875416623981549,131840.01065988687
184.89148449897766,-0.2866229989400138,131840.60959389817
184.99150323867798,-0.2853368700986163,131841.94863450836
185.09227657318115,-0.2854287364444304,131841.75377105753
185.19220900535583,-0.28781726143559716,131844.17839395176
185.29229831695557,-0.28625553355675737,131845.4605545566
185.391437292099,-0.28772539508978306,131845.71449910093
185.49194073677063,-0.2855206027902445,131844.04304919083
185.5924665927887,-0.2856124691360586,131844.33874427175
185.69218134880066,-0.28588806817350093,131843.30486984458
185.79239892959595,-0.2873579297065266,131842.2743828601
185.89238739013672,-0.2875416623981549,131842.8469445741
185.9923837184906,-0.28855219220211004,131842.9622501167
186.09217023849487,-0.286806731631642,131842.466025105
186.19248247146606,-0.28643926624838556,131841.61942259452
186.29239344596863,-0.28625553355675737,131841.25748033507
186.39235949516296,-0.28772539508978306,131841.03173230158
186.4920675754547,-0.28864405854792413,131840.62855907143
186.59154605865479,-0.28864405854792413,131839.9657031643
186.69151425361633,-0.28708233066908434,131840.16913284786
186.79232907295227,-0.28441820664047524,131840.05221956308
186.89241886138916,-0.2860718008651291,131840.84699760677
186.99142241477966,-0.2853368700986163,131840.7622978461
187.09154605865479,-0.28717419701489844,131841.68606806148
187.19159030914307,-0.28643926624838556,131841.31746125533
187.29139041900635,-0.2869904643232702,131841.1857151298
187.39172744750977,-0.28864405854792413,131841.56714361682
187.49151992797852,-0.2866229989400138,131842.11042925515
187.59225845336914,-0.2880009941272254,131841.49938632964
187.69238591194153,-0.28515313740698806,131841.84944769667
187.79148387908936,-0.28634739990257146,131841.26450292702
187.89143252372742,-0.28790912778141126,131839.83805263432
187.99187183380127,-0.2867148652858279,131840.6542473709
188.09178733825684,-0.28836845951048184,131840.18882263382
188.19158792495728,-0.2869904643232702,131841.56994037045
188.29202246665955,-0.28708233066908434,131842.4129463334
188.39236211776733,-0.2854287364444304,131842.17165170008
188.49209117889404,-0.28790912778141126,131842.65448653008
188.59190773963928,-0.28634739990257146,131842.3890378771
188.69151091575623,-0.28864405854792413,131841.1501340894
188.79145860671997,-0.2854287364444304,131839.83512068045
188.89146995544434,-0.2860718008651291,131840.0516086124
188.99172163009644,-0.28625553355675737,131840.24644775118
189.09245657920837,-0.2869904643232702,131840.52180297606
189.19247794151306,-0.28588806817350093,131840.06962267845
189.2923448085785,-0.2873579297065266,131839.6626604106
189.3915195465088,-0.2866229989400138,131838.79639436954
189.49141097068787,-0.28653113259419966,131838.1167549326
189.5919508934021,-0.28634739990257146,131839.40507943934
189.69195294380188,-0.28579620182768684,131839.46457149542
189.7914698123932,-0.28643926624838556,131839.2181143459
189.89214420318604,-0.2852450037528022,131838.7963029113
189.99177503585815,-0.2867148652858279,131839.8166726202
190.09230256080627,-0.28588806817350093,131839.33500535815
190.19198894500732,-0.285979934519315,131839.20150482233
190.2918303012848,-0.2880009941272254,131839.6813543401
190.39147639274597,-0.2889196575853665,131840.0132189061
190.4921293258667,-0.28919525662280876,131840.3118970155
190.59180998802185,-0.2868985979774561,131840.58070731393
190.69252681732178,-0.28726606336071253,131840.32263658254
190.79170179367065,-0.28643926624838556,131841.49037292428
190.89245080947876,-0.2855206027902445,131842.04133563186
190.9914321899414,-0.28790912778141126,131841.0372020687
191.09244847297668,-0.28441820664047524,131840.73348186183
191.19248580932617,-0.2843263402946611,131841.76013367565
191.2917776107788,-0.28717419701489844,131841.4841203081
191.39176607131958,-0.28790912778141126,131842.0357082773
191.49176478385925,-0.2882765931646677,131842.63213744957
191.5915822982788,-0.2868985979774561,131843.76892370463
191.6917426586151,-0.28846032585629594,131844.59203133418
191.79187536239624,-0.28634739990257146,131845.03282820075
191.89157724380493,-0.28579620182768684,131844.12954538068
191.99171543121338,-0.28570433548187274,131843.81659084262
192.09158325195312,-0.28717419701489844,131844.63493175837
192.1917679309845,-0.28588806817350093,131844.87143858254
192.29177260398865,-0.2880009941272254,131845.4842947243
192.39155387878418,-0.2869904643232702,131844.43586525187
192.49172163009644,-0.2873579297065266,131845.29227872667
192.59161162376404,-0.2882765931646677,131844.763050854
192.69250988960266,-0.2852450037528022,131842.8867457686
192.79182291030884,-0.28772539508978306,131842.79807119173
192.89164113998413,-0.2882765931646677,131841.31826407256
192.99179983139038,-0.2866229989400138,131840.28643766532
193.09212565422058,-0.2867148652858279,131841.4577938988
193.19162392616272,-0.2882765931646677,131841.4120145089
193.29142332077026,-0.28708233066908434,131842.37081305802
193.39221334457397,-0.28717419701489844,131843.03373175222
193.4914791584015,-0.28772539508978306,131843.73035857698
193.59234857559204,-0.2873579297065266,131844.2573227193
193.69184565544128,-0.28717419701489844,131843.63159044736
193.7920413017273,-0.28634739990257146,131843.06843140261
193.891441822052,-0.2867148652858279,131842.96158826235
193.9916968345642,-0.2866229989400138,131842.66542943614
194.09199953079224,-0.2873579297065266,131841.9988864925
194.1919445991516,-0.285979934519315,131842.49899784327
194.29222655296326,-0.2881847268188536,131843.04909805895
194.3919644355774,-0.2869904643232702,131843.34418825305
194.49182152748108,-0.28634739990257146,131843.00976942776
194.59242486953735,-0.2854287364444304,131842.30879248498
194.69182562828064,-0.2856124691360586,131840.57791323648
194.79192113876343,-0.2868985979774561,131838.42012191284
194.89238142967224,-0.2875416623981549,131838.17810972157
194.9914002418518,-0.28726606336071253,131837.56029874942
195.0916838645935,-0.28772539508978306,131838.70426887448
195.19162487983704,-0.28717419701489844,131839.03384198705
195.2917652130127,-0.2873579297065266,131839.43045778834
195.39152312278748,-0.285979934519315,131840.38741200953
195.49163699150085,-0.2875416623981549,131840.3486708086
195.5917296409607,-0.285979934519315,131842.11380372773
195.69235706329346,-0.28919525662280876,131842.80242335497
195.79227995872498,-0.2896545883518793,131842.92218101947
195.892347574234,-0.28717419701489844,131843.42996291752
195.9923586845398,-0.2881847268188536,131844.28696662578
196.09172177314758,-0.2867148652858279,131844.4582699632
196.19177794456482,-0.28726606336071253,131845.21244296688
196.29172492027283,-0.28579620182768684,131844.59119867018
196.39193606376648,-0.28790912778141126,131845.43207880316
196.49235916137695,-0.28864405854792413,131845.88887092285
196.59157395362854,-0.2867148652858279,131846.29998383057
196.69180250167847,-0.28855219220211004,131845.66998544752
196.79181051254272,-0.2880928604730395,131844.30298690277
196.89186191558838,-0.28717419701489844,131844.4726882125
196.99167704582214,-0.28772539508978306,131844.12541939126
197.09163355827332,-0.2855206027902445,131844.11287745213
197.19190907478333,-0.28708233066908434,131843.8015897069
197.29212546348572,-0.2869904643232702,131844.42143073623
197.3914771080017,-0.2880009941272254,131843.9792876626
197.4918200969696,-0.2867148652858279,131845.08135889634
197.5917763710022,-0.2868985979774561,131846.9732230067
197.6917541027069,-0.28506127106117396,131847.27590070604
197.79176020622253,-0.2855206027902445,131847.04831063544
197.8915467262268,-0.2852450037528022,131848.2434795719
197.99148654937744,-0.28634739990257146,131847.7191316147
198.09168219566345,-0.2866229989400138,131847.84721845321
198.19187188148499,-0.28836845951048184,131847.0624966079
198.29222965240479,-0.28846032585629594,131847.3562469471
198.39161324501038,-0.28588806817350093,131847.0206222524
198.49241495132446,-0.2866229989400138,131846.11856002716
198.59222030639648,-0.2874497960523407,131845.80670402444
198.69160795211792,-0.28643926624838556,131845.126033622
198.79169392585754,-0.28634739990257146,131846.1134302598
198.8914279937744,-0.28506127106117396,131846.60208723383
198.99216389656067,-0.28588806817350093,131847.14187851045
199.09138584136963,-0.28579620182768684,131846.6276906594
199.19207525253296,-0.28717419701489844,131847.06492159347
199.2921974658966,-0.28579620182768684,131846.45842943413
199.39219450950623,-0.2852450037528022,131845.9125864907
199.49191856384277,-0.2889196575853665,131844.52132784165
199.59226846694946,-0.28570433548187274,131844.26919505748
199.69152665138245,-0.2880928604730395,131842.14227555174
199.79156303405762,-0.2873579297065266,131841.22804799656
199.89147925376892,-0.28717419701489844,131841.2052431969
199.9917676448822,-0.2895627220060652,131840.58471887722
200.09175515174866,-0.2868985979774561,131841.32624698948
200.19149708747864,-0.28910339027699467,131841.59362229053
200.29213738441467,-0.2868985979774561,131842.1342600615
200.3915195465088,-0.28717419701489844,131842.12083405536
200.4923779964447,-0.2875416623981549,131842.70875064982
200.5915129184723,-0.2868985979774561,131843.13787558486
200.69149661064148,-0.2892871229686229,131844.82408802636
200.7916398048401,-0.2873579297065266,131844.6416792237
200.8919973373413,-0.2880928604730395,131844.57751130135
200.99179768562317,-0.28763352874396897,131844.11976017122
201.09233593940735,-0.2895627220060652,131844.6077841541
201.19191360473633,-0.286806731631642,131844.94700573868
201.29175281524658,-0.286806731631642,131844.85230516482
201.39167547225952,-0.2869904643232702,131844.36707464833
201.4916877746582,-0.2867148652858279,131843.3303671835
201.5917398929596,-0.2869904643232702,131843.19733046513
201.6920931339264,-0.28781726143559716,131843.07759741863
201.79209876060486,-0.28790912778141126,131843.86983767676
201.89200687408447,-0.28643926624838556,131843.28285390907
201.99188494682312,-0.28653113259419966,131843.55456851816
202.09206128120422,-0.2866229989400138,131843.09911166635
202.19213008880615,-0.28726606336071253,131844.6892004997
202.29200148582458,-0.289378989314437,131843.02028044974
202.39184761047363,-0.28625553355675737,131842.31825240477
202.4914333820343,-0.28864405854792413,131841.38642716428
202.59228205680847,-0.28634739990257146,131841.74778444786
202.69237875938416,-0.2874497960523407,131841.2730060031
202.79205441474915,-0.28781726143559716,131842.74570540278
202.89166069030762,-0.28634739990257146,131842.2711348625
202.99168372154236,-0.28836845951048184,131842.14402137624
203.0918378829956,-0.2853368700986163,131842.62961923864
203.1919128894806,-0.2873579297065266,131842.36665731476
203.29231071472168,-0.286806731631642,131843.5299915833
203.3921458721161,-0.2854287364444304,131843.47699242496
203.49136924743652,-0.28763352874396897,131843.92929318245
203.59173893928528,-0.28634739990257146,131844.6363638642
203.69222164154053,-0.28910339027699467,131844.47272747778
203.7918677330017,-0.28763352874396897,131846.22545473
203.89199256896973,-0.28726606336071253,131847.202909257
203.99192881584167,-0.28836845951048184,131849.3826183313
204.09191751480103,-0.2880928604730395,131849.94435649816
204.19184684753418,-0.2874497960523407,131850.34992084836
204.29231238365173,-0.2874497960523407,131850.81492876352
204.3919723033905,-0.28910339027699467,131850.13343588717
204.4918954372406,-0.28643926624838556,131850.82009229847
204.5916690826416,-0.28836845951048184,131850.83808306864
204.69214606285095,-0.28653113259419966,131850.25427476177
204.79198741912842,-0.2874497960523407,131850.22884728562
204.8914771080017,-0.28708233066908434,131851.50596255704
204.99193716049194,-0.2887359248937382,131852.15536630133
205.0922977924347,-0.28625553355675737,131851.4398296712
205.19180274009705,-0.285979934519315,131850.99584670409
205.29221630096436,-0.285979934519315,131850.49626203367
205.39234375953674,-0.28643926624838556,131851.0466358303
205.4914128780365,-0.2880009941272254,131850.74197224728
205.5922601222992,-0.28790912778141126,131848.86777502258
205.69165205955505,-0.28846032585629594,131847.68099752034
205.79169940948486,-0.2869904643232702,131847.2128977683
205.89232730865479,-0.2869904643232702,131847.99160799145
205.99181270599365,-0.286806731631642,131847.99244719232
206.0920124053955,-0.28708233066908434,131848.5932024731
206.19209098815918,-0.2867148652858279,131849.4338822258
206.29231238365173,-0.28763352874396897,131849.09049400323
206.3921182155609,-0.28634739990257146,131848.98144460292
206.49207282066345,-0.2861636672109433,131849.08330014264
206.59178519248962,-0.2888277912395524,131849.07497012836
206.6917827129364,-0.2882765931646677,131849.46747311554
206.79181027412415,-0.28653113259419966,131847.920725804
206.89214086532593,-0.28717419701489844,131846.5286532236
206.99204277992249,-0.2874497960523407,131845.47578790123
207.0920557975769,-0.28781726143559716,131844.82820911112
207.1916103363037,-0.2869904643232702,131845.1453882
207.29198622703552,-0.2854287364444304,131843.83084938
207.39206624031067,-0.2875416623981549,131844.347764442
207.49202156066895,-0.28864405854792413,131843.8129879978
207.59136414527893,-0.28864405854792413,131845.33168919804
207.69175148010254,-0.28634739990257146,131846.09852027823
207.79189443588257,-0.2880928604730395,131847.48866825041
207.89197087287903,-0.2880009941272254,131848.43980142538
207.99233722686768,-0.28855219220211004,131847.49582128285
208.0924210548401,-0.28625553355675737,131845.94623915458
208.19190502166748,-0.2907569845016486,131845.65161523913
208.29223489761353,-0.28726606336071253,131844.58645371522
208.3921296596527,-0.2853368700986163,131842.82780834372
208.49182724952698,-0.2896545883518793,131841.34502750935
208.59180355072021,-0.28717419701489844,131839.41052475842
208.69206142425537,-0.28717419701489844,131840.06947228257
208.7919261455536,-0.28790912778141126,131840.46252505432
208.89150381088257,-0.2881847268188536,131840.01627254888
208.9920425415039,-0.2869904643232702,131839.014645294
209.092351436615,-0.2868985979774561,131837.9131807646
209.19248580932617,-0.2869904643232702,131838.12186268813
209.29191517829895,-0.2867148652858279,131837.60967641932
209.39185428619385,-0.2873579297065266,131837.6487087774
209.49229311943054,-0.28781726143559716,131837.28383789965
209.59231305122375,-0.2875416623981549,131838.3554541097
209.69184470176697,-0.2875416623981549,131839.01990869874
209.79171919822693,-0.2866229989400138,131839.31791782888
209.89212727546692,-0.2901139200809498,131840.486126046
209.9924066066742,-0.28625553355675737,131841.93751344137
210.09152507781982,-0.2880928604730395,131842.84376209724
210.1923544406891,-0.28579620182768684,131842.25938588753
210.2922716140747,-0.28653113259419966,131842.0334472988
210.39220190048218,-0.28653113259419966,131840.03010256894
210.49244093894958,-0.28717419701489844,131838.22709231207
210.59175395965576,-0.28919525662280876,131837.70438308085
210.69159698486328,-0.28790912778141126,131837.13394477277
210.7924268245697,-0.2868985979774561,131836.2205502955
210.891921043396,-0.2894708556602511,131834.69849526594
210.99229669570923,-0.2901139200809498,131835.02864573934
211.09198331832886,-0.2852450037528022,131836.2257811654
211.19200706481934,-0.28846032585629594,131835.60320304887
211.29226326942444,-0.2861636672109433,131835.94288274398
211.39212274551392,-0.28910339027699467,131835.7485944696
211.4921579360962,-0.2867148652858279,131836.77373502264
211.59244394302368,-0.2880009941272254,131836.89636152037
211.69220089912415,-0.2892871229686229,131837.50672536832
211.792156457901,-0.28781726143559716,131837.6560528315
211.8922736644745,-0.2880009941272254,131837.79044754835
211.99237060546875,-0.28653113259419966,131838.61140279353
212.0921618938446,-0.28708233066908434,131838.6502625142
212.19243454933167,-0.2881847268188536,131837.18523626277
212.29146933555603,-0.28625553355675737,131837.76671263648
212.39197039604187,-0.2867148652858279,131837.89004137283
212.49215984344482,-0.28726606336071253,131837.30103723556
212.5918710231781,-0.28717419701489844,131837.170933512
212.69222784042358,-0.2841426076030329,131837.1538401608
212.79195427894592,-0.2874497960523407,131837.03845614474
212.89249467849731,-0.28855219220211004,131836.03461053027
212.9914994239807,-0.2867148652858279,131835.73114947724
213.09216594696045,-0.28974645469769345,131835.95803452953
213.1920804977417,-0.2887359248937382,131836.0622310766
213.29224348068237,-0.28634739990257146,131836.15600796894
213.3917269706726,-0.28708233066908434,131836.14040717203
213.4923756122589,-0.28919525662280876,131835.92636645483
213.59162139892578,-0.28625553355675737,131835.63372980934
213.69190049171448,-0.2874497960523407,131836.3703568284
213.79206895828247,-0.2868985979774561,131835.23332114558
213.89238572120667,-0.2873579297065266,131835.00998903104
213.99182891845703,-0.2867148652858279,131835.10899012795
214.0921106338501,-0.2853368700986163,131833.89809111514
214.19206261634827,-0.28790912778141126,131832.90828200363
214.2922203540802,-0.28653113259419966,131831.51745380327
214.39138984680176,-0.2894708556602511,131832.26570842296
214.49156618118286,-0.28717419701489844,131831.73913758068
214.59177041053772,-0.28836845951048184,131831.5652238226
214.69215369224548,-0.28570433548187274,131830.90870144035
214.7915325164795,-0.28643926624838556,131830.61783129632
214.89149403572083,-0.28781726143559716,131830.9560481667
214.99154448509216,-0.2868985979774561,131831.96044335002
215.09178638458252,-0.28781726143559716,131831.66439901502
215.1923587322235,-0.28855219220211004,131830.79795911352
215.2922911643982,-0.2880009941272254,131831.31816320217
215.39165496826172,-0.2888277912395524,131832.68634688196
215.49170994758606,-0.28643926624838556,131833.91771219377
215.59182381629944,-0.28763352874396897,131834.82594097438
215.69189929962158,-0.2896545883518793,131835.04334687695
215.79188179969788,-0.28836845951048184,131836.63901218926
215.89146208763123,-0.28772539508978306,131836.17511097033
215.99168992042542,-0.2866229989400138,131835.55759987328
216.09146857261658,-0.285979934519315,131834.10183988596
216.1917440891266,-0.2895627220060652,131834.69165589736
216.2917833328247,-0.2874497960523407,131835.52249030763
216.39195203781128,-0.2873579297065266,131835.57024127687
216.49179363250732,-0.2880009941272254,131835.5132171492
216.59148859977722,-0.2875416623981549,131836.36189543427
216.69239330291748,-0.28864405854792413,131837.02570589085
216.7917218208313,-0.2868985979774561,131836.92313530177
216.892347574234,-0.28717419701489844,131837.7308217716
216.99166584014893,-0.2874497960523407,131838.55773959446
217.0916600227356,-0.28487753836954577,131838.50196563502
217.1921284198761,-0.28790912778141126,131838.85176907154
217.2914354801178,-0.2874497960523407,131839.5665921644
217.39237022399902,-0.2881847268188536,131841.10993294796
217.49200105667114,-0.2874497960523407,131840.89893965318
217.59179496765137,-0.2887359248937382,131841.30904568787
217.6917531490326,-0.28901152393118057,131840.3781411191
217.79228615760803,-0.28855219220211004,131840.6403270072
217.89204263687134,-0.2894708556602511,131839.67629430647
217.99214601516724,-0.2880928604730395,131840.70866487583
218.0918128490448,-0.28772539508978306,131839.93779838824
218.19179129600525,-0.2873579297065266,131839.9440185494
218.2918736934662,-0.2873579297065266,131839.64961669446
218.3916084766388,-0.2902976527725781,131840.084655025
218.49161458015442,-0.28855219220211004,131841.27618952253
218.59183073043823,-0.2868985979774561,131841.44857057027
218.69156289100647,-0.28625553355675737,131841.10371351324
218.79192686080933,-0.2880928604730395,131841.0933421619
218.89190816879272,-0.2861636672109433,131840.08400794573
218.99156165122986,-0.28855219220211004,131839.57560715114
219.09153985977173,-0.28772539508978306,131838.31804643603
219.19251799583435,-0.28708233066908434,131838.88624179244
219.29234075546265,-0.28717419701489844,131836.9976176132
219.3919017314911,-0.2896545883518793,131837.8978558519
219.49148273468018,-0.28919525662280876,131838.40807026668
219.59147095680237,-0.2873579297065266,131838.96726324002
219.6917667388916,-0.2882765931646677,131839.670536916
219.79232740402222,-0.285979934519315,131840.7034832244
219.89204120635986,-0.28772539508978306,131840.23313490197
219.99151587486267,-0.29002205373513573,131840.70982141176
220.0921015739441,-0.2874497960523407,131841.5388392706
220.1920449733734,-0.28625553355675737,131841.58495534354
220.2918655872345,-0.28763352874396897,131842.72645980917
220.39190697669983,-0.28901152393118057,131843.45381382824
220.4920585155487,-0.2875416623981549,131842.6084324454
220.59163212776184,-0.2880009941272254,131843.14758920087
220.69158935546875,-0.28726606336071253,131843.63283028078
220.7916705608368,-0.2866229989400138,131844.6695472527
220.8916449546814,-0.28772539508978306,131845.50259252742
220.9917163848877,-0.2868985979774561,131845.6523332747
221.09172344207764,-0.28763352874396897,131845.5870999472
221.19239234924316,-0.2888277912395524,131844.82838995248
221.29214596748352,-0.28726606336071253,131844.64555095724
221.39227294921875,-0.2866229989400138,131844.88099586152
221.49242997169495,-0.28763352874396897,131844.19289627537
221.59172749519348,-0.2861636672109433,131843.77360664785
221.6917860507965,-0.2892871229686229,131842.89624598308
221.79229545593262,-0.2882765931646677,131843.70662138477
221.89188694953918,-0.2888277912395524,131843.9359592463
221.99197578430176,-0.2901139200809498,131843.44236332166
222.09204125404358,-0.28726606336071253,131843.7981269895
222.19228506088257,-0.28653113259419966,131842.91831429058
222.29211926460266,-0.28708233066908434,131843.22648286153
222.39171171188354,-0.2873579297065266,131842.80383457537
222.49165678024292,-0.28846032585629594,131841.62345111783
222.59190487861633,-0.28901152393118057,131841.36110600605
222.69167470932007,-0.2874497960523407,131840.92499540545
222.79144978523254,-0.2855206027902445,131841.7324958649
222.89240169525146,-0.2856124691360586,131842.15924627843
222.99162101745605,-0.28717419701489844,131841.34332165058
223.09204769134521,-0.28772539508978306,131841.60898948554
223.19140768051147,-0.2901139200809498,131842.34809053698
223.29142355918884,-0.2880928604730395,131843.6132814833
223.39167046546936,-0.28919525662280876,131843.85195333496
223.49159741401672,-0.2880009941272254,131844.36675800147
223.5916109085083,-0.2873579297065266,131844.23008220133
223.6916205883026,-0.2843263402946611,131844.40707398122
223.79251384735107,-0.28708233066908434,131845.0663665831
223.8917360305786,-0.2888277912395524,131844.5597299248
223.99196863174438,-0.2880928604730395,131843.20375693231
224.0924084186554,-0.28781726143559716,131843.0833812391
224.19195795059204,-0.28846032585629594,131842.37504311517
224.29158210754395,-0.2875416623981549,131842.53753880365
224.3920202255249,-0.28836845951048184,131842.7837849233
224.49223828315735,-0.28846032585629594,131842.00540643098
224.59157943725586,-0.28846032585629594,131841.5048657879
224.69230246543884,-0.28846032585629594,131842.55437920912
224.7920036315918,-0.2880009941272254,131841.69894128822
224.8922824859619,-0.2867148652858279,131841.2290471594
224.99159240722656,-0.2861636672109433,131841.30614244347
225.09180331230164,-0.2880928604730395,131840.77552819913
225.19165229797363,-0.28901152393118057,131840.0979753792
225.29162502288818,-0.2880928604730395,131842.3881778413
225.39188027381897,-0.2860718008651291,131842.24936005718
225.49142932891846,-0.28846032585629594,131841.72442405147
225.5923728942871,-0.2892871229686229,131840.45198164633
225.6916606426239,-0.2874497960523407,131841.0067834817
225.79168796539307,-0.2875416623981549,131840.5061051335
225.8923511505127,-0.2894708556602511,131840.85549462016
225.99167490005493,-0.28643926624838556,131841.66994515815
226.09179759025574,-0.2902976527725781,131841.50295064235
226.19211959838867,-0.286806731631642,131842.2526555781
226.29229354858398,-0.28836845951048184,131842.4273900203
226.392107963562,-0.2880009941272254,131842.6846510183
226.4921751022339,-0.28919525662280876,131843.01618591647
226.59209895133972,-0.2910325835390909,131843.21456732482
226.69210195541382,-0.2874497960523407,131844.19311059234
226.79240036010742,-0.28634739990257146,131844.37379953312
226.89227056503296,-0.2874497960523407,131844.3364195798
226.99228024482727,-0.28855219220211004,131843.20277762183
227.09167623519897,-0.2880009941272254,131842.78249985966
227.19187235832214,-0.28846032585629594,131841.7042498737
227.2916202545166,-0.28919525662280876,131840.93382488634
227.39234066009521,-0.28781726143559716,131840.7404423977
227.49198508262634,-0.2901139200809498,131841.56639815794
227.5920708179474,-0.2889196575853665,131841.50975834214
227.69225573539734,-0.2881847268188536,131841.75878250794
227.79205465316772,-0.2889196575853665,131841.78290425715
227.89186787605286,-0.2880928604730395,131843.00461383144
227.99223256111145,-0.2880928604730395,131842.4041524483
228.09200954437256,-0.2888277912395524,131841.96373720345
228.19176197052002,-0.28625553355675737,131841.8673634831
228.29201006889343,-0.2896545883518793,131841.9806271348
228.3918240070343,-0.2887359248937382,131841.68256442132
228.49174284934998,-0.2901139200809498,131841.9143079792
228.59163784980774,-0.2888277912395524,131841.02287718127
228.6917905807495,-0.28772539508978306,131840.02058946315
228.7919774055481,-0.2875416623981549,131839.71853051684
228.89235639572144,-0.2875416623981549,131839.64667746515
228.9919774532318,-0.28864405854792413,131840.68200971864
229.0914785861969,-0.28855219220211004,131840.81380874678
229.19231510162354,-0.28790912778141126,131841.5324278721
229.29247069358826,-0.28993018738932164,131841.4791850849
229.3920931816101,-0.2875416623981549,131841.73126657642
229.49156093597412,-0.28708233066908434,131841.7581399188
229.5915172100067,-0.2860718008651291,131841.6823259269
229.69251775741577,-0.2880009941272254,131842.31409333422
229.79182839393616,-0.28846032585629594,131842.5826840008
229.8920886516571,-0.28983832104350754,131843.12441560073
229.99237942695618,-0.28901152393118057,131841.31197404064
230.0915641784668,-0.2874497960523407,131841.08077663658
230.19225907325745,-0.2868985979774561,131841.27269897293
230.29186367988586,-0.28993018738932164,131841.44542907563
230.39149475097656,-0.2880009941272254,131840.70088616808
230.49168586730957,-0.28910339027699467,131839.63079755128
230.59226155281067,-0.2880928604730395,131839.16771779617
230.692889213562,-0.285979934519315,131838.05094601656
230.79173183441162,-0.28836845951048184,131838.1458514149
230.89148020744324,-0.28643926624838556,131837.93126627343
230.99215698242188,-0.2889196575853665,131837.1381396461
231.09142589569092,-0.28708233066908434,131837.3243256815
231.19179463386536,-0.28983832104350754,131836.79189311335
231.29168224334717,-0.2896545883518793,131836.91270380202
231.3916015625,-0.2896545883518793,131835.62143342182
231.49218273162842,-0.28855219220211004,131836.35929007965
231.59237504005432,-0.28781726143559716,131835.8233610717
231.69175791740417,-0.28919525662280876,131835.94102496453
231.7919704914093,-0.2887359248937382,131837.74692246807
231.8922176361084,-0.2902976527725781,131837.37223022126
231.9919195175171,-0.2869904643232702,131837.83500719914
232.09155774116516,-0.2888277912395524,131838.15150647922
232.19232869148254,-0.2875416623981549,131838.6363558313
232.292133808136,-0.28570433548187274,131838.97272024816
232.3921422958374,-0.2873579297065266,131840.47544822335
232.49151158332825,-0.2882765931646677,131840.42790340103
232.59217309951782,-0.28983832104350754,131841.88511306094
232.69161915779114,-0.29057325181002036,131843.19660175487
232.79205179214478,-0.28836845951048184,131843.7769415794
232.8919951915741,-0.28910339027699467,131843.49924742145
232.99163389205933,-0.2874497960523407,131843.64932267932
233.09222865104675,-0.2880009941272254,131843.6843904114
233.19215655326843,-0.28901152393118057,131844.11595137024
233.292329788208,-0.28855219220211004,131844.40435623322
233.3924102783203,-0.28726606336071253,131844.16392060992
233.4916615486145,-0.2895627220060652,131844.04752854892
233.59205627441406,-0.28836845951048184,131845.54277569405
233.6922779083252,-0.2873579297065266,131845.68849812465
233.7918701171875,-0.2875416623981549,131846.1196483122
233.8919026851654,-0.2881847268188536,131846.30768348096
233.99213290214539,-0.28864405854792413,131845.67691513285
234.09232687950134,-0.2869904643232702,131845.30922361958
234.19142270088196,-0.2880928604730395,131845.17830125763
234.2916133403778,-0.2856124691360586,131846.26047113189
234.39207363128662,-0.28836845951048184,131845.7344240187
234.49176239967346,-0.28855219220211004,131846.76098161683
234.59237408638,-0.2868985979774561,131846.88488345515
234.69227194786072,-0.2874497960523407,131846.59639510963
234.79228138923645,-0.28901152393118057,131846.73675559866
234.8919780254364,-0.28790912778141126,131847.0630800388
234.9920792579651,-0.2867148652858279,131846.6567720349
235.09213423728943,-0.28993018738932164,131846.89109483143
235.1922779083252,-0.28708233066908434,131847.7019853483
235.29189348220825,-0.2907569845016486,131847.1317868135
235.39229798316956,-0.28726606336071253,131848.01860813214
235.49201440811157,-0.2868985979774561,131847.71674731892
235.59221196174622,-0.28910339027699467,131848.04507258703
235.69186806678772,-0.28974645469769345,131848.24056532833
235.79235696792603,-0.2881847268188536,131848.8165087955
235.89199423789978,-0.2896545883518793,131848.93485791597
235.99219036102295,-0.28983832104350754,131848.24137212438
236.0915424823761,-0.2916756479597897,131847.91723491193
236.19205570220947,-0.2889196575853665,131847.92551142073
236.2915871143341,-0.29057325181002036,131847.63296027866
236.392151594162,-0.28790912778141126,131848.2696642508
236.4923152923584,-0.28846032585629594,131848.14269782574
236.59168338775635,-0.2880009941272254,131848.12842804316
236.69231939315796,-0.28983832104350754,131847.81558523886
236.79197359085083,-0.290205786426764,131848.33402671496
236.89188361167908,-0.2892871229686229,131848.30062404348
236.99211621284485,-0.28910339027699467,131848.07056163912
237.09208464622498,-0.2882765931646677,131847.46350547523
237.19237875938416,-0.2880928604730395,131847.61715492772
237.29209327697754,-0.28772539508978306,131846.85543943493
237.39172530174255,-0.2873579297065266,131846.36989549146
237.49150228500366,-0.28855219220211004,131845.2329059423
237.59225368499756,-0.29002205373513573,131845.20961534808
237.69165587425232,-0.28717419701489844,131844.88865381328
237.79150485992432,-0.28846032585629594,131844.49978843195
237.89145183563232,-0.2888277912395524,131845.14980958877
237.9923861026764,-0.28726606336071253,131844.1348286299
238.0923867225647,-0.28836845951048184,131845.82134576692
238.19224882125854,-0.2875416623981549,131846.13921119022
238.2918839454651,-0.28864405854792413,131846.8252900712
238.39142847061157,-0.28790912778141126,131846.94276106407
238.49220371246338,-0.2867148652858279,131846.14848495767
238.59142351150513,-0.29176751430560377,131847.1336364619
238.69239377975464,-0.28772539508978306,131847.2202728157
238.79183220863342,-0.28846032585629594,131846.99824553414
238.89205980300903,-0.28864405854792413,131845.49842098073
238.99155163764954,-0.28790912778141126,131843.44857888267
239.0919349193573,-0.289378989314437,131843.30372099442
239.19171857833862,-0.2892871229686229,131843.77334889496
239.2914125919342,-0.2868985979774561,131844.39601400547
239.39158415794373,-0.28974645469769345,131845.7564126049
239.49196863174438,-0.2881847268188536,131845.18077134443
239.59227633476257,-0.290205786426764,131845.46269420997
239.69240880012512,-0.2874497960523407,131846.61642478898
239.79187059402466,-0.29002205373513573,131846.35478231008
239.89163851737976,-0.286806731631642,131845.91930407909
239.9921314716339,-0.28901152393118057,131846.82737367117
240.09161353111267,-0.28836845951048184,131846.94463630405
240.19156885147095,-0.2894708556602511,131848.15017267366
240.29172205924988,-0.2889196575853665,131848.2351554063
240.3920829296112,-0.2875416623981549,131848.61163986567
240.49184489250183,-0.29002205373513573,131847.4504758791
240.59146809577942,-0.2902976527725781,131847.7054282912
240.69226360321045,-0.2880928604730395,131848.43488546208
240.7920482158661,-0.2908488508474627,131847.89139691586
240.89204692840576,-0.2880009941272254,131848.5022572243
240.991934299469,-0.2867148652858279,131848.05203150187
241.09179067611694,-0.28772539508978306,131848.34682835167
241.191499710083,-0.2894708556602511,131848.51214551652
241.2920241355896,-0.28910339027699467,131848.5609309649
241.39171862602234,-0.2908488508474627,131847.6048378684
241.4923918247223,-0.2880928604730395,131847.44435408156
241.59167790412903,-0.289378989314437,131847.5999186734
241.69197535514832,-0.28781726143559716,131848.73992680607
241.79191613197327,-0.28836845951048184,131848.46593412547
241.8915205001831,-0.2873579297065266,131847.51934071293
241.99149823188782,-0.2882765931646677,131845.86740664163
242.0915994644165,-0.28855219220211004,131845.48066597746
242.19175100326538,-0.28846032585629594,131845.83259937973
242.29183864593506,-0.2874497960523407,131845.14933944176
242.39166498184204,-0.2887359248937382,131846.13440549758
242.49196887016296,-0.28717419701489844,131847.52096494782
242.59213852882385,-0.28846032585629594,131846.66886845304
242.69194102287292,-0.29038951911839217,131847.20198160774
242.791574716568,-0.28855219220211004,131846.38178344697
242.89199090003967,-0.28726606336071253,131846.14360510226
242.99205803871155,-0.2880928604730395,131846.82924459202
243.09163165092468,-0.2895627220060652,131847.24632013284
243.19161105155945,-0.29002205373513573,131847.52168811957
243.2921974658966,-0.28919525662280876,131846.8695193076
243.3923032283783,-0.2889196575853665,131846.78256737685
243.49213099479675,-0.28846032585629594,131845.70431063918
243.59220099449158,-0.28910339027699467,131847.23387957527
243.6922492980957,-0.28910339027699467,131847.11049161776
243.7916111946106,-0.28910339027699467,131846.69944245598
243.8917441368103,-0.28910339027699467,131846.7294982104
243.99186062812805,-0.29038951911839217,131847.85654838936
244.09183311462402,-0.290205786426764,131848.5708935504
244.192156791687,-0.29002205373513573,131848.31380419538
244.2915916442871,-0.28855219220211004,131848.08242377584
244.39185738563538,-0.2880928604730395,131848.17418139827
244.49172472953796,-0.2880928604730395,131848.15676325845
244.5917136669159,-0.28763352874396897,131846.9410869326
244.69192671775818,-0.2908488508474627,131845.94697823934
244.79234218597412,-0.2882765931646677,131845.9522804154
244.89161109924316,-0.2888277912395524,131846.15705237386
244.99191784858704,-0.2895627220060652,131845.74134713647
245.09191632270813,-0.2888277912395524,131846.06721242281
245.19161891937256,-0.28763352874396897,131846.26049118052
245.2919225692749,-0.28993018738932164,131845.5344420625
245.3915512561798,-0.28790912778141126,131844.88099785623
245.49191045761108,-0.2910325835390909,131844.89289807063
245.59165120124817,-0.28993018738932164,131847.00360826356
245.69233560562134,-0.2907569845016486,131847.20324743722
245.79237985610962,-0.28974645469769345,131847.7829226935
245.89206552505493,-0.2906651181558345,131848.80463042416
245.99157977104187,-0.2889196575853665,131848.92416738175
246.0918891429901,-0.2894708556602511,131849.63175064357
246.1923439502716,-0.28846032585629594,131851.0685755792
246.29198002815247,-0.28625553355675737,131851.7617180213
246.3923544883728,-0.29002205373513573,131852.98554621916
246.49161863327026,-0.28993018738932164,131853.18699159723
246.59157514572144,-0.2887359248937382,131853.86829243752
246.69176387786865,-0.2889196575853665,131852.98146319378
246.7918245792389,-0.2880009941272254,131852.6833168744
246.89155054092407,-0.2906651181558345,131853.41498518697
246.9920642375946,-0.2902976527725781,131853.67348666827
247.09218955039978,-0.290205786426764,131854.10613800143
247.19212460517883,-0.2901139200809498,131852.49552420128
247.29177021980286,-0.29112444988490505,131851.84597178115
247.39150023460388,-0.28974645469769345,131853.06137460304
247.49158000946045,-0.2935129748760718,131854.05523714275
247.59161138534546,-0.28993018738932164,131851.94971342848
247.69147300720215,-0.2881847268188536,131851.95474208563
247.79176497459412,-0.29002205373513573,131850.45926787707
247.89171075820923,-0.2874497960523407,131849.81334108938
247.99233269691467,-0.2908488508474627,131849.63200698045
248.0921652317047,-0.2901139200809498,131848.8688062824
248.1922721862793,-0.2888277912395524,131848.58192565417
248.29152035713196,-0.2888277912395524,131848.02373308875
248.39218473434448,-0.2902976527725781,131848.22135977988
248.49194383621216,-0.2901139200809498,131847.8992238019
248.59184908866882,-0.2882765931646677,131847.80930142172
248.69192171096802,-0.2882765931646677,131847.32837127955
248.7921462059021,-0.289378989314437,131846.7955341516
248.8922095298767,-0.28790912778141126,131847.01598073644
248.99222230911255,-0.28836845951048184,131847.8143826628
249.0923113822937,-0.28855219220211004,131847.13294439652
249.19204926490784,-0.2880009941272254,131847.41964995686
249.2921063899994,-0.290205786426764,131846.27768496118
249.3918583393097,-0.28919525662280876,131845.64991646507
249.49158787727356,-0.28983832104350754,131844.88492481856
249.59171748161316,-0.2894708556602511,131845.59643233672
249.69215178489685,-0.28910339027699467,131845.53678910306
249.79165601730347,-0.29057325181002036,131844.48311019276
249.89190983772278,-0.289378989314437,131843.9347991735
249.9920175075531,-0.2908488508474627,131842.94131925615
250.0924117565155,-0.290205786426764,131842.04718733055
250.1922664642334,-0.28588806817350093,131842.5424685975
250.29161381721497,-0.28772539508978306,131842.48822173776
250.39196634292603,-0.2889196575853665,131843.03939956398
250.49230027198792,-0.2887359248937382,131844.23545960756
250.59150314331055,-0.29038951911839217,131844.5119136468
250.69190740585327,-0.2874497960523407,131844.46072228212
250.79157423973083,-0.28993018738932164,131844.31465005392
250.8917646408081,-0.28974645469769345,131844.48318504854
250.99157667160034,-0.28836845951048184,131844.2348665437
251.09147787094116,-0.2906651181558345,131844.51137988933
251.19171905517578,-0.2895627220060652,131844.7602419004
251.2923345565796,-0.2887359248937382,131845.18421771037
251.39225840568542,-0.2907569845016486,131844.26579593934
251.49234867095947,-0.29002205373513573,131843.23921634542
251.59143900871277,-0.2901139200809498,131843.3152947109
251.69215774536133,-0.2887359248937382,131843.0837652398
251.79199266433716,-0.29038951911839217,131842.87538871582
251.8921468257904,-0.2910325835390909,131842.18784984425
251.9921600818634,-0.2901139200809498,131841.96906485985
252.09188103675842,-0.28855219220211004,131842.87215837385
252.19194436073303,-0.29259431141793074,131842.88494253648
252.29226517677307,-0.28974645469769345,131843.49644828282
252.3920087814331,-0.28901152393118057,131843.64680345455
252.49228715896606,-0.289378989314437,131843.8821231091
252.59184741973877,-0.2888277912395524,131843.6939107982
252.69188261032104,-0.28993018738932164,131844.72451971838
252.79240012168884,-0.2896545883518793,131844.65206774656
252.89161491394043,-0.28763352874396897,131844.88686097192
252.9921588897705,-0.2902976527725781,131845.19817487473
253.0913610458374,-0.2888277912395524,131843.97835738727
253.19211053848267,-0.29057325181002036,131844.88052164853
253.2918336391449,-0.2895627220060652,131844.3924694837
253.39223980903625,-0.28974645469769345,131845.65322253533
253.4922959804535,-0.28919525662280876,131844.5879002818
253.5922966003418,-0.28772539508978306,131845.12911025362
253.69230842590332,-0.2902976527725781,131844.81619922825
253.79150938987732,-0.2889196575853665,131844.93457930544
253.89184522628784,-0.28919525662280876,131845.0411213749
253.99155235290527,-0.28919525662280876,131843.63700923743
254.09199023246765,-0.2873579297065266,131843.3733083137
254.19169116020203,-0.2908488508474627,131843.33597748232
254.29178524017334,-0.29057325181002036,131844.3023797341
254.3922576904297,-0.2910325835390909,131845.17214176068
254.49181175231934,-0.2906651181558345,131844.85492758462
254.59159207344055,-0.290205786426764,131845.06943482617
254.6921124458313,-0.29002205373513573,131844.96249134355
254.79228162765503,-0.28919525662280876,131844.9662422092
254.89233541488647,-0.28983832104350754,131844.36961798827
254.9919900894165,-0.29130818257653324,131844.53265618943
255.09175562858582,-0.28855219220211004,131844.5793905705
255.1915626525879,-0.2889196575853665,131844.22145151344
255.29186367988586,-0.2875416623981549,131844.6993063621
255.39184498786926,-0.2906651181558345,131844.5293757259
255.49228072166443,-0.28781726143559716,131845.6764381533
255.5918092727661,-0.28763352874396897,131844.90879433797
255.69163155555725,-0.2895627220060652,131845.01791490417
255.79149913787842,-0.2894708556602511,131845.21612341376
255.89224672317505,-0.28993018738932164,131846.49451107238
255.99211311340332,-0.28643926624838556,131847.24505996515
256.092164516449,-0.28919525662280876,131846.42055396864
256.1921772956848,-0.2907569845016486,131847.37849857178
256.29230761528015,-0.2892871229686229,131846.8406487146
256.391774892807,-0.29038951911839217,131846.95658384313
256.4916822910309,-0.28901152393118057,131847.16092545883
256.5915307998657,-0.2902976527725781,131847.64483291295
256.692058801651,-0.2888277912395524,131846.68034962166
256.7920341491699,-0.2888277912395524,131847.2123146595
256.89240288734436,-0.286806731631642,131846.39108319356
256.992121219635,-0.2906651181558345,131846.5519748742
257.09212613105774,-0.2888277912395524,131847.39677738678
257.19227933883667,-0.28974645469769345,131848.5570996481
257.2916028499603,-0.2895627220060652,131848.60138968332
257.39150643348694,-0.28993018738932164,131849.04125071497
257.4915237426758,-0.28855219220211004,131848.1371256435
257.59222316741943,-0.2909407171932768,131847.52341307915
257.6916379928589,-0.28901152393118057,131846.67107177124
257.7919306755066,-0.29002205373513573,131846.40396459412
257.89176893234253,-0.29048138546420627,131847.0635681347
257.9917149543762,-0.29140004892234733,131846.65721132123
258.0914876461029,-0.2901139200809498,131846.39149018913
258.19223737716675,-0.28726606336071253,131846.85234117022
258.2918040752411,-0.2895627220060652,131847.2671070532
258.39180970191956,-0.2906651181558345,131847.14039634788
258.491583108902,-0.2896545883518793,131848.9263567131
258.5922861099243,-0.28983832104350754,131848.8337210418
258.6924524307251,-0.29057325181002036,131848.45034893762
258.791871547699,-0.2916756479597897,131849.10531404387
258.89227175712585,-0.2892871229686229,131848.9947826395
258.992374420166,-0.29130818257653324,131848.49530437554
259.0915472507477,-0.29140004892234733,131847.44577393797
259.19194054603577,-0.2902976527725781,131846.40119654418
259.29150795936584,-0.2907569845016486,131846.36107688976
259.39195799827576,-0.2888277912395524,131845.4249692008
259.49218487739563,-0.28855219220211004,131845.68247228072
259.59229707717896,-0.29048138546420627,131846.31422505266
259.6923325061798,-0.2896545883518793,131845.6828025474
259.7924222946167,-0.2896545883518793,131847.41452229267
259.8922460079193,-0.28919525662280876,131848.4730700634
259.9922697544098,-0.2894708556602511,131848.32576305707
260.09178018569946,-0.2882765931646677,131849.49318675138
260.1920521259308,-0.2888277912395524,131849.04386807623
260.2921485900879,-0.28910339027699467,131848.7394812686
260.39171719551086,-0.28790912778141126,131848.66553314173
260.4916830062866,-0.2908488508474627,131848.39897982756
260.59232902526855,-0.28836845951048184,131848.15908184482
260.6925277709961,-0.2888277912395524,131848.84317366034
260.7920756340027,-0.2908488508474627,131848.9588562943
260.89178943634033,-0.28983832104350754,131849.66297066488
260.9920139312744,-0.2907569845016486,131849.3966735984
261.0919940471649,-0.2895627220060652,131849.6570062386
261.1921818256378,-0.29176751430560377,131848.69130561472
261.2914409637451,-0.29121631623071914,131849.22217505326
261.39190459251404,-0.28781726143559716,131849.19995754794
261.49180269241333,-0.2909407171932768,131848.87996179314
261.5918915271759,-0.2896545883518793,131849.59196561383
261.6922402381897,-0.28763352874396897,131850.13276905246
261.7922558784485,-0.2888277912395524,131850.41949214722
261.89226603507996,-0.2894708556602511,131849.0775429325
261.992308139801,-0.29268617776374484,131849.26978863924
262.09206318855286,-0.29176751430560377,131849.44280977533
262.19239258766174,-0.2892871229686229,131849.6985287978
262.2922842502594,-0.28983832104350754,131851.42867591802
262.39141368865967,-0.28772539508978306,131851.68580832623
262.4916081428528,-0.28910339027699467,131850.31722749362
262.5918302536011,-0.2895627220060652,131849.78550474427
262.6923632621765,-0.28910339027699467,131849.40695426986
262.79226303100586,-0.28974645469769345,131849.56625884288
262.8924105167389,-0.28993018738932164,131849.3096329586
262.9923655986786,-0.29259431141793074,131847.87866966275
263.0914011001587,-0.2875416623981549,131847.59080269648
263.1915590763092,-0.2892871229686229,131846.73172242683
263.29200530052185,-0.28993018738932164,131846.75855018417
263.39215421676636,-0.2881847268188536,131847.28269516575
263.4922981262207,-0.29048138546420627,131846.05442564917
263.59136295318604,-0.2892871229686229,131846.24898308425
263.6917896270752,-0.28974645469769345,131845.42408477582
263.7922170162201,-0.29038951911839217,131845.38167629825
263.8916621208191,-0.29002205373513573,131846.2435086684
263.9913287162781,-0.28846032585629594,131847.11915780156
264.0916397571564,-0.29112444988490505,131847.0072420214
264.1921467781067,-0.2894708556602511,131847.7065178193
264.29166078567505,-0.2915837816139756,131847.43586603735
264.3917169570923,-0.290205786426764,131847.19227943363
264.492388010025,-0.28983832104350754,131848.37305149026
264.591988325119,-0.29038951911839217,131848.43574634125
264.6923325061798,-0.2902976527725781,131847.59217170713
264.79203724861145,-0.2888277912395524,131848.83295453642
264.89234614372253,-0.2896545883518793,131850.04965908278
264.99196887016296,-0.2888277912395524,131849.4446931745
265.0923693180084,-0.29002205373513573,131849.30022385705
265.19180035591125,-0.28836845951048184,131850.17020147134
265.2915530204773,-0.2920431133430461,131849.7531813242
265.39200091362,-0.29130818257653324,131848.97786319177
265.4923961162567,-0.2910325835390909,131849.6800768726
265.59173369407654,-0.2908488508474627,131849.31206918534
265.6922359466553,-0.29057325181002036,131849.1808622668
265.7914991378784,-0.29057325181002036,131848.66277604012
265.89195227622986,-0.29121631623071914,131847.3964984361
265.9921476840973,-0.28974645469769345,131846.6568485925
266.0922803878784,-0.28855219220211004,131846.19116373325
266.1913604736328,-0.29176751430560377,131845.77204735993
266.29184579849243,-0.2909407171932768,131845.89484262394
266.391476392746,-0.2889196575853665,131845.20535836153
266.4918553829193,-0.2896545883518793,131845.28482252537
266.5921587944031,-0.28983832104350754,131845.35634027285
266.6918168067932,-0.2907569845016486,131846.52070624556
266.79181241989136,-0.290205786426764,131847.46863562101
266.89142513275146,-0.2888277912395524,131847.4217720589
266.9914040565491,-0.28983832104350754,131846.87959485303
267.0916941165924,-0.29002205373513573,131846.69163536775
267.1917963027954,-0.29112444988490505,131847.222471831
267.2922947406769,-0.28864405854792413,131847.3002246479
267.3916697502136,-0.2909407171932768,131846.37020218308
267.4920885562897,-0.290205786426764,131846.63318196477
267.59153151512146,-0.29048138546420627,131846.1698637683
267.69140362739563,-0.29057325181002036,131846.35287739147
267.7923092842102,-0.2895627220060652,131845.81758965232
267.89216017723083,-0.29048138546420627,131845.93583068709
267.99210000038147,-0.2888277912395524,131846.7422476184
268.0923125743866,-0.28708233066908434,131847.26802285656
268.1917359828949,-0.29048138546420627,131846.7412205709
268.2916307449341,-0.2902976527725781,131846.6670985138
268.39211320877075,-0.2906651181558345,131846.40038866244
268.4922378063202,-0.28910339027699467,131846.3603497962
268.59143328666687,-0.2874497960523407,131846.7243148166
268.69246792793274,-0.28919525662280876,131845.65188333494
268.79166316986084,-0.29185938065141787,131846.28669500144
268.8916256427765,-0.2902976527725781,131846.6580255013
268.9920780658722,-0.2896545883518793,131845.29222295116
269.09147357940674,-0.2896545883518793,131846.06300065605
269.19192123413086,-0.29038951911839217,131846.05670059044
269.29135966300964,-0.2920431133430461,131846.3510305314
269.39210772514343,-0.29048138546420627,131846.01592747826
269.4916477203369,-0.29057325181002036,131845.51433473043
269.5919222831726,-0.2887359248937382,131846.36290125738
269.6921365261078,-0.29185938065141787,131845.72661113163
269.7917366027832,-0.28864405854792413,131846.85395001847
269.8923501968384,-0.28983832104350754,131846.76855501664
269.9922330379486,-0.28763352874396897,131846.99169951497
270.09161829948425,-0.28910339027699467,131847.09252956347
270.19148349761963,-0.2888277912395524,131846.78327660714
270.29242634773254,-0.2896545883518793,131846.80494894643
270.3919291496277,-0.28974645469769345,131847.5244540518
270.49242782592773,-0.2881847268188536,131846.57200864662
270.59229254722595,-0.2908488508474627,131846.11480778197
270.69168400764465,-0.289378989314437,131845.30332700376
270.7917068004608,-0.29130818257653324,131845.57299430337
270.89224123954773,-0.28855219220211004,131845.81569487302
270.9914472103119,-0.2894708556602511,131845.13412538572
271.0914387702942,-0.29149191526816143,131844.62071284716
271.19213938713074,-0.28919525662280876,131845.15864156245
271.291805267334,-0.2892871229686229,131844.7427774062
271.3922026157379,-0.289378989314437,131845.1684996656
271.49185514450073,-0.2901139200809498,131846.35164969903
271.5921449661255,-0.28708233066908434,131847.11648472914
271.69217586517334,-0.29176751430560377,131848.00483625624
271.79223465919495,-0.2894708556602511,131850.0043526306
271.8923795223236,-0.2908488508474627,131850.30391736754
271.9921200275421,-0.290205786426764,131851.6735256308
272.09215354919434,-0.289378989314437,131850.90617306772
272.19164967536926,-0.2874497960523407,131850.51555576097
272.2913770675659,-0.29038951911839217,131850.1640001849
272.3915867805481,-0.28864405854792413,131849.4476001664
272.4914743900299,-0.2916756479597897,131848.80284014976
272.5918769836426,-0.28983832104350754,131849.1225561348
272.6917712688446,-0.28910339027699467,131849.91030052133
272.7922520637512,-0.29121631623071914,131849.0192704692
272.8920810222626,-0.29130818257653324,131848.6173434223
272.9923605918884,-0.2902976527725781,131848.95560908006
273.09203910827637,-0.2916756479597897,131847.96004817207
273.19213604927063,-0.29057325181002036,131848.46404335485
273.292117357254,-0.2906651181558345,131848.91763901938
273.3921597003937,-0.2907569845016486,131849.02587511746
273.4921796321869,-0.2896545883518793,131848.02328760573
273.5914239883423,-0.28993018738932164,131848.02095884515
273.6915395259857,-0.2910325835390909,131847.71886296064
273.7917809486389,-0.2920431133430461,131846.74697666458
273.89218282699585,-0.28653113259419966,131848.07227899812
273.99180030822754,-0.28993018738932164,131847.7650510983
274.09234595298767,-0.2908488508474627,131847.0885459885
274.1921429634094,-0.2906651181558345,131847.17969138964
274.2915072441101,-0.291951246997232,131847.76172225067
274.3917679786682,-0.28919525662280876,131847.6855500256
274.4917814731598,-0.2908488508474627,131848.21699502305
274.5914750099182,-0.2910325835390909,131847.39529552075
274.6924889087677,-0.2916756479597897,131848.75576596867
274.79230785369873,-0.29185938065141787,131850.2801893718
274.89183926582336,-0.28983832104350754,131849.45217043464
274.9920952320099,-0.2908488508474627,131849.20695339117
275.09157252311707,-0.2892871229686229,131849.08625805206
275.1921398639679,-0.2902976527725781,131848.67763224686
275.2913863658905,-0.2894708556602511,131848.7098690222
275.3918104171753,-0.2907569845016486,131848.13888211997
275.4918291568756,-0.29149191526816143,131848.32499390797
275.5924036502838,-0.2922268460346743,131847.79249451717
275.69160437583923,-0.28993018738932164,131846.81324506545
275.7920022010803,-0.28901152393118057,131846.9319205589
275.89143466949463,-0.29048138546420627,131847.33872850303
275.99165058135986,-0.2874497960523407,131847.00485565275
276.0922751426697,-0.29140004892234733,131847.60437008747
276.19188833236694,-0.29002205373513573,131847.6439330787
276.29172229766846,-0.2889196575853665,131847.27953977085
276.3922028541565,-0.2908488508474627,131847.65158579376
276.49156427383423,-0.2889196575853665,131846.6864272144
276.5919256210327,-0.2907569845016486,131845.61778449296
276.69212198257446,-0.29038951911839217,131844.35600604367
276.79148387908936,-0.2909407171932768,131843.12040543932
276.8917601108551,-0.29002205373513573,131842.2083648954
276.9923503398895,-0.29185938065141787,131842.28752840587
277.09244871139526,-0.29268617776374484,131840.9587755653
277.1919996738434,-0.29268617776374484,131840.56289800876
277.2919328212738,-0.2888277912395524,131839.7066082079
277.3922863006592,-0.28910339027699467,131839.6359473871
277.49167132377625,-0.29002205373513573,131839.3723526484
277.5922474861145,-0.29140004892234733,131840.23511738356
277.6916422843933,-0.28983832104350754,131839.2116056452
277.79145526885986,-0.29038951911839217,131838.99044508068
277.8923692703247,-0.2908488508474627,131839.3914005726
277.99197125434875,-0.29057325181002036,131839.75226051535
278.09154987335205,-0.290205786426764,131838.9770344638
278.1923921108246,-0.29002205373513573,131838.07933101745
278.2923541069031,-0.2920431133430461,131838.27139791573
278.39162826538086,-0.2921349796888602,131838.54425812417
278.4922716617584,-0.2887359248937382,131838.88983231175
278.5922739505768,-0.2908488508474627,131840.00084908056
278.6923267841339,-0.2921349796888602,131840.90076417252
278.7917318344116,-0.28993018738932164,131839.61068775525
278.89238929748535,-0.2906651181558345,131839.54961897974
278.99154233932495,-0.2902976527725781,131838.69465708177
279.09226536750793,-0.29112444988490505,131839.5251913736
279.19213223457336,-0.2923187123804884,131839.27267223626
279.29162764549255,-0.2906651181558345,131838.84540501263
279.3921604156494,-0.29140004892234733,131839.26086451137
279.49189162254333,-0.29048138546420627,131839.23477806023
279.5920934677124,-0.28910339027699467,131839.6113002542
279.692195892334,-0.2887359248937382,131840.2501702288
279.7922339439392,-0.29112444988490505,131840.6251532059
279.8923680782318,-0.2901139200809498,131841.86263788532
279.9914574623108,-0.28901152393118057,131841.27637409678
280.0918130874634,-0.289378989314437,131842.6487366871
280.19147634506226,-0.289378989314437,131842.78386301838
280.2914819717407,-0.29121631623071914,131844.00547671656
280.39226055145264,-0.29176751430560377,131844.1049290449
280.49177289009094,-0.29057325181002036,131842.89443614043
280.5919609069824,-0.29268617776374484,131843.4049925264
280.6919596195221,-0.29250244507211665,131843.16449327377
280.7922921180725,-0.2921349796888602,131844.0480439464
280.8923270702362,-0.28781726143559716,131844.64323955175
280.99220418930054,-0.290205786426764,131845.17891559657
281.0922849178314,-0.29176751430560377,131844.56102403693
281.1922330856323,-0.2916756479597897,131844.40492163322
281.2914922237396,-0.29130818257653324,131844.26442946988
281.3920941352844,-0.29112444988490505,131843.0379865229
281.4918553829193,-0.2906651181558345,131842.0341878706
281.5921013355255,-0.29112444988490505,131843.33076908352
281.692022562027,-0.28993018738932164,131842.79769217517
281.7919690608978,-0.290205786426764,131841.21792295767
281.89177322387695,-0.29176751430560377,131841.2961306619
281.99178886413574,-0.29002205373513573,131842.8665175957
282.092169046402,-0.2901139200809498,131844.67986583614
282.19174456596375,-0.2895627220060652,131844.81187925252
282.2921586036682,-0.29002205373513573,131844.73069132728
282.3918607234955,-0.2902976527725781,131844.25762219453
282.4918522834778,-0.29176751430560377,131845.53185997508
282.59182929992676,-0.29140004892234733,131846.87867397757
282.69221329689026,-0.289378989314437,131847.59080657983
282.7922170162201,-0.29323737583862947,131847.93172592184
282.8918957710266,-0.29140004892234733,131847.23855332966
282.99189925193787,-0.2910325835390909,131847.4146979967
283.0921621322632,-0.29057325181002036,131847.87322819702
283.1916432380676,-0.2902976527725781,131848.08590537732
283.291855096817,-0.2896545883518793,131847.6773148396
283.3917281627655,-0.29140004892234733,131846.80958335564
283.49158573150635,-0.2915837816139756,131847.5286250201
283.59160113334656,-0.29250244507211665,131847.27576251808
283.6916935443878,-0.2901139200809498,131847.24818626628
283.79195261001587,-0.2892871229686229,131846.32336763965
283.89159393310547,-0.2906651181558345,131846.7910308757
283.9918975830078,-0.2908488508474627,131846.11192778812
284.09160900115967,-0.29038951911839217,131846.2007350093
284.19150471687317,-0.2907569845016486,131844.98066150837
284.29219460487366,-0.291951246997232,131845.58259535753
284.3918044567108,-0.2936048412218859,131845.42433582176
284.4912006855011,-0.2908488508474627,131845.5819022396
284.59197068214417,-0.2889196575853665,131847.52371201565
284.69173216819763,-0.2908488508474627,131847.37134081408
284.7923402786255,-0.2909407171932768,131846.73420673268
284.8915913105011,-0.29038951911839217,131846.66078605942
284.9917278289795,-0.2920431133430461,131846.3947074535
285.09218525886536,-0.2916756479597897,131845.85523670816
285.1924796104431,-0.28910339027699467,131845.26971303736
285.29184007644653,-0.2920431133430461,131845.14274173364
285.39182686805725,-0.29048138546420627,131844.92846756027
285.49163269996643,-0.28993018738932164,131844.73562080425
285.59197545051575,-0.2920431133430461,131844.16205872383
285.69188952445984,-0.2895627220060652,131843.24585285145
285.79239559173584,-0.28919525662280876,131842.92126756633
285.89231538772583,-0.28983832104350754,131842.8291408097
285.99153685569763,-0.29002205373513573,131843.84622672875
286.09141874313354,-0.28836845951048184,131844.26160405588
286.1921446323395,-0.2921349796888602,131843.5354436503
286.2922034263611,-0.2909407171932768,131843.48189928525
286.3918581008911,-0.29185938065141787,131843.43370935673
286.4917678833008,-0.29323737583862947,131842.79033842107
286.59206104278564,-0.29268617776374484,131842.21130457896
286.6918857097626,-0.29176751430560377,131842.79017412107
286.7916030883789,-0.2901139200809498,131843.11115670897
286.89180302619934,-0.28855219220211004,131843.10004103807
286.99210119247437,-0.2910325835390909,131841.19003693428
287.0920820236206,-0.2894708556602511,131840.47103324084
287.192054271698,-0.2907569845016486,131842.22392991677
287.2923228740692,-0.29277804410955893,131842.2015369251
287.3914897441864,-0.2895627220060652,131841.3813832326
287.49150228500366,-0.2889196575853665,131840.94324490934
287.59149265289307,-0.2895627220060652,131840.04892041843
287.69161343574524,-0.2908488508474627,131839.9440283766
287.7916991710663,-0.289378989314437,131841.04962553893
287.891685962677,-0.2921349796888602,131841.34466298504
287.9917242527008,-0.29176751430560377,131841.71019668653
288.0916829109192,-0.28993018738932164,131842.73917701788
288.19213700294495,-0.29112444988490505,131842.7652593161
288.2919988632202,-0.29130818257653324,131842.6887333845
288.3923599720001,-0.2902976527725781,131841.41986004607
288.49189829826355,-0.2910325835390909,131842.17787404146
288.59184217453003,-0.2910325835390909,131842.96008663732
288.69228982925415,-0.2906651181558345,131842.5640779736
288.7914283275604,-0.29038951911839217,131841.80767017626
288.8922772407532,-0.2902976527725781,131842.32690315865
288.9916567802429,-0.2902976527725781,131843.1942128428
289.0914328098297,-0.2909407171932768,131842.8747915585
289.1919529438019,-0.29259431141793074,131841.98731240266
289.292040348053,-0.29176751430560377,131841.8885811624
289.39236307144165,-0.2906651181558345,131841.59972304618
289.4917702674866,-0.2902976527725781,131841.53975074156
289.59239053726196,-0.29130818257653324,131842.48577566742
289.69184255599976,-0.29140004892234733,131842.03719810068
289.79152035713196,-0.2910325835390909,131842.53347829063
289.8922142982483,-0.2896545883518793,131842.98013046157
289.99152135849,-0.2906651181558345,131844.18211741542
290.0919485092163,-0.28910339027699467,131844.5639056739
290.1916048526764,-0.2916756479597897,131844.8075151065
290.2922933101654,-0.28974645469769345,131844.32676359586
290.39158725738525,-0.28974645469769345,131845.19408723628
290.49152421951294,-0.2910325835390909,131845.47467851263
290.59221482276917,-0.2895627220060652,131846.42721066138
290.6919205188751,-0.2916756479597897,131845.38448959525
290.7917354106903,-0.2908488508474627,131843.54604063573
290.8915777206421,-0.28855219220211004,131843.29143657215
290.992134809494,-0.2922268460346743,131843.96229291492
291.0917851924896,-0.2889196575853665,131843.96606362343
291.1917951107025,-0.29002205373513573,131844.2694572611
291.29207158088684,-0.29057325181002036,131844.042511535
291.3918762207031,-0.29185938065141787,131843.2382603815
291.49209237098694,-0.290205786426764,131843.41443434334
291.5920491218567,-0.29112444988490505,131843.57299090902
291.6917042732239,-0.28983832104350754,131844.51569181812
291.79186487197876,-0.2915837816139756,131844.6641226363
291.8916335105896,-0.29048138546420627,131844.59771037268
291.9915497303009,-0.28974645469769345,131845.43793933542
292.09227752685547,-0.29185938065141787,131845.3941454019
292.19179797172546,-0.2920431133430461,131845.25473086172
292.2915036678314,-0.29314550949281537,131845.12925777555
292.39212679862976,-0.290205786426764,131845.816331998
292.4914743900299,-0.28974645469769345,131845.23469879822
292.59226655960083,-0.2920431133430461,131845.7112289184
292.6919445991516,-0.2907569845016486,131845.54010602657
292.79164385795593,-0.29038951911839217,131845.98609542393
292.89231634140015,-0.2910325835390909,131845.38748588154
292.99154782295227,-0.2895627220060652,131844.4487372934
293.09216260910034,-0.29461537102584107,131844.70386356406
293.1921842098236,-0.29176751430560377,131844.43347720767
293.29245829582214,-0.2916756479597897,131843.1901294869
293.39218854904175,-0.2922268460346743,131843.6711165382
293.49216508865356,-0.2920431133430461,131844.80400488438
293.59220576286316,-0.2896545883518793,131845.72360439596
293.6922492980957,-0.29048138546420627,131846.95124395637
293.79236340522766,-0.2906651181558345,131846.35611956075
293.89191460609436,-0.2915837816139756,131846.22050760468
293.9923686981201,-0.2934211085302577,131844.8984568442
294.092054605484,-0.2906651181558345,131845.2086111598
294.19164633750916,-0.29397230660514234,131844.88775004382
294.2916958332062,-0.2896545883518793,131844.29897503945
294.39195442199707,-0.2922268460346743,131843.36907753552
294.4916949272156,-0.29140004892234733,131842.63216978198
294.5915906429291,-0.2909407171932768,131842.0689528038
294.69154119491577,-0.2895627220060652,131842.3620575234
294.79151034355164,-0.291951246997232,131841.42585177106
294.8915762901306,-0.2901139200809498,131842.48326659395
294.99228286743164,-0.2909407171932768,131842.43493993455
295.09199380874634,-0.29038951911839217,131842.0914459411
295.1919159889221,-0.29057325181002036,131842.582301347
295.2922377586365,-0.2915837816139756,131841.9240712123
295.39217162132263,-0.29176751430560377,131840.13166409108
295.49163579940796,-0.29112444988490505,131838.818497682
295.5917749404907,-0.2892871229686229,131837.9366479138
295.69175601005554,-0.2920431133430461,131837.64298312244
295.79226994514465,-0.29057325181002036,131837.3786848102
295.8921468257904,-0.28993018738932164,131837.64081632916
295.992294549942,-0.29038951911839217,131837.87673469627
296.0914726257324,-0.28901152393118057,131839.18906122664
296.19154596328735,-0.29185938065141787,131839.47015510398
296.2917377948761,-0.2896545883518793,131839.22313959358
296.3921642303467,-0.29250244507211665,131838.80082563421
296.4923918247223,-0.29176751430560377,131839.6207430708
296.59190368652344,-0.29002205373513573,131839.2586687637
296.6921966075897,-0.2920431133430461,131839.73280188735
296.79150199890137,-0.28772539508978306,131839.05952169863
296.8917238712311,-0.29176751430560377,131838.65356952877
296.9914152622223,-0.2895627220060652,131839.18821257591
297.0920557975769,-0.2920431133430461,131839.36939131832
297.19192481040955,-0.291951246997232,131838.93245218648
297.29179668426514,-0.2895627220060652,131838.53920696783
297.39210653305054,-0.28919525662280876,131838.18528627104
297.4916105270386,-0.29140004892234733,131838.06675764394
297.5914363861084,-0.2915837816139756,131839.16008187956
297.69223952293396,-0.2902976527725781,131839.1440736916
297.7914402484894,-0.2916756479597897,131839.52966632243
297.8914077281952,-0.2921349796888602,131840.1766996902
297.9916293621063,-0.29048138546420627,131840.15902972117
298.09190034866333,-0.2915837816139756,131839.64312674906
298.1921000480652,-0.2923187123804884,131840.87881407415
298.29173612594604,-0.2920431133430461,131841.09093266673
298.3917016983032,-0.291951246997232,131840.78183940006
298.4916069507599,-0.2909407171932768,131842.00365546005
298.59164357185364,-0.29277804410955893,131842.20328991406
298.6923441886902,-0.29259431141793074,131842.58296092265
298.7919545173645,-0.2922268460346743,131842.92466483038
298.89147901535034,-0.2895627220060652,131841.73219834734
298.9917800426483,-0.29149191526816143,131841.5589785126
299.09227299690247,-0.2906651181558345,131841.00308066132
299.1915485858917,-0.2923187123804884,131841.6027725952
299.29193568229675,-0.28901152393118057,131841.94249533565
299.3919885158539,-0.2933292421844436,131841.6482458021
299.4920320510864,-0.2921349796888602,131841.9834212219
299.59160351753235,-0.29121631623071914,131842.68507909973
299.69245529174805,-0.2910325835390909,131842.71657118975
299.79228234291077,-0.291951246997232,131843.64491407078
299.8919463157654,-0.291951246997232,131843.9804226637
299.99165892601013,-0.29314550949281537,131844.28238039734
300.0920057296753,-0.2901139200809498,131843.5541423576
300.19200372695923,-0.2910325835390909,131843.89872812186
300.2919886112213,-0.2888277912395524,131844.80885530967
300.3923740386963,-0.29250244507211665,131845.7279697787
300.4922707080841,-0.2930536431470013,131846.45517280084
300.592134475708,-0.28993018738932164,131845.60965552076
300.6919469833374,-0.2906651181558345,131846.2486899687
300.79193568229675,-0.2901139200809498,131845.82382097183
300.89144134521484,-0.2902976527725781,131846.04143887464
300.9918472766876,-0.28772539508978306,131845.93729498718
301.09228444099426,-0.2910325835390909,131844.84356548847
301.1920816898346,-0.28974645469769345,131845.25920893962
301.2921175956726,-0.29388044025932825,131846.93328804566
301.39194416999817,-0.29057325181002036,131846.3399592411
301.4924101829529,-0.2920431133430461,131846.605963317
301.5915193557739,-0.2908488508474627,131846.14536698532
301.6924207210541,-0.2921349796888602,131846.83083028678
301.7915005683899,-0.2923187123804884,131845.1477472581
301.8919184207916,-0.29057325181002036,131844.1329725323
301.992089509964,-0.2907569845016486,131844.61967527907
302.09234046936035,-0.2936967075677,131844.45770775116
302.1924195289612,-0.29038951911839217,131845.01193697605
302.2923228740692,-0.2916756479597897,131845.61074327843
302.39227056503296,-0.29057325181002036,131845.2496689506
302.49219155311584,-0.29130818257653324,131845.22470205554
302.5918068885803,-0.291951246997232,131845.20223184998
302.69215536117554,-0.2906651181558345,131844.98200866499
302.7917146682739,-0.29048138546420627,131844.3838077985
302.8916745185852,-0.2910325835390909,131845.34542701865
302.9919056892395,-0.2894708556602511,131846.1108843168
303.09208822250366,-0.2902976527725781,131845.19979588513
303.19169878959656,-0.29121631623071914,131845.0798162966
303.2917277812958,-0.2908488508474627,131845.57183466695
303.39169669151306,-0.29130818257653324,131845.01465120027
303.49162578582764,-0.2906651181558345,131843.51318608026
303.59192943573,-0.2894708556602511,131842.96186747224
303.691912651062,-0.29185938065141787,131843.26568072502
303.7923243045807,-0.29525843544653985,131842.4391126525
303.8917143344879,-0.29002205373513573,131842.49520138724
303.9918065071106,-0.2901139200809498,131843.24568124852
304.09229254722595,-0.29112444988490505,131844.02111312366
304.19228887557983,-0.29250244507211665,131843.9190018113
304.29156279563904,-0.2906651181558345,131844.92710163016
304.3921740055084,-0.29241057872630255,131845.23439146715
304.4922134876251,-0.29149191526816143,131844.31095232043
304.59139370918274,-0.29149191526816143,131843.4798570884
304.6923727989197,-0.29130818257653324,131843.33187137955
304.7919909954071,-0.2916756479597897,131844.6986842416
304.89164781570435,-0.29121631623071914,131844.72881581745
304.99239683151245,-0.28846032585629594,131845.05593423572
305.0922772884369,-0.2915837816139756,131844.55034081213
305.1923019886017,-0.28910339027699467,131844.3953067309
305.2916202545166,-0.29176751430560377,131845.3557760578
305.3921580314636,-0.2916756479597897,131845.32019845204
305.49161100387573,-0.2928699104553731,131844.58817860685
305.59221935272217,-0.2906651181558345,131844.62936074618
305.6916980743408,-0.29149191526816143,131844.96642467155
305.79219126701355,-0.2906651181558345,131844.5697822044
305.89161443710327,-0.29002205373513573,131844.31280398398
305.9917359352112,-0.29057325181002036,131843.8815235856
306.09225583076477,-0.2923187123804884,131842.69337122704
306.1924102306366,-0.289378989314437,131843.82403410433
306.29215931892395,-0.2930536431470013,131843.0416306939
306.39166498184204,-0.2907569845016486,131843.23746762448
306.4923617839813,-0.2922268460346743,131843.51372086204
306.59157276153564,-0.2928699104553731,131841.86234877585
306.69230556488037,-0.29185938065141787,131841.47611389827
306.79214572906494,-0.2921349796888602,131842.02850250844
306.8918311595917,-0.2923187123804884,131841.2256522576
306.9921839237213,-0.2920431133430461,131841.50308703183
307.0922989845276,-0.29149191526816143,131839.75277832866
307.192435503006,-0.2907569845016486,131838.5775004958
307.29173374176025,-0.28983832104350754,131839.11975044623
307.39207124710083,-0.2916756479597897,131839.9077754016
307.4917778968811,-0.2909407171932768,131839.61699786145
307.59231781959534,-0.29241057872630255,131840.1552980753
307.6924476623535,-0.29149191526816143,131840.93976826777
307.7916097640991,-0.29185938065141787,131842.145791441
307.89236068725586,-0.2922268460346743,131841.93121229688
307.9913983345032,-0.2908488508474627,131841.9380910672
308.0918698310852,-0.29185938065141787,131842.4442819605
308.1924035549164,-0.2895627220060652,131842.29985376445
308.2922604084015,-0.2892871229686229,131842.369868388
308.39156675338745,-0.29130818257653324,131842.9328815492
308.4923014640808,-0.29038951911839217,131843.73959339428
308.5917286872864,-0.2928699104553731,131844.26563405484
308.6923396587372,-0.2923187123804884,131844.53907064936
308.7922706604004,-0.29130818257653324,131844.38516358443
308.89198780059814,-0.2889196575853665,131843.946647226
308.9920153617859,-0.2901139200809498,131844.05198250338
309.0914969444275,-0.2910325835390909,131843.84678425305
309.1921706199646,-0.2907569845016486,131844.76210582774
309.29172706604004,-0.2910325835390909,131844.28589524498
309.3919539451599,-0.2896545883518793,131843.95730572048
309.4922835826874,-0.28910339027699467,131842.86157514845
309.59172105789185,-0.2929617768011872,131842.6754176336
309.6915261745453,-0.29140004892234733,131842.20787587026
309.79158639907837,-0.2896545883518793,131842.58708828324
309.8920226097107,-0.2936048412218859,131842.72837945493
309.99161529541016,-0.2907569845016486,131843.05554150944
310.0915186405182,-0.29038951911839217,131843.3499873585
310.19232177734375,-0.2944316383342129,131844.21498862264
310.2915675640106,-0.29241057872630255,131845.6934897604
310.39177346229553,-0.2889196575853665,131845.92414078437
310.49156498908997,-0.2934211085302577,131845.13172670593
310.5918085575104,-0.29176751430560377,131844.81855403536
310.6919400691986,-0.2930536431470013,131844.93669863182
310.79181122779846,-0.2909407171932768,131846.64302876865
310.89233446121216,-0.2922268460346743,131846.0787258918
310.99177050590515,-0.291951246997232,131845.17085330264
311.0920789241791,-0.2922268460346743,131845.75376797238
311.1919255256653,-0.29241057872630255,131845.17839117514
311.29168701171875,-0.29057325181002036,131845.36055205762
311.3920798301697,-0.29112444988490505,131846.32449685188
311.4918866157532,-0.29112444988490505,131847.2920471667
311.5914902687073,-0.29057325181002036,131846.86284245003
311.69211173057556,-0.29130818257653324,131845.87655820503
311.79204964637756,-0.29241057872630255,131846.28890238452
311.89206290245056,-0.29149191526816143,131846.16001214605
311.9915735721588,-0.2892871229686229,131846.24401093146
312.0917692184448,-0.29176751430560377,131846.4196098383
312.19218277931213,-0.2921349796888602,131846.37764885448
312.29236006736755,-0.2922268460346743,131847.93988396905
312.39194440841675,-0.29176751430560377,131847.94589557213
312.49225664138794,-0.29048138546420627,131848.75130601492
312.5916655063629,-0.2923187123804884,131850.37617541343
312.69228649139404,-0.2921349796888602,131850.2385578721
312.7917642593384,-0.28993018738932164,131850.1147020849
312.89212346076965,-0.2910325835390909,131850.1032318764
312.991534948349,-0.2910325835390909,131850.69290868874
313.0918478965759,-0.2920431133430461,131850.82361781987
313.1918914318085,-0.29057325181002036,131850.1412560379
313.291894197464,-0.2921349796888602,131850.52713043411
313.3922019004822,-0.2908488508474627,131849.8744173907
313.49221897125244,-0.2907569845016486,131849.68697565162
313.5914559364319,-0.29140004892234733,131850.01827808647
313.6919848918915,-0.2915837816139756,131849.51645027782
313.79236793518066,-0.29130818257653324,131849.96480525006
313.8916356563568,-0.29149191526816143,131851.16832472506
313.99241638183594,-0.29057325181002036,131850.15149225257
314.0917203426361,-0.2930536431470013,131849.23634302733
314.1915793418884,-0.28919525662280876,131849.0127087246
314.29225850105286,-0.291951246997232,131849.21143785212
314.3916127681732,-0.2910325835390909,131849.6902940669
314.49235010147095,-0.29277804410955893,131848.62126466024
314.59188413619995,-0.29185938065141787,131849.55913819422
314.6918451786041,-0.2916756479597897,131850.0032243748
314.7920503616333,-0.28983832104350754,131850.40290193734
314.89176630973816,-0.29314550949281537,131851.6626117436
314.9915702342987,-0.2923187123804884,131851.99635056924
315.09200286865234,-0.29002205373513573,131850.99671551233
315.19201922416687,-0.2907569845016486,131849.4970439611
315.2917995452881,-0.2920431133430461,131849.24733956502
315.39147782325745,-0.29038951911839217,131848.22260560852
315.4915282726288,-0.29149191526816143,131848.20034504766
315.59213948249817,-0.29140004892234733,131847.5803105429
315.6916539669037,-0.29388044025932825,131847.2222794886
315.7918848991394,-0.29241057872630255,131847.30005153973
315.89186000823975,-0.2916756479597897,131845.97004638577
315.9921531677246,-0.2902976527725781,131845.17304174718
316.0918378829956,-0.2909407171932768,131845.75573757247
316.19174003601074,-0.2915837816139756,131845.78016381522
316.29167652130127,-0.28919525662280876,131845.5021474337
316.3923406600952,-0.289378989314437,131844.85193269033
316.49196100234985,-0.2907569845016486,131844.3667394213
316.5917663574219,-0.29185938065141787,131843.53006547916
316.6915419101715,-0.29038951911839217,131844.07705893126
316.7916646003723,-0.29268617776374484,131842.66935303813
316.89226055145264,-0.29250244507211665,131843.10241773434
316.9916481971741,-0.29277804410955893,131843.5921759609
317.0924119949341,-0.29048138546420627,131843.9329583648
317.19162130355835,-0.29314550949281537,131842.63966252832
317.2918047904968,-0.290205786426764,131842.9756962755
317.39173126220703,-0.2896545883518793,131843.07812664795
317.4923677444458,-0.29149191526816143,131842.57031398316
317.59197187423706,-0.29048138546420627,131842.51328258484
317.6916010379791,-0.29378857391351415,131842.76195432636
317.7918713092804,-0.29140004892234733,131842.28575889373
317.8921592235565,-0.29048138546420627,131841.15718300437
317.9919240474701,-0.29323737583862947,131840.5414647039
318.0918653011322,-0.29277804410955893,131841.48731823353
318.1920325756073,-0.2909407171932768,131840.33858641016
318.2914354801178,-0.29140004892234733,131840.80472776917
318.3918426036835,-0.2908488508474627,131841.52425499226
318.4921498298645,-0.2882765931646677,131841.47182949304
318.5919668674469,-0.2910325835390909,131842.42464654375
318.6923625469208,-0.2929617768011872,131842.68218188937
318.79172134399414,-0.29112444988490505,131843.51396370042
318.89159536361694,-0.29406417295095644,131843.06256733037
318.9918534755707,-0.291951246997232,131843.15631059735
319.09221625328064,-0.29406417295095644,131843.44067953763
319.19198966026306,-0.29323737583862947,131841.99661158386
319.29220724105835,-0.29176751430560377,131840.49695042547
319.3922848701477,-0.2896545883518793,131839.94725538293
319.49230551719666,-0.2929617768011872,131841.05252984463
319.59196853637695,-0.2920431133430461,131841.44727686018
319.69187331199646,-0.29185938065141787,131841.60254917416
319.79163694381714,-0.2892871229686229,131841.04229425674
319.89175844192505,-0.29185938065141787,131841.73806483106
319.99177956581116,-0.29241057872630255,131840.76425834798
320.0920321941376,-0.29241057872630255,131841.3878325132
320.1916983127594,-0.291951246997232,131842.04904926187
320.2918891906738,-0.29140004892234733,131840.74414433568
320.39155292510986,-0.29259431141793074,131840.26972990212
320.4915418624878,-0.2916756479597897,131839.04275691192
320.59227228164673,-0.29268617776374484,131838.23848122073
320.69192004203796,-0.29112444988490505,131837.51463309865
320.7922525405884,-0.29112444988490505,131836.76316978878
320.8920485973358,-0.29250244507211665,131836.78685280992
320.99149775505066,-0.2920431133430461,131837.90816752892
321.0922751426697,-0.29268617776374484,131838.11735077604
321.1916751861572,-0.29268617776374484,131838.50561569844
321.292334318161,-0.29406417295095644,131838.0550541286
321.39217233657837,-0.29112444988490505,131837.84954871575
321.4914891719818,-0.29314550949281537,131838.06459384417
321.5916163921356,-0.29185938065141787,131838.95813445977
321.69241070747375,-0.29038951911839217,131839.5623210138
321.7916543483734,-0.29176751430560377,131838.90608891242
321.89221024513245,-0.29176751430560377,131838.0154800212
321.99191904067993,-0.29176751430560377,131836.71393201908
322.09194803237915,-0.2923187123804884,131835.64253881716
322.19175362586975,-0.29130818257653324,131836.97828493544
322.2921874523163,-0.29388044025932825,131836.9804564419
322.3916699886322,-0.29176751430560377,131837.98241079773
322.4919641017914,-0.2936967075677,131838.28416971795
322.59167408943176,-0.29149191526816143,131838.65575274616
322.6918845176697,-0.29048138546420627,131837.39017747153
322.7921142578125,-0.2892871229686229,131837.1511597244
322.892138004303,-0.29185938065141787,131837.53604375196
322.9916944503784,-0.2916756479597897,131837.88243937676
323.09198021888733,-0.29176751430560377,131838.4941954391
323.19184255599976,-0.29112444988490505,131838.4447758952
323.2921099662781,-0.2909407171932768,131837.70029830566
323.392126083374,-0.2909407171932768,131836.8302684751
323.49192094802856,-0.29461537102584107,131836.54724162762
323.59198689460754,-0.2910325835390909,131836.99251746485
323.69213104248047,-0.29130818257653324,131837.69326571838
323.7916040420532,-0.29185938065141787,131837.52393914654
323.89153575897217,-0.2928699104553731,131837.1715452319
323.9917206764221,-0.29121631623071914,131837.0543907087
324.0915148258209,-0.290205786426764,131837.04895163784
324.19243574142456,-0.29140004892234733,131836.74405647407
324.29165387153625,-0.29268617776374484,131836.36965082667
324.3921158313751,-0.29516656910072575,131836.93268574402
324.4918258190155,-0.2923187123804884,131837.73941716962
324.59198212623596,-0.2942479056425847,131838.16547545267
324.69171166419983,-0.2934211085302577,131839.2489279074
324.7923138141632,-0.2923187123804884,131840.22403511667
324.89219784736633,-0.29048138546420627,131840.501631605
324.9917221069336,-0.2921349796888602,131841.4514684445
325.0918242931366,-0.2910325835390909,131841.50632160006
325.19171714782715,-0.2943397719883988,131842.65568944006
325.2923495769501,-0.2950747027549116,131842.79012049607
325.39227271080017,-0.29241057872630255,131840.31110844645
325.49235224723816,-0.29241057872630255,131839.6799976018
325.5922739505768,-0.29268617776374484,131839.31199784164
325.69153356552124,-0.29259431141793074,131840.38079805748
325.7921054363251,-0.29277804410955893,131840.14271825174
325.89210844039917,-0.29057325181002036,131841.32844642657
325.99239110946655,-0.29461537102584107,131840.69560178393
326.09200525283813,-0.29057325181002036,131840.22604160552
326.19241070747375,-0.2916756479597897,131839.80343744496
326.29159235954285,-0.2907569845016486,131839.82309370046
326.3918650150299,-0.2943397719883988,131839.94078433042
326.492160320282,-0.29185938065141787,131839.9467058974
326.5921211242676,-0.2928699104553731,131841.15203530766
326.692262172699,-0.2922268460346743,131840.1368317769
326.7922043800354,-0.2934211085302577,131840.2231485992
326.8914511203766,-0.29250244507211665,131839.7008337393
326.99196887016296,-0.29250244507211665,131838.13075036538
327.0916962623596,-0.291951246997232,131838.71767532884
327.1922469139099,-0.29130818257653324,131839.14590779596
327.29206800460815,-0.29002205373513573,131840.23131701635
327.3916742801666,-0.2902976527725781,131840.60818531472
327.4923746585846,-0.2908488508474627,131841.94736678325
327.59238934516907,-0.2944316383342129,131842.45263010493
327.6920895576477,-0.29038951911839217,131842.00736709443
327.79193449020386,-0.29048138546420627,131842.10663038498
327.89175486564636,-0.29149191526816143,131842.6959673465
327.9920370578766,-0.28993018738932164,131842.72637061184
328.09216499328613,-0.2930536431470013,131842.75373355066
328.1917333602905,-0.29140004892234733,131842.1783601956
328.29158782958984,-0.2909407171932768,131841.86052417604
328.3923349380493,-0.291951246997232,131842.67447175842
328.4922173023224,-0.29250244507211665,131843.30702458258
328.59240317344666,-0.2910325835390909,131844.17632212432
328.69196677207947,-0.2906651181558345,131844.4586899119
328.7922739982605,-0.2928699104553731,131843.71282092071
328.8920979499817,-0.2909407171932768,131842.84153882865
328.9919834136963,-0.290205786426764,131842.4573849458
329.091468334198,-0.2908488508474627,131842.91164645122
329.19214820861816,-0.2936048412218859,131843.72048180609
329.2916212081909,-0.29176751430560377,131843.34843362548
329.391401052475,-0.29002205373513573,131842.71359026292
329.49152660369873,-0.29268617776374484,131844.24223123663
329.59214067459106,-0.2902976527725781,131844.11800811297
329.69247484207153,-0.2892871229686229,131843.70620730167
329.791720867157,-0.29250244507211665,131844.3355865715
329.892374753952,-0.28910339027699467,131843.80202791435
329.991482257843,-0.2907569845016486,131844.32182512293
330.0921440124512,-0.2909407171932768,131843.58964261063
330.19220519065857,-0.2933292421844436,131843.93067834957
330.29199600219727,-0.29241057872630255,131843.5376105146
330.39202761650085,-0.29259431141793074,131844.18384946315
330.4919624328613,-0.2933292421844436,131843.46546451683
330.5924048423767,-0.2923187123804884,131843.31891806517
330.6922469139099,-0.28919525662280876,131843.38702625866
330.79234981536865,-0.29002205373513573,131843.5483236328
330.8922505378723,-0.29277804410955893,131843.19349126954
330.99165964126587,-0.2921349796888602,131843.7741421426
331.0921173095703,-0.291951246997232,131843.49672792834
331.19219279289246,-0.2923187123804884,131841.84705513553
331.29217553138733,-0.2928699104553731,131841.26234962197
331.39179849624634,-0.2936048412218859,131841.73611465978
331.4921190738678,-0.2894708556602511,131841.7625031938
331.59194922447205,-0.2934211085302577,131842.08625287443
331.69156527519226,-0.2950747027549116,131842.47762758698
331.7923684120178,-0.2934211085302577,131842.2298648283
331.8916883468628,-0.2908488508474627,131841.80687834547
331.99176716804504,-0.29176751430560377,131842.02619051092
332.09216475486755,-0.29057325181002036,131842.12357145982
332.1916034221649,-0.2920431133430461,131842.51121431382
332.2918322086334,-0.29323737583862947,131841.96009288245
332.39177107810974,-0.2908488508474627,131841.2640835942
332.49194049835205,-0.2929617768011872,131840.2376752348
332.59159803390503,-0.29057325181002036,131840.5139077113
332.69177889823914,-0.2936048412218859,131840.8625169402
332.79220366477966,-0.2923187123804884,131841.27626524618
332.8922288417816,-0.29241057872630255,131842.44863872157
332.9923486709595,-0.2909407171932768,131842.70377484942
333.09138345718384,-0.2915837816139756,131843.73339736447
333.191974401474,-0.2929617768011872,131842.96005762802
333.2915778160095,-0.2922268460346743,131843.26405186523
333.39179015159607,-0.29130818257653324,131842.9376466787
333.492369890213,-0.2908488508474627,131841.24388201084
333.5915837287903,-0.29112444988490505,131842.91949380975
333.69219160079956,-0.2916756479597897,131842.52754442877
333.79208278656006,-0.29176751430560377,131844.0747899859
333.89170694351196,-0.29140004892234733,131844.0673109873
333.9919083118439,-0.2923187123804884,131844.26057988856
334.09223532676697,-0.2920431133430461,131845.0345218997
334.1923704147339,-0.2936967075677,131845.13106970975
334.2920444011688,-0.2908488508474627,131844.81796273877
334.39217376708984,-0.2922268460346743,131844.6361664649
334.4921464920044,-0.29121631623071914,131845.7725498184
334.59223914146423,-0.2906651181558345,131844.19529483654
334.69224405288696,-0.2908488508474627,131843.3757653529
334.79144406318665,-0.291951246997232,131843.4381888176
334.8914284706116,-0.29185938065141787,131843.89436993585
334.9921672344208,-0.2906651181558345,131844.20493294226
335.09148716926575,-0.2935129748760718,131845.08443964802
335.19241881370544,-0.290205786426764,131845.27599568322
335.29196763038635,-0.29121631623071914,131845.2483961149
335.39161467552185,-0.2892871229686229,131844.32355650343
335.49189496040344,-0.2930536431470013,131845.2912008531
335.59200620651245,-0.29378857391351415,131844.6620807678
335.69173979759216,-0.29149191526816143,131844.89587269104
335.7923936843872,-0.29149191526816143,131844.60628542193
335.89149737358093,-0.29241057872630255,131845.34565687974
335.9921269416809,-0.2942479056425847,131845.41109119178
336.0915858745575,-0.29250244507211665,131847.4699820726
336.1920838356018,-0.29185938065141787,131847.52298386535
336.2922217845917,-0.2921349796888602,131847.37068547882
336.3918855190277,-0.2920431133430461,131846.83361693093
336.49168372154236,-0.2922268460346743,131847.05025523785
336.5921952724457,-0.29048138546420627,131847.34522971406
336.69179701805115,-0.2915837816139756,131846.51070674267
336.79218792915344,-0.2910325835390909,131846.6596360684
336.8919107913971,-0.2923187123804884,131845.29367246156
336.9918212890625,-0.2910325835390909,131846.1643052154
337.0917081832886,-0.2942479056425847,131846.34787469386
337.1923613548279,-0.29048138546420627,131845.91308722447
337.29223704338074,-0.29185938065141787,131845.121778502
337.391973733902,-0.2910325835390909,131845.30960065182
337.4914855957031,-0.2929617768011872,131846.17864058664
337.5919134616852,-0.29130818257653324,131844.66077652798
337.69168424606323,-0.291951246997232,131844.59469887518
337.79169631004333,-0.2933292421844436,131844.83522898768
337.89138770103455,-0.29415603929677053,131843.15170608892
337.9920983314514,-0.29057325181002036,131842.93653548002
338.09144020080566,-0.29250244507211665,131843.04288193202
338.1919119358063,-0.2936048412218859,131843.0385937388
338.2914991378784,-0.2936048412218859,131844.83473436494
338.3916211128235,-0.29140004892234733,131845.35126092844
338.49199891090393,-0.2935129748760718,131846.4161348356
338.59227108955383,-0.29176751430560377,131847.57452135204
338.69154357910156,-0.29149191526816143,131847.11706921682
338.79217886924744,-0.29415603929677053,131846.30536229516
338.8922975063324,-0.29323737583862947,131845.77482606564
338.9921324253082,-0.29314550949281537,131845.69734345906
339.0915517807007,-0.29112444988490505,131845.22760911315
339.19191098213196,-0.2915837816139756,131845.30484820183
339.2920868396759,-0.29112444988490505,131845.87436338165
339.39238929748535,-0.2902976527725781,131844.9869270435
339.4917685985565,-0.29259431141793074,131844.38823433916
339.59191036224365,-0.29185938065141787,131844.64941090526
339.6920418739319,-0.29378857391351415,131844.28446981474
339.79232573509216,-0.2947072373716552,131843.65602283325
339.8917326927185,-0.291951246997232,131843.39042054993
339.99166917800903,-0.2907569845016486,131842.85137849493
340.0918107032776,-0.2902976527725781,131841.46624064544
340.1917824745178,-0.2907569845016486,131840.2196165809
340.29182744026184,-0.291951246997232,131839.39765492282
340.39221477508545,-0.29038951911839217,131839.85788943054
340.49213123321533,-0.2923187123804884,131840.07210048748
340.591509103775,-0.2922268460346743,131840.16489043873
340.69248509407043,-0.2929617768011872,131840.44840139485
340.7917037010193,-0.2916756479597897,131840.20356125536
340.8923635482788,-0.29378857391351415,131840.28320512982
340.99200654029846,-0.2935129748760718,131839.75488461682
341.0920469760895,-0.2921349796888602,131840.57939615514
341.19211077690125,-0.2922268460346743,131840.92145653963
341.2919158935547,-0.29461537102584107,131840.62931088565
341.39168071746826,-0.29038951911839217,131840.9663797971
341.4916648864746,-0.2910325835390909,131840.16974181737
341.59215354919434,-0.2910325835390909,131839.85276763563
341.69231700897217,-0.29406417295095644,131840.56749087208
341.7914671897888,-0.29250244507211665,131840.41074178487
341.8920810222626,-0.29112444988490505,131840.46966760638
341.9914813041687,-0.2936967075677,131840.42270084575
342.0920395851135,-0.2910325835390909,131840.2804307612
342.19238567352295,-0.29057325181002036,131840.15238768508
342.2915675640106,-0.2936048412218859,131840.8371489166
342.39157938957214,-0.29268617776374484,131840.95343402494
342.49186182022095,-0.29268617776374484,131841.85809062247
342.59158420562744,-0.2921349796888602,131843.17228156023
342.6919686794281,-0.2930536431470013,131843.9550534042
342.7923402786255,-0.2928699104553731,131842.45954806378
342.8919358253479,-0.29241057872630255,131841.71359325742
342.9916694164276,-0.2936967075677,131841.24223393167
343.09167551994324,-0.29176751430560377,131840.3180105385
343.19151163101196,-0.29057325181002036,131840.08620948464
343.2917869091034,-0.2921349796888602,131840.27758853618
343.39158940315247,-0.2909407171932768,131840.24982968258
343.4919755458832,-0.2934211085302577,131838.22484671432
343.591769695282,-0.29277804410955893,131837.0023620429
343.69184160232544,-0.29277804410955893,131835.40212583862
343.79222440719604,-0.2920431133430461,131833.26191325477
343.8920156955719,-0.29185938065141787,131833.2357219293
343.9922842979431,-0.2943397719883988,131832.41214973637
344.09184074401855,-0.2906651181558345,131832.97093476274
344.19207739830017,-0.29259431141793074,131832.87384128646
344.29141998291016,-0.2930536431470013,131831.7864571578
344.39183735847473,-0.2920431133430461,131830.70781144203
344.49183893203735,-0.2922268460346743,131831.53703029783
344.591628074646,-0.291951246997232,131831.88332726806
344.69173645973206,-0.29140004892234733,131832.09499454126
344.79163885116577,-0.2923187123804884,131831.68549508712
344.89153504371643,-0.2928699104553731,131831.2169455784
344.99218487739563,-0.2909407171932768,131830.59525102057
345.09206366539,-0.2908488508474627,131831.3357259185
345.19229888916016,-0.29397230660514234,131831.70215332665
345.2921333312988,-0.29038951911839217,131831.031937994
345.3916344642639,-0.2934211085302577,131831.82874419462
345.49240255355835,-0.2908488508474627,131831.94586977514
345.5916950702667,-0.2907569845016486,131832.05128279762
345.6924889087677,-0.2908488508474627,131832.24615451787
345.7920591831207,-0.29314550949281537,131832.9215390661
345.8917877674103,-0.2908488508474627,131833.6293851595
345.991632938385,-0.2929617768011872,131833.66644664356
346.09215474128723,-0.29388044025932825,131835.0998019792
346.19239354133606,-0.2923187123804884,131835.4898217813
346.2917766571045,-0.29397230660514234,131834.74083960315
346.39201068878174,-0.29176751430560377,131834.16675564283
346.49170422554016,-0.29048138546420627,131834.75008007855
346.5920150279999,-0.2943397719883988,131835.3750720707
346.69225096702576,-0.29259431141793074,131835.23756486364
346.79210114479065,-0.29323737583862947,131837.11380837727
346.8919129371643,-0.28993018738932164,131837.10242753956
346.99158453941345,-0.2923187123804884,131837.89218478563
347.0918414592743,-0.29314550949281537,131838.20296630706
347.1918227672577,-0.2909407171932768,131838.98266967636
347.29212713241577,-0.29452350468002697,131839.18440270872
347.39231991767883,-0.29176751430560377,131839.06596243786
347.49136114120483,-0.291951246997232,131838.95936619406
347.59138798713684,-0.29241057872630255,131838.86342957465
347.6920676231384,-0.2944316383342129,131839.07708661718
347.79156136512756,-0.2933292421844436,131839.36937795547
347.89227509498596,-0.29452350468002697,131838.93244015993
347.99168968200684,-0.29176751430560377,131839.33919614393
348.09141540527344,-0.29241057872630255,131839.30527652954
348.1919643878937,-0.29378857391351415,131839.1747488766
348.29212498664856,-0.29121631623071914,131838.65727398894
348.39172410964966,-0.2929617768011872,131838.99154659006
348.4918863773346,-0.2923187123804884,131839.79239193106
348.59190225601196,-0.2948909700632834,131840.31315273797
348.6916220188141,-0.2928699104553731,131841.6818374642
348.7918059825897,-0.29397230660514234,131841.91365371778
348.89160680770874,-0.29176751430560377,131841.722288346
348.99200201034546,-0.2949828364090975,131841.5500595114
349.0921401977539,-0.2929617768011872,131841.99505356027
349.19220209121704,-0.29323737583862947,131842.09554820423
349.29199862480164,-0.29378857391351415,131843.28599338382
349.3921422958374,-0.2908488508474627,131843.35739404545
349.4921774864197,-0.2916756479597897,131843.9216546409
349.5917377471924,-0.2935129748760718,131844.8294891768
349.69245767593384,-0.29277804410955893,131845.54654025912
349.79196786880493,-0.29406417295095644,131845.4918862332
349.8916447162628,-0.29259431141793074,131844.5426976099
349.9914541244507,-0.28901152393118057,131844.18842784892
350.0920395851135,-0.29415603929677053,131843.66958506402
350.19159960746765,-0.29149191526816143,131842.80262655762
350.29190039634705,-0.29277804410955893,131843.32236390185
350.39180731773376,-0.29525843544653985,131842.79012751166
350.4914655685425,-0.29452350468002697,131841.7111147605
350.5921413898468,-0.29185938065141787,131842.04000328446
350.692125082016,-0.2948909700632834,131842.73600295602
350.79231691360474,-0.29149191526816143,131842.76240266042
350.8921365737915,-0.29176751430560377,131843.48616239437
350.9915792942047,-0.2933292421844436,131843.23754615494
351.0921952724457,-0.29057325181002036,131843.31379153946
351.19226694107056,-0.2923187123804884,131843.98241238552
351.29193925857544,-0.2934211085302577,131844.38417114696
351.3920958042145,-0.29314550949281537,131844.24575403225
351.4922263622284,-0.2935129748760718,131843.72117862903
351.59228348731995,-0.2930536431470013,131844.14906076613
351.69150257110596,-0.29268617776374484,131843.93415468952
351.7923550605774,-0.2944316383342129,131843.94073922056
351.8917782306671,-0.29176751430560377,131843.04666529852
351.9916739463806,-0.29241057872630255,131843.04199876866
352.09234857559204,-0.29277804410955893,131843.4377988918
352.19248151779175,-0.29130818257653324,131844.2940190026
352.29209899902344,-0.2928699104553731,131843.76461710237
352.3918216228485,-0.28993018738932164,131844.38815539214
352.49209356307983,-0.29130818257653324,131843.34933985292
352.59209275245667,-0.29140004892234733,131844.21440586765
352.6920278072357,-0.29397230660514234,131842.8929652809
352.7919020652771,-0.2923187123804884,131843.6036687528
352.8919801712036,-0.2947991037174693,131843.5433018775
352.99172377586365,-0.29516656910072575,131843.58897168975
353.0915575027466,-0.29415603929677053,131843.83007452078
353.19160079956055,-0.2922268460346743,131844.0470670687
353.29223346710205,-0.2923187123804884,131843.74236036182
353.3918619155884,-0.29323737583862947,131842.96812432565
353.4922077655792,-0.29268617776374484,131843.47131189308
353.5918445587158,-0.2910325835390909,131843.42418070376
353.6922628879547,-0.2922268460346743,131844.18176263338
353.79218077659607,-0.2915837816139756,131844.06358637003
353.8918468952179,-0.29185938065141787,131844.25722773303
353.9919648170471,-0.2909407171932768,131844.63150495972
354.09225821495056,-0.2922268460346743,131843.86835446375
354.19157576560974,-0.2921349796888602,131842.18151901738
354.291955947876,-0.29415603929677053,131841.46336711565
354.39187264442444,-0.29378857391351415,131840.5170304041
354.49169993400574,-0.2936048412218859,131840.9653273637
354.59203338623047,-0.2936967075677,131840.66879462733
354.69192242622375,-0.2920431133430461,131840.8019151646
354.79170966148376,-0.2934211085302577,131840.52172364813
354.89195823669434,-0.29277804410955893,131841.3695512833
354.9917290210724,-0.2930536431470013,131842.132596155
355.091979265213,-0.2909407171932768,131842.71933653948
355.1918761730194,-0.2930536431470013,131842.14740288554
355.29171657562256,-0.2943397719883988,131842.43266259698
355.3915984630585,-0.2922268460346743,131842.8893963373
355.4917356967926,-0.2916756479597897,131844.10045670357
355.5920295715332,-0.2934211085302577,131844.69041103323
355.69205689430237,-0.29672829697956554,131845.2213699299
355.792040348053,-0.2936967075677,131845.8992329369
355.89227652549744,-0.2921349796888602,131845.70930964322
355.9918966293335,-0.2936967075677,131845.83837867892
356.091810464859,-0.2944316383342129,131844.45454081104
356.1918637752533,-0.2922268460346743,131845.40908672995
356.2915861606598,-0.2934211085302577,131845.96817805697
356.39234924316406,-0.2935129748760718,131844.77136025127
356.4921705722809,-0.29130818257653324,131844.49422422616
356.5919725894928,-0.2947991037174693,131842.84480180356
356.69201493263245,-0.2947072373716552,131843.1603216232
356.7923541069031,-0.2935129748760718,131843.9442894609
356.892080783844,-0.29323737583862947,131843.54986051482
356.99184560775757,-0.29185938065141787,131842.49487446333
357.0918390750885,-0.29314550949281537,131843.045387017
357.1919312477112,-0.2942479056425847,131842.8408483153
357.2918529510498,-0.2949828364090975,131843.15676348377
357.3916528224945,-0.29259431141793074,131844.6410871354
357.49195861816406,-0.29149191526816143,131845.37697842185
357.5916244983673,-0.2923187123804884,131844.63928057966
357.69173645973206,-0.29323737583862947,131844.1753525217
357.7921392917633,-0.2930536431470013,131844.45781726955
357.89157152175903,-0.29185938065141787,131844.7120355426
357.9916527271271,-0.291951246997232,131844.44083198832
358.09208059310913,-0.29121631623071914,131843.2967487895
358.1915216445923,-0.2936048412218859,131843.36707391054
358.29208612442017,-0.291951246997232,131843.33036651948
358.3919291496277,-0.29149191526816143,131844.59732986754
358.4916067123413,-0.29415603929677053,131843.13759688078
358.59206771850586,-0.2934211085302577,131842.5238371927
358.69209814071655,-0.29378857391351415,131841.17145347345
358.7915954589844,-0.29415603929677053,131841.2543081261
358.89204692840576,-0.29378857391351415,131840.2288773135
358.9915683269501,-0.2921349796888602,131840.80598958215
359.0919017791748,-0.29323737583862947,131840.42539062395
359.1922609806061,-0.2929617768011872,131840.48285156157
359.29237484931946,-0.29525843544653985,131842.43456640543
359.39187502861023,-0.29241057872630255,131841.7911097649
359.4922604560852,-0.29378857391351415,131842.5119987884
359.591712474823,-0.29241057872630255,131842.86079890956
359.69248032569885,-0.29241057872630255,131842.47471901862
359.79218578338623,-0.2934211085302577,131841.92724711675
359.89229464530945,-0.29259431141793074,131841.53452240507
359.99158453941345,-0.2930536431470013,131840.58107016457
360.0915427207947,-0.29185938065141787,131839.02296314813
360.19168972969055,-0.2920431133430461,131838.2206668333
360.2916684150696,-0.2929617768011872,131839.29860014998
360.3918299674988,-0.29176751430560377,131837.868740135
360.4917039871216,-0.29544216813816804,131835.9818661215
360.59180426597595,-0.2933292421844436,131836.38367950934
360.6922013759613,-0.2929617768011872,131837.5453115584
360.7918210029602,-0.2928699104553731,131838.09078040256
360.89199900627136,-0.29250244507211665,131838.0817023623
360.99199748039246,-0.29268617776374484,131836.97353212608
361.0923590660095,-0.29259431141793074,131838.07617891347
361.19204449653625,-0.29185938065141787,131838.5685610221
361.292147397995,-0.2916756479597897,131838.7117049199
361.392014503479,-0.29259431141793074,131838.64053442792
361.49143052101135,-0.29388044025932825,131839.37648098514
361.5920407772064,-0.2921349796888602,131839.33883288663
361.6923134326935,-0.290205786426764,131839.30494959798
361.79218339920044,-0.29277804410955893,131840.07445463818
361.8923671245575,-0.2922268460346743,131839.36700917437
361.9920015335083,-0.2936967075677,131839.43030825694
362.09238386154175,-0.291951246997232,131838.78727743126
362.19205141067505,-0.29314550949281537,131839.20854968813
362.29218196868896,-0.29277804410955893,131838.98769471934
362.3920843601227,-0.29268617776374484,131838.38892524742
362.4921946525574,-0.29112444988490505,131838.65003272268
362.59211349487305,-0.29277804410955893,131839.3850294504
362.6917872428894,-0.29259431141793074,131839.34652650537
362.7921781539917,-0.2936967075677,131840.01187385482
362.8922162055969,-0.29185938065141787,131839.31068646934
362.992169380188,-0.2933292421844436,131838.87961782241
363.0923914909363,-0.2916756479597897,131839.29165604018
363.19215965270996,-0.29378857391351415,131839.86249043618
363.29173040390015,-0.29241057872630255,131839.37624139257
363.3915207386017,-0.29185938065141787,131839.33861725332
363.4915351867676,-0.2933292421844436,131840.704755528
363.5919518470764,-0.2930536431470013,131840.73427997518
363.69202399253845,-0.2944316383342129,131841.06085197767
363.79165625572205,-0.29268617776374484,131840.65476677992
363.8921582698822,-0.29268617776374484,131841.3892901019
363.99139976501465,-0.2936967075677,131842.0503610917
364.09159994125366,-0.29268617776374484,131842.84532498254
364.1921355724335,-0.29241057872630255,131843.2607924843
364.29204750061035,-0.2933292421844436,131844.6347132359
364.3923213481903,-0.2936967075677,131844.7712419123
364.49133253097534,-0.2948909700632834,131844.7941177211
364.59151887893677,-0.2930536431470013,131843.814705949
364.69210410118103,-0.29185938065141787,131845.5332353541
364.79218316078186,-0.2935129748760718,131844.8799118187
364.89214420318604,-0.2930536431470013,131845.59192063683
364.9921736717224,-0.2916756479597897,131845.73272857314
365.0919291973114,-0.2929617768011872,131846.35945571584
365.19188690185547,-0.291951246997232,131846.32351014426
365.29190850257874,-0.2933292421844436,131844.99115912983
365.39146280288696,-0.2933292421844436,131845.19204321684
365.49162769317627,-0.2942479056425847,131845.87283889516
365.5916094779968,-0.29314550949281537,131845.78555500566
365.6922330856323,-0.29268617776374484,131846.8069995051
365.7919943332672,-0.2928699104553731,131847.0262995546
365.8917033672333,-0.2936048412218859,131846.52366959915
365.991583108902,-0.2907569845016486,131845.47130263923
366.09205436706543,-0.29535030179235394,131845.4241723753
366.19172954559326,-0.29323737583862947,131846.28175513778
366.2914893627167,-0.2929617768011872,131846.953579624
366.3916778564453,-0.2948909700632834,131847.45822166163
366.4917879104614,-0.2930536431470013,131847.81239949545
366.59176111221313,-0.2935129748760718,131848.5311595459
366.6914656162262,-0.29176751430560377,131849.07804359132
366.79183626174927,-0.2950747027549116,131849.2702392322
366.89159417152405,-0.2943397719883988,131849.04321530898
366.9922938346863,-0.2933292421844436,131848.7388937781
367.0915775299072,-0.29149191526816143,131848.5650044003
367.1919860839844,-0.2950747027549116,131848.10850396028
367.2916443347931,-0.29378857391351415,131846.59765356424
367.39205622673035,-0.2922268460346743,131846.3378882078
367.4916226863861,-0.2934211085302577,131846.30409938702
367.5921175479889,-0.29277804410955893,131845.67368944833
367.6919889450073,-0.2928699104553731,131845.0063205035
367.79180908203125,-0.29397230660514234,131845.80568845317
367.89168977737427,-0.2933292421844436,131845.22511960787
367.9918863773346,-0.2933292421844436,131845.2026076471
368.09217500686646,-0.2921349796888602,131844.3823468824
368.19206047058105,-0.29452350468002697,131842.14411219416
368.29168009757996,-0.29259431141793074,131842.12970097477
368.3916118144989,-0.29397230660514234,131842.3167308773
368.49177718162537,-0.2929617768011872,131842.88505778956
368.6068789958954,-0.29516656910072575,131842.49655201062
368.6921446323395,-0.2169883088129207,131821.74689680955
368.79198265075684,-0.09480606888015841,131774.8722071286
368.8928894996643,0.13403299854278208,131679.28498641573
368.99341011047363,0.36094287270362635,131542.65648777416
369.0941686630249,0.5532191344925522,131377.89083899674
369.1930322647095,0.7641442644817419,131186.10175509707
369.2929353713989,1.0001489068781828,130961.19157958736
369.39235520362854,1.0703347950801605,130760.07242162863
369.49181270599365,1.063077353760846,130580.66517946578
369.59201407432556,1.0593108335824677,130421.4986615192
369.69187331199646,1.0542581845626917,130280.4487953673
369.7919855117798,1.0547175162917624,130156.90391583057
369.8916666507721,1.048470604776403,130046.01352424752
369.9915931224823,1.0515940605340826,129946.41217182277
370.0921814441681,1.047643807664076,129859.0709546405
370.19205355644226,1.0473682086266336,129780.46385917645
370.2918498516083,1.0453471490187234,129711.61747325881
370.3919653892517,1.0443366192147683,129650.85572593292
370.4922847747803,1.0393758365408063,129595.27015333963
370.59165120124817,1.03900837115755,129546.94313800566
370.69165110588074,1.0386409057742936,129504.2488242051
370.79159116744995,1.0384571730826653,129464.6239417846
370.89156794548035,1.0366198461663831,129429.56154760614
370.9916241168976,1.034598786558473,129399.00539284552
371.0915684700012,1.0352418509791717,129372.00485356097
371.1922209262848,1.0358849153998704,129347.80436820487
371.2914607524872,1.0343231875210306,129327.02393138439
371.3914113044739,1.0331289250254472,129308.12153824596
371.49154019355774,1.033771989446146,129290.90938442138
371.5923330783844,1.0308322663800944,129276.41844597925
371.6921103000641,1.0311078654175367,129265.27660138132
371.7914116382599,1.0311997317633508,129254.44894124319
371.89145398139954,1.0301892019593957,129245.10404711888
371.9914162158966,1.0301892019593957,129237.29364240699
372.09225368499756,1.0272494788933442,129230.4642781663
372.1915211677551,1.027065746201716,129224.81785034967
372.2912395000458,1.0276169442766008,129218.93606531472
372.3924129009247,1.0278925433140431,129214.84245878326
372.49171471595764,1.0267901471642737,129211.55821290493
372.59162878990173,1.0277088106224148,129207.90239161444
372.6919159889221,1.0257796173603186,129204.61215245299
372.7924094200134,1.0240341567898505,129202.9509372077
372.89188289642334,1.0232992260233378,129200.95584348694
372.9917039871216,1.0245853548647352,129199.46025913826
373.09169149398804,1.0242178894814788,129198.11423322443
373.19175481796265,1.024309755827293,129197.50280990198
373.2922456264496,1.0229317606400812,129197.6525289118
373.391877412796,1.0199001712282156,129197.58727602063
373.4922614097595,1.0221968298735684,129197.72854841856
373.5918641090393,1.021829364490312,129197.9556935767
373.69155168533325,1.02357482506078,129198.56012421905
373.7915937900543,1.01999203757403,129199.10411179715
373.89246702194214,1.0178791116203054,129200.09370061744
373.99210381507874,1.0197164385365876,129201.1843305557
374.0918025970459,1.0203595029572863,129201.56589750013
374.1924934387207,1.01686858181635,129203.70930775012
374.29235315322876,1.0181547106577478,129205.43837697511
374.3919925689697,1.0193489731533312,129206.79453927762
374.49183773994446,1.0186140423868182,129208.31508534985
374.5918962955475,1.0164092500872797,129209.38357681487
374.69192719459534,1.0180628443119335,129210.44521913338
374.7915482521057,1.016684849124722,129212.80069722005
374.89184951782227,1.0187977750784465,129212.82062749805
374.9915521144867,1.016776715470536,129214.73856474824
375.09195280075073,1.0147556558626256,129215.26470827342
375.1920621395111,1.017511646237049,129215.63823744608
375.2919135093689,1.0152149875916963,129217.77441370147
375.3916013240814,1.0172360471996067,129218.29697233133
375.4921820163727,1.0146637895168116,129220.3672750982
375.5922667980194,1.0173279135454207,129222.43054758839
375.6917474269867,1.0142963241335552,129223.98749282956
375.79182028770447,1.0153068539375103,129224.68874354662
375.8917579650879,1.0131939279837858,129224.61986919196
375.992075920105,1.0136532597128565,129227.15788227276
376.09182119369507,1.0126427299089014,129229.5420940455
376.19203639030457,1.0133776606754141,129230.68788464095
376.2919993400574,1.0142044577877412,129232.41909617686
376.39200258255005,1.012458997217273,129233.27718655918
376.49152731895447,1.0135613933670424,129234.14946790326
376.5924162864685,1.0131020616379718,129235.23452111294
376.69207239151,1.0127345962547154,129236.31106900166
376.79171228408813,1.0131020616379718,129236.9799621015
376.89166736602783,1.0108972693384333,129236.88196589136
376.9921905994415,1.0134695270212282,129238.49376930222
377.0921230316162,1.011632200104946,129239.144392372
377.1919722557068,1.010713536646805,129239.92995313481
377.29154658317566,1.011632200104946,129239.73695782133
377.3914499282837,1.0095192741512216,129240.7632620392
377.4920690059662,1.0118159327965743,129241.78693583529
377.59197425842285,1.0104379376093626,129243.40824225177
377.69155645370483,1.0108972693384333,129243.3674180266
377.79126238822937,1.0084168780014524,129244.03067622393
377.8917729854584,1.0100704722261062,129243.82760860154
377.99206352233887,1.0122752645256448,129245.04484774139
378.09185791015625,1.008968076076337,129246.84036296725
378.1912944316864,1.0096111404970358,129246.85632667053
378.2916896343231,1.0074982145433113,129247.47069400348
378.39220094680786,1.006303952047728,129248.02362460314
378.4915590286255,1.0083250116556381,129247.42126214283
378.5913589000702,1.0088762097305228,129248.37913592855
378.69185304641724,1.0071307491600547,129249.2412223357
378.7914559841156,1.0085087443472665,129250.21710010213
378.8921868801117,1.0070388828142407,129251.19539009192
378.99232935905457,1.0098867395344782,129252.27585108273
379.0926547050476,1.0071307491600547,129253.44826597447
379.191477060318,1.006487684739356,129254.60343937702
379.29226064682007,1.0094274078054075,129255.74309543933
379.3914337158203,1.0088762097305228,129255.46878589541
379.49174308776855,1.0086006106930805,129255.92190730588
379.59205865859985,1.00814127896401,129256.4297165753
379.6931622028351,1.0074982145433113,129257.68674491777
379.7918770313263,0.7564274914333569,129311.018070426
379.89197754859924,0.7544982981712607,129359.1162633834
379.99197602272034,0.7561518923959146,129401.80463704508
380.0918824672699,0.7552332289377734,129438.72417334058
380.19157433509827,0.755692560666844,129472.65175600653
380.29229521751404,0.7554169616294018,129502.98658040588
380.391241312027,0.753947100096376,129528.88792236529
380.49206948280334,0.7566112241249852,129552.99913012877
380.5918114185333,0.5729703988425853,129626.69921711589
380.6915166378021,0.5155539327087684,129693.02929540431
380.7921316623688,0.5166563288585376,129751.22636586388
380.8921961784363,0.5185855221206339,129804.2037292775
380.99216890335083,0.5168400615501659,129850.98335634975
381.09167194366455,0.5189529875038903,129893.08502071477
381.19224739074707,0.5190448538497044,129930.6765186433
381.2939519882202,0.41560334846302,130009.50886677898
381.3920569419861,0.3064661296358609,130081.55798010109
381.4916248321533,0.3079359911688866,130145.10218209098
381.5921549797058,0.31014078346842516,130201.1919638819
381.69167375564575,0.31087571423493804,130252.97276749372
381.7920296192169,0.3120699767305214,130297.67549074435
381.89183807373047,0.31280490749703427,130337.80794166992
381.9924111366272,0.3111513132723803,130383.12714750294
382.09167885780334,0.1184157197543839,130456.41443275264
382.1920692920685,0.12328463608253157,130522.17298947737
382.2924222946167,0.1250300966529996,130579.55569052964
382.39191222190857,0.1277860870274228,130630.70012147668
382.4915843009949,0.12787795337323693,130676.13010932901
382.59178495407104,0.1276942206816087,130716.01709839611
382.6918520927429,0.12714302260672405,130751.31538855651
382.7914459705353,0.1290722158688203,130782.88384970085
382.8917586803436,0.12925594856044853,130809.09546473077
382.99192690849304,0.12925594856044853,130833.98591825769
383.091543674469,0.1328387360471987,130856.98732643193
383.19266295433044,0.12971528028951906,130885.78859378875
383.2912197113037,-0.048689163281476704,130940.90973440987
383.3918936252594,-0.04152358830797635,130988.21876096888
383.49230670928955,-0.03904319697099547,131031.79688487199
383.5923116207123,-0.03895133062518136,131069.41719638479
383.6923985481262,-0.03500107775517476,131101.6754767463
383.79153299331665,-0.03252068641819387,131130.9079290717
383.8912637233734,-0.03481734506354655,131156.31713616452
383.99176049232483,-0.03151015661423869,131179.0854225481
384.0923385620117,-0.03151015661423869,131200.0768802933
384.192351102829,-0.030591493156097625,131218.26919226398
384.29130005836487,-0.03077522584772584,131234.24227303758
384.39172554016113,-0.0316020229600528,131247.01804573383
384.49139428138733,-0.027192438360975665,131259.41624116045
384.59207463264465,-0.027927369127488524,131270.17461704442
384.6922080516815,-0.02710057201516156,131279.55715533998
384.79194021224976,-0.028111101819116736,131287.70143980597
384.8923134803772,-0.02710057201516156,131296.33129582537
384.992427110672,-0.027559903744232096,131301.09816624282
385.0915541648865,-0.027743636435860308,131305.48834961856
385.19198775291443,-0.028202968164930845,131311.6395146567
385.2918586730957,-0.026641240286091026,131316.87556319105
385.39215087890625,-0.02553884413632174,131320.28800687194
385.49243450164795,-0.025079512407251207,131324.35920618474
385.59165263175964,-0.027559903744232096,131326.82328556626
385.69194197654724,-0.02489577971562299,131330.14095700963
385.7915213108063,-0.02563071048213585,131333.02686130867
385.89183497428894,-0.023334051836783172,131336.1241751778
385.992148399353,-0.024803913369808885,131338.51175766002
386.09161496162415,-0.022139789341199784,131341.060581894
386.1920657157898,-0.024803913369808885,131341.85452370462
386.29147458076477,-0.024252715294924242,131343.06907133418
386.39183282852173,-0.022415388378642105,131343.66216420077
386.49160861968994,-0.02397711625748192,131343.9959477807
386.5917761325836,-0.023058452799340854,131342.99635300264
386.6919889450073,-0.022323522032827996,131343.49671770236
386.7917981147766,-0.022966586453526745,131343.44704593212
386.8919415473938,-0.023242185490969066,131344.2023413389
386.9921464920044,-0.022323522032827996,131345.282107205
387.0916268825531,-0.023242185490969066,131344.9538964845
387.1917164325714,-0.020118729733289428,131346.05850683607
387.2918074131012,-0.01984313069584711,131346.25265615247
387.39192152023315,-0.022690987416084423,131345.2273905372
387.49219846725464,-0.023058452799340854,131344.8046514835
387.59167098999023,-0.02250725472445621,131343.72418633514
387.69164514541626,-0.020118729733289428,131342.6517677016
387.79224252700806,-0.019659398004218894,131342.28659093144
387.89228916168213,-0.01883260089189193,131341.1579318383
387.99182510375977,-0.020945526845616392,131341.54213865448
388.0920672416687,-0.020945526845616392,131340.18792478903
388.1922369003296,-0.02002686338747532,131339.66913231014
388.2919456958771,-0.02002686338747532,131338.10221907913
388.3923931121826,-0.020578061462359964,131337.2919971712
388.492356300354,-0.02048619511654586,131336.4627974541
388.5918667316437,-0.01920006627514836,131335.41651770868
388.69207215309143,-0.02039432877073175,131334.57486593782
388.79226517677307,-0.018373269162821396,131334.11737934404
388.8921263217926,-0.01910819992933425,131334.10564140964
388.99156975746155,-0.020118729733289428,131334.79507726867
389.09239649772644,-0.02002686338747532,131333.6155695418
389.192257642746,-0.018097670125379075,131332.15401258765
389.29211020469666,-0.02002686338747532,131332.5386113289
389.39217734336853,-0.018465135508635502,131330.884750196
389.4924190044403,-0.02048619511654586,131329.9962751764
389.5914704799652,-0.01920006627514836,131328.69664765877
389.6923222541809,-0.018465135508635502,131327.7269828929
389.79154229164124,-0.02002686338747532,131327.0542846036
389.8916754722595,-0.020302462424917643,131324.24885614324
389.9920377731323,-0.019567531658404788,131323.22397052892
390.09214448928833,-0.019291932620962467,131322.60157347604
390.19214153289795,-0.018465135508635502,131322.04141612846
390.2921357154846,-0.019383798966776573,131321.5372745156
390.3922915458679,-0.01883260089189193,131321.28354706406
390.4919092655182,-0.01763833839630854,131319.75519235764
390.5919990539551,-0.017822071087936753,131319.5796731219
390.691862821579,-0.01800580377956497,131319.0217058097
390.7922031879425,-0.01920006627514836,131318.1195352287
390.8923168182373,-0.016535942246539256,131318.10758170584
390.9924054145813,-0.02066992780817407,131316.89682353527
391.09195160865784,-0.01892446723770604,131316.10714118174
391.1923334598541,-0.017454605704680326,131316.59642706357
391.29155349731445,-0.01763833839630854,131316.83678435723
391.3918128013611,-0.01828140281700729,131315.35310592153
391.49224185943604,-0.015617278788398187,131313.21779532937
391.59159088134766,-0.019934997041661216,131312.19601579642
391.69169330596924,-0.017270873013052114,131312.07641421678
391.7919714450836,-0.016995273975609793,131312.9687727951
391.891966342926,-0.019567531658404788,131311.4718955156
391.9923596382141,-0.016627808592353365,131311.72470596404
392.0914614200592,-0.018465135508635502,131310.95223536764
392.19230246543884,-0.01800580377956497,131310.05701183088
392.2914836406708,-0.017270873013052114,131307.8513106478
392.39214611053467,-0.017454605704680326,131308.46617958302
392.4919729232788,-0.019934997041661216,131308.21956162472
392.5920865535736,-0.017822071087936753,131307.69760546225
392.6919572353363,-0.016811541283981577,131307.92784491603
392.79209184646606,-0.01828140281700729,131308.33506042443
392.89242792129517,-0.017179006667238005,131307.10155438198
392.9921796321869,-0.017454605704680326,131307.5913989438
393.09205770492554,-0.018648868200263718,131308.3322590494
393.1920642852783,-0.016627808592353365,131309.29903314446
393.29239439964294,-0.016535942246539256,131309.96912983002
393.39142084121704,-0.01736273935886622,131310.072216847
393.4914321899414,-0.019291932620962467,131310.8649951623
393.5915570259094,-0.017454605704680326,131309.57849564607
393.6916732788086,-0.01671967493816747,131310.02064608148
393.79177832603455,-0.01736273935886622,131310.31858147334
393.89165711402893,-0.015709145134212295,131310.186723326
393.99146914482117,-0.016535942246539256,131310.86805099342
394.0918731689453,-0.018465135508635502,131311.08124589408
394.19158816337585,-0.01763833839630854,131312.07312130468
394.2922885417938,-0.01763833839630854,131312.3658091742
394.39195108413696,-0.01671967493816747,131311.82922825677
394.4922857284546,-0.01800580377956497,131311.9463054311
394.59184551239014,-0.016260343209096934,131311.651674888
394.6922643184662,-0.016352209554911044,131312.18650739922
394.79229974746704,-0.016352209554911044,131311.7678566593
394.89210295677185,-0.017546472050494432,131311.79107099338
394.99198508262634,-0.0170871403214239,131312.71196389405
395.0922131538391,-0.016168476863282828,131313.64076750466
395.1921763420105,-0.016903407629795683,131312.8766907542
395.2920022010803,-0.016627808592353365,131313.38902167877
395.39173412323,-0.015157947059327652,131313.8501195109
395.49177622795105,-0.01671967493816747,131313.16510755982
395.5917901992798,-0.0170871403214239,131311.94859680385
395.69235014915466,-0.016811541283981577,131311.25373712345
395.79148387908936,-0.017822071087936753,131309.9283634111
395.89161467552185,-0.017270873013052114,131309.33552707
395.99189352989197,-0.015066080713513546,131310.10197436303
396.092209815979,-0.016995273975609793,131309.49177692673
396.1915535926819,-0.017822071087936753,131310.34259923405
396.292373418808,-0.016995273975609793,131310.00833931065
396.39154052734375,-0.018648868200263718,131309.80750537958
396.4917471408844,-0.015984744171654616,131309.9267548416
396.5918607711792,-0.017913937433750863,131309.43407935745
396.6915166378021,-0.01524981340514176,131308.6906714217
396.7915177345276,-0.01524981340514176,131308.02160427955
396.8920056819916,-0.018097670125379075,131308.1194438516
396.99199867248535,-0.016076610517468722,131308.80749946646
397.09231424331665,-0.01644407590072515,131307.0267495198
397.1916537284851,-0.017913937433750863,131306.82407456782
397.2918405532837,-0.019291932620962467,131306.64166711102
397.3920705318451,-0.017546472050494432,131307.87750039992
397.4920244216919,-0.01671967493816747,131306.78975035992
397.59216833114624,-0.016627808592353365,131306.41077532392
397.692019701004,-0.01488234802188533,131305.06969779154
397.7919056415558,-0.01552541244258408,131306.46272801238
397.89189291000366,-0.01800580377956497,131306.51645521115
397.9914803504944,-0.014974214367699438,131307.36480969004
398.09231305122375,-0.015433546096769973,131307.72832872104
398.1919860839844,-0.0158010114800264,131306.85549584895
398.29177045822144,-0.016076610517468722,131306.26994626407
398.3914484977722,-0.01552541244258408,131306.34295163766
398.4922420978546,-0.01800580377956497,131305.7086564739
398.5922203063965,-0.017454605704680326,131305.1377908265
398.6919147968292,-0.0170871403214239,131305.42401174386
398.7915334701538,-0.015157947059327652,131304.98161056946
398.8923740386963,-0.016811541283981577,131304.4834495125
398.9919767379761,-0.015341679750955866,131303.23510456126
399.091845035553,-0.016076610517468722,131302.81159410515
399.192097902298,-0.015157947059327652,131302.83043469462
399.2919397354126,-0.01552541244258408,131302.54739122518
399.3916358947754,-0.015066080713513546,131303.39265210266
399.49202370643616,-0.016076610517468722,131303.9533868924
399.59190487861633,-0.016076610517468722,131303.55804820315
399.6912474632263,-0.016352209554911044,131304.30224338284
399.7915630340576,-0.016168476863282828,131303.47201904457
399.8916757106781,-0.014974214367699438,131303.6248171401
399.99164175987244,-0.017730204742122647,131303.4623354261
400.0915479660034,-0.01433114994700069,131302.6161018835
400.19177508354187,-0.015433546096769973,131302.85449169515
400.2919211387634,-0.015066080713513546,131303.16904252564
400.3918991088867,-0.016535942246539256,131303.45213827307
400.4920346736908,-0.014423016292814797,131303.90692444576
400.5916430950165,-0.0170871403214239,131303.91623200118
400.6916329860687,-0.017270873013052114,131303.12460880107
400.79200506210327,-0.015892877825840507,131303.31214792095
400.89144492149353,-0.0158010114800264,131303.68093312887
400.99182748794556,-0.016260343209096934,131303.612839816
401.0919327735901,-0.016168476863282828,131302.0515558344
401.1916470527649,-0.01644407590072515,131302.74640025097
401.29136061668396,-0.016352209554911044,131302.4717602259
401.3919765949249,-0.01488234802188533,131303.0245842033
401.4921908378601,-0.01818953647119318,131303.42212578296
401.59143805503845,-0.014790481676071224,131303.27991320466
401.6922240257263,-0.01671967493816747,131304.3519218842
401.792044878006,-0.015066080713513546,131305.01672969578
401.8918023109436,-0.016627808592353365,131306.2150567262
401.99235248565674,-0.017546472050494432,131305.2935510536
402.0917980670929,-0.017730204742122647,131305.66419594822
402.19174814224243,-0.01488234802188533,131306.3977763534
402.2922160625458,-0.01433114994700069,131306.65799871806
402.39167165756226,-0.016627808592353365,131304.29219884626
402.49232029914856,-0.016811541283981577,131304.06297896165
402.59164333343506,-0.015066080713513546,131305.0566810655
402.69183707237244,-0.015709145134212295,131304.75101295896
402.7916810512543,-0.01460674898444301,131304.9759116631
402.8921649456024,-0.01828140281700729,131304.07832049677
402.9918158054352,-0.01763833839630854,131304.97048844708
403.0921437740326,-0.015066080713513546,131305.6734396024
403.19158601760864,-0.014514882638628903,131305.70609564215
403.29233145713806,-0.01524981340514176,131305.33548607794
403.39175486564636,-0.016352209554911044,131305.30193747015
403.4918565750122,-0.016535942246539256,131306.57174372315
403.59201097488403,-0.017270873013052114,131306.71456935082
403.69206261634827,-0.01524981340514176,131306.64311241574
403.792329788208,-0.01552541244258408,131306.57880117415
403.8915057182312,-0.01552541244258408,131305.22092105672
403.99207377433777,-0.013045021105603192,131305.59882895104
404.0917031764984,-0.016627808592353365,131304.03894605592
404.1918818950653,-0.018373269162821396,131303.33505145033
404.29165291786194,-0.014790481676071224,131303.1015463053
404.3924539089203,-0.016903407629795683,131303.99139167476
404.49146842956543,-0.016627808592353365,131303.6922525073
404.5914800167084,-0.013320620143045513,131302.92302725656
404.6918148994446,-0.01644407590072515,131302.53072453092
404.7922554016113,-0.01524981340514176,131301.17765207784
404.89149284362793,-0.0158010114800264,131300.85988687005
404.9923896789551,-0.014423016292814797,131300.77389818305
405.0915274620056,-0.015892877825840507,131300.89650836476
405.19155955314636,-0.014239283601186582,131300.6068575283
405.291880607605,-0.0158010114800264,131300.24617177548
405.3919939994812,-0.014055550909558368,131299.22155459793
405.4920790195465,-0.016535942246539256,131297.29939913814
405.5916018486023,-0.016352209554911044,131296.76945922434
405.6920702457428,-0.014790481676071224,131295.79251330192
405.79222416877747,-0.016168476863282828,131294.81326197172
405.8918387889862,-0.016627808592353365,131295.33193577453
405.9921872615814,-0.012953154759789084,131294.89874219708
406.0918254852295,-0.013504352834673727,131295.40886797738
406.19191813468933,-0.017179006667238005,131295.06798117966
406.2920413017273,-0.016352209554911044,131295.1611830617
406.39197611808777,-0.017179006667238005,131293.24506475552
406.49197483062744,-0.016260343209096934,131292.72055827998
406.5920627117157,-0.016903407629795683,131292.448502452
406.6915032863617,-0.016076610517468722,131291.5036522068
406.79193210601807,-0.015709145134212295,131290.85328698612
406.8918249607086,-0.015709145134212295,131290.8679582875
406.9920697212219,-0.016260343209096934,131290.08116245875
407.0920202732086,-0.016352209554911044,131290.3730462129
407.1916663646698,-0.01433114994700069,131292.2357415916
407.29241824150085,-0.015709145134212295,131293.81216743245
407.3914477825165,-0.01488234802188533,131293.3309506892
407.491991519928,-0.0170871403214239,131291.5978556203
407.5915172100067,-0.01524981340514176,131292.83807005826
407.6920762062073,-0.016535942246539256,131294.65426305245
407.79150557518005,-0.015984744171654616,131294.2888367472
407.89238834381104,-0.016535942246539256,131294.1599530725
407.9920160770416,-0.014239283601186582,131295.24395776523
408.0917716026306,-0.013504352834673727,131294.5195619887
408.1919996738434,-0.014790481676071224,131292.96760578983
408.2917881011963,-0.013779951872116048,131293.97084521086
408.3919095993042,-0.01488234802188533,131293.87376068978
408.4914481639862,-0.01644407590072515,131292.6863846208
408.5920932292938,-0.015984744171654616,131292.01774615873
408.6921947002411,-0.015617278788398187,131291.61597154287
408.79193925857544,-0.015709145134212295,131291.6543743886
408.8924021720886,-0.015984744171654616,131290.88893694975
408.9922275543213,-0.014514882638628903,131289.80004325477
409.0920081138611,-0.016168476863282828,131289.22003892928
409.19207978248596,-0.01368808552630194,131288.99803503638
409.2914810180664,-0.014514882638628903,131289.29823153274
409.39222168922424,-0.019016333583520145,131290.26840837946
409.4917197227478,-0.016627808592353365,131289.3415675415
409.5921039581299,-0.016903407629795683,131289.80741078735
409.69209599494934,-0.015433546096769973,131289.6266697086
409.7916054725647,-0.016903407629795683,131290.56400273775
409.89187264442444,-0.014055550909558368,131290.307602464
409.9921410083771,-0.014239283601186582,131290.0768422176
410.0917446613312,-0.016260343209096934,131290.96915799583
410.1921455860138,-0.014790481676071224,131291.47224219624
410.29154419898987,-0.017454605704680326,131291.62501797662
410.3922667503357,-0.014147417255372476,131292.46251617896
410.4915940761566,-0.015984744171654616,131293.11626456107
410.59205317497253,-0.01433114994700069,131293.60463810497
410.69148111343384,-0.016535942246539256,131294.1441742945
410.7921633720398,-0.014147417255372476,131295.32975686505
410.8917956352234,-0.01524981340514176,131296.39678117854
410.9919767379761,-0.014790481676071224,131295.8571030607
411.0920219421387,-0.014974214367699438,131297.17139275462
411.19224214553833,-0.015617278788398187,131297.05425347917
411.2914505004883,-0.014514882638628903,131298.44882813125
411.3924117088318,-0.014790481676071224,131297.90394531813
411.4917640686035,-0.015433546096769973,131296.61355078634
411.59150099754333,-0.016168476863282828,131296.3521957077
411.69196128845215,-0.016076610517468722,131295.61697613692
411.79237604141235,-0.015157947059327652,131294.95527852324
411.8916583061218,-0.014423016292814797,131294.2597506709
411.9923765659332,-0.015617278788398187,131293.3337756038
412.09159088134766,-0.01433114994700069,131294.1003980434
412.19234323501587,-0.016076610517468722,131295.49035823907
412.29228115081787,-0.013228753797231405,131297.34132241516
412.39210391044617,-0.013412486488859619,131297.50719017364
412.4921028614044,-0.014055550909558368,131298.45647115627
412.592081785202,-0.015709145134212295,131298.51082404066
412.6919355392456,-0.0158010114800264,131297.6597416366
412.79203486442566,-0.014790481676071224,131298.79376747293
412.89226818084717,-0.013504352834673727,131299.81439072563
412.9914743900299,-0.01800580377956497,131299.93295165306
413.0922517776489,-0.014147417255372476,131298.33965648775
413.19213914871216,-0.013779951872116048,131298.30569083898
413.2920444011688,-0.014239283601186582,131298.8751217551
413.3918967247009,-0.015066080713513546,131298.48760957958
413.4920711517334,-0.01552541244258408,131298.63884862163
413.5921905040741,-0.014423016292814797,131299.47496375948
413.69221210479736,-0.015617278788398187,131299.02746738354
413.79161167144775,-0.013320620143045513,131300.92472064518
413.8914797306061,-0.015341679750955866,131301.53224858068
413.992148399353,-0.014698615330257117,131302.77902372263
414.09144401550293,-0.014055550909558368,131302.0011213504
414.1917734146118,-0.014790481676071224,131301.20100921535
414.2916564941406,-0.01488234802188533,131300.48090829383
414.39238262176514,-0.015341679750955866,131299.13281746444
414.4916961193085,-0.014147417255372476,131299.519535718
414.59160566329956,-0.01488234802188533,131299.0675821462
414.6916003227234,-0.014790481676071224,131298.9608239316
414.7914249897003,-0.014423016292814797,131299.76474153844
414.89164876937866,-0.016903407629795683,131299.98826738462
414.9919948577881,-0.013320620143045513,131299.28944064616
415.0921802520752,-0.015157947059327652,131299.06049658154
415.191513299942,-0.01552541244258408,131298.6544469234
415.2918961048126,-0.014974214367699438,131300.2890022311
415.3917818069458,-0.016627808592353365,131299.86010200798
415.4918644428253,-0.016168476863282828,131300.2740918072
415.59173130989075,-0.014514882638628903,131301.04668262647
415.6916708946228,-0.01524981340514176,131300.44201436383
415.7922291755676,-0.014055550909558368,131300.29781292746
415.89164900779724,-0.013320620143045513,131299.86803163472
415.9917998313904,-0.01644407590072515,131299.68122847125
416.091521024704,-0.017454605704680326,131298.61310562413
416.1918683052063,-0.014239283601186582,131298.35179506172
416.29204058647156,-0.016811541283981577,131297.71661555555
416.3922333717346,-0.014147417255372476,131297.244954
416.49154448509216,-0.014514882638628903,131297.2204586
416.59170627593994,-0.015341679750955866,131297.79841274
416.6922767162323,-0.015433546096769973,131298.618571466
416.79163575172424,-0.013779951872116048,131299.7567143194
416.8916206359863,-0.013412486488859619,131300.78104288748
416.9915723800659,-0.016352209554911044,131302.00293859874
417.091609954834,-0.015066080713513546,131303.00264473888
417.1922390460968,-0.015433546096769973,131302.402380265
417.291921377182,-0.013045021105603192,131303.4621422385
417.39162826538086,-0.01276942206816087,131302.11592801468
417.4915146827698,-0.016168476863282828,131302.50433521322
417.5922770500183,-0.01433114994700069,131303.3539016919
417.6922700405121,-0.014147417255372476,131302.91851152273
417.79181456565857,-0.013504352834673727,131302.42666037046
417.89243721961975,-0.015066080713513546,131301.68399433343
417.99167370796204,-0.015892877825840507,131302.2155949001
418.0921800136566,-0.014147417255372476,131302.4940354101
418.1921076774597,-0.014423016292814797,131302.0446318691
418.29170966148376,-0.015892877825840507,131302.3401686822
418.3924379348755,-0.014790481676071224,131301.70615181397
418.4914734363556,-0.015892877825840507,131301.73553663256
418.59199118614197,-0.015341679750955866,131301.76198296933
418.69234800338745,-0.013871818217930154,131300.6857846724
418.79190826416016,-0.014514882638628903,131300.51720620514
418.8921308517456,-0.015892877825840507,131300.66548558464
418.99224758148193,-0.014514882638628903,131301.29893702618
419.0920593738556,-0.01460674898444301,131300.66904332355
419.1918351650238,-0.016535942246539256,131300.3021389912
419.29194474220276,-0.015433546096769973,131300.6719250921
419.392071723938,-0.01552541244258408,131300.10473258287
419.49202394485474,-0.014790481676071224,131299.5942593246
419.59214210510254,-0.013228753797231405,131300.03483339216
419.69227361679077,-0.016352209554911044,131300.03135005294
419.79211497306824,-0.013779951872116048,131298.82821504766
419.89157724380493,-0.016995273975609793,131298.54539354288
419.99155044555664,-0.015892877825840507,131298.5908541886
420.0922679901123,-0.015709145134212295,131299.23176876974
420.1914412975311,-0.014790481676071224,131298.80859189277
420.29200315475464,-0.014974214367699438,131298.7277327035
420.3917832374573,-0.014974214367699438,131299.45495943315
420.49152755737305,-0.018465135508635502,131299.40946348984
420.59208846092224,-0.016352209554911044,131300.06851714084
420.6920051574707,-0.013963684563744262,131299.36166542675
420.7921311855316,-0.01552541244258408,131299.5254988841
420.8915891647339,-0.01524981340514176,131298.47294899568
420.99238634109497,-0.01488234802188533,131298.62565409613
421.0917568206787,-0.012401956684904443,131298.7630886865
421.1915457248688,-0.015066080713513546,131298.08677981785
421.2917788028717,-0.014055550909558368,131296.27810183607
421.391699552536,-0.016811541283981577,131295.35029165246
421.4923551082611,-0.01433114994700069,131294.81526248722
421.59167528152466,-0.013871818217930154,131293.6337362385
421.6921534538269,-0.013045021105603192,131293.57036261464
421.79237604141235,-0.014514882638628903,131293.91332635318
421.8919744491577,-0.016168476863282828,131294.82199371787
421.99157333374023,-0.014514882638628903,131295.03979434608
422.09177446365356,-0.014239283601186582,131296.03581491148
422.1919786930084,-0.014147417255372476,131295.23223342033
422.2913553714752,-0.016260343209096934,131295.5090100783
422.39156675338745,-0.015617278788398187,131294.15810907047
422.49233055114746,-0.014698615330257117,131294.44229816343
422.5922417640686,-0.013871818217930154,131295.2980683471
422.6923086643219,-0.015066080713513546,131294.6682615124
422.7919738292694,-0.014514882638628903,131294.60143536114
422.89233589172363,-0.013871818217930154,131294.14129182504
422.9915370941162,-0.015617278788398187,131294.22716264252
423.09201550483704,-0.014423016292814797,131294.40444637826
423.1918842792511,-0.0158010114800264,131293.96400174045
423.2914824485779,-0.01644407590072515,131293.4676015664
423.3918318748474,-0.013228753797231405,131294.02084140977
423.4916892051697,-0.015892877825840507,131294.3187572688
423.5915701389313,-0.01671967493816747,131293.78688154192
423.69219946861267,-0.015984744171654616,131293.00819338774
423.79156613349915,-0.01644407590072515,131292.70737404897
423.8919563293457,-0.016627808592353365,131292.43663664407
423.9916093349457,-0.014147417255372476,131293.29297297966
424.0920822620392,-0.016168476863282828,131293.46367568168
424.19182562828064,-0.014423016292814797,131293.7173081135
424.29171657562256,-0.017454605704680326,131292.84557730216
424.39170265197754,-0.015157947059327652,131292.96101957196
424.491806268692,-0.01433114994700069,131293.36491761476
424.591730594635,-0.012861288413974978,131294.1284258533
424.6918079853058,-0.013228753797231405,131295.01558326796
424.79169392585754,-0.01488234802188533,131295.11402494117
424.8917827606201,-0.015892877825840507,131294.90262244706
424.99225878715515,-0.013596219180487833,131294.91236020235
425.0915627479553,-0.015984744171654616,131293.42112418212
425.19180178642273,-0.016352209554911044,131293.17901176392
425.2916507720947,-0.01460674898444301,131293.36111058755
425.392142534256,-0.013779951872116048,131292.7249995288
425.4920930862427,-0.013228753797231405,131293.05249957592
425.59242367744446,-0.014055550909558368,131291.74724961835
425.69206500053406,-0.015066080713513546,131291.9725246565
425.7914671897888,-0.015157947059327652,131292.67527219086
425.89187455177307,-0.013963684563744262,131293.20774497176
425.99171900749207,-0.014514882638628903,131292.4869704746
426.0922329425812,-0.015066080713513546,131291.23827342712
426.19209599494934,-0.015157947059327652,131290.7144460844
426.29212975502014,-0.014974214367699438,131291.54300147598
426.39231395721436,-0.014423016292814797,131289.88870132837
426.49187779426575,-0.017730204742122647,131288.69983119552
426.5923225879669,-0.015433546096769973,131287.82984807598
426.69157457351685,-0.017270873013052114,131287.9468632684
426.7914786338806,-0.015709145134212295,131287.85217694155
426.89183735847473,-0.01433114994700069,131288.3669592474
426.99156498908997,-0.016352209554911044,131289.23026332265
427.09196496009827,-0.014698615330257117,131290.50723699038
427.1915862560272,-0.014974214367699438,131290.85651329134
427.29198598861694,-0.0131368874514173,131291.7708619622
427.39222049713135,-0.012953154759789084,131292.19377576598
427.4920094013214,-0.013596219180487833,131291.4743981894
427.5922040939331,-0.016260343209096934,131291.42695837046
427.6924386024475,-0.015066080713513546,131292.5842625334
427.7923700809479,-0.014974214367699438,131293.22583628006
427.89180421829224,-0.014514882638628903,131292.90325265206
427.9920234680176,-0.015066080713513546,131293.11292738686
428.0917377471924,-0.014698615330257117,131293.60163464816
428.19217133522034,-0.013871818217930154,131294.04147118336
428.29214429855347,-0.01368808552630194,131293.43732406502
428.39159536361694,-0.015341679750955866,131293.8935916585
428.491632938385,-0.013779951872116048,131293.20423249266
428.59203577041626,-0.016995273975609793,131293.6838092434
428.69211077690125,-0.0158010114800264,131293.61542831906
428.79226994514465,-0.014790481676071224,131293.95388548716
428.8915436267853,-0.0158010114800264,131293.25849693845
428.991801738739,-0.01552541244258408,131292.33264724462
429.0921745300293,-0.014974214367699438,131292.69938252016
429.1920566558838,-0.016168476863282828,131291.82944426817
429.292209148407,-0.014974214367699438,131292.54649984135
429.39188146591187,-0.014239283601186582,131293.49184985724
429.49145674705505,-0.013504352834673727,131292.8426648715
429.59196424484253,-0.016352209554911044,131292.15839838437
429.69223189353943,-0.016352209554911044,131292.64255854595
429.7914397716522,-0.014514882638628903,131292.47830269136
429.892329454422,-0.0158010114800264,131292.03047242222
429.991482257843,-0.01460674898444301,131292.42742518
430.0918095111847,-0.011207694189321053,131292.584682662
430.1922562122345,-0.014147417255372476,131292.92621439582
430.29188799858093,-0.016168476863282828,131293.63359295623
430.39208364486694,-0.016076610517468722,131292.0702336606
430.4918386936188,-0.013963684563744262,131292.26321029454
430.59185791015625,-0.016903407629795683,131292.93688926508
430.69176292419434,-0.014423016292814797,131293.84320033857
430.79214334487915,-0.014055550909558368,131292.65888030472
430.892276763916,-0.016076610517468722,131291.49299227426
430.9915041923523,-0.015341679750955866,131291.24369304682
431.0914671421051,-0.014055550909558368,131290.01932374213
431.1919209957123,-0.015157947059327652,131290.41739136793
431.2915074825287,-0.015709145134212295,131289.67565223112
431.3917410373688,-0.014423016292814797,131291.40808700802
431.4919731616974,-0.016627808592353365,131291.26727830723
431.5914249420166,-0.01644407590072515,131292.2405504765
431.6918058395386,-0.015984744171654616,131292.01649542886
431.7919783592224,-0.014974214367699438,131291.91484588597
431.8917832374573,-0.01671967493816747,131292.02336129738
431.9915599822998,-0.013596219180487833,131291.02102516766
432.0916292667389,-0.015892877825840507,131290.1189226509
432.1921441555023,-0.015433546096769973,131289.5070303858
432.2922146320343,-0.016352209554911044,131289.65632734724
432.3922469615936,-0.01671967493816747,131290.09069461253
432.4923083782196,-0.014514882638628903,131290.68162515128
432.59172677993774,-0.015709145134212295,131292.11346263616
432.6923403739929,-0.01276942206816087,131293.10211637255
432.791944026947,-0.015984744171654616,131293.29190473532
432.89169096946716,-0.01524981340514176,131292.46271426178
432.9919731616974,-0.013412486488859619,131291.7164428356
433.0922336578369,-0.016535942246539256,131290.34479855205
433.1916434764862,-0.014423016292814797,131289.81031869684
433.2923924922943,-0.01671967493816747,131288.72928682715
433.392192363739,-0.013504352834673727,131288.65635814442
433.49157881736755,-0.014790481676071224,131288.59072232997
433.5922107696533,-0.013963684563744262,131288.83165009698
433.69148898124695,-0.016535942246539256,131288.5484850873
433.79223918914795,-0.016627808592353365,131286.59363657856
433.8919711112976,-0.013596219180487833,131288.13427292072
433.9922661781311,-0.016168476863282828,131288.62084562864
434.09161949157715,-0.01488234802188533,131289.35876106579
434.19185066223145,-0.016535942246539256,131289.0228849592
434.29228115081787,-0.016260343209096934,131288.3205964633
434.3918101787567,-0.01552541244258408,131288.98853681696
434.4920771121979,-0.016076610517468722,131287.38968313526
434.59173941612244,-0.014790481676071224,131287.55071482173
434.69229888916016,-0.0158010114800264,131288.29564333957
434.79232263565063,-0.014790481676071224,131288.36607900562
434.89182806015015,-0.01368808552630194,131288.62947110506
434.9923141002655,-0.015892877825840507,131289.26652399456
435.0922727584839,-0.014423016292814797,131290.3398715951
435.1915647983551,-0.014698615330257117,131288.50588443558
435.29226303100586,-0.013871818217930154,131289.35529599202
435.3919756412506,-0.016811541283981577,131289.81976639281
435.4918577671051,-0.0158010114800264,131290.03778975355
435.591757774353,-0.01488234802188533,131290.7340107782
435.6916694641113,-0.014974214367699438,131291.5606097004
435.7916512489319,-0.0131368874514173,131292.20454873034
435.8919243812561,-0.014974214367699438,131291.5840938573
435.99223589897156,-0.01524981340514176,131291.82568447158
436.09207701683044,-0.015433546096769973,131291.64311602444
436.19234824180603,-0.01276942206816087,131291.47880442202
436.2915654182434,-0.01433114994700069,131290.03092397982
436.39159536361694,-0.015892877825840507,131290.02783158183
436.49223351478577,-0.013228753797231405,131289.52504842365
436.5919198989868,-0.01460674898444301,131290.37254358127
436.6924285888672,-0.013779951872116048,131290.03528922316
436.79232382774353,-0.0158010114800264,131290.83176030085
436.89180994033813,-0.017454605704680326,131289.34858427077
436.9919059276581,-0.01460674898444301,131288.6137258437
437.0921587944031,-0.015341679750955866,131288.25235325933
437.1914715766907,-0.014514882638628903,131289.3271179334
437.2922554016113,-0.014974214367699438,131290.49440614006
437.39203810691833,-0.014055550909558368,131289.74496552604
437.4914724826813,-0.013871818217930154,131290.07046897343
437.5921175479889,-0.015433546096769973,131290.46342207608
437.6920099258423,-0.013596219180487833,131291.51707986847
437.79182291030884,-0.011758892264205694,131291.86537188163
437.8916027545929,-0.014055550909558368,131292.27883469348
437.9919717311859,-0.015157947059327652,131292.85095122413
438.09145951271057,-0.015892877825840507,131292.3658561017
438.1917018890381,-0.014698615330257117,131291.22927049155
438.29155445098877,-0.014790481676071224,131292.0063434424
438.39214277267456,-0.014974214367699438,131291.40570909815
438.49180841445923,-0.019291932620962467,131292.06513818834
438.591472864151,-0.013963684563744262,131291.8586243695
438.6916539669037,-0.014423016292814797,131292.77276193255
438.7919280529022,-0.013871818217930154,131292.6954857393
438.8917660713196,-0.015341679750955866,131292.22593716538
438.9915909767151,-0.014698615330257117,131292.20334344884
439.09196734428406,-0.016168476863282828,131292.58300910395
439.19213676452637,-0.015433546096769973,131293.42470819355
439.2924060821533,-0.012310090339090335,131293.7822373742
439.3921046257019,-0.01488234802188533,131293.30401363678
439.49227237701416,-0.015892877825840507,131292.6736122731
439.59181571006775,-0.015157947059327652,131292.0062510458
439.69189167022705,-0.014239283601186582,131289.5056259412
439.79201579093933,-0.015066080713513546,131288.25506334708
439.8912179470062,-0.015066080713513546,131287.8295570124
439.9915578365326,-0.016995273975609793,131288.24660131117
440.09155797958374,-0.016076610517468722,131288.92194118007
440.19222259521484,-0.015066080713513546,131289.02974706207
440.29212260246277,-0.014698615330257117,131289.62677235587
440.39158058166504,-0.013228753797231405,131289.4640951203
440.4914381504059,-0.01524981340514176,131289.11768560827
440.5917046070099,-0.016352209554911044,131288.30591704746
440.6919732093811,-0.014423016292814797,131286.47532534273
440.79171657562256,-0.015617278788398187,131287.32779280847
440.892235994339,-0.012953154759789084,131287.29501352762
440.99196767807007,-0.01368808552630194,131286.86551217485
441.0920240879059,-0.016811541283981577,131287.17896095736
441.19174814224243,-0.01671967493816747,131288.16106486163
441.29162192344666,-0.015066080713513546,131287.54495837548
441.39184403419495,-0.014790481676071224,131288.89046253794
441.4924228191376,-0.014514882638628903,131290.20141628414
441.5914752483368,-0.013963684563744262,131291.08127465573
441.6922535896301,-0.014790481676071224,131291.47314719018
441.79170989990234,-0.013412486488859619,131292.92583247117
441.89185976982117,-0.014423016292814797,131294.13324922405
441.99236369132996,-0.014790481676071224,131295.01992430165
442.0915701389313,-0.016260343209096934,131296.4179318715
442.1916630268097,-0.013596219180487833,131296.37613868434
442.2916748523712,-0.015709145134212295,131296.33852481592
442.3915054798126,-0.015341679750955866,131296.7046723343
442.4921224117279,-0.013779951872116048,131297.2342051009
442.5914816856384,-0.01552541244258408,131296.3107845908
442.6919538974762,-0.015433546096769973,131296.67970613175
442.7915668487549,-0.0158010114800264,131295.81173551857
442.8917202949524,-0.01460674898444301,131295.83056196672
442.9920768737793,-0.017179006667238005,131294.84750577004
443.0921537876129,-0.01433114994700069,131294.76275519305
443.19251799583435,-0.01460674898444301,131292.48647967374
443.2915561199188,-0.013963684563744262,131292.13783170638
443.3916652202606,-0.01433114994700069,131291.72404853575
443.49185395240784,-0.014147417255372476,131290.95164368217
443.5917880535126,-0.014147417255372476,131290.95647931396
443.6916859149933,-0.014147417255372476,131288.86083138257
443.7919397354126,-0.01818953647119318,131287.77474824432
443.8919394016266,-0.017270873013052114,131286.9972734199
443.9920930862427,-0.01736273935886622,131286.8975460779
444.09203362464905,-0.014514882638628903,131287.7077914701
444.19158840179443,-0.01552541244258408,131287.93701232312
444.2921772003174,-0.015157947059327652,131286.4433110908
444.3915522098541,-0.014055550909558368,131286.39897998172
444.49151062965393,-0.015433546096769973,131286.45908198354
444.59234619140625,-0.014147417255372476,131286.11317378518
444.69160890579224,-0.014423016292814797,131286.70185640667
444.79235434532166,-0.013963684563744262,131287.931670766
444.89203000068665,-0.013504352834673727,131288.4385036894
444.99152278900146,-0.014974214367699438,131289.29465332045
445.09182119369507,-0.016260343209096934,131290.46518798842
445.19188117980957,-0.017454605704680326,131289.91866918956
445.2921109199524,-0.013228753797231405,131290.52680227062
445.3920216560364,-0.01524981340514176,131289.17412204357
445.4915156364441,-0.016811541283981577,131289.6567098392
445.5915677547455,-0.016903407629795683,131289.3910388553
445.69231843948364,-0.01460674898444301,131288.75193496977
445.7918393611908,-0.015341679750955866,131288.6767414728
445.8919382095337,-0.01524981340514176,131288.40906732553
445.99193716049194,-0.012310090339090335,131287.96816059298
446.0916178226471,-0.013504352834673727,131289.3713445337
446.19159984588623,-0.014055550909558368,131289.5342100803
446.2920198440552,-0.013596219180487833,131290.08078907226
446.3915946483612,-0.016076610517468722,131290.17271016503
446.4918613433838,-0.014974214367699438,131290.95543914853
446.5921964645386,-0.012126357647462121,131291.45989523368
446.6918385028839,-0.01488234802188533,131291.6139057103
446.7921350002289,-0.014790481676071224,131291.7525151393
446.89182448387146,-0.016076610517468722,131291.57726362537
446.99196577072144,-0.013779951872116048,131289.91953726282
447.0915048122406,-0.015341679750955866,131290.32758353653
447.1921398639679,-0.01524981340514176,131289.29482518288
447.29213213920593,-0.015617278788398187,131290.3653426646
447.39224553108215,-0.013596219180487833,131290.72880839813
447.49222803115845,-0.01433114994700069,131290.85592755832
447.59176421165466,-0.012677555722346764,131290.1703348025
447.6922149658203,-0.017179006667238005,131290.15330132225
447.7914218902588,-0.015341679750955866,131289.83797119002
447.8917512893677,-0.015617278788398187,131289.95417407103
447.99198174476624,-0.014790481676071224,131290.15875666394
448.09186911582947,-0.016168476863282828,131291.54288099756
448.1914360523224,-0.013779951872116048,131293.5885928978
448.29215359687805,-0.016168476863282828,131294.02973360804
448.39187693595886,-0.013871818217930154,131293.32676024723
448.49155712127686,-0.012861288413974978,131293.0940842225
448.59211468696594,-0.011942624955833907,131292.98467580025
448.6918098926544,-0.015709145134212295,131292.38620822024
448.7920820713043,-0.016260343209096934,131291.5475873982
448.89207100868225,-0.016535942246539256,131290.8928286584
448.9918932914734,-0.013779951872116048,131291.50354579257
449.0917100906372,-0.014423016292814797,131291.65319121332
449.1920804977417,-0.014239283601186582,131292.987872092
449.2915201187134,-0.014239283601186582,131293.3890848828
449.392285823822,-0.016076610517468722,131293.45017639452
449.4923303127289,-0.01433114994700069,131293.60515875506
449.59192514419556,-0.015341679750955866,131294.44464287956
449.6920187473297,-0.014790481676071224,131294.0001785916
449.79181432724,-0.014790481676071224,131294.80016073247
449.8914575576782,-0.016352209554911044,131294.42014465923
449.99176955223083,-0.01671967493816747,131294.17813019332
450.09184193611145,-0.012585689376532656,131293.66031717398
450.19249057769775,-0.017179006667238005,131293.8942854566
450.2922978401184,-0.013504352834673727,131294.40485691093
450.3920850753784,-0.016352209554911044,131295.66437121984
450.4922800064087,-0.01488234802188533,131294.99793409786
450.5920946598053,-0.015066080713513546,131294.6981406881
450.6925232410431,-0.013871818217930154,131294.72832661928
450.7914810180664,-0.01488234802188533,131294.15549395737
450.8922200202942,-0.014790481676071224,131293.43994456163
450.99234986305237,-0.013504352834673727,131292.39595010548
451.091600894928,-0.013596219180487833,131291.65635509492
451.19204807281494,-0.01433114994700069,131291.09071958542
451.29204058647156,-0.01524981340514176,131291.2816476269
451.39151906967163,-0.01460674898444301,131291.7534828642
451.49159502983093,-0.014790481676071224,131292.67813457779
451.59148383140564,-0.01433114994700069,131292.31032112002
451.6919860839844,-0.014239283601186582,131290.57928900802
451.79229640960693,-0.012126357647462121,131290.82136010722
451.8917074203491,-0.014423016292814797,131290.3392240965
451.9917223453522,-0.013871818217930154,131289.20530168686
452.09227871894836,-0.01368808552630194,131290.08477151816
452.19188499450684,-0.01644407590072515,131289.57629436633
452.2919340133667,-0.01488234802188533,131289.8186649297
452.391793012619,-0.013596219180487833,131289.53679843675
452.49185609817505,-0.015617278788398187,131287.78311859307
452.5923008918762,-0.013779951872116048,131286.00480673375
452.691899061203,-0.01368808552630194,131285.90432606038
452.79210925102234,-0.01488234802188533,131286.71389345435
452.8916685581207,-0.015617278788398187,131286.54250410892
452.991815328598,-0.01488234802188533,131286.78825369803
453.0916497707367,-0.014147417255372476,131286.90942832822
453.19244933128357,-0.0158010114800264,131286.8184854954
453.29194927215576,-0.01433114994700069,131287.23663694586
453.3914701938629,-0.015066080713513546,131287.11297325126
453.4921269416809,-0.015433546096769973,131287.40167592614
453.5923285484314,-0.013871818217930154,131286.86150833353
453.69188952445984,-0.01524981340514176,131287.47535750017
453.7923607826233,-0.013228753797231405,131287.82782175016
453.8919484615326,-0.016627808592353365,131286.94503957516
453.991592168808,-0.0158010114800264,131286.85053561765
454.0919806957245,-0.01552541244258408,131286.1654820559
454.1917231082916,-0.01433114994700069,131286.24893385032
454.29201221466064,-0.015433546096769973,131286.5240404653
454.3918869495392,-0.014974214367699438,131284.47163641878
454.49166679382324,-0.014790481676071224,131283.4244727769
454.59229826927185,-0.014974214367699438,131283.38202549922
454.6915237903595,-0.013963684563744262,131282.9438229493
454.79155945777893,-0.014698615330257117,131283.64944065438
454.8913908004761,-0.015984744171654616,131283.78449658892
454.99218583106995,-0.01488234802188533,131284.60604693004
455.09158658981323,-0.014698615330257117,131285.04544223705
455.19231939315796,-0.016076610517468722,131284.84089801335
455.2915952205658,-0.013871818217930154,131285.15680821202
455.39213705062866,-0.013963684563744262,131284.64112739082
455.4914438724518,-0.014790481676071224,131284.07701465173
455.59197545051575,-0.014514882638628903,131285.16931318655
455.69236278533936,-0.014147417255372476,131284.9523818679
455.7921130657196,-0.015433546096769973,131285.4571436811
455.89207005500793,-0.01671967493816747,131284.011429313
455.9919447898865,-0.016811541283981577,131283.8102863817
456.09173560142517,-0.016168476863282828,131285.02925774353
456.19152665138245,-0.01644407590072515,131284.82633196918
456.29214239120483,-0.016260343209096934,131284.84369877225
456.391535282135,-0.013871818217930154,131284.95932889503
456.49208307266235,-0.01433114994700069,131284.76339600552
456.7093229293823,-0.012953154759789084,131284.887056405
456.8044273853302,-0.0158010114800264,131285.09835076449
456.9003469944,-0.015066080713513546,131285.28851568804
456.9953851699829,-0.016903407629795683,131284.95966411923
457.09207701683044,-0.013779951872116048,131286.16369770732
457.1914973258972,-0.013871818217930154,131285.5473279366
457.2919850349426,-0.017913937433750863,131285.69259514296
457.3919909000397,-0.017730204742122647,131286.72333562866
457.49192333221436,-0.013320620143045513,131286.9510020658
457.59155654907227,-0.016260343209096934,131287.15590185922
457.6922559738159,-0.016352209554911044,131286.6403116733
457.7923550605774,-0.01671967493816747,131286.876280506
457.8914301395416,-0.01736273935886622,131286.4886524554
457.99229431152344,-0.0170871403214239,131286.93978720985
458.09185433387756,-0.018373269162821396,131284.94580848888
458.19154620170593,-0.013504352834673727,131283.85122764
458.2914254665375,-0.012677555722346764,131283.166104876
458.39164423942566,-0.014423016292814797,131282.4494943884
458.49211978912354,-0.014514882638628903,131282.80454494955
458.5916633605957,-0.013320620143045513,131282.2240904546
458.6919033527374,-0.013412486488859619,131284.30168140915
458.7917184829712,-0.01276942206816087,131284.77151326824
458.89188504219055,-0.015341679750955866,131284.7943619414
458.99230790138245,-0.014514882638628903,131284.91492574726
459.0915608406067,-0.013320620143045513,131284.62343317253
459.1914858818054,-0.015433546096769973,131285.26108985528
459.2916510105133,-0.01644407590072515,131284.83498086975
459.3919997215271,-0.01433114994700069,131285.25148278277
459.49176931381226,-0.013228753797231405,131286.52633450448
459.5916407108307,-0.015341679750955866,131287.77370105404
459.69148874282837,-0.01433114994700069,131287.49633094866
459.7922394275665,-0.015617278788398187,131287.9466978538
459.89193654060364,-0.014055550909558368,131287.95202806842
459.9915990829468,-0.016811541283981577,131289.35682526158
460.0917954444885,-0.014974214367699438,131289.82114273543
460.1917316913605,-0.014423016292814797,131289.2390284619
460.291855096817,-0.015984744171654616,131288.5151256157
460.3918433189392,-0.0158010114800264,131287.96361305413
460.49200344085693,-0.014514882638628903,131286.96725174872
460.59147810935974,-0.01368808552630194,131287.17052657384
460.69173431396484,-0.016352209554911044,131287.15347391646
460.79205226898193,-0.013504352834673727,131287.83812652482
460.8922920227051,-0.015157947059327652,131287.15431387234
460.99176144599915,-0.01460674898444301,131286.2388824851
461.09198546409607,-0.01368808552630194,131286.8149942366
461.19155979156494,-0.015892877825840507,131287.43349481293
461.2921278476715,-0.015157947059327652,131286.39014533165
461.3917586803436,-0.015066080713513546,131285.65113079848
461.4915885925293,-0.015157947059327652,131285.28601771864
461.5921206474304,-0.016627808592353365,131284.9574159468
461.6917610168457,-0.015341679750955866,131286.2616743521
461.792094707489,-0.015433546096769973,131287.4355069169
461.8914649486542,-0.014147417255372476,131287.99195622522
461.9918704032898,-0.013045021105603192,131289.3927606027
462.0914008617401,-0.014974214367699438,131289.35348454243
462.19187211990356,-0.014147417255372476,131288.8181360882
462.29196763038635,-0.0158010114800264,131288.73632247938
462.3915765285492,-0.015066080713513546,131288.16269023143
462.4922561645508,-0.015341679750955866,131288.24642120829
462.59153270721436,-0.015984744171654616,131289.62177908747
462.69193148612976,-0.015433546096769973,131290.85960117873
462.7914161682129,-0.01524981340514176,131290.67364106086
462.89149498939514,-0.019383798966776573,131291.40627695477
462.9915704727173,-0.013228753797231405,131291.9656492593
463.0923454761505,-0.015157947059327652,131292.3690843334
463.1918728351593,-0.016168476863282828,131292.43217590006
463.29170775413513,-0.01460674898444301,131292.78895831006
463.39145517349243,-0.015617278788398187,131292.71006247908
463.491562128067,-0.01524981340514176,131292.93905623117
463.5918724536896,-0.014423016292814797,131292.14515060806
463.69168043136597,-0.017179006667238005,131291.93063554727
463.79148149490356,-0.014698615330257117,131291.73757199256
463.89155650138855,-0.015066080713513546,131292.5638147933
463.9918303489685,-0.014514882638628903,131292.507433314
464.0918073654175,-0.01433114994700069,131293.2566899826
464.19165086746216,-0.014055550909558368,131292.83102098436
464.2919809818268,-0.017546472050494432,131293.04791888595
464.39234256744385,-0.01524981340514176,131292.44312699736
464.4918563365936,-0.0131368874514173,131291.9988142976
464.59165239334106,-0.014974214367699438,131292.19893286785
464.69228982925415,-0.01368808552630194,131291.07903958106
464.7915871143341,-0.0170871403214239,131291.17113562295
464.89144015312195,-0.015341679750955866,131291.45402206067
464.9923222064972,-0.013504352834673727,131292.4086198546
465.09231209754944,-0.014055550909558368,131292.06775786914
465.1919319629669,-0.015617278788398187,131292.06098208224
465.2923595905304,-0.01524981340514176,131291.25488387403
465.39147424697876,-0.015066080713513546,131292.6293954866
465.491530418396,-0.015892877825840507,131291.86645593797
465.5913541316986,-0.015984744171654616,131292.27981034416
465.6915669441223,-0.01488234802188533,131292.35182930974
465.7914891242981,-0.015066080713513546,131292.01664637876
465.8916199207306,-0.014698615330257117,131291.51498174088
465.99135303497314,-0.013871818217930154,131290.5634835668
466.09162521362305,-0.014790481676071224,131289.20713521013
466.1916494369507,-0.01368808552630194,131289.1864216891
466.29157185554504,-0.01552541244258408,131287.6677795202
466.3917005062103,-0.015341679750955866,131288.8010015682
466.49179100990295,-0.017179006667238005,131289.32090141138
466.5920822620392,-0.014423016292814797,131289.18881127023
466.69232749938965,-0.013504352834673727,131289.8699301432
466.79191064834595,-0.013963684563744262,131290.78293712888
466.8923065662384,-0.01433114994700069,131291.704643416
466.9917492866516,-0.01671967493816747,131291.63417907438
467.0917766094208,-0.01433114994700069,131291.77076116693
467.19222807884216,-0.012126357647462121,131291.59368505026
467.2918064594269,-0.01524981340514176,131290.93431654526
467.39185643196106,-0.01433114994700069,131291.04088489074
467.4921455383301,-0.01488234802188533,131291.63679640167
467.591765165329,-0.01460674898444301,131292.17311676152
467.69214129447937,-0.014055550909558368,131291.35580508536
467.79224920272827,-0.01433114994700069,131291.82022457683
467.89195108413696,-0.013963684563744262,131292.13820211915
467.99172949790955,-0.016168476863282828,131292.42438190724
468.09181237220764,-0.015157947059327652,131292.88194371652
468.19199562072754,-0.014147417255372476,131292.89374934486
468.29163575172424,-0.014423016292814797,131293.50437441038
468.39176511764526,-0.015433546096769973,131293.65393696935
468.4919435977936,-0.016811541283981577,131293.98854327243
468.59207344055176,-0.0158010114800264,131293.98968894518
468.6916456222534,-0.0158010114800264,131293.09072005068
468.7919569015503,-0.013779951872116048,131293.1816480456
468.8914511203766,-0.01249382303071855,131292.96348324104
468.9919991493225,-0.015066080713513546,131291.76713491694
469.09196496009827,-0.014790481676071224,131292.79042142525
469.19179701805115,-0.015984744171654616,131292.71137928273
469.2918059825897,-0.014147417255372476,131291.24024135445
469.3923261165619,-0.0158010114800264,131289.81621721902
469.49224829673767,-0.012677555722346764,131289.2345954971
469.59208250045776,-0.016811541283981577,131288.3111359474
469.69196367263794,-0.014514882638628903,131289.18002235267
469.7924077510834,-0.014698615330257117,131290.3620201174
469.89217710494995,-0.01552541244258408,131289.62581810568
469.99218583106995,-0.015617278788398187,131290.1632362951
470.0915369987488,-0.014698615330257117,131288.4469126656
470.1918570995331,-0.014239283601186582,131290.10222139902
470.291686296463,-0.013871818217930154,131290.6919992591
470.39182806015015,-0.016627808592353365,131290.62279933318
470.4923915863037,-0.01524981340514176,131289.66051939985
470.5923376083374,-0.013320620143045513,131289.99446745988
470.69227409362793,-0.015341679750955866,131289.1950207139
470.7918984889984,-0.015892877825840507,131288.57551864252
470.8919870853424,-0.016076610517468722,131287.61796677829
470.99229407310486,-0.013596219180487833,131287.95617010046
471.0922341346741,-0.013504352834673727,131288.26055309043
471.19242238998413,-0.015341679750955866,131288.1344977814
471.29210805892944,-0.016627808592353365,131289.82104800327
471.3918046951294,-0.014239283601186582,131289.53894320296
471.4917814731598,-0.014055550909558368,131289.18504888267
471.5916430950165,-0.014790481676071224,131288.5665439944
471.6917505264282,-0.016168476863282828,131288.90988959497
471.79230856895447,-0.014147417255372476,131289.2189006355
471.89156222343445,-0.016260343209096934,131288.59701057195
471.99206709861755,-0.015157947059327652,131287.43730951476
472.09218549728394,-0.014698615330257117,131286.99357856327
472.1920864582062,-0.013871818217930154,131287.99422070695
472.29242396354675,-0.0170871403214239,131289.39479863626
472.3920257091522,-0.014790481676071224,131289.45531877264
472.4917435646057,-0.014147417255372476,131290.70978689537
472.59168338775635,-0.017730204742122647,131290.23880820585
472.6922814846039,-0.014974214367699438,131290.01492738526
472.791396856308,-0.014239283601186582,131291.31343464673
472.89157247543335,-0.014055550909558368,131292.78209118205
472.99221181869507,-0.016535942246539256,131291.50388206384
473.0915265083313,-0.015157947059327652,131291.35349385746
473.19223189353943,-0.015066080713513546,131291.01814447172
473.29171895980835,-0.016260343209096934,131291.41633002454
473.3923749923706,-0.016627808592353365,131292.0746970221
473.49179005622864,-0.016352209554911044,131291.9672273199
473.59194326400757,-0.01460674898444301,131292.5705045879
473.6924293041229,-0.015984744171654616,131293.3134541291
473.79222226142883,-0.014790481676071224,131293.88210871618
473.89223074913025,-0.01433114994700069,131294.29389784456
473.99184489250183,-0.016627808592353365,131294.8645080601
474.09189796447754,-0.013963684563744262,131294.97805725408
474.19202041625977,-0.01552541244258408,131295.68025152868
474.29243421554565,-0.01433114994700069,131295.21222637582
474.3915455341339,-0.016260343209096934,131295.89100373824
474.4919476509094,-0.01524981340514176,131295.90190336443
474.5917434692383,-0.016352209554911044,131295.41171302798
474.6919414997101,-0.014698615330257117,131295.67054172518
474.79158186912537,-0.015433546096769973,131294.30348755268
474.89211320877075,-0.014423016292814797,131292.57313879742
474.9919753074646,-0.016260343209096934,131293.01582491767
475.09233570098877,-0.01524981340514176,131292.71424242592
475.1917860507965,-0.013963684563744262,131292.94281818334
475.29154443740845,-0.016260343209096934,131292.448536365
475.392142534256,-0.01524981340514176,131292.6036827285
475.4918019771576,-0.01433114994700069,131292.54331445566
475.5921108722687,-0.015433546096769973,131292.4889830101
475.6917440891266,-0.015433546096769973,131292.04008470906
475.79151797294617,-0.01524981340514176,131292.63607623815
475.8919870853424,-0.014698615330257117,131293.87246861434
475.9921946525574,-0.01460674898444301,131293.0852217529
476.092396736145,-0.01433114994700069,131292.77669957763
476.19201612472534,-0.015892877825840507,131291.49902961985
476.29229831695557,-0.015341679750955866,131291.54912665786
476.3923501968384,-0.014698615330257117,131291.5942139921
476.4915065765381,-0.013871818217930154,131292.0347925929
476.59205174446106,-0.012953154759789084,131291.4313133336
476.692156791687,-0.016168476863282828,131289.68818200025
476.7924246788025,-0.014698615330257117,131289.31936380023
476.89167761802673,-0.01488234802188533,131288.6874274202
476.99180722236633,-0.013596219180487833,131287.61868467816
477.0917823314667,-0.013779951872116048,131286.35681621035
477.1923987865448,-0.013596219180487833,131286.72113458932
477.2922132015228,-0.014974214367699438,131286.14902113038
477.39167046546936,-0.01368808552630194,131286.23411901735
477.49144768714905,-0.01249382303071855,131286.71070711562
477.59157705307007,-0.012861288413974978,131286.33963640407
477.69161009788513,-0.013504352834673727,131286.60567276366
477.79164958000183,-0.0131368874514173,131286.6451054873
477.8918225765228,-0.01276942206816087,131286.98059493856
477.9922308921814,-0.017179006667238005,131287.5825354447
478.09169006347656,-0.0131368874514173,131288.22428190024
478.19231605529785,-0.016260343209096934,131288.20185371023
478.2916955947876,-0.013504352834673727,131287.78166833922
478.3921492099762,-0.016168476863282828,131287.2035015053
478.49159145355225,-0.015892877825840507,131287.7831513548
478.5917398929596,-0.015341679750955866,131287.3048362193
478.69242787361145,-0.013228753797231405,131288.67435259736
478.79146122932434,-0.014147417255372476,131287.90691733762
478.89159536361694,-0.014698615330257117,131287.71622560386
478.9915449619293,-0.015433546096769973,131286.8446030435
479.0917491912842,-0.012677555722346764,131285.96014273915
479.1916694641113,-0.012953154759789084,131286.06412846525
479.29169821739197,-0.015341679750955866,131286.75771561873
479.39217352867126,-0.015892877825840507,131287.38194405686
479.49151062965393,-0.014239283601186582,131287.24374965118
479.59156465530396,-0.014147417255372476,131285.91937468608
479.6916923522949,-0.015617278788398187,131285.12743721748
479.7914688587189,-0.01368808552630194,131284.71469349574
479.8919451236725,-0.015157947059327652,131284.34322414617
479.99181151390076,-0.0158010114800264,131284.80890173157
480.09159088134766,-0.011942624955833907,131284.5280115584
480.19149351119995,-0.012401956684904443,131285.07521040255
480.2917573451996,-0.014698615330257117,131285.06768936227
480.3919243812561,-0.014790481676071224,131284.86092042606
480.63587069511414,-0.017730204742122647,131283.77482838347
480.73105359077454,-0.014147417255372476,131284.6973455451
480.8256256580353,-0.012126357647462121,131285.9276109906
480.92111134529114,-0.01433114994700069,131285.03484989153
481.01634669303894,-0.015892877825840507,131285.5313649024
481.11075162887573,-0.015709145134212295,131285.77822841215
481.205908536911,-0.015984744171654616,131286.30040557095
481.3011038303375,-0.015157947059327652,131286.67036501385
481.395708322525,-0.014239283601186582,131287.80332851247
481.4914565086365,-0.012034491301648015,131287.42299566124
481.59227561950684,-0.012953154759789084,131286.38069609512
481.6919207572937,-0.013228753797231405,131286.7426264856
481.791552066803,-0.013228753797231405,131286.06836383702
481.8917896747589,-0.01552541244258408,131286.06152745333
481.99152755737305,-0.015066080713513546,131285.555374708
482.0914511680603,-0.015157947059327652,131285.69983723722
482.19233798980713,-0.014239283601186582,131285.2298535135
482.29200983047485,-0.014055550909558368,131284.60686816217
482.39234137535095,-0.015433546096769973,131283.34618134596
482.49109387397766,-0.012861288413974978,131283.11156321137
482.59122705459595,-0.013779951872116048,131282.60040689024
482.69140005111694,-0.015433546096769973,131282.6403662012
482.79214239120483,-0.012953154759789084,131283.27632958107
482.89161705970764,-0.014147417255372476,131282.74869662296
482.9924087524414,-0.015066080713513546,131283.07382696067
483.09206652641296,-0.014239283601186582,131284.0664442646
483.19168972969055,-0.01433114994700069,131283.95979983814
483.29140615463257,-0.015157947059327652,131285.36381985433
483.3920044898987,-0.013779951872116048,131285.4274378689
483.49195861816406,-0.01433114994700069,131285.984694082
483.5916938781738,-0.014974214367699438,131286.4862246738
483.6921293735504,-0.01488234802188533,131286.63760220644
483.791867017746,-0.014055550909558368,131286.7738419858
483.89231634140015,-0.013045021105603192,131287.6964577872
483.9916214942932,-0.01488234802188533,131287.9268120085
484.09216141700745,-0.014239283601186582,131287.13413080765
484.19154262542725,-0.015709145134212295,131287.7207177269
484.29222774505615,-0.014698615330257117,131286.5486459542
484.3917715549469,-0.013871818217930154,131286.5937813588
484.49185132980347,-0.01524981340514176,131287.1344032229
484.59231066703796,-0.016076610517468722,131287.42096290062
484.6916847229004,-0.01460674898444301,131286.87886661055
484.79203939437866,-0.01460674898444301,131285.7909799495
484.89235401153564,-0.01644407590072515,131284.51188195453
484.991806268692,-0.013963684563744262,131285.76069375908
485.0915539264679,-0.01460674898444301,131285.78462438317
485.1917314529419,-0.0158010114800264,131286.20616194487
485.29145979881287,-0.01488234802188533,131287.5855457504
485.39215993881226,-0.013596219180487833,131286.02699117537
485.4914267063141,-0.013412486488859619,131285.92429205784
485.59185218811035,-0.013320620143045513,131285.43186285207
485.6924021244049,-0.014974214367699438,131284.8886765669
485.7923994064331,-0.017913937433750863,131286.7998089102
485.8917827606201,-0.013504352834673727,131286.5198280192
485.9924645423889,-0.013228753797231405,131285.66784521728
486.09216475486755,-0.014698615330257117,131285.60106069554
486.19219422340393,-0.013412486488859619,131285.84095462598
486.29224610328674,-0.014514882638628903,131285.2568591634
486.3919241428375,-0.014698615330257117,131286.43117324708
486.4921910762787,-0.014974214367699438,131287.08805592236
486.5913465023041,-0.013504352834673727,131287.1792503301
486.6922399997711,-0.014514882638628903,131287.2613252971
486.79208111763,-0.015709145134212295,131287.2351927674
486.891494512558,-0.016352209554911044,131287.31167349065
486.991512298584,-0.014790481676071224,131286.98050614158
487.0922541618347,-0.01552541244258408,131286.68245552742
487.1924593448639,-0.013320620143045513,131287.8142099747
487.29206228256226,-0.014423016292814797,131287.33278897722
487.39200735092163,-0.013779951872116048,131286.8995100795
487.49165058135986,-0.01368808552630194,131287.40955907156
487.5916745662689,-0.01488234802188533,131288.0686031644
487.69201016426086,-0.013412486488859619,131287.06174284796
487.79225301742554,-0.016352209554911044,131287.05556856317
487.89217925071716,-0.013963684563744262,131288.55001170686
487.99164175987244,-0.01671967493816747,131289.19501053618
488.0917272567749,-0.01644407590072515,131289.47550948255
488.1918034553528,-0.013963684563744262,131290.0279585343
488.2916359901428,-0.011942624955833907,131290.42516268088
488.3915693759918,-0.011942624955833907,131290.4826464128
488.4917616844177,-0.01644407590072515,131290.83438177154
488.59213161468506,-0.015617278788398187,131290.85094359439
488.692257642746,-0.013596219180487833,131290.96584923496
488.79179883003235,-0.013963684563744262,131291.26926431147
488.8920283317566,-0.015709145134212295,131290.14233788033
488.99177265167236,-0.01433114994700069,131290.3281040923
489.0916829109192,-0.016627808592353365,131289.99529368308
489.19252133369446,-0.013871818217930154,131289.59576431478
489.29178285598755,-0.014147417255372476,131288.3361878833
489.3917124271393,-0.015709145134212295,131284.302569095
489.49377632141113,0.2039432877073175,131218.37231218547
489.5917959213257,0.5123386106052746,131090.83508096694
489.69416761398315,0.8205502008116036,130906.55157287024
489.79255533218384,1.1204938198946628,130684.99641558323
489.8931348323822,1.3744123997248545,130438.3967740249
489.9918329715729,1.5573182942407415,130186.05709662242
490.09143710136414,1.7308538214835896,129933.95138696018
490.1920177936554,1.6983331350653958,129715.15624826417
490.29204297065735,1.6817053264730424,129521.94062343777
490.3930127620697,1.6722430928541894,129349.346561094
490.49171471595764,1.6660880476846442,129196.31190498461
490.5915083885193,1.6595655371318427,129059.58071448616
490.69151544570923,1.6583712746362593,128938.92264303756
490.79155588150024,1.6551559525327655,128832.83037873381
490.89225339889526,1.6471635804469382,128737.14734086044
490.99227118492126,1.6467042487178676,128653.1326067744
491.0915570259094,1.6438563919976303,128578.31934609696
491.19198298454285,1.6421109314271622,128509.98741148727
491.2919931411743,1.6387118766320403,128450.48867033854
491.3919713497162,1.6372420150990146,128396.63980330469
491.49159383773804,1.6343022920329633,128350.37582297422
491.5919337272644,1.635864019911803,128310.13824067681
491.6915793418884,1.6309032372378414,128273.72441660914
491.7923469543457,1.6276879151343475,128240.55197494822
491.89124727249146,1.6258505882180654,128210.9967774534
491.9921007156372,1.625574989180623,128185.69709970806
492.0923066139221,1.6236457959185269,128163.42738973726
492.19174003601074,1.6248400584141103,128142.58465076354
492.29241943359375,1.6234620632268986,128123.9261856872
492.3921432495117,1.6226352661145715,128108.93356711848
492.49232602119446,1.618685013244565,128096.04021040663
492.59162735939026,1.6189606122820073,128085.43618936597
492.6919548511505,1.6189606122820073,128074.09257042936
492.7921676635742,1.6180419488238662,128065.18331338643
492.89240860939026,1.6171232853657251,128057.66498204779
492.99199986457825,1.612713700766648,128052.09848384302
493.09245800971985,1.6104170421212953,128046.58863545871
493.19203209877014,1.6122543690375775,128041.62977191283
493.29228949546814,1.6095902450089685,128037.96679472155
493.3920693397522,1.6087634478966415,128033.87011524939
493.49222898483276,1.6103251757754813,128030.38310372445
493.5921607017517,1.6088553142424555,128027.244793352
493.69191312789917,1.6080285171301285,128026.92031401681
493.79179310798645,1.6086715815508275,128026.02828261514
493.89200258255005,1.6078447844385004,128024.42545435362
493.99150562286377,1.6054562594473336,128022.88290891825
494.0924255847931,1.6035270661852374,128021.79461802643
494.1923875808716,1.6038026652226798,128019.41515622378
494.29148530960083,1.6039863979143079,128019.07364060142
494.3918025493622,1.6026084027270964,128019.16627654128
494.49163031578064,1.603159600801981,128018.24964888715
494.59216022491455,1.6030677344561668,128018.12468399844
494.6918570995331,1.5991174815861602,128019.71221559859
494.7917904853821,1.601414140231513,128021.04099403873
494.8921911716461,1.5993012142777885,128023.63689463485
494.99167466163635,1.5982906844738334,128025.57320517137
495.0920739173889,1.5982906844738334,128025.21588465423
495.1923043727875,1.5975557537073204,128027.69429618881
495.29145646095276,1.5982906844738334,128029.62486656992
495.3922166824341,1.5977394863989487,128031.06237991294
495.49207043647766,1.5982906844738334,128031.35614192166
495.5920639038086,1.5957184267910383,128031.0205277295
495.6919560432434,1.5952590950619678,128031.71847495656
495.79158186912537,1.5947997633328972,128032.94662746091
495.8915071487427,1.5945241642954548,128032.35196471482
495.9921078681946,1.5945241642954548,128032.01676824334
496.09161138534546,1.5906657777712625,128034.11509141901
496.1922092437744,1.5910332431545189,128037.20358227711
496.29233407974243,1.5905739114254482,128039.88322404941
496.3922166824341,1.5903901787338202,128041.89490164447
496.4918098449707,1.5905739114254482,128043.80541148003
496.5922510623932,1.5901145796963778,128046.32487033203
496.6920847892761,1.5915844412294036,128047.29238329883
496.79225277900696,1.5873585893219546,128047.36314496896
496.89232301712036,1.5884609854717238,128050.62683047206
496.99182200431824,1.5891040498924225,128050.56414742486
497.0916554927826,1.5881853864342814,128052.30773268237
497.1920380592346,1.588552851817538,128054.37695941413
497.2923631668091,1.5880935200884674,128055.93926347273
497.39177417755127,1.587726054705211,128056.74533712547
497.4917778968811,1.5858887277889289,128058.67080341293
497.591765165329,1.5883691191259097,128062.40372307163
497.69182085990906,1.5856131287514865,128063.46335076448
497.7924017906189,1.5852456633682301,128064.41701568803
497.89172196388245,1.5848781979849738,128065.77531411924
497.99235224723816,1.585980594134743,128068.19778270731
498.09162425994873,1.5850619306766018,128069.37800443658
498.19210505485535,1.5841432672184608,128071.34020399294
498.29229187965393,1.5823978066479927,128072.80618359365
498.3915729522705,1.5831327374145057,128073.6255652343
498.4918336868286,1.5839595345268327,128074.36300871088
498.5924198627472,1.5827652720312493,128075.0267078398
498.6915817260742,1.5814791431898516,128075.92403705584
498.79189682006836,1.581754742227294,128076.73163335025
498.8916666507721,1.5813872768440376,128078.75847001522
498.99216771125793,1.5815710095356659,128078.78262301371
499.0914921760559,1.5789987518528708,128080.60436071234
499.1918957233429,1.5813872768440376,128081.34392464111
499.2918519973755,1.5810198114607812,128083.009532177
499.3916389942169,1.5804686133858965,128084.70857895931
499.49209928512573,1.58166287588148,128085.83772106339
499.5922610759735,1.5799174153110118,128087.15394895704
499.6924340724945,1.577528890319845,128087.43855406134
499.7920334339142,1.5787231528154284,128087.59469865522
499.89215993881226,1.5804686133858965,128088.3352287897
499.9916763305664,1.5762427614784476,128089.30170591074
500.0915262699127,1.5778963557031016,128090.37153531966
500.19206738471985,1.5789987518528708,128091.3343817877
500.29202222824097,1.579182484544499,128091.30094360893
500.3916094303131,1.573946102833095,128091.67084924804
500.4917917251587,1.5778044893572873,128093.40376432324
500.5919506549835,1.5762427614784476,128093.66338789093
500.692099571228,1.5788150191612427,128094.29704910185
500.79202222824097,1.5752322316744924,128095.66734419166
500.89187479019165,1.574129835524723,128096.9006097725
500.9921221733093,1.57651836051589,128097.31054879527
501.09218978881836,1.5763346278242618,128098.47949391574
501.19215631484985,1.5744054345621654,128099.13154452418
501.2921493053436,1.5755996970577488,128099.61839007176
501.392187833786,1.5744973009079797,128101.35655106459
501.4923074245453,1.5736705037956527,128102.62089595813
501.59193563461304,1.5720169095709986,128103.35880636232
501.69138169288635,1.5729355730291397,128105.1229257261
501.79214692115784,1.5714657114961141,128104.4106331535
501.8918914794922,1.574037969178909,128104.66956983815
501.99366641044617,1.572200642262627,128106.80261285434
502.119348526001,1.5712819788044858,128106.3223515689
502.1920654773712,1.570638914383787,128106.39011641202
502.2914831638336,1.5733949047582103,128107.25110477082
502.3916988372803,1.5726599739916973,128108.62599429375
502.49138736724854,1.5723843749542552,128109.36339486438
502.5921587944031,1.5715575778419282,128111.12705537795
502.6919527053833,1.5737623701414667,128112.21434984016
502.79213404655457,1.568709721121691,128114.49291485615
502.8914887905121,1.5703633153463448,128114.94362337055
502.9914221763611,1.572200642262627,128115.0492610335
503.09223318099976,1.5727518403375116,128116.14433493017
503.1923739910126,1.568893453813319,128116.92990143716
503.29155564308167,1.5708226470754152,128116.83691129346
503.3921000957489,1.570638914383787,128117.3532201641
503.4912359714508,1.5699039836172741,128118.3178981477
503.5915536880493,1.5702714490005307,128117.78610833293
503.6917796134949,1.5686178547758767,128119.50749749964
503.79205560684204,1.5668723942054086,128121.25674774968
503.8924329280853,1.5681585230468063,128121.73107297471
503.9946959018707,1.568709721121691,128121.65796567725
504.09202671051025,1.568801587467505,128121.69216910952
504.1919491291046,1.567974790355178,128121.92295219857
504.29235649108887,1.5670561268970369,128121.73065697872
504.3916528224945,1.5690771865049473,128121.85759128084
504.491530418396,1.5677910576635499,128122.97183215276
504.59162735939026,1.5683422557384343,128123.5746489375
504.6915636062622,1.5673317259344792,128122.91718404375
504.7914423942566,1.5659537307472675,128123.42546563938
504.891720533371,1.5674235922802933,128123.58291907544
504.9914984703064,1.5667805278595945,128124.12462716791
505.0914981365204,1.5653106663265688,128124.41216445112
505.19159507751465,1.568985320159133,128125.47094800601
505.2920751571655,1.5669642605512228,128126.52385320542
505.392338514328,1.5672398595886652,128126.57146788487
505.49227809906006,1.5655862653640111,128126.2143210964
505.5921685695648,1.5672398595886652,128126.79288898676
505.6921286582947,1.5668723942054086,128127.2136000881
505.79236125946045,1.5661374634388958,128126.79224007929
505.89234161376953,1.565494399018197,128126.71301607137
505.9919054508209,1.5669642605512228,128128.04171446424
506.0921654701233,1.56466760190587,128128.63754301783
506.1923580169678,1.5651269336349407,128127.37378871605
506.2920091152191,1.5639326711393573,128128.13640984445
506.3921754360199,1.5658618644014535,128127.92276886001
506.49210023880005,1.564483869214242,128127.830491974
506.591432094574,1.5666886615137805,128128.5474427766
506.6921670436859,1.5631977403728443,128129.49269849894
506.7917311191559,1.564483869214242,128129.74342864905
506.89180874824524,1.5650350672891264,128129.76908578414
506.99189925193787,1.563748938447729,128129.29217720573
507.09225034713745,1.5616360124940045,128128.76295948518
507.19228434562683,1.5620953442230752,128129.08666353665
507.2917673587799,1.5625546759521456,128128.677997183
507.3919713497162,1.5629221413354022,128129.8101974647
507.4918067455292,1.5632896067186586,128130.72917771823
507.5920968055725,1.5617278788398188,128131.3562599464
507.69200825691223,1.5633814730644726,128133.02063395178
507.7917311191559,1.5619116115314469,128134.3185705566
507.8919937610626,1.5616360124940045,128135.68671350094
507.99204111099243,1.5643001365226137,128136.41804215085
508.0921883583069,1.5620034778772611,128137.27623793577
508.19216799736023,1.5643920028684277,128136.9486141422
508.29177689552307,1.5618197451856328,128137.85375272798
508.39158177375793,1.5600742846151647,128139.6683774552
508.49200224876404,1.5604417499984211,128139.90153970967
508.59215784072876,1.5619116115314469,128139.81138573869
508.692097902298,1.5613604134565622,128138.73024716481
508.79158091545105,1.5597068192319083,128139.85722244834
508.891886472702,1.5626465422979599,128140.3715002035
508.99204754829407,1.5623709432605175,128138.13435018316
509.0924332141876,1.55952308654028,128139.72091516486
509.1924774646759,1.5607173490358635,128140.54882364838
509.291784286499,1.5597068192319083,128140.79394128354
509.39210319519043,1.558420690390511,128142.21454715519
509.49148964881897,1.5616360124940045,128142.99309243968
509.59177470207214,1.5614522798023764,128145.09378319571
509.6921226978302,1.5599824182693507,128144.88440487615
509.7920618057251,1.5614522798023764,128145.39596438855
509.8919026851654,1.5589718884653956,128146.15636794969
509.992036819458,1.5612685471107481,128147.24073115471
510.0919101238251,1.5597068192319083,128147.01665803924
510.19171619415283,1.5575020269323698,128148.61499223532
510.29175567626953,1.5587881557737673,128149.3534930118
510.39172887802124,1.5601661509609788,128150.91814371063
510.4917001724243,1.561176680764934,128151.52632933957
510.59242582321167,1.5587881557737673,128150.37369640562
510.6919584274292,1.5583288240446966,128151.33632676506
510.7923421859741,1.5575938932781839,128150.90269408855
510.89152336120605,1.5583288240446966,128151.3124246797
510.9924166202545,1.558512556736325,128151.68118221173
511.0918400287628,1.5581450913530686,128151.31306399056
511.191641330719,1.557685759623998,128151.78175759151
511.2916874885559,1.5558484327077158,128151.40358183236
511.39156579971313,1.5586962894279532,128150.76322364913
511.491810798645,1.5597068192319083,128150.78690128423
511.59184193611145,1.5578694923156262,128150.40821115581
511.6919674873352,1.5581450913530686,128149.76739004024
511.7917413711548,1.5599824182693507,128149.29065103622
511.89216780662537,1.5563996307826005,128149.7615859326
511.991717338562,1.558604423082139,128151.18542733934
512.0921847820282,1.5588800221195813,128151.46688460541
512.1923384666443,1.5575938932781839,128151.92019614489
512.2916343212128,1.5554809673244594,128152.5281765304
512.3916456699371,1.5561240317451581,128152.57535887737
512.4913229942322,1.5555728336702734,128153.01782298963
512.5920197963715,1.555113501941203,128152.01604069067
512.6915998458862,1.5565833634742288,128151.6144366216
512.7922720909119,1.5581450913530686,128151.85299295944
512.892021894455,1.5563077644367864,128151.2676936635
512.9914810657501,1.5569508288574851,128151.64092429714
513.0921101570129,1.5581450913530686,128151.37683186744
513.1917321681976,1.556032165399344,128151.6391486807
513.2916407585144,1.5577776259698122,128151.57523381263
513.3922483921051,1.5569508288574851,128152.01771043138
513.4923114776611,1.5563996307826005,128152.51593938823
513.5915582180023,1.5561240317451581,128152.76434544941
513.6917960643768,1.5564914971284145,128153.38791090448
513.7917945384979,1.5564914971284145,128153.74911981403
513.8917739391327,1.556032165399344,128153.77420783264
513.9924070835114,1.5539192394456196,128154.89678704938
514.0922689437866,1.556858962511671,128155.00710834445
514.1916973590851,1.5563996307826005,128155.90639751
514.2915575504303,1.5561240317451581,128156.615757759
514.392226934433,1.5528168432958502,128156.9541819831
514.4922556877136,1.5556647000160877,128156.85876378481
514.5918135643005,1.555113501941203,128155.87288740632
514.6924970149994,1.5545623038663183,128157.1855986657
514.7922093868256,1.5530924423332926,128156.76703879914
514.8921632766724,1.5539192394456196,128157.29033491922
514.9917776584625,1.5563996307826005,128157.4613014273
515.0915107727051,1.5552972346328313,128157.81517128459
515.1916222572327,1.5563996307826005,128158.73365415612
515.2918541431427,1.5539192394456196,128157.86028874051
515.3918116092682,1.553459907716549,128158.27425986646
515.4922561645508,1.5546541702121324,128158.14683387981
515.5918538570404,1.5563996307826005,128157.53215049184
515.6916658878326,1.5535517740623632,128157.17893544267
515.7921717166901,1.554194838483062,128157.26104189841
515.8924698829651,1.5557565663619017,128156.03493770857
515.9920587539673,1.5549297692495747,128156.6314439377
516.0914855003357,1.5548379029037607,128158.06829954394
516.1918992996216,1.5528168432958502,128157.86146958955
516.2917385101318,1.554194838483062,128158.7753226306
516.3918302059174,1.554286704828876,128158.69779036754
516.4923441410065,1.5538273730998056,128159.7280113308
516.5920481681824,1.5549297692495747,128161.35521019773
516.6917490959167,1.549877120229799,128161.01968917796
516.7913596630096,1.555205368287017,128160.31772026018
516.8920569419861,1.552541244258408,128160.88594823416
516.9916899204254,1.5522656452209658,128161.69735341074
517.0918655395508,1.553459907716549,128161.02761806967
517.1918520927429,1.5511632490711964,128160.2248562627
517.2919149398804,1.5518981798377092,128159.10237063645
517.3916177749634,1.5511632490711964,128159.89213357281
517.4922723770142,1.5523575115667798,128159.10292021553
517.5922446250916,1.5547460365579466,128158.29262819399
517.6916661262512,1.5527249769500362,128158.06336537459
517.791589975357,1.5518063134918951,128159.15702883713
517.8917200565338,1.5521737788751515,128158.94132595342
517.9920408725739,1.5530924423332926,128159.84719335809
518.0916976928711,1.5526331106042222,128160.36247402229
518.192024230957,1.5511632490711964,128160.82622662006
518.2924070358276,1.5531843086791068,128159.74360395806
518.3914201259613,1.550979516379568,128159.56924356226
518.4922823905945,1.5516225808002668,128159.51231920603
518.5915110111237,1.5530005759874785,128160.46108728542
518.6923775672913,1.554102972137248,128161.21497855689
518.7916688919067,1.5507039173421258,128160.59348070121
518.8915576934814,1.5513469817628247,128161.33413263109
518.9919157028198,1.5492340558091002,128160.00071936799
519.0914945602417,1.5530924423332926,128159.0006474312
519.1924142837524,1.5527249769500362,128159.00058268808
519.2916886806488,1.549968986575613,128159.00052441927
519.3920152187347,1.553459907716549,128158.70047197735
519.4914546012878,1.550887650033754,128159.03042477962
519.591540813446,1.5504283183046836,128160.12738230165
519.6919157505035,1.5518981798377092,128160.31464407149
519.7917151451111,1.550060852921427,128161.18317966434
519.891610622406,1.5514388481086387,128161.7648616979
519.9914817810059,1.5502445856130553,128160.38837552811
520.0923120975494,1.5496015211923566,128160.1495379753
520.1924748420715,1.5496933875381707,128160.63458417778
520.2920265197754,1.5539192394456196,128160.37112576001
520.3921234607697,1.550979516379568,128160.33401318401
520.4923360347748,1.550887650033754,128161.5006118656
520.5914776325226,1.5483153923509592,128161.55055067904
520.6916882991791,1.5516225808002668,128162.89549561114
520.7924058437347,1.549142189463286,128162.00594605002
520.8919758796692,1.549142189463286,128161.90535144502
520.9914717674255,1.549877120229799,128162.51481630052
521.0922095775604,1.5501527192672413,128163.06333467047
521.1923203468323,1.550887650033754,128162.15700120342
521.2918922901154,1.5514388481086387,128162.14130108307
521.3921918869019,1.55079578368794,128161.02717097478
521.4915509223938,1.549877120229799,128161.32445387731
521.5922341346741,1.5496015211923566,128161.69200848958
521.6917247772217,1.5493259221549143,128161.92280764063
521.7915432453156,1.5496933875381707,128162.73052687656
521.8923213481903,1.5486828577342155,128162.8574741889
521.9923510551453,1.5485909913884015,128163.37172677001
522.0914278030396,1.5502445856130553,128162.63455409302
522.1920306682587,1.5460187337056064,128161.97109868373
522.2916457653046,1.5478560606218885,128161.97398881536
522.392226934433,1.550060852921427,128160.97658993382
522.4918348789215,1.5496933875381707,128161.07893094044
522.5921814441681,1.549142189463286,128160.3710378464
522.6920199394226,1.5484991250425872,128159.73393406178
522.7917969226837,1.5512551154170104,128160.7605406556
522.8915781974792,1.5451919365932794,128160.18448659003
522.9916713237762,1.549142189463286,128159.06603793104
523.091630935669,1.5484991250425872,128159.25943413794
523.1920940876007,1.5488665904258436,128159.23349072415
523.291826248169,1.5480397933135168,128159.81014165173
523.391562461853,1.5492340558091002,128159.22912748656
523.4920258522034,1.5507039173421258,128159.2062147379
523.5922558307648,1.5472129962011898,128159.78559326411
523.6924667358398,1.5484072586967732,128159.4070339377
523.791481256485,1.5505201846504977,128159.36633054394
523.8922891616821,1.5472129962011898,128160.52969748956
523.9915676116943,1.5496015211923566,128161.9767277406
524.0916039943695,1.5481316596593309,128163.47905496655
524.1917505264282,1.5470292635095615,128163.2311494699
524.291827917099,1.5497852538839847,128163.6080345229
524.3918609619141,1.5469373971637475,128164.04723107061
524.4922313690186,1.5475804615844462,128164.04250796355
524.5923683643341,1.5480397933135168,128165.2382571672
524.6923639774323,1.5475804615844462,128165.11443145049
524.7921457290649,1.5484072586967732,128164.80298830544
524.8920006752014,1.5469373971637475,128165.1226894749
524.9918985366821,1.5479479269677026,128166.21042052742
525.0923738479614,1.5477641942760745,128166.78937847468
525.1922652721405,1.546661798126305,128166.91044062722
525.291686296463,1.5484072586967732,128167.2193965645
525.3918285369873,1.5461106000514204,128166.99745690805
525.4917788505554,1.5462943327430487,128166.89771121726
525.5915768146515,1.5477641942760745,128167.60794009554
525.6922161579132,1.548223526005145,128167.64714608599
525.7922217845917,1.5492340558091002,128167.4824314774
525.8916916847229,1.5462024663972347,128166.93418832966
525.9917669296265,1.5452838029390936,128166.0407694967
526.0922203063965,1.5485909913884015,128164.83669254705
526.192060470581,1.5470292635095615,128165.05302329235
526.2916085720062,1.5483153923509592,128165.14772096313
526.3916189670563,1.5459268673597923,128166.43294886682
526.4919793605804,1.5451919365932794,128166.58965398013
526.5917632579803,1.543997674097696,128166.13068858213
526.6924352645874,1.545559401976536,128167.41761972391
526.7919626235962,1.5479479269677026,128167.77585775153
526.8923654556274,1.5471211298553758,128166.89827197639
526.9923465251923,1.5459268673597923,128167.40844477875
527.0923762321472,1.545743134668164,128167.16760030088
527.1915316581726,1.5445488721725806,128166.95084027079
527.2922692298889,1.54565126832235,128167.75575624371
527.3915181159973,1.54565126832235,128168.48018061934
527.4917500019073,1.545835001013978,128168.53216255741
527.5922391414642,1.5450082039016513,128167.47894630168
527.6915512084961,1.546569931780491,128167.4310516715
527.792179107666,1.54565126832235,128167.28794650437
527.8922412395477,1.5462943327430487,128166.45915185392
527.9916892051697,1.5459268673597923,128166.51323666853
528.0923037528992,1.5436302087144396,128165.26191300168
528.1920919418335,1.546478065434677,128165.73572170152
528.2918984889984,1.5460187337056064,128165.06214953138
528.3922221660614,1.5444570058267666,128164.45593457826
528.4915244579315,1.546569931780491,128163.51034112043
528.5924415588379,1.5461106000514204,128163.35930700839
528.6915919780731,1.546661798126305,128163.72337630755
528.7916667461395,1.5434464760228115,128163.45103867681
528.8915872573853,1.544732604864209,128163.50593480913
528.9923164844513,1.5432627433311832,128164.35534132822
529.0918850898743,1.5451919365932794,128164.6198071954
529.1920416355133,1.5463861990888628,128163.75782647586
529.2923927307129,1.5451000702474653,128163.98204382829
529.3917472362518,1.5444570058267666,128163.98383944546
529.4917960166931,1.544916337555837,128164.98545550092
529.5915477275848,1.544732604864209,128166.38690995084
529.6916315555573,1.5475804615844462,128166.54821895577
529.7918691635132,1.5443651394809526,128167.09339706019
529.8920454978943,1.544916337555837,128166.48405735417
529.9919383525848,1.544732604864209,128166.13565161877
530.0918247699738,1.5429871442937408,128166.8220864569
530.1917259693146,1.5443651394809526,128169.93987781122
530.2919502258301,1.5443651394809526,128170.84589003009
530.3918254375458,1.5440895404435102,128171.3613010271
530.4915680885315,1.544916337555837,128172.12517092438
530.5918660163879,1.5451919365932794,128172.81265383193
530.6919195652008,1.54565126832235,128173.53138844874
530.7916893959045,1.5443651394809526,128174.07824960386
530.8917155265808,1.5444570058267666,128174.07042464349
530.992044210434,1.5462943327430487,128173.36338217914
531.09224152565,1.5426196789104845,128173.02704396124
531.1921989917755,1.5409660846858306,128173.62433956511
531.2922422885895,1.5441814067893243,128173.6619056086
531.3919322490692,1.546569931780491,128173.79571504775
531.4923913478851,1.543997674097696,128174.01614354298
531.5916502475739,1.5443651394809526,128174.31452918868
531.691912651062,1.5436302087144396,128174.78307626981
531.7916910648346,1.5440895404435102,128175.90476864284
531.8923182487488,1.542252213527228,128175.81429177856
531.9916825294495,1.5451000702474653,128177.33286260071
532.0920963287354,1.544732604864209,128178.29957634064
532.1922364234924,1.5424359462188562,128178.16961870657
532.2916796207428,1.5423440798730421,128176.95265683591
532.3914494514465,1.543997674097696,128176.15739115232
532.4915413856506,1.5444570058267666,128176.1416520371
532.5922586917877,1.544640738518395,128177.8274868334
532.6918783187866,1.5419766144897857,128178.44473815005
532.7917795181274,1.5421603471814138,128178.80026433505
532.891401052475,1.5440895404435102,128179.22023790155
532.9917497634888,1.5427115452562985,128180.19821411141
533.0918045043945,1.5429871442937408,128179.77839270027
533.1924285888672,1.5430790106395549,128180.20055343024
533.2918953895569,1.5435383423686255,128180.28049808723
533.3919448852539,1.5460187337056064,128181.4524482785
533.4917902946472,1.543905807751882,128182.20720345067
533.5924196243286,1.5417010154523434,128181.4864831056
533.6917097568512,1.5435383423686255,128181.83783479505
533.7921109199524,1.5423440798730421,128183.05405131556
533.8922915458679,1.541333550069087,128183.14864618401
533.991544008255,1.5407823519942023,128182.63378156562
534.0917897224426,1.5423440798730421,128182.07040340906
534.1923956871033,1.5445488721725806,128180.66336306816
534.2914881706238,1.5427115452562985,128179.69702676135
534.3921942710876,1.5424359462188562,128180.12732408522
534.4921910762787,1.5427115452562985,128180.3145916767
534.5916392803192,1.5388531587321062,128178.98313250902
534.6919031143188,1.5427115452562985,128179.98481925813
534.7923400402069,1.539679955844433,128180.58633733232
534.8922803401947,1.541425416414901,128180.02770359909
534.9920058250427,1.5400474212276896,128180.82493323919
535.0922565460205,1.5417928817981574,128180.34243991527
535.191977262497,1.5420684808355998,128181.10819592375
535.2914369106293,1.5423440798730421,128181.49737633138
535.3923861980438,1.5428034116021128,128180.84763869824
535.491863489151,1.5420684808355998,128181.46287482842
535.5917675495148,1.5417010154523434,128182.21658734558
535.6922392845154,1.5430790106395549,128182.49492861102
535.7923319339752,1.5411498173774587,128183.14543574993
535.892117023468,1.5428034116021128,128183.33089217494
535.9918239116669,1.5409660846858306,128183.29780295746
536.0922520160675,1.5406904856483883,128183.56802266173
536.1924817562103,1.54050675295676,128183.61122039557
536.2923011779785,1.5412416837232727,128184.45009835601
536.3917298316956,1.5440895404435102,128184.4050885204
536.491868019104,1.540414886610946,128183.36457966836
536.5916764736176,1.5411498173774587,128183.22812170153
536.6918778419495,1.5412416837232727,128182.60530953137
536.7920498847961,1.5426196789104845,128182.54477857823
536.8915338516235,1.5366483664325674,128183.19030072042
536.9922659397125,1.5403230202651317,128183.07127064838
537.0923357009888,1.5400474212276896,128182.96414358354
537.1915493011475,1.5401392875735036,128181.56772922518
537.2914581298828,1.5430790106395549,128181.61095630265
537.3918843269348,1.5401392875735036,128179.8498606724
537.4916088581085,1.541425416414901,128179.16487460517
537.5923030376434,1.5388531587321062,128178.74838714465
537.6916799545288,1.5409660846858306,128178.17354843019
537.7920722961426,1.540414886610946,128178.05619358717
537.8916325569153,1.540598619302574,128177.95057422845
537.9921960830688,1.5402311539193176,128178.8555168056
538.091882944107,1.5408742183400164,128178.06996512505
538.1916725635529,1.539679955844433,128177.36296861255
538.2915167808533,1.5394962231528049,128178.62667175129
538.3917548656464,1.5389450250779202,128178.76400457617
538.4922385215759,1.5408742183400164,128179.28760411855
538.5916554927826,1.5383938270030355,128180.05884370669
538.692430973053,1.541425416414901,128179.85295933603
538.7914841175079,1.5408742183400164,128180.66766340243
538.8924105167389,1.5420684808355998,128179.9008970622
538.9917030334473,1.5406904856483883,128179.31080735597
539.0919804573059,1.5410579510316447,128178.57972662037
539.1915593147278,1.5393124904611766,128178.72175395834
539.291544675827,1.5391287577695483,128180.0495785625
539.391793012619,1.5433546096769972,128179.74462070625
539.4922971725464,1.5418847481439717,128179.47015863562
539.5916697978973,1.5400474212276896,128179.72314277205
539.6916916370392,1.5407823519942023,128179.95082849485
539.7915964126587,1.5409660846858306,128182.95574564538
539.8916964530945,1.535454103936984,128185.46017108085
539.9917573928833,1.5341679750955866,128184.31415397278
540.0918424129486,1.5331574452916314,128184.4827385755
540.192191362381,1.5341679750955866,128183.33446471796
540.2918288707733,1.5349029058620995,128183.60101824618
540.3915371894836,1.537015831815824,128184.14091642157
540.4916799068451,1.5332493116374455,128183.02682477942
540.591712474823,1.5357297029744263,128183.32414230148
540.6917200088501,1.5338923760581442,128182.59172807135
540.7919163703918,1.5350866385537276,128182.33255526422
540.891761302948,1.5340761087497725,128180.89929973781
540.9917848110199,1.535454103936984,128181.00936976403
541.0923628807068,1.5355459702827983,128182.20843278762
541.1922633647919,1.536097168357683,128183.08758950887
541.291538476944,1.536189034703497,128183.878830558
541.3923122882843,1.5351785048995419,128184.3909475022
541.4911775588989,1.5349029058620995,128184.65185275198
541.5916469097137,1.5326062472167468,128184.98666747678
541.7195298671722,1.5336167770207019,128185.4880007291
541.7917864322662,1.5326981135625608,128186.2392006562
541.8921294212341,1.5326981135625608,128186.5152805906
541.9922471046448,1.5336167770207019,128187.16375253155
542.0921156406403,1.5341679750955866,128187.0473772784
542.1923146247864,1.5335249106748878,128186.14263955057
542.2920587062836,1.530952652992093,128187.32837559552
542.3917808532715,1.5339842424039585,128187.49553803596
542.4923655986786,1.5356378366286123,128187.64598423237
542.5921947956085,1.5358215693202406,128188.78138580912
542.6919128894806,1.5315038510669774,128188.60324722821
542.7923226356506,1.5337086433665161,128189.7429225054
542.8922679424286,1.5331574452916314,128189.26863025485
542.9917886257172,1.5322387818334904,128189.04176722937
543.0921726226807,1.5337086433665161,128189.63759050643
543.1916832923889,1.5334330443290738,128189.37383145578
543.2914991378784,1.5321469154876763,128189.63644831021
543.3918244838715,1.5338005097123302,128188.7728034792
543.4923486709595,1.5325143808709327,128188.79552313127
543.5923497676849,1.5360053020118687,128189.11597081814
543.6917643547058,1.5322387818334904,128189.10437373634
543.7923035621643,1.5315957174127917,128190.3939363627
543.8919351100922,1.5325143808709327,128190.65454272644
543.9922533035278,1.5321469154876763,128191.6890884538
544.092280626297,1.5314119847211634,128192.32017960843
544.1917998790741,1.532055049141862,128193.0881616476
544.2923607826233,1.531963182796048,128192.97934548283
544.391672372818,1.5316875837586057,128192.98141093456
544.4919040203094,1.5324225145251185,128193.9832698411
544.5921502113342,1.5316875837586057,128194.08494285699
544.6919062137604,1.5304933212630223,128193.67644857129
544.7921540737152,1.5341679750955866,128193.50880371417
544.8918581008911,1.5322387818334904,128193.55792334274
544.9919698238373,1.5322387818334904,128194.00213100847
545.092068195343,1.5317794501044197,128194.70191790763
545.1922776699066,1.5298502568423236,128194.63172611687
545.2919940948486,1.531044519337907,128195.1685535052
545.3915588855743,1.5338923760581442,128197.15169815467
545.4917325973511,1.5333411779832598,128197.93652833921
545.5921063423157,1.532055049141862,128196.84287550529
545.6919505596161,1.530952652992093,128196.75858795477
545.7923970222473,1.5329737126000031,128195.9827291593
545.8920650482178,1.5324225145251185,128195.48445624337
545.9916310310364,1.5339842424039585,128194.83601061904
546.0916578769684,1.5322387818334904,128194.65240955714
546.1917264461517,1.5329737126000031,128194.08716860143
546.2924268245697,1.5326062472167468,128194.7784517413
546.3921308517456,1.5303095885713942,128196.00060656716
546.492290019989,1.5298502568423236,128196.70054591045
546.5924389362335,1.5287478606925542,128198.13049131942
546.6922776699066,1.5329737126000031,128198.41744218748
546.7914459705353,1.5326062472167468,128199.07569796873
546.8916132450104,1.5324225145251185,128198.86812817186
546.9916467666626,1.5323306481793044,128199.48131535467
547.0917580127716,1.532055049141862,128199.63318381921
547.193507194519,1.5300339895339519,128199.66986543729
547.4278221130371,1.5335249106748878,128200.10287889355
547.5229294300079,1.5315038510669774,128198.6925910042
547.61781001091,1.5313201183753493,128198.12333190379
547.7131180763245,1.530952652992093,128198.11099871341
547.9053573608398,1.5300339895339519,128198.79989884207
548.0029792785645,1.5292990587674389,128198.51990895787
548.0982964038849,1.5325143808709327,128198.5679180621
548.1927213668823,1.532881846254189,128198.91112625589
548.2918083667755,1.5317794501044197,128198.3200136303
548.3917098045349,1.5308607866462787,128198.28801226728
548.4918193817139,1.5298502568423236,128197.85921104054
548.592043876648,1.5281966626176697,128198.2732899365
548.6918306350708,1.5325143808709327,128198.14596094284
548.7923979759216,1.530952652992093,128198.33136484856
548.8921077251434,1.5304933212630223,128196.29822836371
548.9917209148407,1.5297583904965095,128197.06840552733
549.0916018486023,1.5307689203004646,128197.46156497461
549.1917498111725,1.5303095885713942,128197.91540847714
549.2923009395599,1.532789979908375,128199.12386762943
549.3919522762299,1.531136385683721,128200.91148086649
549.4917981624603,1.530125855879766,128200.12033277984
549.5916130542755,1.5306770539546506,128199.30829950186
549.6916828155518,1.5283803953092978,128199.17746955168
549.7916781902313,1.5295746578048812,128199.15972259652
549.8919515609741,1.5304014549172082,128199.44375033687
549.9922029972076,1.5292071924216248,128199.89937530318
550.0914127826691,1.5303095885713942,128200.30943777287
550.1918091773987,1.5294827914590672,128200.6784939956
550.292352437973,1.5283803953092978,128201.31064459604
550.3919961452484,1.5295746578048812,128200.87958013643
550.4922280311584,1.5307689203004646,128200.8916221228
550.5920469760895,1.5287478606925542,128200.70245991054
550.6921496391296,1.5299421231881376,128199.13221391948
550.7918310165405,1.5297583904965095,128198.21899252753
550.8914792537689,1.5294827914590672,128198.49709327478
550.991513967514,1.5290234597299965,128197.5473839473
551.0920321941376,1.527553598196971,128197.49264555257
551.1924662590027,1.5288397270383685,128197.04338099732
551.2922449111938,1.5297583904965095,128196.43904289759
551.3921239376068,1.5304014549172082,128195.39513860784
551.4922184944153,1.5300339895339519,128195.75562474705
551.5916714668274,1.5317794501044197,128195.78006227236
551.6919775009155,1.530952652992093,128196.10205604511
551.7924282550812,1.5293909251132531,128194.99185044061
551.8922765254974,1.5325143808709327,128196.19266539655
551.9923408031464,1.5283803953092978,128196.5733988569
552.0913777351379,1.527737330888599,128197.21605897121
552.1919445991516,1.5304933212630223,128197.99445307409
552.2918419837952,1.5295746578048812,128197.99500776669
552.3922011852264,1.5262674693555733,128197.49550699002
552.4921050071716,1.5290234597299965,128197.24595629102
552.5920107364655,1.5281047962718555,128195.72136066192
552.6922647953033,1.5293909251132531,128194.34922459573
552.7914958000183,1.5296665241506953,128193.61430213616
552.8921430110931,1.5293909251132531,128194.15287192256
552.9915432929993,1.5312282520295353,128194.13758473031
553.0919711589813,1.5304014549172082,128193.52382625728
553.1919183731079,1.5286559943467402,128193.27144363156
553.2918400764465,1.5288397270383685,128194.9442992684
553.3917467594147,1.5270942664679004,128195.94986934157
553.4920494556427,1.5283803953092978,128195.45488240742
553.5918536186218,1.5292071924216248,128195.90939416668
553.6924154758453,1.5288397270383685,128195.81845475001
553.7922954559326,1.5281966626176697,128197.43660927501
553.8922226428986,1.528472261655112,128196.79294834752
553.9916188716888,1.5283803953092978,128196.61365351277
554.0920283794403,1.5306770539546506,128195.7522881615
554.1917600631714,1.5293909251132531,128196.17705934535
554.2922995090485,1.5278291972344131,128197.85935341082
554.391871213913,1.5296665241506953,128198.77341806974
554.4919140338898,1.5291153260758108,128198.29607626278
554.5918567180634,1.5305851876088363,128198.6664686365
554.6925041675568,1.5285641280009261,128197.99982177284
554.792062997818,1.5288397270383685,128197.59983959555
554.8915345668793,1.5298502568423236,128197.839855636
554.9920973777771,1.5283803953092978,128197.95587007242
555.0917437076569,1.5288397270383685,128199.06028306519
555.1921982765198,1.527553598196971,128198.75425475868
555.2922718524933,1.5295746578048812,128199.37882928281
555.3919422626495,1.5283803953092978,128198.74094635453
555.4917933940887,1.5279210635802274,128198.96685171909
555.5918266773224,1.530125855879766,128199.4701665472
555.6921620368958,1.5281966626176697,128200.02314989248
555.7918884754181,1.5261756030097593,128200.82083490324
555.8922016620636,1.5295746578048812,128202.73875141291
555.9917147159576,1.5306770539546506,128203.56487627163
556.0922462940216,1.526726801084644,128203.90838864447
556.1921801567078,1.5272779991595287,128203.91754978002
556.2921764850616,1.526910533776272,128204.72579480201
556.3915269374847,1.5292990587674389,128204.65321532183
556.4919929504395,1.5292071924216248,128204.88789378965
556.5917503833771,1.5281047962718555,128206.09910441069
556.6922922134399,1.527553598196971,128205.68919396962
556.7914171218872,1.5255325385890606,128204.92027457267
556.8918190002441,1.5288397270383685,128205.0282471154
556.991708278656,1.53021772222558,128204.82542240387
557.0919663906097,1.5292990587674389,128205.04288016348
557.1917662620544,1.531136385683721,128207.23859214713
557.2918000221252,1.52663493473883,128208.31473293243
557.3920385837555,1.5285641280009261,128208.2832596392
557.4917333126068,1.527737330888599,128209.15493367528
557.5920629501343,1.527645464542785,128207.93944030775
557.691901922226,1.5260837366639453,128208.04549627699
557.791846036911,1.5280129299260414,128207.5409466493
557.8920707702637,1.5281047962718555,128207.38685198438
557.9923467636108,1.5255325385890606,128207.34816678595
558.0918855667114,1.5263593357013876,128208.11335010735
558.1918241977692,1.5256244049348746,128208.90201509662
558.2921860218048,1.526726801084644,128209.21181358697
558.3917617797852,1.5281047962718555,128208.79063222828
558.4916129112244,1.526818667430458,128208.61156900546
558.591890335083,1.5264512020472016,128207.55041210492
558.692355632782,1.5283803953092978,128207.49537089442
558.7923307418823,1.526910533776272,128207.74583380498
558.8920922279358,1.5270024001220863,128208.37125042448
558.9918417930603,1.527645464542785,128209.53412538204
559.0921602249146,1.525808137626503,128209.88071284383
559.1917264461517,1.52663493473883,128210.19264155945
559.2919628620148,1.5281047962718555,128210.47337740351
559.3923110961914,1.5263593357013876,128211.72603966316
559.4923305511475,1.5278291972344131,128211.05343569684
559.5920398235321,1.528472261655112,128210.94809212716
559.692503452301,1.5270942664679004,128210.25328291446
559.7916972637177,1.5273698655053427,128208.92795462301
559.8921611309052,1.5271861328137144,128208.93515916073
559.9922564029694,1.525808137626503,128210.64164324466
560.0921204090118,1.5261756030097593,128210.8774789202
560.1919605731964,1.5243382760934772,128211.38973102819
560.2921559810638,1.52663493473883,128211.25075792537
560.3918595314026,1.5236033453269644,128210.72568213285
560.4915752410889,1.5262674693555733,128208.95311391958
560.5923972129822,1.5292071924216248,128208.65780252762
560.6914517879486,1.5281047962718555,128209.09202227487
560.7916073799133,1.526818667430458,128208.78282004739
560.8920743465424,1.5270942664679004,128208.50453804266
560.9919788837433,1.5242464097476631,128206.3540842384
561.0919053554535,1.5273698655053427,128205.51867581456
561.1914985179901,1.526818667430458,128205.76680823311
561.2917439937592,1.5279210635802274,128205.79012740981
561.3917191028595,1.525900003972317,128205.01111466883
561.4917492866516,1.526910533776272,128203.81000320196
561.5916306972504,1.5256244049348746,128204.42900288176
561.6922278404236,1.5282885289634838,128204.08610259359
561.7922155857086,1.5279210635802274,128203.77749233424
561.8918836116791,1.5264512020472016,128204.49974310082
561.9915955066681,1.5265430683930157,128204.84976879075
562.092071056366,1.5245220087851055,128203.86479191168
562.1915447711945,1.525991870318131,128203.47831272052
562.2916746139526,1.5257162712806887,128202.63048144846
562.3917336463928,1.5270024001220863,128201.86743330362
562.4911804199219,1.52507320685999,128200.38068997326
562.5914311408997,1.5270024001220863,128200.74262097594
562.6918466091156,1.5273698655053427,128200.46835887835
562.7914640903473,1.52663493473883,128200.22152299053
562.8921265602112,1.5254406722432465,128200.39937069148
562.9915516376495,1.5264512020472016,128199.65943362234
563.0920886993408,1.5265430683930157,128200.6934902601
563.1914339065552,1.5280129299260414,128199.8241412341
563.2921388149261,1.5241545434018489,128200.54172711069
563.3915550708771,1.5280129299260414,128201.48755439962
563.4918570518494,1.5280129299260414,128201.43879895966
563.5922005176544,1.525900003972317,128201.4949190637
563.6921572685242,1.52663493473883,128202.54542715733
563.7914690971375,1.527553598196971,128203.2908844416
563.8919491767883,1.5271861328137144,128204.06179599745
563.9914412498474,1.52663493473883,128205.3556163977
564.0916857719421,1.52507320685999,128205.02005475793
564.191632270813,1.52663493473883,128204.71804928214
564.2910950183868,1.5257162712806887,128205.44624435392
564.3915495872498,1.5239708107102208,128205.00161991853
564.4915852546692,1.5262674693555733,128205.70145792668
564.5915167331696,1.5257162712806887,128205.63131213402
564.6912643909454,1.525808137626503,128206.36818092062
564.7917237281799,1.522592815523009,128206.23136282856
564.8916974067688,1.5241545434018489,128206.10822654571
564.9914999008179,1.5254406722432465,128206.29740389115
565.0914640426636,1.5244301424392912,128205.16766350204
565.191511631012,1.5272779991595287,128204.85089715183
565.2916753292084,1.5251650732058042,128203.96580743666
565.3916213512421,1.5236952116727784,128205.069226693
565.4913485050201,1.5256244049348746,128204.9623040237
565.5918140411377,1.5249813405141759,128205.66607362134
565.6916174888611,1.52663493473883,128206.09946625921
565.7920758724213,1.5272779991595287,128206.0895196333
565.8912255764008,1.5253488058974323,128204.48056766998
565.9918224811554,1.5249813405141759,128203.33251090298
566.0920660495758,1.5239708107102208,128204.59925981269
566.1918642520905,1.5257162712806887,128205.83933383142
566.2915630340576,1.526726801084644,128205.75540044828
566.3915221691132,1.527645464542785,128207.07986040346
566.4922966957092,1.52507320685999,128206.57187436312
566.5921242237091,1.5244301424392912,128206.1146869268
566.6914052963257,1.5243382760934772,128206.30321823413
566.7919027805328,1.5254406722432465,128206.07289641071
566.8917648792267,1.5253488058974323,128205.96560676965
566.9918229579926,1.5254406722432465,128205.9690460927
567.0914750099182,1.5229602809062655,128205.67214148343
567.1920502185822,1.5254406722432465,128204.7049273351
567.2917902469635,1.5244301424392912,128205.23443460159
567.3920106887817,1.5247057414767335,128205.21099114143
567.4914445877075,1.5252569395516182,128207.1898920273
567.5919809341431,1.5249813405141759,128206.67090282457
567.6917743682861,1.5247976078225476,128207.10381254212
567.7918229103088,1.525991870318131,128208.59343128791
567.8915693759918,1.523419612635336,128209.33408815913
567.9917953014374,1.523419612635336,128209.40067934322
568.0918867588043,1.5245220087851055,128209.4606114089
568.1921956539154,1.523419612635336,128209.81455026801
568.2915601730347,1.5254406722432465,128208.8330952412
568.3919467926025,1.5271861328137144,128209.0497857171
568.4921579360962,1.5255325385890606,128207.9448071454
568.5919296741486,1.5236952116727784,128208.65032643086
568.692131280899,1.5247057414767335,128208.48529378777
568.7922294139862,1.5261756030097593,128208.63676440899
568.8919677734375,1.523327746289522,128208.47308796809
568.9920997619629,1.5246138751309195,128207.12577917129
569.0914435386658,1.5251650732058042,128206.81320125415
569.1919655799866,1.5237870780185925,128207.13188112873
569.2913465499878,1.5236952116727784,128206.41869301586
569.391946554184,1.5230521472520797,128206.07682371428
569.4919648170471,1.5235114789811501,128206.36914134285
569.5923135280609,1.5242464097476631,128207.33222720856
569.6923582553864,1.5253488058974323,128206.09900448771
569.7917408943176,1.5255325385890606,128206.78910403895
569.8921093940735,1.5238789443644065,128206.31019363506
569.9921205043793,1.5226846818688233,128206.27917427156
570.0913190841675,1.5240626770560348,128205.75125684442
570.1922295093536,1.523419612635336,128204.37613115998
570.2918395996094,1.523419612635336,128203.03851804399
570.3922336101532,1.5229602809062655,128204.0346662396
570.4917304515839,1.525808137626503,128204.23119961565
570.5924456119537,1.5245220087851055,128204.20807965408
570.691867351532,1.5261756030097593,128204.08727168868
570.7921471595764,1.5221334837939386,128204.87854451982
570.8921933174133,1.5226846818688233,128205.79069006784
570.9917747974396,1.5246138751309195,128206.21162106105
571.0916330814362,1.5230521472520797,128206.29045895494
571.1918847560883,1.5229602809062655,128207.26141305946
571.2916815280914,1.5236952116727784,128207.93527175352
571.3922011852264,1.5247976078225476,128207.74174457818
571.4911241531372,1.5205717559150989,128207.36757012038
571.5918431282043,1.5240626770560348,128208.13081310834
571.6918776035309,1.5236033453269644,128208.21773179751
571.7915000915527,1.5230521472520797,128207.59595861776
571.891517162323,1.5219497511023103,128207.03636275599
571.9921128749847,1.5226846818688233,128207.2327264804
572.0918657779694,1.5221334837939386,128207.40945383237
572.1923778057098,1.5229602809062655,128207.16850844913
572.2918610572815,1.5237870780185925,128207.45165760422
572.3917379379272,1.522592815523009,128206.10649184379
572.4922635555267,1.5255325385890606,128206.59584265942
572.5915775299072,1.5232358799437078,128206.13625839347
572.691463470459,1.5213985530274257,128206.72263255413
572.7921848297119,1.5236033453269644,128206.25036929871
572.8916296958923,1.523419612635336,128205.32533236884
572.9917600154877,1.521582285719054,128205.59279913196
573.0922284126282,1.5240626770560348,128204.83351921877
573.1918201446533,1.5221334837939386,128204.45016729689
573.2918601036072,1.5242464097476631,128204.3051505672
573.392281293869,1.5228684145604514,128204.07463551048
573.4918205738068,1.5230521472520797,128205.76717195944
573.5921087265015,1.522592815523009,128207.39045476349
573.6916387081146,1.5232358799437078,128208.45140928714
573.7915823459625,1.5227765482146374,128209.50626835844
573.8917021751404,1.5220416174481244,128210.8556415226
573.9918122291565,1.522500949177195,128211.97007737034
574.0918211936951,1.5210310876441693,128212.4730696333
574.1916418075562,1.5246138751309195,128212.52576266997
574.2918272018433,1.5244301424392912,128213.27318640298
574.3918805122375,1.5228684145604514,128213.84586776269
574.4919102191925,1.523327746289522,128213.76128098642
574.59170794487,1.5220416174481244,128212.98515288779
574.6917457580566,1.5235114789811501,128212.48663759902
574.7916615009308,1.5237870780185925,128210.83797383912
574.8916923999786,1.5217660184106823,128210.45417645521
574.991527557373,1.5217660184106823,128210.40875880969
575.09232878685,1.4653600820808206,128246.06788292872
575.1915254592896,1.2661938443558365,128295.76109463585
575.2914254665375,1.268398636655375,128341.18498517227
575.3917195796967,1.2661938443558365,128381.96648665503
575.4915387630463,1.2665613097390929,128418.26983798953
575.5915424823761,1.2665613097390929,128450.44285419058
575.6919407844543,1.2686742356928173,128479.09856877151
575.7922670841217,1.269960364534215,128505.78871189438
575.8914802074432,1.2670206414681635,128529.20984070493
575.9916388988495,1.268306770309561,128551.08885663445
576.0922341346741,1.269960364534215,128569.07997097101
576.1917841434479,1.2661019780100224,128585.67197387392
576.2920777797699,1.2687661020386316,128601.40477648654
576.3921778202057,1.2687661020386316,128616.0642988379
576.4914872646332,1.2681230376179329,128628.05786895411
576.591527223587,1.2676637058888622,128638.4520820587
576.6921410560608,1.269317300113516,128648.10687385284
576.7922902107239,1.268398636655375,128657.29618646756
576.8921344280243,1.270052230880029,128665.0665678208
576.991917848587,1.2695928991509584,128671.65991103873
577.0919737815857,1.2661938443558365,128677.59391993486
577.1920199394226,1.2685823693470033,128682.43452794138
577.2921724319458,1.2717976914504971,128687.29107514725
577.3920700550079,1.2712464933756125,128691.76196763253
577.4922337532043,1.269960364534215,128696.18577086928
577.592033624649,1.269225433767702,128699.76719378236
577.6913800239563,1.2706952953007278,128702.19047440414
577.7921807765961,1.2723488895253816,128705.57142696374
577.8919303417206,1.2714302260672405,128706.91428426738
577.9915382862091,1.2723488895253816,128708.72285584064
578.0916965007782,1.2677555722346763,128711.95057025658
578.192061662674,1.269133567421888,128713.95551323092
578.2919497489929,1.2728082212544523,128715.45996190782
578.3917932510376,1.2713383597214265,128717.21396571705
578.4920797348022,1.269225433767702,128717.49256914534
578.592022895813,1.2711546270297984,128717.24331223081
578.6922144889832,1.270879027992356,128717.01898100773
578.7922892570496,1.2717058251046829,128718.11708290696
578.8922328948975,1.2759316770121318,128719.10537461627
578.9923117160797,1.2706034289549137,128719.09483715464
579.092006444931,1.2710627606839842,128718.28535343919
579.1921379566193,1.2705115626090995,128718.25681809528
579.2913868427277,1.2729919539460806,128718.53113628576
579.3913304805756,1.2718895577963112,128719.87802265718
579.4914293289185,1.2714302260672405,128719.99022039147
579.592045545578,1.2736350183667793,128719.89119835233
579.6920440196991,1.2707871616465418,128719.9020785171
579.7915613651276,1.2707871616465418,128719.6118706654
579.8913922309875,1.270879027992356,128720.15068359885
579.992023229599,1.2727163549086382,128719.23561523898
580.0922932624817,1.2728082212544523,128719.91205371509
580.1924805641174,1.272624488562824,128721.32084834357
580.2915472984314,1.2732675529835227,128720.98876350922
580.391702413559,1.2723488895253816,128721.78988715829
580.4917085170746,1.2728082212544523,128720.31089844246
580.5914216041565,1.2720732904879395,128721.27980859822
580.6917469501495,1.2714302260672405,128720.9518277384
580.7918381690979,1.2720732904879395,128718.65664496458
580.8916554450989,1.272624488562824,128718.69098046812
580.9921872615814,1.2717058251046829,128718.02188242131
581.0922133922577,1.27253262221701,128717.41969417917
581.1923243999481,1.2740943500958497,128716.77772476127
581.2915408611298,1.2748292808623627,128715.59995228515
581.3920788764954,1.273451285675151,128714.53995705664
581.4916048049927,1.2718895577963112,128714.18596135099
581.5918209552765,1.2723488895253816,128713.96736521588
581.6919162273407,1.2713383597214265,128714.47062869431
581.7917723655701,1.2724407558711959,128714.32356582489
581.8922824859619,1.2729919539460806,128713.4912092424
581.9924025535583,1.2732675529835227,128713.64208831817
582.092047214508,1.2740024837500357,128712.87787948636
582.1918923854828,1.273451285675151,128713.09009153773
582.291966676712,1.2706034289549137,128712.48108238395
582.3920528888702,1.2741862164416637,128713.93297414556
582.4924032688141,1.2711546270297984,128714.039676731
582.5923311710358,1.273543152020965,128714.7357090579
582.6924982070923,1.2715220924130548,128715.86213815212
582.7915453910828,1.274278082787478,128715.17592433692
582.8920214176178,1.2736350183667793,128715.15833190322
582.992005109787,1.2722570231795676,128716.6424987129
583.0918066501617,1.2715220924130548,128716.1782488416
583.1923131942749,1.2729000876002663,128715.66042395745
583.2918224334717,1.2729000876002663,128716.39438156171
583.3921656608582,1.2719814241421252,128716.95494340554
583.4915554523468,1.274278082787478,128717.05944906498
583.5921065807343,1.2722570231795676,128716.95350415849
583.691967010498,1.2737268847125933,128716.45815374264
583.7922585010529,1.2745536818249203,128716.21233836838
583.8918974399567,1.270144097225843,128716.49110453154
583.9921960830688,1.2720732904879395,128717.04199407839
584.0920708179474,1.2730838202918946,128716.03779467056
584.1920509338379,1.27253262221701,128715.8340152035
584.2922465801239,1.2718895577963112,128715.45061368315
584.3923563957214,1.274278082787478,128714.90555231484
584.4913802146912,1.2759316770121318,128715.11499708335
584.5919675827026,1.2729000876002663,128715.30349737502
584.6920838356018,1.2715220924130548,128715.47314763752
584.7914016246796,1.2749211472081767,128714.52583287377
584.8922350406647,1.2718895577963112,128713.1732495864
584.9918546676636,1.27253262221701,128713.55592462776
585.0921082496643,1.2736350183667793,128713.70033216498
585.1922292709351,1.2736350183667793,128713.43029894849
585.2915825843811,1.2740943500958497,128712.78726905363
585.3920710086823,1.274369949133292,128714.20854214826
585.4922878742218,1.2720732904879395,128714.38768793344
585.5922520160675,1.2713383597214265,128714.14891914009
585.6920728683472,1.2729919539460806,128713.83402722608
585.7922666072845,1.2750130135539908,128712.75062450347
585.8924489021301,1.2719814241421252,128711.67556205313
585.9923195838928,1.2762991423953882,128709.60800584783
586.0916764736176,1.275196746245619,128710.14720526304
586.1922874450684,1.272624488562824,128710.63248473674
586.292135477066,1.2710627606839842,128710.46923626307
586.392290353775,1.2740024837500357,128710.72231263678
586.4914495944977,1.2748292808623627,128710.0500813731
586.5913214683533,1.2728082212544523,128710.44507323581
586.6921870708466,1.2749211472081767,128709.30056591224
586.7914736270905,1.273359419329337,128708.57050932101
586.8923428058624,1.2728082212544523,128709.01345838892
586.9922246932983,1.2732675529835227,128709.51211255003
587.0914928913116,1.2729000876002663,128709.56090129503
587.1912970542908,1.2712464933756125,128709.80481116552
587.2920351028442,1.2753804789372472,128710.62433004897
587.3915503025055,1.2732675529835227,128709.56189704408
587.4914557933807,1.274369949133292,128710.10570733968
587.5915789604187,1.2729000876002663,128709.49513660572
587.6914234161377,1.273543152020965,128708.84562294515
587.7916963100433,1.2761154097037601,128707.46106065065
587.8913774490356,1.2727163549086382,128707.51495458558
587.9913554191589,1.2748292808623627,128708.16345912704
588.0914881229401,1.2712464933756125,128708.24711321434
588.1915650367737,1.2737268847125933,128708.1224018929
588.2915713787079,1.2757479443205038,128708.11016170362
588.3915946483612,1.2727163549086382,128708.49914553325
588.4914622306824,1.2738187510584074,128708.84923097992
588.5916211605072,1.2754723452830614,128709.56430788194
588.6920630931854,1.2739106174042216,128710.70787709375
588.7914571762085,1.2739106174042216,128710.23708938439
588.8916997909546,1.274461815479106,128710.71338044596
588.9916796684265,1.274369949133292,128710.64204240136
589.0916550159454,1.273451285675151,128711.27783816123
589.1916689872742,1.2740024837500357,128712.35005434511
589.2917912006378,1.272624488562824,128712.6150489106
589.39151263237,1.2736350183667793,128712.75354401954
589.4917869567871,1.272624488562824,128713.17818961758
589.5917921066284,1.2739106174042216,128713.76037065583
589.6920804977417,1.2724407558711959,128714.28433359024
589.791698217392,1.274461815479106,128713.45590023123
589.8918011188507,1.2754723452830614,128714.0103102081
589.9919595718384,1.2731756866377086,128714.30927918729
590.0916638374329,1.2712464933756125,128714.07835126856
590.1919548511505,1.2759316770121318,128714.07051614171
590.2918646335602,1.2736350183667793,128713.86346452755
590.3916459083557,1.273359419329337,128712.7771180748
590.4919352531433,1.2750130135539908,128713.59940626733
590.5920436382294,1.2741862164416637,128713.0394656406
590.6918487548828,1.2716139587588688,128714.53551907654
590.791773557663,1.2747374145165484,128714.28196716889
590.8919987678528,1.2747374145165484,128715.453770452
590.9920692443848,1.2741862164416637,128714.4083934068
591.0920262336731,1.274369949133292,128714.86755406612
591.1918995380402,1.274369949133292,128716.0807986595
591.2920346260071,1.2755642116288755,128716.87271879354
591.3919031620026,1.2741862164416637,128716.8854469142
591.491840839386,1.2720732904879395,128716.59690222278
591.5923221111298,1.2715220924130548,128715.4372120005
591.6921892166138,1.2739106174042216,128715.49349080045
591.7937092781067,1.2745536818249203,128711.4441417204
591.8921716213226,1.5317794501044197,128658.39972754837
591.9916455745697,1.5346273068246572,128609.45975479353
592.0914709568024,1.532881846254189,128567.31377931418
592.1921982765198,1.5322387818334904,128528.08240138277
592.2922849655151,1.5293909251132531,128493.1741612445
592.3921337127686,1.528472261655112,128462.35674512005
592.4920475482941,1.5288397270383685,128435.42107060805
592.5914974212646,1.5278291972344131,128411.07896354725
592.692042350769,1.53021772222558,128388.27106719253
592.7917432785034,1.5294827914590672,128367.74396047328
592.8922576904297,1.5278291972344131,128351.26956442595
592.9918060302734,1.5280129299260414,128336.54260798337
593.0920128822327,1.5293909251132531,128322.58834718504
593.1915357112885,1.5257162712806887,128310.52951246653
593.2918910980225,1.5282885289634838,128298.27656121989
593.3914711475372,1.5271861328137144,128287.4489050979
593.4919455051422,1.5261756030097593,128278.00401458812
593.5918447971344,1.5283803953092978,128270.20361312931
593.6920511722565,1.5281047962718555,128263.68325181639
593.7914762496948,1.525991870318131,128256.71492663474
593.8922972679138,1.527737330888599,128250.74343397126
593.992330789566,1.5294827914590672,128246.76909057415
594.0922718048096,1.5243382760934772,128241.49218151675
594.1923644542694,1.526818667430458,128236.64296336508
594.2913784980774,1.5238789443644065,128233.37866702859
594.3913412094116,1.5238789443644065,128230.04080032573
594.4915616512299,1.526910533776272,128228.93672029316
594.5914626121521,1.5261756030097593,128227.64304826385
594.6914486885071,1.5242464097476631,128226.57874343747
594.7921311855316,1.5271861328137144,128224.72086909373
594.8918783664703,1.5244301424392912,128223.14878218435
594.9919364452362,1.5243382760934772,128222.23390396591
595.0916211605072,1.525900003972317,128220.31051356933
595.1913027763367,1.5248894741683618,128219.87946221241
595.2916712760925,1.5245220087851055,128220.59151599117
595.3914535045624,1.5241545434018489,128220.63236439206
595.4915277957916,1.5240626770560348,128220.26912795285
595.5924365520477,1.5246138751309195,128220.04221515758
595.6922278404236,1.5270942664679004,128218.43799364183
595.7922027111053,1.5254406722432465,128216.99419427765
595.892285823822,1.5247057414767335,128216.1947748499
595.9917321205139,1.5279210635802274,128215.5752973649
596.0919532775879,1.5223172164855667,128215.41776762842
596.1917519569397,1.5241545434018489,128215.27599086557
596.2915959358215,1.5235114789811501,128216.84839177903
596.3912491798401,1.5243382760934772,128215.26355260113
596.4915282726288,1.5235114789811501,128215.03719734102
596.5915234088898,1.5227765482146374,128214.83347760692
596.6916873455048,1.5220416174481244,128215.45012984624
596.7916958332062,1.5230521472520797,128215.30511686162
596.8916981220245,1.5229602809062655,128215.57460517547
596.9916546344757,1.5236952116727784,128216.61714465792
597.0923779010773,1.5236952116727784,128217.55543019214
597.1916842460632,1.5247057414767335,128216.79988717292
597.2916972637177,1.5240626770560348,128217.31989845562
597.3918273448944,1.5236033453269644,128216.68790861007
597.4921905994415,1.5247057414767335,128215.31911774907
597.5923318862915,1.5231440135978938,128215.28720597416
597.6921472549438,1.5247976078225476,128216.15848537674
597.792010307312,1.5213985530274257,128215.84263683908
597.8919534683228,1.522409082831381,128216.15837315517
597.9917135238647,1.5220416174481244,128216.54253583965
598.0919413566589,1.5208473549525412,128216.08828225567
598.1917583942413,1.522592815523009,128216.3794540301
598.2915415763855,1.5236033453269644,128217.0415086271
598.3915588855743,1.521582285719054,128217.8373577644
598.4918782711029,1.522592815523009,128217.45362198795
598.5921289920807,1.522500949177195,128217.70825978916
598.6916637420654,1.522592815523009,128219.93743381025
598.7921237945557,1.5221334837939386,128220.64369042922
598.8916878700256,1.5226846818688233,128219.97932138632
598.9920809268951,1.5228684145604514,128220.88138924769
599.0921893119812,1.521674152064868,128221.29325032292
599.1920483112335,1.5236033453269644,128221.36392529063
599.2917468547821,1.5222253501397527,128220.72753276156
599.3920283317566,1.5232358799437078,128220.55477948542
599.491621017456,1.5226846818688233,128220.89930153688
599.5917620658875,1.5212148203357976,128222.4093713832
599.6921136379242,1.5201124241860282,128221.66843424489
599.7915365695953,1.5222253501397527,128221.5015908204
599.8916263580322,1.5219497511023103,128222.95143173836
599.9920079708099,1.5223172164855667,128221.25628856453
600.0922467708588,1.5199286914944001,128221.63065970808
600.191757440567,1.5227765482146374,128222.56759373729
600.2922267913818,1.520755488606727,128224.31083436355
600.3923351764679,1.521674152064868,128225.6797509272
600.4920885562897,1.5213066866816116,128225.11177583448
600.5915324687958,1.521582285719054,128225.90059825103
600.6922521591187,1.52149041937324,128227.71053842592
600.7923753261566,1.5222253501397527,128228.53948458334
600.8913855552673,1.5200205578402142,128227.585536125
600.9923565387726,1.5211229539899833,128227.72698251251
601.0918180942535,1.5201124241860282,128227.55428426126
601.1920313835144,1.5203880232234706,128227.09885583514
601.2913708686829,1.5236952116727784,128226.98897025164
601.3918850421906,1.522409082831381,128227.19007322649
601.4921028614044,1.521674152064868,128226.67106590384
601.5914390087128,1.5209392212983552,128227.10395931346
601.692298412323,1.520755488606727,128227.29356338212
601.791558265686,1.52149041937324,128226.2642070439
601.8919789791107,1.521582285719054,128226.33778633951
601.9922184944153,1.5212148203357976,128224.90400770557
602.0919337272644,1.5202961568776565,128224.91360693502
602.1913626194,1.5193774934195154,128224.72224624152
602.2915122509003,1.5202042905318423,128223.65002161739
602.3914246559143,1.521582285719054,128223.88501945566
602.491849899292,1.5203880232234706,128224.39651751009
602.5922968387604,1.5199286914944001,128226.45686575909
602.691812992096,1.5208473549525412,128225.41117918318
602.7915732860565,1.521674152064868,128224.17006126487
602.8915576934814,1.5202961568776565,128224.45305513838
602.9913880825043,1.5197449588027718,128224.60774962456
603.0913746356964,1.5185506963071884,128223.6469746621
603.1916460990906,1.5186425626530025,128223.68227719588
603.2914361953735,1.5202961568776565,128223.01404947629
603.391521692276,1.520755488606727,128222.11264452865
603.4923934936523,1.5218578847564963,128221.90138007578
603.5916361808777,1.519101894382073,128221.31124206822
603.6916589736938,1.520663622260913,128222.3801178614
603.7917938232422,1.5183669636155601,128223.34210607526
603.8919012546539,1.5199286914944001,128223.30789546773
603.9923152923584,1.5191937607278871,128222.77710592096
604.0921151638031,1.5208473549525412,128222.19939532886
604.1913902759552,1.520663622260913,128222.87945579598
604.2915413379669,1.5199286914944001,128222.19151021639
604.3921840190887,1.5199286914944001,128223.27235919476
604.4923269748688,1.5204798895692846,128223.2451232753
604.5916972160339,1.5188262953446308,128223.02061094777
604.6921455860138,1.5205717559150989,128221.61854985301
604.7916858196259,1.5202042905318423,128221.85669486772
604.8915152549744,1.5179994982323037,128222.07102538095
604.9916167259216,1.5192856270737012,128220.86392284287
605.0918695926666,1.5213985530274257,128221.27753055858
605.191960811615,1.5198368251485859,128222.04977750272
605.2916054725647,1.518275097269746,128223.04479975245
605.3915553092957,1.519101894382073,128222.54031977721
605.4919245243073,1.519101894382073,128221.6862877995
605.5917065143585,1.5196530924569578,128222.31765901955
605.691703081131,1.5186425626530025,128222.5858931176
605.791629076004,1.5201124241860282,128222.82730380584
605.8920428752899,1.518275097269746,128224.64457342526
605.9918940067291,1.5198368251485859,128223.98011608275
606.0919208526611,1.521582285719054,128224.48210447447
606.1919159889221,1.5194693597653295,128223.73389402703
606.2918646335602,1.517264567465791,128222.86050462433
606.3920023441315,1.5200205578402142,128223.47445416191
606.4919264316559,1.5211229539899833,128225.12700874572
606.5919041633606,1.5191937607278871,128227.11430787115
606.6918206214905,1.5194693597653295,128226.10287708403
606.792062997818,1.518183230923932,128227.69258937563
606.891928434372,1.5185506963071884,128227.42333043806
606.9919564723969,1.519010028036259,128226.78099739426
607.0919387340546,1.5169889684283486,128227.20289765485
607.1916501522064,1.518183230923932,128227.08260788937
607.2921159267426,1.5192856270737012,128228.37434710044
607.3924014568329,1.518275097269746,128228.3369123904
607.49232172966,1.5188262953446308,128228.40322115135
607.5921382904053,1.517448300157419,128227.66289903622
607.6922695636749,1.5187344289988167,128227.8966091326
607.7922928333282,1.5197449588027718,128227.30694821934
607.8923096656799,1.5187344289988167,128228.7762533974
607.9922943115234,1.5179076318864897,128229.89862805766
608.0922448635101,1.5201124241860282,128230.80876525189
608.1914665699005,1.5191937607278871,128230.7278887267
608.2922792434692,1.5179076318864897,128231.85509985403
608.3917984962463,1.5167133693909063,128232.46958986863
608.4920511245728,1.5179076318864897,128233.72263088178
608.5924229621887,1.5179076318864897,128233.1503677936
608.6916995048523,1.5198368251485859,128232.23533101424
608.7919261455536,1.5167133693909063,128231.11179791282
608.8922379016876,1.519101894382073,128230.00061812154
608.9922666549683,1.5185506963071884,128230.40055630938
609.0920879840851,1.5170808347741627,128230.66050067845
609.1919641494751,1.5168971020825346,128231.5944506106
609.2920684814453,1.516437770353464,128231.43500554955
609.3922100067139,1.5197449588027718,128230.59150499459
609.4919922351837,1.5189181616904448,128231.63235449514
609.591997385025,1.517448300157419,128232.36911904564
609.6915431022644,1.5199286914944001,128232.53220714108
609.791464805603,1.5199286914944001,128233.17898642697
609.8921871185303,1.5170808347741627,128232.76108778428
609.9918518066406,1.518183230923932,128232.98497900585
610.0922820568085,1.5162540376618356,128232.18648110527
610.1915216445923,1.5194693597653295,128232.46783299473
610.2922804355621,1.5161621713160216,128233.82104969527
610.3915739059448,1.5171727011199767,128233.23894472574
610.4915308952332,1.518183230923932,128232.41505025317
610.5915732383728,1.518275097269746,128232.27354522786
610.6917736530304,1.5175401665032333,128231.94619070509
610.79159283638,1.5189181616904448,128232.95157163458
610.8916230201721,1.5189181616904448,128233.15641447112
610.9922399520874,1.519010028036259,128233.640773024
611.0923109054565,1.518275097269746,128235.37669572161
611.1916630268097,1.5186425626530025,128236.73902614944
611.2920069694519,1.5169889684283486,128237.0651235345
611.3920955657959,1.5186425626530025,128237.15861118106
611.4923679828644,1.5178157655406757,128237.24275006296
611.5922615528107,1.5197449588027718,128236.51847505667
611.692111492157,1.5161621713160216,128235.366627551
611.7917001247406,1.5168052357367203,128235.3299647959
611.8919513225555,1.5171727011199767,128234.59696831633
611.9917387962341,1.5187344289988167,128233.4372714847
612.0923571586609,1.5160703049702076,128233.49354433623
612.1917533874512,1.517448300157419,128234.34418990261
612.2919154167175,1.5168052357367203,128233.20977091235
612.392059803009,1.5162540376618356,128232.48879382112
612.4917914867401,1.5169889684283486,128231.439914439
612.5918116569519,1.517356433811605,128232.09592299511
612.6920642852783,1.5179994982323037,128232.18633069561
612.792341709137,1.5159784386243935,128232.36769762606
612.8922638893127,1.5184588299613744,128232.93092786346
612.9921066761017,1.518275097269746,128233.43783507711
613.0920066833496,1.5166215030450922,128232.89405156941
613.1920642852783,1.5160703049702076,128231.90464641247
613.291805267334,1.5177238991948614,128231.01418177123
613.3917894363403,1.518275097269746,128230.81276359412
613.4917497634888,1.518183230923932,128230.9314872347
613.5922467708588,1.518183230923932,128231.73833851123
613.6922357082367,1.5166215030450922,128231.56450466011
613.7923843860626,1.517448300157419,128233.1080541941
613.8924927711487,1.5154272405495088,128232.7972487747
613.9919195175171,1.5160703049702076,128232.81752389723
614.0920836925507,1.5189181616904448,128233.53577150751
614.1924006938934,1.5161621713160216,128232.38219435676
614.2916893959045,1.5176320328490474,128231.24397492109
614.3916170597076,1.5167133693909063,128231.11957742898
614.4925870895386,1.519010028036259,128230.00761968609
614.5922470092773,1.5179994982323037,128230.40685771749
614.6921722888947,1.5167133693909063,128228.86617194575
614.7915263175964,1.51634590400765,128227.07955475118
614.8917405605316,1.5169889684283486,128227.57159927607
614.9921498298645,1.5171727011199767,128227.51443934847
615.092188835144,1.5179076318864897,128228.16299541362
615.1922807693481,1.5169889684283486,128228.04669587225
615.2924556732178,1.5175401665032333,128227.94202628503
615.3915593624115,1.517448300157419,128228.14782365653
615.4923961162567,1.5159784386243935,128229.73304129089
615.5922701358795,1.5176320328490474,128230.35973716181
615.692239522934,1.5176320328490474,128229.82376344563
615.7922859191895,1.51634590400765,128229.64138710107
615.8915593624115,1.5161621713160216,128229.97724839098
615.992440700531,1.5176320328490474,128229.77952355189
616.0914580821991,1.5160703049702076,128230.3015711967
616.1919865608215,1.5160703049702076,128228.77141407704
616.2921681404114,1.5169889684283486,128228.19427266934
616.3923642635345,1.5162540376618356,128228.7748454024
616.492351770401,1.517264567465791,128228.89736086216
616.5918757915497,1.5152435078578805,128229.70762477594
616.6924133300781,1.5158865722785793,128230.73686229835
616.7918574810028,1.517448300157419,128231.0631760685
616.8918583393097,1.5180913645781178,128232.35685846166
616.9923665523529,1.516529636699278,128233.1211726155
617.0921087265015,1.5179994982323037,128233.20905535395
617.191780090332,1.5168052357367203,128232.48814981856
617.2919137477875,1.5168052357367203,128232.13933483671
617.3918480873108,1.5158865722785793,128233.02540135305
617.4921069145203,1.5157028395869512,128232.52286121775
617.592041015625,1.5140492453622971,128231.97057509597
617.6919233798981,1.516529636699278,128232.37351758638
617.7921106815338,1.517356433811605,128232.03616582774
617.8918943405151,1.5177238991948614,128232.43254924497
617.9916865825653,1.517448300157419,128232.98929432048
618.09188580513,1.516529636699278,128233.99036488844
618.1920647621155,1.5134980472874124,128232.6913283996
618.2923672199249,1.516529636699278,128231.92219555964
618.3923981189728,1.5180913645781178,128232.12997600369
618.4921941757202,1.5168971020825346,128231.91697840333
618.5920612812042,1.5152435078578805,128232.325280563
618.6915955543518,1.5169889684283486,128232.39275250671
618.7916615009308,1.5154272405495088,128232.05347725603
618.8918228149414,1.5160703049702076,128232.44812953044
618.9918925762177,1.5184588299613744,128232.7033165774
619.0921454429626,1.5166215030450922,128233.53298491967
619.1921584606171,1.5140492453622971,128233.87968642771
619.2919039726257,1.5166215030450922,128233.49171778494
619.3919184207916,1.516529636699278,128232.64254600645
619.4923326969147,1.5161621713160216,128232.47829140582
619.5923337936401,1.5178157655406757,128231.63046226522
619.6916530132294,1.5137736463248548,128231.76741603871
619.791766166687,1.5145085770913678,128231.39067443485
619.8922090530396,1.518183230923932,128232.15160699136
619.9923939704895,1.5157028395869512,128231.93644629222
620.0915956497192,1.5143248443997395,128231.742801663
620.192342042923,1.516437770353464,128232.66852149671
620.292337179184,1.5189181616904448,128232.80166934704
620.3916656970978,1.5168052357367203,128231.92150241236
620.4915368556976,1.5167133693909063,128232.92935217112
620.5922107696533,1.5144167107455535,128233.23641695402
620.6916437149048,1.5147841761288101,128234.11277525862
620.7919800281525,1.5135899136332267,128234.80149773277
620.8916127681732,1.5178157655406757,128235.0213479595
620.9921953678131,1.5141411117081114,128235.01921316356
621.0915274620056,1.5149679088204382,128235.11729184721
621.1922924518585,1.5143248443997395,128236.4055626625
621.2923426628113,1.5146004434371818,128236.46500639625
621.3915781974792,1.5152435078578805,128235.81850575663
621.4915974140167,1.515610973241137,128236.63665518098
621.5920152664185,1.5157028395869512,128236.8729896629
621.6921844482422,1.5154272405495088,128236.68569069661
621.7919855117798,1.5146923097829958,128236.51712162695
621.8914954662323,1.5142329780539254,128235.76540946425
621.9915716648102,1.5178157655406757,128236.08886851784
622.0918674468994,1.516437770353464,128237.07998166606
622.1914579868317,1.5146004434371818,128237.17198349946
622.2916331291199,1.5177238991948614,128237.05478514952
622.3923242092133,1.5141411117081114,128235.84930663457
622.4919538497925,1.5161621713160216,128234.86437597113
622.5915474891663,1.5166215030450922,128234.27793837403
622.6917283535004,1.5151516415120665,128233.45014453663
622.7922308444977,1.5150597751662525,128233.80513008297
622.8920958042145,1.5148760424746242,128233.12461707467
622.9924232959747,1.5155191068953229,128232.41215536722
623.092476606369,1.5167133693909063,128231.5709398305
623.1924600601196,1.5143248443997395,128231.91384584746
623.2914893627167,1.5153353742036946,128231.32246126272
623.3918085098267,1.5161621713160216,128229.89021513645
623.4923655986786,1.5159784386243935,128229.9011936228
623.5915560722351,1.5146923097829958,128229.21107426053
623.6921486854553,1.5143248443997395,128228.58996683448
623.7923576831818,1.5141411117081114,128227.53097015104
623.8915076255798,1.5132224482499703,128226.97787313594
623.9922251701355,1.5144167107455535,128226.28008582235
624.0919153690338,1.51634590400765,128226.0520772401
624.1914885044098,1.5153353742036946,128225.4468695161
624.2924075126648,1.515610973241137,128225.6021825645
624.3916680812836,1.513957379016483,128225.24196430805
624.4916915893555,1.5140492453622971,128224.61776787724
624.5923590660095,1.5153353742036946,128224.85599108951
624.6919076442719,1.513865512670669,128223.37039198057
624.7924740314484,1.5142329780539254,128225.53335278251
624.8916916847229,1.5123956511376433,128225.78001750426
624.9916791915894,1.5149679088204382,128225.30201575384
625.0916993618011,1.5147841761288101,128225.07181417846
625.1917493343353,1.5141411117081114,128226.46463276062
625.2915005683899,1.5152435078578805,128228.01816948455
625.392294883728,1.5136817799790407,128229.0163525361
625.4924442768097,1.5147841761288101,128228.91471728249
625.5919501781464,1.5150597751662525,128230.72324555424
625.6924502849579,1.5146004434371818,128232.95092099882
625.7916202545166,1.5143248443997395,128233.45582889894
625.8920676708221,1.516437770353464,128234.21024600905
625.99240899086,1.515610973241137,128234.08922140815
626.0924940109253,1.5157947059327652,128235.58029926734
626.1916017532349,1.5154272405495088,128236.02226934061
626.2915420532227,1.5135899136332267,128236.42004240655
626.3914933204651,1.515610973241137,128236.0780381659
626.4917187690735,1.5160703049702076,128235.8702343493
626.5917904376984,1.5169889684283486,128235.78321091438
626.6916081905365,1.5155191068953229,128236.70488982294
626.7922942638397,1.5158865722785793,128235.33440084066
626.8920276165009,1.5146004434371818,128235.7009607566
626.9918909072876,1.5125793838292714,128237.03086468094
627.091477394104,1.5148760424746242,128237.22777821287
627.1916551589966,1.5136817799790407,128237.30500039159
627.292242527008,1.5134061809415984,128237.47450035243
627.391533613205,1.513130581904156,128236.52705031719
627.4915659427643,1.5133143145957844,128236.07434528547
627.5922501087189,1.513865512670669,128236.86691075691
627.6917955875397,1.5133143145957844,128237.58021968123
627.7920882701874,1.5146004434371818,128237.3221977131
627.8919880390167,1.5136817799790407,128236.7899779418
627.9919095039368,1.5142329780539254,128236.21098014762
628.0920815467834,1.5148760424746242,128236.08988213286
628.1914567947388,1.5133143145957844,128236.18089391958
628.2924540042877,1.5134061809415984,128236.16280452763
628.3915705680847,1.5136817799790407,128236.94652407488
628.4919579029083,1.5133143145957844,128236.3518716674
628.591947555542,1.5140492453622971,128235.21668450066
628.6919231414795,1.5102827251839188,128234.09501605059
628.7918963432312,1.5142329780539254,128235.78551444554
628.8920562267303,1.5134061809415984,128235.006963001
628.9915823936462,1.5159784386243935,128234.7062667009
629.0916674137115,1.5132224482499703,128235.13564003081
629.1916871070862,1.5136817799790407,128233.92207602774
629.2918431758881,1.5145085770913678,128234.42986842498
629.3922333717346,1.5124875174834573,128234.78688158249
629.4920206069946,1.5137736463248548,128235.20819342425
629.5916182994843,1.5147841761288101,128234.48737408183
629.691871881485,1.512028185754387,128236.03863667365
629.7923099994659,1.5123956511376433,128233.8347730063
629.8923077583313,1.5117525867169446,128233.25129570568
629.991717338562,1.513130581904156,128233.52616613511
630.092294216156,1.5161621713160216,128234.2735495216
630.1914808750153,1.5154272405495088,128233.74619456945
630.2914607524872,1.513865512670669,128234.47157511252
630.391585111618,1.512028185754387,128235.02441760126
630.4917285442352,1.513130581904156,128236.22197584114
630.5921096801758,1.513957379016483,128237.29977825702
630.6917595863342,1.513957379016483,128237.66980043132
630.7918887138367,1.5127631165208997,128236.2028203882
630.8923048973083,1.516437770353464,128235.88253834938
630.9915854930878,1.512946849212528,128235.89428451445
631.0922191143036,1.513130581904156,128234.704856063
631.1916663646698,1.5151516415120665,128234.63437045671
631.2916679382324,1.5125793838292714,128235.57093341104
631.3920979499817,1.5135899136332267,128235.41384006993
631.4915878772736,1.5133143145957844,128235.67245606294
631.592047214508,1.5112013886420599,128236.50521045664
631.6920177936554,1.5127631165208997,128237.15468941098
631.7918310165405,1.5134061809415984,128237.53922046989
631.8921201229095,1.511385121333688,128237.4852984229
631.9919581413269,1.5103745915297329,128235.9367685806
632.092059135437,1.5134061809415984,128236.34309172255
632.1923117637634,1.5140492453622971,128236.3087825503
632.2918591499329,1.5146923097829958,128237.07790429526
632.3919484615326,1.5125793838292714,128238.07011386573
632.4917905330658,1.5145085770913678,128238.06310247917
632.5921437740326,1.5137736463248548,128238.65679223125
632.6914927959442,1.5132224482499703,128238.49111300813
632.7919747829437,1.5133143145957844,128237.94200170733
632.892058134079,1.5118444530627586,128238.2478015366
632.9921736717224,1.5132224482499703,128238.92302138294
633.0921425819397,1.513130581904156,128239.73071924465
633.192191362381,1.5147841761288101,128239.95764732017
633.2924752235413,1.5111095222962458,128240.66188258816
633.3920624256134,1.5134061809415984,128240.99569432935
633.4918749332428,1.5133143145957844,128241.79612489641
633.591849565506,1.5153353742036946,128241.21651240678
633.6915175914764,1.5140492453622971,128240.6948611661
633.791953086853,1.5112013886420599,128239.9253750495
633.8917558193207,1.5136817799790407,128238.43283754455
633.9920389652252,1.5116607203711303,128239.28955379009
634.092169046402,1.512120052100201,128239.56059841109
634.1921875476837,1.5123037847918293,128238.90453856999
634.2915153503418,1.5134980472874124,128239.814084713
634.3918163776398,1.5135899136332267,128240.8326762417
634.4922580718994,1.5123956511376433,128240.24940861753
634.5919327735901,1.5125793838292714,128241.32446775578
634.6915903091431,1.5134061809415984,128241.99202098021
634.7918729782104,1.5127631165208997,128241.79281888218
634.8918480873108,1.5115688540253163,128241.11353699397
634.9915554523468,1.5134980472874124,128241.50218329458
635.0917320251465,1.5142329780539254,128241.65196496513
635.1923892498016,1.512028185754387,128240.98676846862
635.2915034294128,1.5123037847918293,128239.68809162176
635.3918833732605,1.5123037847918293,128239.51928245959
635.4916734695435,1.5123037847918293,128239.46735421364
635.5919842720032,1.5100071261464765,128239.32061879229
635.6920111179352,1.5115688540253163,128238.78855691306
635.7919280529022,1.512120052100201,128240.10970122175
635.8917810916901,1.5159784386243935,128239.39873109959
635.9921789169312,1.513865512670669,128240.25885798964
636.0916926860809,1.511385121333688,128241.53297219067
636.1917142868042,1.5133143145957844,128240.57967497161
636.291775226593,1.5106501905671752,128240.82170747446
636.3921475410461,1.5123037847918293,128240.03953672702
636.4916837215424,1.513038715558342,128239.63558305433
636.5916411876678,1.513865512670669,128239.2720247489
636.6916227340698,1.5119363194085726,128238.94482227402
636.7922599315643,1.5123037847918293,128237.75034004661
636.891939163208,1.5136817799790407,128239.07530604195
636.9917216300964,1.5134980472874124,128239.66777543776
637.0921113491058,1.513865512670669,128240.60099789398
637.1923348903656,1.5117525867169446,128240.24089810459
637.292174577713,1.5140492453622971,128239.11680829414
637.3920321464539,1.5116607203711303,128238.20512746474
637.4920332431793,1.5140492453622971,128238.28461471826
637.5919377803802,1.5118444530627586,128237.85615324642
637.6921496391296,1.512028185754387,128235.77053792178
637.7918145656586,1.5126712501750856,128235.6934841296
637.8918681144714,1.5140492453622971,128235.62413571664
637.9922556877136,1.5098233934548482,128235.66172214499
638.0919191837311,1.5100071261464765,128234.59554993048
638.1919069290161,1.5142329780539254,128234.73599493744
638.2915487289429,1.512946849212528,128234.2623954437
638.392064332962,1.511385121333688,128233.23615589933
638.4923541545868,1.5109257896046175,128233.11254030939
638.5920264720917,1.512211918446015,128232.50128627845
638.6918807029724,1.512120052100201,128233.6511576506
638.7921380996704,1.5143248443997395,128233.68604188555
638.8918192386627,1.5102827251839188,128234.017437697
638.9923384189606,1.513130581904156,128233.11569392729
639.0921103954315,1.5141411117081114,128233.10412453457
639.1920654773712,1.5117525867169446,128234.99371208111
639.2922041416168,1.5126712501750856,128235.494340873
639.3918070793152,1.5127631165208997,128235.24490678571
639.4918105602264,1.513038715558342,128234.62041610715
639.5924265384674,1.5118444530627586,128234.35837449644
639.6922857761383,1.5124875174834573,128235.52253704681
639.7921071052551,1.5123956511376433,128235.57028334214
639.8919591903687,1.5123037847918293,128235.31325500793
639.9915800094604,1.510466457875547,128233.88192950714
640.0914976596832,1.5125793838292714,128233.69373655642
640.1921343803406,1.5086291309592648,128232.62436290078
640.2922492027283,1.5112013886420599,128232.6619266107
640.3917925357819,1.512120052100201,128232.59573394962
640.4921383857727,1.5097315271090341,128232.63616055467
640.5922169685364,1.5128549828667137,128233.1725444992
640.6919474601746,1.5128549828667137,128232.25529004927
640.791864156723,1.5134061809415984,128232.72976104435
640.8918418884277,1.513038715558342,128233.75678493992
640.992269039154,1.512028185754387,128233.08110644593
641.0923180580139,1.510466457875547,128232.87299580134
641.192177772522,1.5126712501750856,128233.18569622122
641.2922010421753,1.5115688540253163,128233.2671265991
641.3915295600891,1.5110176559504316,128234.34041393918
641.492210149765,1.5123037847918293,128235.00637254526
641.591317653656,1.5109257896046175,128235.50573529075
641.6915390491486,1.5123956511376433,128236.65516176166
641.7913589477539,1.510466457875547,128237.3896455855
641.8916292190552,1.5102827251839188,128237.85068102695
641.9915931224823,1.5125793838292714,128237.46561292425
642.0915503501892,1.5101908588381048,128238.21905163182
642.191418170929,1.5127631165208997,128239.09714646864
642.2916536331177,1.512211918446015,128238.7874318218
642.3914399147034,1.5118444530627586,128239.70868863961
642.4915015697479,1.512211918446015,128239.73781977565
642.5915234088898,1.5106501905671752,128240.26403779809
642.6920003890991,1.511385121333688,128241.13763401829
642.7915210723877,1.5111095222962458,128240.82387061647
642.8916921615601,1.5114769876795022,128239.84148355483
642.9915602207184,1.5126712501750856,128238.65733519936
643.0918395519257,1.5100071261464765,128237.89160167942
643.1915419101715,1.5124875174834573,128237.30244151148
643.2918026447296,1.511385121333688,128237.17219736034
643.3918073177338,1.5119363194085726,128237.95497762431
643.4918365478516,1.5097315271090341,128238.45947986188
643.5921931266785,1.511293254987874,128238.91353187569
643.6923944950104,1.5108339232588035,128239.22217868811
643.7921280860901,1.5128549828667137,128238.1999608193
643.8917393684387,1.5111095222962458,128238.47996473737
643.9921622276306,1.5125793838292714,128238.43196826364
644.0918962955475,1.5102827251839188,128239.18877143729
644.1923072338104,1.512028185754387,128238.76989429355
644.2920305728912,1.512028185754387,128238.49290486421
644.3916296958923,1.5107420569129892,128238.84361437778
644.4921038150787,1.5124875174834573,128240.55925294002
644.591721534729,1.5091803290341494,128239.80332764602
644.6917293071747,1.513130581904156,128239.82299488143
644.7920088768005,1.5103745915297329,128239.7406953933
644.8919143676758,1.512946849212528,128239.86662585397
644.9919137954712,1.5109257896046175,128239.97996326859
645.0920441150665,1.5101908588381048,128239.98196694173
645.1917016506195,1.5106501905671752,128241.68377024756
645.2919855117798,1.5108339232588035,128242.21539322281
645.3922719955444,1.5128549828667137,128242.59385390054
645.4920198917389,1.5092721953799637,128243.1344685105
645.5913417339325,1.5109257896046175,128244.42102165945
645.6920778751373,1.5108339232588035,128245.87891949352
645.7921540737152,1.5115688540253163,128245.89102754417
645.8921473026276,1.5106501905671752,128246.10192478976
645.9918847084045,1.5109257896046175,128245.9917323108
646.0921175479889,1.5112013886420599,128245.59255907971
646.1918866634369,1.5115688540253163,128245.23330317174
646.2920656204224,1.5109257896046175,128245.10997285458
646.3921942710876,1.511293254987874,128245.39897556913
646.4921536445618,1.512946849212528,128243.85907801222
646.5922400951385,1.5117525867169446,128244.37317021101
646.6916904449463,1.5097315271090341,128244.03585318991
646.7923314571381,1.5125793838292714,128244.63226787093
646.8922362327576,1.5089965963425214,128245.06904108383
646.9915482997894,1.5115688540253163,128244.96213697546
647.0919239521027,1.5092721953799637,128243.46592327792
647.1920919418335,1.513130581904156,128244.21933095015
647.2915668487549,1.5118444530627586,128244.69739785514
647.3914394378662,1.5110176559504316,128244.72765806963
647.4915704727173,1.5107420569129892,128245.05489226268
647.5923795700073,1.5107420569129892,128245.84940303641
647.6913588047028,1.5084453982676367,128246.36446273277
647.7921185493469,1.5103745915297329,128245.4280164595
647.8923420906067,1.5082616655760084,128246.18521481355
647.9919826984406,1.5100071261464765,128245.8666933322
648.0914263725281,1.508904729996707,128246.38002399898
648.192214012146,1.5090884626883354,128247.04202159909
648.2914018630981,1.512028185754387,128247.03781943918
648.3913116455078,1.5090884626883354,128246.73403749528
648.4912810325623,1.5106501905671752,128246.76063374575
648.5913767814636,1.5101908588381048,128247.08457037118
648.6914224624634,1.5116607203711303,128247.57611333406
648.7922034263611,1.5085372646134507,128247.91850200066
648.8923726081848,1.5105583242213612,128248.82665180058
648.9917016029358,1.50963966076322,128248.94398662052
649.0917568206787,1.5107420569129892,128247.34958795848
649.1916317939758,1.508904729996707,128247.21462916264
649.2913506031036,1.5107420569129892,128247.19316624638
649.391298532486,1.5108339232588035,128246.77384962175
649.491553068161,1.5111095222962458,128246.39646465959
649.5915575027466,1.5112013886420599,128244.45681819362
649.6918098926544,1.5092721953799637,128244.11113637427
649.791421175003,1.5105583242213612,128243.60002273685
649.8916280269623,1.5115688540253163,128243.34002046318
649.9917244911194,1.508812863650893,128243.60601841686
650.0916862487793,1.5107420569129892,128244.24541657517
650.1923348903656,1.5115688540253163,128245.02087491765
650.2921237945557,1.511385121333688,128244.71878742588
650.3917829990387,1.508720997305079,128246.7469086833
650.4923610687256,1.5097315271090341,128247.67221781498
650.5921485424042,1.5101908588381048,128246.60499603348
650.6921701431274,1.5092721953799637,128246.84449643013
650.7923176288605,1.5089965963425214,128246.36004678711
650.8921477794647,1.5091803290341494,128246.6240421084
650.9917662143707,1.5101908588381048,128245.86163789756
651.091685295105,1.5099152598006624,128244.4754741078
651.1921308040619,1.512120052100201,128245.22792669703
651.2918992042542,1.5112013886420599,128245.60513402734
651.391930103302,1.5115688540253163,128245.84462062462
651.4921989440918,1.5109257896046175,128246.66015856215
651.5920240879059,1.5097315271090341,128245.89414270595
651.6923234462738,1.5090884626883354,128244.80472843535
651.792005777359,1.5090884626883354,128244.62425559183
651.8923561573029,1.5095477944174058,128244.56183003265
651.9919235706329,1.5085372646134507,128242.90564702939
652.0921711921692,1.5100071261464765,128243.51508232646
652.1920523643494,1.5125793838292714,128243.3635740938
652.2914953231812,1.5099152598006624,128244.32721668443
652.3923344612122,1.5123037847918293,128243.49449501598
652.4919953346252,1.5102827251839188,128244.34504551439
652.5917069911957,1.5105583242213612,128245.11054096295
652.6918394565582,1.512211918446015,128245.49948686667
652.791998386383,1.5099152598006624,128245.44953818001
652.8919069766998,1.5094559280715918,128245.00458436202
652.9919486045837,1.5134061809415984,128244.30412592582
653.0922267436981,1.508904729996707,128243.17371333324
653.1921238899231,1.5098233934548482,128243.55634199991
653.2916893959045,1.50963966076322,128243.40070779991
653.3915238380432,1.5100071261464765,128242.96063701992
653.4918792247772,1.5108339232588035,128243.16457331793
653.5918638706207,1.508904729996707,128243.24811598615
653.6917579174042,1.5098233934548482,128242.62330438754
653.7915315628052,1.5107420569129892,128242.56097394878
653.8916456699371,1.506975536734611,128242.00487655391
653.9917922019958,1.5102827251839188,128242.10438889853
654.0919759273529,1.5093640617257778,128241.7939500087
654.1920747756958,1.5066999376971686,128240.91455500782
654.2920756340027,1.5101908588381048,128241.92309950705
654.3921320438385,1.5086291309592648,128241.13078955637
654.491973400116,1.5098233934548482,128242.41771060074
654.5922005176544,1.5074348684636816,128241.87593954067
654.6920974254608,1.5099152598006624,128241.6883455866
654.7923891544342,1.5093640617257778,128241.41951102795
654.8917229175568,1.5091803290341494,128242.17755992516
654.9922194480896,1.5089965963425214,128241.95980393264
655.0921468734741,1.5093640617257778,128242.36382353939
655.1915531158447,1.508904729996707,128243.12744118545
655.2922768592834,1.507802333846938,128244.1146970669
655.3918559551239,1.5092721953799637,128244.80322736023
655.4924516677856,1.5074348684636816,128245.72290462421
655.5915582180023,1.508904729996707,128244.7506141618
655.6917026042938,1.5109257896046175,128243.57555274563
655.7921209335327,1.507802333846938,128243.11799747107
655.8920345306396,1.50963966076322,128243.90619772398
655.9918134212494,1.5081697992301943,128244.21557795157
656.091639995575,1.5091803290341494,128245.29402015642
656.1917207241058,1.5114769876795022,128247.06461814078
656.2916729450226,1.5082616655760084,128248.45815632671
656.391473531723,1.5081697992301943,128248.41234069405
656.4922530651093,1.507067403080425,128248.37110662465
656.5922541618347,1.5089965963425214,128248.23399596217
656.6916296482086,1.5100071261464765,128248.31059636595
656.7923729419708,1.5103745915297329,128247.97953672936
656.8923480510712,1.5086291309592648,128248.48158305642
656.9919929504395,1.5084453982676367,128247.73342475078
657.0915296077728,1.508812863650893,128247.1600822757
657.1914999485016,1.5092721953799637,128246.84407404813
657.2917878627777,1.5101908588381048,128247.35966664331
657.3915152549744,1.5089965963425214,128247.02369997898
657.49236536026,1.508904729996707,128247.32132998109
657.5920977592468,1.5082616655760084,128247.28919698298
657.692051410675,1.5101908588381048,128246.9602772847
657.791738986969,1.5099152598006624,128245.96424955623
657.891872882843,1.511385121333688,128245.7678246006
657.991836309433,1.508720997305079,128244.99104214054
658.092132806778,1.5108339232588035,128246.3919379265
658.1915590763092,1.5099152598006624,128246.25274413385
658.2920174598694,1.5081697992301943,128246.62746972046
658.3917376995087,1.5098233934548482,128246.56472274843
658.4923877716064,1.508812863650893,128244.90825047359
658.5922815799713,1.508904729996707,128244.41742542623
658.6919512748718,1.5086291309592648,128244.47568288361
658.7916181087494,1.5081697992301943,128244.42811459524
658.8915627002716,1.5085372646134507,128244.68530313572
658.9914782047272,1.5100989924922905,128244.31677282216
659.091810464859,1.507802333846938,128244.18509553994
659.1914522647858,1.5084453982676367,128244.76658598596
659.2923777103424,1.507986066538566,128244.88992738737
659.3917741775513,1.5095477944174058,128246.20093464863
659.4918863773346,1.507986066538566,128245.78084118376
659.5922560691833,1.5100989924922905,128246.20275706539
659.6916799545288,1.5066999376971686,128245.88248135886
659.7915406227112,1.508720997305079,128245.09423322298
659.8923058509827,1.5084453982676367,128245.58480990068
659.9917929172516,1.508904729996707,128245.52632891062
660.0921320915222,1.5083535319218226,128243.47369601956
660.191859960556,1.507986066538566,128242.92632641761
660.2921316623688,1.510466457875547,128242.53369377585
660.3924241065979,1.5064243386597262,128241.68032439827
660.491607427597,1.5083535319218226,128242.01229195845
660.5919661521912,1.50963966076322,128244.51106276261
660.6920928955078,1.5092721953799637,128245.25995648635
660.7921168804169,1.5092721953799637,128245.43396083772
660.8921940326691,1.5099152598006624,128245.49056475396
660.9920575618744,1.5092721953799637,128245.04150827856
661.0921633243561,1.5083535319218226,128244.73735745071
661.1921315193176,1.5091803290341494,128244.06362170565
661.292405128479,1.510466457875547,128245.15725953509
661.3915314674377,1.5067918040429826,128245.44153358159
661.4916474819183,1.5083535319218226,128244.89738022342
661.5917890071869,1.5076186011553097,128244.00764220109
661.6921033859253,1.506975536734611,128245.10687798099
661.7923347949982,1.5085372646134507,128246.4961901829
661.8921918869019,1.50963966076322,128247.34657116461
661.9919099807739,1.5082616655760084,128246.61191404816
662.0914239883423,1.5074348684636816,128246.55072264335
662.1923670768738,1.5089965963425214,128246.19565037903
662.292384147644,1.5093640617257778,128246.77608534113
662.391681432724,1.5101908588381048,128246.99847680703
662.491614818573,1.507986066538566,128245.89862912633
662.5917899608612,1.5095477944174058,128245.4087662137
662.6923291683197,1.5073430021178673,128245.16788959234
662.7923007011414,1.508720997305079,128245.35110063311
662.8920700550079,1.5077104675011237,128244.6159905698
662.9919118881226,1.507067403080425,128244.85439151282
663.091470003128,1.5100071261464765,128245.36895236155
663.191427230835,1.508812863650893,128245.0320571254
663.2921285629272,1.508812863650893,128245.72885141286
663.3914377689362,1.5081697992301943,128244.55596627158
663.4914360046387,1.5062406059680982,128244.70036964443
663.5919625759125,1.5107420569129892,128244.43033267999
663.6916072368622,1.5081697992301943,128243.88729941199
663.7922716140747,1.5094559280715918,128244.49856947079
663.8914957046509,1.5074348684636816,128244.84871252372
663.9919183254242,1.5080779328843803,128246.46384127135
664.0916547775269,1.5101908588381048,128246.21745714423
664.1915442943573,1.5089965963425214,128246.4957114298
664.2916421890259,1.508904729996707,128245.54614028682
664.3915815353394,1.5080779328843803,128245.09152625815
664.4919078350067,1.5100071261464765,128244.98237363235
664.5922594070435,1.5100989924922905,128245.08413626911
664.6915457248688,1.5076186011553097,128245.2757226422
664.7922985553741,1.5082616655760084,128245.04815037799
664.8919112682343,1.5082616655760084,128245.44333534018
664.991598367691,1.5084453982676367,128245.39900180617
665.0924394130707,1.507986066538566,128245.95910162556
665.1921627521515,1.5066080713513545,128244.76319146302
665.292067527771,1.5056894078932135,128245.28687231672
665.3922550678253,1.5083535319218226,128245.45818508505
665.4920909404755,1.5094559280715918,128245.91236657655
665.5921792984009,1.5066080713513545,128245.5211299189
665.6919724941254,1.508812863650893,128245.869016927
665.7918436527252,1.5106501905671752,128245.2821152343
665.8917787075043,1.508904729996707,128244.15390371086
665.9920301437378,1.507067403080425,128244.63851333977
666.0916886329651,1.5095477944174058,128244.7746620058
666.1919782161713,1.5065162050055405,128245.69719580523
666.2920114994049,1.5092721953799637,128246.5274762247
666.3914804458618,1.5075267348094956,128245.87472860223
666.4920654296875,1.508812863650893,128245.88725574201
666.5915715694427,1.506148739622284,128245.89853016782
666.6923720836639,1.506883670388797,128247.40867715105
666.7917695045471,1.5081697992301943,128247.66780943595
666.8919036388397,1.5080779328843803,128247.20102849236
666.99170088768,1.5075267348094956,128246.58092564314
667.0916788578033,1.5066080713513545,128246.62283307883
667.192150592804,1.507067403080425,128247.46054977094
667.2924008369446,1.506148739622284,128248.91449479385
667.3916909694672,1.5083535319218226,128249.02304531446
667.4919352531433,1.5059650069306558,128250.02074078302
667.5914998054504,1.508812863650893,128250.61866670473
667.6915900707245,1.5067918040429826,128251.35680003426
667.7918787002563,1.5077104675011237,128250.92112003083
667.8917720317841,1.5065162050055405,128249.22900802776
667.9919803142548,1.5072511357720533,128248.60610722499
668.0921294689178,1.5074348684636816,128247.5454965025
668.1922135353088,1.5066999376971686,128247.79094685226
668.2920711040497,1.5075267348094956,128247.91185216705
668.3918087482452,1.5081697992301943,128247.72066695035
668.4919414520264,1.506975536734611,128248.04860025532
668.5915534496307,1.508812863650893,128247.8437402298
668.6918122768402,1.5050463434725148,128248.95936620684
668.7914290428162,1.5083535319218226,128249.26342958615
668.8922357559204,1.5083535319218226,128248.33708662754
668.991865158081,1.5092721953799637,128248.60337796478
669.0917510986328,1.5064243386597262,128248.34304016831
669.1917855739594,1.5066080713513545,128247.9087361515
669.2914476394653,1.507894200192752,128247.41786253636
669.3924641609192,1.5082616655760084,128246.27607628272
669.4922184944153,1.5085372646134507,128246.04846865445
669.5920565128326,1.5075267348094956,128247.643621789
669.6922540664673,1.5091803290341494,128246.9792596101
669.7917068004608,1.5057812742390275,128246.5813336491
669.8919665813446,1.5057812742390275,128246.62320028419
669.9919984340668,1.5056894078932135,128246.76088025577
670.0922446250916,1.5064243386597262,128249.1847922302
670.1916432380676,1.508904729996707,128249.06631300718
670.2921419143677,1.5064243386597262,128248.45968170646
670.3918309211731,1.507894200192752,128247.31371353581
670.4917321205139,1.5076186011553097,128244.88234218223
670.5920593738556,1.5059650069306558,128243.294107964
670.6923706531525,1.5071592694262392,128243.0646971676
670.7915210723877,1.5066999376971686,128243.95822745084
670.891658782959,1.5072511357720533,128243.66240470577
670.991447687149,1.5072511357720533,128244.9961642352
671.0920042991638,1.5076186011553097,128246.29654781168
671.1924331188202,1.5081697992301943,128246.56689303051
671.2916593551636,1.506975536734611,128246.21020372746
671.3916909694672,1.5063324723139122,128246.08918335472
671.491847038269,1.507986066538566,128246.48026501926
671.5919177532196,1.5066080713513545,128247.13223851734
671.6923348903656,1.5083535319218226,128246.6190146656
671.7923257350922,1.507802333846938,128246.85711319905
671.8923726081848,1.5075267348094956,128246.77140187914
671.991513967514,1.5081697992301943,128247.59426169124
672.0919358730316,1.5064243386597262,128247.43483552212
672.192140340805,1.5051382098183288,128246.4913519699
672.2922143936157,1.5081697992301943,128245.54221677291
672.3921740055084,1.5073430021178673,128246.08799509563
672.4920914173126,1.5085372646134507,128246.97919558607
672.5923664569855,1.5057812742390275,128245.28127602747
672.6923680305481,1.5059650069306558,128245.25314842473
672.791558265686,1.5097315271090341,128246.12783358226
672.8921685218811,1.5071592694262392,128246.21505022403
672.9914608001709,1.5057812742390275,128244.59354520163
673.0921635627747,1.506975536734611,128244.03419068147
673.1915102005005,1.507802333846938,128244.23077161334
673.2917637825012,1.5059650069306558,128244.507694452
673.3922786712646,1.507894200192752,128244.95692500679
673.4918375015259,1.5065162050055405,128243.56123250612
673.5918788909912,1.5057812742390275,128242.30510925553
673.6915836334229,1.5059650069306558,128242.17459832998
673.7918148040771,1.5072511357720533,128242.95713849697
673.8920519351959,1.5076186011553097,128243.16142464727
673.9923710823059,1.5052300761641428,128244.04528218255
674.0917403697968,1.5058731405848416,128243.8407539643
674.1917815208435,1.5071592694262392,128244.15667856786
674.2916347980499,1.5055056752015852,128244.54101071108
674.392347574234,1.5074348684636816,128246.28690963997
674.4921507835388,1.5072511357720533,128247.35821867597
674.591474533081,1.5080779328843803,128248.22239680839
674.6917893886566,1.5077104675011237,128247.30015712755
674.7917847633362,1.5055056752015852,128246.47014141481
674.8916585445404,1.5065162050055405,128245.92312727335
674.9921314716339,1.5081697992301943,128246.43081454602
675.091552734375,1.5058731405848416,128245.98773309142
675.1922292709351,1.5063324723139122,128246.28895978228
675.2920098304749,1.505321942509957,128246.46006380406
675.3919219970703,1.5051382098183288,128246.41405742367
675.4918284416199,1.506883670388797,128244.8726516813
675.592075586319,1.5064243386597262,128245.18538651319
675.6915574073792,1.50449514539763,128244.56684786186
675.792308807373,1.5046788780892582,128243.91016307568
675.8918199539185,1.5058731405848416,128245.51914676811
675.9917759895325,1.5092721953799637,128244.1672320913
676.0916397571564,1.506883670388797,128244.25050888218
676.1921215057373,1.5060568732764699,128244.22545799398
676.2917540073395,1.507802333846938,128244.30291219459
676.391841173172,1.507067403080425,128243.67262097514
676.4920489788055,1.5055975415473994,128244.70535887763
676.5914123058319,1.5066999376971686,128245.53482298988
676.6919810771942,1.5067918040429826,128246.4813406909
676.79190325737,1.5055056752015852,128246.13320662182
676.892303943634,1.5073430021178673,128246.31988595965
676.9914619922638,1.5033008829020467,128246.18789736368
677.0919277667999,1.5062406059680982,128246.16910762731
677.1923718452454,1.5067918040429826,128245.45219686459
677.2921664714813,1.5077104675011237,128245.80697717814
677.3919386863708,1.5066080713513545,128245.22627946033
677.4918329715729,1.5065162050055405,128245.0036515143
677.5915441513062,1.506883670388797,128246.40328636288
677.6918933391571,1.506148739622284,128245.96295772659
677.7914712429047,1.5073430021178673,128246.66666195393
677.8921887874603,1.5052300761641428,128246.89999575855
677.9919600486755,1.5057812742390275,128247.40999618269
678.0920815467834,1.5077104675011237,128246.96899656442
678.1922538280487,1.5059650069306558,128246.17209690798
678.2918574810028,1.5082616655760084,128245.35488721718
678.3915650844574,1.507894200192752,128244.71939849548
678.4921905994415,1.5040358136685594,128244.04745864593
678.5921759605408,1.5038520809769313,128244.34271278133
678.691606760025,1.507894200192752,128245.4084415032
678.7914886474609,1.5055975415473994,128244.96759735288
678.8924112319946,1.507802333846938,128244.4708376176
678.9917871952057,1.507986066538566,128245.32375385585
679.0922026634216,1.506883670388797,128245.89137847027
679.1922154426575,1.5057812742390275,128245.30224062325
679.2918787002563,1.5063324723139122,128245.77201656092
679.3920986652374,1.5058731405848416,128245.79481490483
679.4923195838928,1.5083535319218226,128246.11533341435
679.5913939476013,1.5071592694262392,128245.80380007291
679.6921718120575,1.5046788780892582,128245.62342006562
679.7917466163635,1.5057812742390275,128246.36107805907
679.8914704322815,1.5071592694262392,128246.32497025318
679.9923467636108,1.507894200192752,128246.79247322786
680.0920560359955,1.503760214631117,128247.31322590508
680.1921281814575,1.506975536734611,128247.28190331456
680.2916810512543,1.5049544771267005,128247.35371298311
680.3915796279907,1.504403279051816,128246.91834168481
680.4923710823059,1.5057812742390275,128246.32650751634
680.5920476913452,1.5074348684636816,128246.6938567647
680.691739320755,1.505321942509957,128245.92447108825
680.79199051857,1.5046788780892582,128246.23202397942
680.8917279243469,1.5071592694262392,128245.60882158148
680.9914839267731,1.5071592694262392,128244.34793942334
681.0921673774719,1.5080779328843803,128244.71314548102
681.1919515132904,1.505321942509957,128245.44183093292
681.2915282249451,1.5055975415473994,128246.29764783964
681.3924014568329,1.5071592694262392,128247.66788305568
681.4917874336243,1.503760214631117,128247.1010947501
681.5920913219452,1.5084453982676367,128247.59098527509
681.6916239261627,1.506883670388797,128247.33188674759
681.7921617031097,1.507894200192752,128246.59869807283
681.8922407627106,1.5063324723139122,128246.33882826555
681.9922754764557,1.5033927492478607,128246.004945439
682.0922570228577,1.5066999376971686,128246.50445089511
682.1917288303375,1.5064243386597262,128246.55400580559
682.2919633388519,1.5072511357720533,128247.99860522505
682.392254114151,1.5057812742390275,128246.59874470255
682.4923837184906,1.5077104675011237,128246.4388702323
682.5919125080109,1.5066080713513545,128246.69498320908
682.692209482193,1.5063324723139122,128246.22548488817
682.791589975357,1.5045870117434441,128246.30293639936
682.8921117782593,1.5033927492478607,128246.47264275943
682.9920227527618,1.5064243386597262,128245.12537848348
683.091335773468,1.5060568732764699,128244.11284063513
683.1914746761322,1.5051382098183288,128244.80155657163
683.2918510437012,1.5073430021178673,128242.92140091448
683.3919856548309,1.5054138088557711,128243.32926082303
683.4913430213928,1.5066080713513545,128244.59633474074
683.5916862487793,1.5084453982676367,128243.43670126666
683.6924686431885,1.5045870117434441,128243.19303114
683.7921230792999,1.506975536734611,128245.77372802602
683.8918392658234,1.5054138088557711,128245.79635522343
683.9923231601715,1.5048626107808865,128245.91671970108
684.0917918682098,1.5049544771267005,128246.42504773098
684.1916103363037,1.5071592694262392,128247.08254295788
684.291556596756,1.5082616655760084,128246.8742886621
684.3914668560028,1.5065162050055405,128247.6868597959
684.4917168617249,1.5045870117434441,128246.31817381631
684.5918896198273,1.5052300761641428,128245.38635643468
684.6921715736389,1.5059650069306558,128245.54772079122
684.7915256023407,1.506148739622284,128245.8929487121
684.8917269706726,1.5046788780892582,128246.80365384089
684.9923286437988,1.5057812742390275,128247.52328845681
685.091561794281,1.5064243386597262,128248.47095961114
685.1917042732239,1.5054138088557711,128247.42386365002
685.2916438579559,1.5055056752015852,128246.38147728502
685.3919856548309,1.5049544771267005,128246.14332955651
685.4919745922089,1.5041276800143737,128246.42899660085
685.5916965007782,1.50449514539763,128246.08609694077
685.691460609436,1.5043114127060018,128247.0774872467
685.7918570041656,1.5057812742390275,128246.96973852204
685.8915140628815,1.5056894078932135,128246.57276466984
685.9923169612885,1.5033008829020467,128245.31548820285
686.091374874115,1.5052300761641428,128245.08393938257
686.192220211029,1.5054138088557711,128245.57554544431
686.29141497612,1.5055975415473994,128245.61799089989
686.3920118808746,1.504403279051816,128247.6561918099
686.491452217102,1.5054138088557711,128247.69057262891
686.5921516418457,1.5041276800143737,128246.62151536602
686.6915447711945,1.5043114127060018,128247.05936382942
686.7919375896454,1.5064243386597262,128246.75342744647
686.8914234638214,1.5047707444350724,128246.47808470184
686.9924087524414,1.506148739622284,128247.33027623166
687.0923533439636,1.5052300761641428,128247.29724860849
687.1914517879486,1.5055056752015852,128246.56752374764
687.29181432724,1.5058731405848416,128246.51077137288
687.3923213481903,1.50449514539763,128245.9596942356
687.491372346878,1.5051382098183288,128246.46372481204
687.5918941497803,1.5067918040429826,128246.61735233084
687.692156791687,1.5038520809769313,128245.85561709775
687.7917122840881,1.5059650069306558,128245.77005538798
687.8918294906616,1.5057812742390275,128245.99304984919
687.9918293952942,1.5060568732764699,128246.49374486427
688.0921704769135,1.5075267348094956,128247.44437037785
688.1921672821045,1.5054138088557711,128247.79993334008
688.29181599617,1.5080779328843803,128248.91994000608
688.3918545246124,1.5041276800143737,128248.62794600548
688.4921214580536,1.5050463434725148,128248.86515140494
688.5919759273529,1.507986066538566,128248.47863626445
688.6918358802795,1.5048626107808865,128247.330772638
688.7920286655426,1.5055975415473994,128247.99769537422
688.8914637565613,1.5058731405848416,128247.6979258368
688.9918084144592,1.5055056752015852,128246.72813325311
689.0923407077789,1.5054138088557711,128246.15531992781
689.1917865276337,1.5059650069306558,128247.33978793504
689.2916345596313,1.5071592694262392,128246.80580914153
689.3922963142395,1.5052300761641428,128247.52522822737
689.4917843341827,1.5033008829020467,128248.07270540464
689.5922904014587,1.505321942509957,128247.86543486419
689.6919434070587,1.503668348285303,128248.17889137777
689.7915742397308,1.5075267348094956,128247.66100224
689.8921251296997,1.5046788780892582,128245.894902016
689.991860628128,1.5083535319218226,128245.5054118144
690.0919914245605,1.5051382098183288,128245.05487063297
690.1915981769562,1.5057812742390275,128244.04938356968
690.2914202213287,1.506975536734611,128242.84444521272
690.3923926353455,1.5040358136685594,128242.06000069145
690.4922540187836,1.5048626107808865,128241.95400062231
690.5922753810883,1.5055975415473994,128241.25860056008
690.6916790008545,1.5042195463601877,128241.23274050407
690.7918436527252,1.5060568732764699,128241.90946645367
690.8924720287323,1.50449514539763,128242.81851980831
690.9914994239807,1.5033927492478607,128241.63666782748
691.0919363498688,1.5046788780892582,128241.37300104473
691.1923847198486,1.5058731405848416,128242.53570094027
691.2919132709503,1.5058731405848416,128241.58213084625
691.3923804759979,1.5052300761641428,128240.92391776163
691.4919068813324,1.5050463434725148,128242.33152598547
691.5922770500183,1.503760214631117,128243.29837338692
691.6919586658478,1.5066999376971686,128244.16853604822
691.792023897171,1.5067918040429826,128245.0516824434
691.8918149471283,1.5043114127060018,128244.34651419906
691.9920055866241,1.5033008829020467,128245.21186277916
692.0923087596893,1.5057812742390275,128246.39067650125
692.1918377876282,1.5051382098183288,128247.35160885114
692.2923083305359,1.5054138088557711,128246.41644796602
692.3921792507172,1.503484615593675,128245.97480316942
692.491866350174,1.5043114127060018,128247.07732285248
692.5915911197662,1.5057812742390275,128247.36959056724
692.6915626525879,1.5045870117434441,128247.63263151051
692.7921030521393,1.5050463434725148,128247.46936835947
692.8918628692627,1.5045870117434441,128247.82243152353
692.9922301769257,1.5033008829020467,128249.04018837117
693.091796875,1.503668348285303,128248.63616953406
693.192102432251,1.50449514539763,128249.97255258066
693.292281627655,1.5030252838646043,128248.1752973226
693.3922555446625,1.5043114127060018,128249.15776759034
693.4919118881226,1.5039439473227454,128250.5419908313
693.5921199321747,1.5021066204064633,128250.28779174818
693.6924028396606,1.502749684827162,128249.35901257338
693.7917025089264,1.5033008829020467,128249.22311131604
693.8923192024231,1.503576481939489,128249.60080018445
693.9914648532867,1.5029334175187903,128250.840720166
694.0919115543365,1.5055056752015852,128251.2566481494
694.1923673152924,1.5032090165562326,128251.83098333445
694.2917122840881,1.5011879569483222,128252.64788500102
694.3919241428375,1.5057812742390275,128252.98309650092
694.4913599491119,1.5052300761641428,128251.98478685084
694.5919463634491,1.5030252838646043,128251.98630816575
694.69202709198,1.5056894078932135,128251.48767734917
694.7919042110443,1.5030252838646043,128250.73890961424
694.8920104503632,1.503760214631117,128249.36501865282
694.9915769100189,1.5048626107808865,128248.82851678756
695.0923006534576,1.5009123579108798,128248.94566510881
695.192040681839,1.5011879569483222,128249.65109859794
695.2918248176575,1.5067918040429826,128249.68598873814
695.3917489051819,1.5016472886773928,128250.41738986433
695.4916536808014,1.5038520809769313,128250.0756508779
695.5919604301453,1.502565952135534,128249.66808579012
695.6920642852783,1.5023822194439056,128249.90127721112
695.7921369075775,1.50449514539763,128248.21114949002
695.8921947479248,1.506148739622284,128248.29003454102
695.9919459819794,1.5045870117434441,128248.06103108692
696.0916879177094,1.5030252838646043,128248.45492797824
696.1914701461792,1.4998099617611107,128248.80943518042
696.2916474342346,1.5031171502104184,128249.22849166238
696.3915927410126,1.5051382098183288,128248.60564249614
696.4918406009674,1.5050463434725148,128248.34507824654
696.5918924808502,1.5023822194439056,128248.4105704219
696.6921119689941,1.5043114127060018,128247.56951337971
696.7923266887665,1.5040358136685594,128248.01256204174
696.8922207355499,1.5039439473227454,128248.01130583757
696.9920365810394,1.503484615593675,128249.01017525382
697.0916750431061,1.5024740857897196,128249.70915772844
697.1918487548828,1.504403279051816,128251.03824195561
697.2919933795929,1.503668348285303,128252.03441776006
697.3922345638275,1.5030252838646043,128251.33097598406
697.4922058582306,1.5033927492478607,128251.69787838566
697.5917029380798,1.5031171502104184,128250.7280905471
697.6922471523285,1.5042195463601877,128250.9552814924
697.7916667461395,1.5041276800143737,128249.65975334316
697.8919863700867,1.503668348285303,128249.69377800885
697.9916634559631,1.5042195463601877,128249.12440020798
698.0918843746185,1.5047707444350724,128247.61196018718
698.191703081131,1.5033008829020467,128246.85076416846
698.2919883728027,1.502841551172976,128246.5656877516
698.3917815685272,1.4999018281069247,128245.20911897645
698.491893529892,1.5030252838646043,128245.4882070788
698.5920045375824,1.5051382098183288,128245.23938637093
698.6920509338379,1.501831021369021,128245.81544773384
698.7916007041931,1.5052300761641428,128246.33390296047
698.8920919895172,1.5041276800143737,128245.80051266443
698.9915008544922,1.503484615593675,128245.82046139799
699.091552734375,1.5021066204064633,128244.93841525819
699.1921517848969,1.5023822194439056,128245.44457373237
699.2921106815338,1.5048626107808865,128244.70011635913
699.3920032978058,1.5012798232941362,128244.93010472321
699.4922885894775,1.5043114127060018,128242.7370942509
699.5917513370514,1.5042195463601877,128242.56338482581
699.6916012763977,1.5039439473227454,128242.60704634324
699.7923862934113,1.5038520809769313,128243.04634170892
699.8921115398407,1.5021984867522773,128242.24170753804
699.9920127391815,1.5020147540606492,128242.51753678423
700.0917024612427,1.5046788780892582,128241.76578310582
700.1923415660858,1.503484615593675,128241.98920479525
700.292159318924,1.503484615593675,128241.79028431572
700.3922080993652,1.5043114127060018,128241.71125588416
700.4922335147858,1.5047707444350724,128241.24013029574
700.5920920372009,1.502657818481348,128241.81611726616
700.6921412944794,1.503668348285303,128242.73450553956
700.7925188541412,1.5033008829020467,128244.2610549856
700.8922176361084,1.5023822194439056,128245.83494948705
700.9922351837158,1.504403279051816,128247.35145453835
701.0923655033112,1.503484615593675,128247.41630908452
701.1914162635803,1.5033927492478607,128248.37467817607
701.2918238639832,1.5014635559857645,128248.63721035847
701.3917186260223,1.503760214631117,128249.67348932262
701.4914362430573,1.5024740857897196,128249.60614039036
701.5916347503662,1.5054138088557711,128250.34552635132
701.6916115283966,1.503760214631117,128250.61097371619
701.7917578220367,1.5023822194439056,128249.94987634459
701.8918488025665,1.5023822194439056,128249.05488871013
701.991512298584,1.5072511357720533,128248.04939983913
702.0921623706818,1.5020147540606492,128247.84445985523
702.1916656494141,1.5052300761641428,128246.36001386971
702.2915525436401,1.5043114127060018,128246.42401248273
702.3919725418091,1.5029334175187903,128246.08161123446
702.4915354251862,1.5014635559857645,128245.87345011102
702.5921161174774,1.5024740857897196,128246.78610509992
702.6918699741364,1.50449514539763,128246.40749458993
702.7920970916748,1.503576481939489,128247.76674513094
702.8919951915741,1.5047707444350724,128248.89007061784
702.9918489456177,1.503576481939489,128249.70106355606
703.0921385288239,1.503760214631117,128250.33095720047
703.1920323371887,1.5055056752015852,128249.99786148041
703.2922537326813,1.5005448925276235,128249.19807533237
703.3914415836334,1.502841551172976,128249.47826779913
703.4918489456177,1.5030252838646043,128249.63044101922
703.5915832519531,1.5033927492478607,128248.5673969173
703.6924681663513,1.5478560606218885,128220.91065722557
703.7937829494476,1.8733385238412696,128135.519591503
703.8913104534149,2.034196495361771,128027.6676323527
703.9938707351685,2.1945032688073876,127895.00086911744
704.0918312072754,2.374561306603037,127736.80078220571
704.1914072036743,2.5685830289624314,127551.42070398515
704.2919819355011,2.78061055510139,127336.87863358665
704.3913271427155,2.8899315066201776,127131.09077022798
704.4922006130219,2.854103631752676,126949.98169320519
704.5914859771729,2.8417935414135855,126788.48352388467
704.691965341568,2.8314126443365915,126646.3351714962
704.7919218540192,2.825900663587745,126517.20165434659
704.8920140266418,2.8185513559226165,126402.98148891193
704.9919185638428,2.816530296314706,126300.88334002074
705.0917956829071,2.8144173703609816,126210.19500601868
705.1917572021484,2.80789485980818,126128.67550541682
705.2917838096619,2.8065168646209684,126054.70795487514
705.3919446468353,2.804495805013058,125990.53715938763
705.4917004108429,2.8014642156011926,125930.78344344888
705.5917565822601,2.797054631002115,125879.50509910399
705.6919963359833,2.7956766358149037,125832.1545891936
705.7920515537262,2.794757972356763,125790.83913027425
705.8917405605316,2.793196244477923,125754.65521724682
705.9916932582855,2.7931043781321088,125721.88969552214
706.0918073654175,2.7903483877576853,125692.40072596993
706.1918241977692,2.788235461803961,125665.86065337293
706.2921528816223,2.7870411993083777,125643.27458803564
706.3919081687927,2.7861225358502364,125622.34712923208
706.4921078681946,2.784468941625583,125602.31241630887
706.5920386314392,2.7834584118216275,125587.28117467798
706.6917731761932,2.7827234810551147,125572.05305721019
706.7918970584869,2.782264149326044,125559.24775148917
706.8916516304016,2.780334956063948,125547.02297634025
706.9917528629303,2.779783757989063,125536.82067870622
707.0916931629181,2.7811617531762747,125527.8386108356
707.1916105747223,2.778773228185108,125520.05474975205
707.2921943664551,2.777854564726967,125512.44927477685
707.3917453289032,2.7771196339604542,125506.10434729917
707.4920272827148,2.776384703193941,125500.99391256926
707.5918254852295,2.7751904406983576,125496.09452131233
707.691573381424,2.775374173389986,125491.9850691811
707.7922942638397,2.7775789656895244,125487.186562263
707.8917751312256,2.7756497724274283,125484.56790603671
707.9916965961456,2.7728019157071913,125481.91111543305
708.0917077064514,2.771975118594864,125480.02000388975
708.1916182041168,2.7714239205199793,125479.31800350078
708.2915236949921,2.774363643586031,125477.5862031507
708.3914504051208,2.771699519557422,125476.02758283562
708.4918446540833,2.77032152437021,125474.42482455206
708.5918588638306,2.771791385903236,125472.58234209687
708.69158411026,2.7715157868657934,125471.72410788719
708.7915186882019,2.767381801304159,125471.45169709847
708.8917229175568,2.7682085984164857,125471.60652738863
708.9915583133698,2.769310994566255,125471.34587464976
709.0915186405182,2.767841133033229,125471.0112871848
709.1922807693481,2.767565533995787,125471.21015846632
709.2917025089264,2.765911939771133,125471.98914261968
709.391438961029,2.7660956724627614,125471.99022835771
709.4921870231628,2.76673873688346,125472.49120552193
709.5918295383453,2.764993276312992,125472.64208496973
709.6917898654938,2.765085142658806,125473.07787647276
709.7915971279144,2.764166479200665,125474.0700888255
709.8916308879852,2.763064083050896,125473.56307994295
709.9922571182251,2.764166479200665,125475.20677194865
710.0918660163879,2.7623291522843827,125476.1860947538
710.1917684078217,2.765085142658806,125475.46748527841
710.2917139530182,2.763523414779966,125475.72073675058
710.3919515609741,2.760675558059729,125476.14866307552
710.4923293590546,2.762421018630197,125476.73379676798
710.5921580791473,2.7593894292183316,125476.96041709118
710.691662311554,2.7596650282557738,125477.66437538207
710.7917907238007,2.7611348897887993,125478.49793784387
710.8919751644135,2.761410488826242,125479.2481440595
710.9916877746582,2.761410488826242,125479.42332965355
711.0923717021942,2.760951157097171,125479.6809966882
711.1918225288391,2.760767424405543,125479.71289701939
711.2923934459686,2.7575521023020495,125481.44160731745
711.3918800354004,2.757460235956235,125481.59744658571
711.4917213916779,2.7586544984518184,125482.23770192715
711.5918571949005,2.7583788994143763,125482.41393173445
711.6923913955688,2.7593894292183316,125481.77253856101
711.7916235923767,2.7581033003769337,125480.2952847049
711.8923597335815,2.7579195676853057,125480.06575623441
711.9923183917999,2.7569090378813503,125480.15918061098
712.0915837287903,2.7585626321060044,125479.54326254988
712.1921262741089,2.7567253051897223,125481.1889362949
712.2915937900543,2.757092770572979,125481.4700426654
712.3922011852264,2.7569090378813503,125483.22303839886
712.491813659668,2.757000904227165,125483.80073455899
712.5914409160614,2.7575521023020495,125482.2206611031
712.692281961441,2.754796111927626,125481.2985949928
712.7919616699219,2.7537855821236707,125482.06873549352
712.8918497562408,2.754979844619254,125482.16186194417
712.991893529892,2.754520512890184,125483.04567574976
713.0914735794067,2.75488797827344,125483.44110817478
713.1920735836029,2.755071710965068,125483.89699735731
713.2917327880859,2.7525913196280873,125484.00729762159
713.3915824890137,2.75286691866553,125484.20656785944
713.4916634559631,2.7552554436566967,125484.2859110735
713.5914866924286,2.75488797827344,125485.25731996616
713.6915431022644,2.754520512890184,125486.63158796955
713.7922883033752,2.751397057132504,125486.7684291726
713.8914678096771,2.752775052319716,125486.89158625535
713.9921653270721,2.7514889234783184,125487.90242762982
714.0916347503662,2.7520401215532027,125488.11218486684
714.1923987865448,2.753050651357158,125489.40096638017
714.2917306423187,2.7520401215532027,125489.86086974214
714.3914966583252,2.751213324440876,125491.07478276793
714.4918642044067,2.7514889234783184,125492.56730449114
714.5917773246765,2.7520401215532027,125492.91057404203
714.6922357082367,2.7517645225157605,125492.91951663783
714.7915964126587,2.752315720590645,125493.62756497406
714.8922708034515,2.752223854244831,125493.76480847666
714.991569519043,2.749559730216222,125493.58832762898
715.0916178226471,2.753050651357158,125494.32949486609
715.1922829151154,2.7502027946369205,125495.29654537947
715.2919557094574,2.7473549379166835,125494.76689084154
715.3920226097107,2.7496515965620363,125494.19020175739
715.4916248321533,2.752775052319716,125493.37118158166
715.5915291309357,2.7494678638704078,125494.43406342351
715.6914901733398,2.7482736013748243,125494.49065708116
715.792230129242,2.748641066758081,125495.74159137304
715.8917970657349,2.7496515965620363,125495.86743223573
715.9920792579651,2.7483654677206384,125496.38068901216
716.09237408638,2.7490085321413376,125497.14262011094
716.1913154125214,2.750294660982735,125497.32835809985
716.2921016216278,2.7474468042624975,125497.49552228989
716.391594171524,2.747906135991568,125497.2459700609
716.492045879364,2.746711873495985,125497.02137305481
716.5916440486908,2.746803739841799,125496.91923574934
716.6919748783112,2.7498353292536644,125497.52731217441
716.7919101715088,2.7473549379166835,125498.77458095698
716.8921427726746,2.7481817350290103,125498.29712286129
716.9914748668671,2.747079338879241,125498.56741057517
717.0922160148621,2.7492841311787797,125498.91066951765
717.1923367977142,2.7482736013748243,125498.51960256588
717.2923290729523,2.746895606187613,125497.8676423093
717.3914570808411,2.7479980023373822,125498.08087807837
717.4914636611938,2.7456094773462154,125498.47279027053
717.5912046432495,2.746895606187613,125499.92551124349
717.6913487911224,2.744231482159004,125500.43296011914
717.7924177646637,2.7439558831215614,125500.58966410723
717.8922991752625,2.7440477494673754,125501.33069769651
717.9925417900085,2.7449664129255167,125501.59762792685
718.0913858413696,2.7465281408043563,125502.73786513417
718.1915183067322,2.7455176110004014,125503.26407862076
718.2913730144501,2.746803739841799,125502.5376707587
718.3913383483887,2.744231482159004,125501.78390368284
718.4920990467072,2.742669754280164,125502.20551331456
718.5922389030457,2.744690813888074,125502.98496198311
718.6921899318695,2.7440477494673754,125503.08646578481
718.7913408279419,2.7433128187008626,125503.87781920635
718.8914315700531,2.742394155242722,125504.09003728571
718.9915661811829,2.744415214850632,125505.48103355715
719.0916554927826,2.7429453533176065,125506.13293020143
719.1913733482361,2.7451501456171448,125506.6196371813
719.2921261787415,2.7451501456171448,125507.55767346318
719.3916189670563,2.7437721504299333,125507.50190611686
719.4914884567261,2.7431290860092346,125508.05171550518
719.5912194252014,2.7414754917845805,125508.24654395466
719.6915109157562,2.74257788793435,125507.9218895592
719.7916705608368,2.744690813888074,125508.42970060329
719.8917782306671,2.7398218975599264,125508.78673054295
719.9916114807129,2.742486021588536,125509.00805748867
720.0917437076569,2.744415214850632,125508.5072517398
720.1915526390076,2.7429453533176065,125509.45652656582
720.2917222976685,2.7416592244762086,125510.41087390925
720.3917052745819,2.7429453533176065,125508.56978651832
720.4921593666077,2.741751090822023,125507.91280786648
720.5919299125671,2.7434046850466767,125507.62152707983
720.6920480728149,2.74257788793435,125508.75937437185
720.7916054725647,2.7432209523550486,125508.58343693466
720.8920426368713,2.741842957167837,125509.7250932412
720.9923882484436,2.7447826802338886,125510.55258391709
721.0917584896088,2.742761620625978,125510.69732552538
721.1920483112335,2.74101616005551,125510.52759297285
721.2919864654541,2.74257788793435,125510.87483367557
721.3918991088867,2.742394155242722,125511.98735030802
721.4920318126678,2.7405568283264397,125512.98861527721
721.592034816742,2.7398218975599264,125513.38975374949
721.6920738220215,2.741751090822023,125513.75077837454
721.7918486595154,2.7391788331392277,125512.17570053709
721.8918461799622,2.7405568283264397,125512.25813048339
721.9920310974121,2.74101616005551,125513.43231743504
722.09233045578,2.7406486946722537,125514.58908569154
722.1914539337158,2.740464961980625,125515.43017712238
722.2920210361481,2.741751090822023,125515.78715941016
722.3917765617371,2.742761620625978,125516.20844346915
722.4920890331268,2.740924293709696,125517.08759912224
722.5922927856445,2.738352036026901,125517.57883921002
722.6921832561493,2.74101616005551,125517.62095528902
722.7918453216553,2.740924293709696,125518.35885976012
722.892041683197,2.740373095634811,125518.52297378411
722.9918994903564,2.7389951004475996,125517.8706764057
723.0921890735626,2.7391788331392277,125518.88360876513
723.1916720867157,2.740281229288997,125518.29524788861
723.2916433811188,2.7414754917845805,125517.36572309976
723.3921113014221,2.7396381648682984,125517.12915078978
723.4923603534698,2.7391788331392277,125516.41623571081
723.5923321247101,2.741751090822023,125516.37461213974
723.6919660568237,2.738352036026901,125515.23715092576
723.7916204929352,2.7389951004475996,125515.3134358332
723.8921585083008,2.7389032341017856,125514.88209224989
723.991870880127,2.7378927042978303,125514.1938830249
724.0921673774719,2.738076436989459,125514.27449472241
724.1923286914825,2.7379845706436443,125514.14704525018
724.2917926311493,2.738627635064343,125514.33234072517
724.3916776180267,2.7406486946722537,125514.39910665267
724.4915783405304,2.7370659071855035,125515.3591959874
724.5922517776489,2.738535768718529,125516.92327638867
724.6917872428894,2.738260169681087,125517.4309487498
724.7919421195984,2.736147243727362,125518.18785387481
724.8921802043915,2.737617105260388,125518.96906848733
724.9921824932098,2.734126184119452,125519.2721616386
725.0922992229462,2.7396381648682984,125518.74494547475
725.1913638114929,2.735963511035734,125519.17045092728
725.2921974658966,2.738535768718529,125519.75340583456
725.3914654254913,2.736147243727362,125519.37806525112
725.4919984340668,2.7398218975599264,125519.24025872601
725.5921149253845,2.7378927042978303,125519.71623285342
725.6913020610809,2.7369740408396894,125519.84460956808
725.7913720607758,2.7379845706436443,125519.66014861128
725.8923408985138,2.738352036026901,125520.69413375015
725.9913699626923,2.736790308148061,125521.42472037514
726.0916166305542,2.7369740408396894,125522.48224833763
726.1917753219604,2.73587164468992,125524.03402350387
726.2916102409363,2.7372496398771315,125524.13062115348
726.39164686203,2.7346773821943366,125524.71755903814
726.4921555519104,2.737708971606202,125526.04580313433
726.5919525623322,2.7350448475775933,125525.7412228209
726.6917607784271,2.738168303335273,125524.8671005388
726.7921030521393,2.7347692485401507,125525.18039048492
726.8913798332214,2.7348611148859647,125524.96235143644
726.9917492866516,2.7378927042978303,125526.3661162928
727.0922763347626,2.7350448475775933,125526.62950466352
727.1917130947113,2.73587164468992,125526.76655419718
727.291631937027,2.738076436989459,125525.48989877748
727.3916380405426,2.73587164468992,125525.94090889973
727.4918193817139,2.7348611148859647,125526.24681800976
727.5919516086578,2.73587164468992,125525.5221362088
727.691564321518,2.7334831196987532,125525.66992258793
727.7916808128357,2.7354123129608494,125525.20293032915
727.8917450904846,2.7352285802692213,125525.48263729624
727.9921917915344,2.734126184119452,125524.53437356662
728.0922856330872,2.734218050465266,125524.18093620997
728.1917927265167,2.7334831196987532,125524.162842589
728.2917580604553,2.7351367139234073,125523.5465583301
728.3918898105621,2.7353204466150354,125523.19190249708
728.4917440414429,2.7344936495027086,125523.57271224738
728.5918350219727,2.7368821744938754,125522.91544102263
728.691704750061,2.7350448475775933,125523.12389692037
728.7918329238892,2.7347692485401507,125522.61150722834
728.8919198513031,2.7347692485401507,125523.95035650552
728.9918808937073,2.7334831196987532,125524.65532085497
729.0919981002808,2.734218050465266,125525.08978876949
729.1918308734894,2.7354123129608494,125525.48080989256
729.2920379638672,2.7345855158485226,125525.23272890331
729.3920621871948,2.7331156543154966,125525.70945601298
729.4921355247498,2.7349529812317788,125525.53851041169
729.5921683311462,2.733299387007125,125526.38465937052
729.692177772522,2.7345855158485226,125525.64619343347
729.7920660972595,2.7349529812317788,125525.08157409012
729.8922023773193,2.73228885720317,125524.8734166811
729.9918642044067,2.7344936495027086,125525.28607501299
730.0918321609497,2.7348611148859647,125525.65746751169
730.1918752193451,2.7336668523903813,125525.39172076053
730.2919049263,2.7336668523903813,125524.95254868448
730.3920376300812,2.7320132581657277,125525.15729381602
730.4918932914734,2.733391253352939,125526.64156443442
730.5915234088898,2.7336668523903813,125526.97740799098
730.6920392513275,2.7349529812317788,125528.0796671919
730.7915740013123,2.734034317773638,125528.87170047271
730.8921422958374,2.732196990857356,125529.58453042545
730.9920995235443,2.7329319216238686,125528.7260773829
731.0921559333801,2.732380723548984,125529.55346964461
731.1914973258972,2.731462060090843,125529.69812268016
731.291891336441,2.731462060090843,125529.62831041214
731.3922696113586,2.7320132581657277,125529.66547937093
731.492175579071,2.734126184119452,125528.39893143384
731.5922436714172,2.733299387007125,125528.05903829046
731.6920917034149,2.7304515302868877,125527.85313446143
731.7923786640167,2.734126184119452,125527.76782101528
731.8917438983917,2.733299387007125,125527.99103891375
731.9920959472656,2.7325644562406124,125528.49193502238
732.0920331478119,2.7311864610534005,125528.64274152015
732.1923623085022,2.731553926436657,125528.27846736813
732.2919099330902,2.7328400552780545,125527.85062063133
732.3921210765839,2.7329319216238686,125528.5655585682
732.49161195755,2.732380723548984,125528.90900271137
732.592039346695,2.7328400552780545,125529.51810244024
732.6918995380402,2.7312783273992145,125529.76629219622
732.7923874855042,2.732380723548984,125530.5896629766
732.8914837837219,2.732196990857356,125530.43069667896
732.992356300354,2.7311864610534005,125529.68762701107
733.0918831825256,2.7294410004829324,125530.91886430996
733.1922523975372,2.729532866828747,125530.12697787897
733.291437625885,2.731553926436657,125530.11428009107
733.3920743465424,2.729624733174561,125530.10285208197
733.4915769100189,2.7312783273992145,125528.39256687378
733.5923027992249,2.7310027283617724,125527.3533101864
733.6914668083191,2.731370193745029,125527.31797916775
733.7920620441437,2.73228885720317,125527.88618125099
733.8922848701477,2.729992198557817,125527.99756312589
733.9921941757202,2.7283386043331634,125527.1978068133
734.0920488834381,2.7291654014454902,125527.27802613197
734.1920666694641,2.734126184119452,125528.55022351877
734.2922902107239,2.729808465866189,125528.0952011669
734.3916828632355,2.7306352629785158,125528.48568105021
734.4919755458832,2.731737659128285,125528.5371129452
734.5914962291718,2.7310027283617724,125529.18340165068
734.6920285224915,2.7304515302868877,125529.1650614856
734.7918021678925,2.729073535099676,125529.94855533705
734.8914804458618,2.7305433966327017,125530.25369980335
734.9920878410339,2.7302677975952596,125530.72832982302
735.0922758579254,2.7308189956701443,125531.45549684072
735.1921675205231,2.7308189956701443,125532.00994715665
735.2923715114594,2.7310945947075864,125531.00895244099
735.3922412395477,2.7308189956701443,125530.4080571969
735.4921669960022,2.7277874062582788,125530.7672514772
735.5914988517761,2.7303596639410737,125531.19052632948
735.6922962665558,2.729992198557817,125531.37147369653
735.7914662361145,2.729900332212003,125530.43432632688
735.8914272785187,2.728246737987349,125530.1908936942
735.9921045303345,2.7301759312494456,125530.67180432478
736.0916609764099,2.7307271293243303,125530.7046238923
736.1920499801636,2.7306352629785158,125530.23416150309
736.2915668487549,2.7293491341371183,125531.31074535279
736.391435623169,2.7287979360622336,125531.0796708175
736.4922940731049,2.725307014921298,125531.67170373576
736.5914771556854,2.7306352629785158,125531.90453336219
736.6922221183777,2.7286142033706056,125531.71408002598
736.7924158573151,2.7283386043331634,125530.74267202338
736.8918159008026,2.729624733174561,125530.26840482105
736.9923095703125,2.728063005295721,125528.84156433896
737.0914857387543,2.7293491341371183,125530.25740790507
737.1923620700836,2.7294410004829324,125531.13166711456
737.2916076183319,2.7303596639410737,125530.7185004031
737.392332315445,2.729808465866189,125530.74665036281
737.4915945529938,2.7276036735666502,125531.87198532652
737.5923418998718,2.7292572677913043,125530.58478679389
737.6921198368073,2.728246737987349,125531.92630811449
737.7921760082245,2.7291654014454902,125532.43367730304
737.8918235301971,2.729716599520375,125532.49030957273
737.9922623634338,2.729716599520375,125534.74127861546
738.0916664600372,2.729716599520375,125534.86715075393
738.1915669441223,2.729808465866189,125534.28043567855
738.2923147678375,2.7304515302868877,125535.8523921107
738.3917582035065,2.7307271293243303,125535.66715289964
738.4920303821564,2.7265012774168813,125536.40043760969
738.5923933982849,2.727511807220836,125536.06039384872
738.6924157142639,2.7286142033706056,125536.85435446384
738.7916750907898,2.7292572677913043,125537.46891901745
738.8923513889313,2.728981668753862,125537.52202711572
738.991622209549,2.7286142033706056,125536.66982440415
739.0918388366699,2.72714434183758,125534.80284196374
739.1916155815125,2.7287060697164196,125535.22255776738
739.2921209335327,2.727971138949907,125534.80030199065
739.3922531604767,2.725674480304554,125533.52027179158
739.4917199611664,2.7277874062582788,125534.06824461243
739.5924022197723,2.728246737987349,125534.76142015119
739.6916122436523,2.728981668753862,125534.78527813607
739.7923114299774,2.7287060697164196,125535.50675032246
739.8915877342224,2.7243883514631566,125534.85607529021
739.9917874336243,2.726317544725253,125533.8704677612
740.0917522907257,2.7269606091459515,125534.18342098508
740.1913313865662,2.7269606091459515,125533.76507888657
740.292150259018,2.725398881267112,125532.18857099793
740.391604423523,2.7267768764543234,125531.36971389814
740.4915058612823,2.7252151485754834,125529.63274250831
740.5914971828461,2.726317544725253,125531.66946825749
740.6914899349213,2.7270524754917655,125531.50252143174
740.7917335033417,2.725766346650368,125531.75226928858
740.8917865753174,2.7244802178089707,125532.07704235973
740.9914884567261,2.7259500793419966,125532.76933812376
741.0914719104767,2.727328074529208,125532.09240431139
741.1923394203186,2.7248476831922273,125531.88316388025
741.2916359901428,2.72558261395874,125531.49484749223
741.3914594650269,2.7270524754917655,125531.14536274302
741.492383480072,2.7283386043331634,125530.33082646872
741.591792345047,2.727879272604093,125530.59774382185
741.6917741298676,2.727879272604093,125530.13796943967
741.7915897369385,2.725766346650368,125530.42417249571
741.8915612697601,2.7242046187715285,125530.28175524613
741.9924371242523,2.725766346650368,125532.05357972153
742.091956615448,2.7260419456878107,125532.54822174937
742.1915416717529,2.726409411071067,125533.59339957444
742.2918090820312,2.727236208183394,125533.534059617
742.3914527893066,2.7265931437626953,125533.78065365531
742.4924426078796,2.7241127524257145,125533.00258828979
742.5921711921692,2.725398881267112,125533.60232946082
742.6920630931854,2.7251232822296694,125533.74209651473
742.791886806488,2.7267768764543234,125534.16788686326
742.8923122882843,2.724755816846413,125533.55109817693
742.9919610023499,2.724663950500599,125532.89598835923
743.0915493965149,2.7232859553133872,125534.10638952331
743.1918263435364,2.7259500793419966,125534.99575057099
743.2917561531067,2.7245720841547847,125534.69617551389
743.3919956684113,2.7226428908926885,125534.1265579625
743.491837978363,2.723194088967573,125535.01390216626
743.5917627811432,2.72558261395874,125534.71251194963
743.6921982765198,2.725398881267112,125534.54126075468
743.7918145656586,2.724663950500599,125533.18713467922
743.8917901515961,2.7243883514631566,125532.3684212113
743.9917039871216,2.7243883514631566,125532.43157909017
744.0918326377869,2.725307014921298,125531.18842118116
744.1922106742859,2.724755816846413,125530.96957906304
744.2918708324432,2.7245720841547847,125531.47262115675
744.3917081356049,2.725766346650368,125531.52535904107
744.4918982982635,2.725398881267112,125532.77282313697
744.5921778678894,2.7245720841547847,125532.59554082328
744.6918182373047,2.724663950500599,125532.63598674096
744.7918310165405,2.726409411071067,125532.07238806687
744.8921332359314,2.7249395495380413,125532.56514926018
744.9921426773071,2.7244802178089707,125531.90863433416
745.0917592048645,2.7260419456878107,125532.21777090075
745.1916744709015,2.7241127524257145,125532.39599381067
745.2916786670685,2.723194088967573,125532.55639442962
745.3914563655853,2.7241127524257145,125533.20075498667
745.4916706085205,2.7240208860799004,125534.080679488
745.5921220779419,2.7251232822296694,125534.67261153921
745.6914684772491,2.7252151485754834,125534.1053503853
745.7919392585754,2.7252151485754834,125534.19481534678
745.8919043540955,2.723745287042458,125533.77533381211
745.9917824268341,2.725307014921298,125533.5978004309
746.091872215271,2.722918489930131,125533.33802038782
746.1919293403625,2.7225510245468745,125532.60421834905
746.2919960021973,2.7242964851173426,125532.84379651415
746.3917918205261,2.72558261395874,125533.35941686275
746.4917638301849,2.7234696880050158,125533.12347517649
746.5919568538666,2.72356155435083,125533.31112765885
746.6917464733124,2.7242046187715285,125533.68001489296
746.7914471626282,2.723653420696644,125533.31201340367
746.8920714855194,2.7234696880050158,125532.48081206331
746.9919092655182,2.7248476831922273,125532.43273085698
747.091888666153,2.7252151485754834,125531.28945777129
747.1921646595001,2.7224591582010604,125530.46051199417
747.2915432453156,2.724663950500599,125530.91446079475
747.3919105529785,2.7241127524257145,125530.52301471528
747.4918050765991,2.7244802178089707,125529.87071324376
747.5918536186218,2.7227347572385026,125530.98364191939
747.6919808387756,2.7233778216592013,125531.48527772746
747.7917387485504,2.7240208860799004,125532.03674995471
747.8916394710541,2.723102222621759,125531.73307495925
747.9916861057281,2.72558261395874,125530.45976746333
748.0921101570129,2.723837153388272,125531.81379071699
748.1923458576202,2.7240208860799004,125532.2324116453
748.2921268939972,2.7232859553133872,125532.60917048078
748.3920683860779,2.7221835591636183,125533.24825343271
748.4918608665466,2.7243883514631566,125533.22342808945
748.5918807983398,2.7208974303222204,125532.80108528052
748.6920063495636,2.723745287042458,125532.92097675247
748.7920391559601,2.7224591582010604,125533.22887907723
748.8921508789062,2.7242046187715285,125533.50599116951
748.9917912483215,2.7227347572385026,125533.35539205256
749.0916197299957,2.7225510245468745,125534.11985284732
749.1917111873627,2.7232859553133872,125533.60786756259
749.2922477722168,2.723745287042458,125532.74708080634
749.3923342227936,2.7233778216592013,125532.57237272571
749.4917130470276,2.7232859553133872,125532.41513545315
749.591466665268,2.723929019734086,125533.17362190783
749.6914625167847,2.7232859553133872,125532.55625971705
749.7922868728638,2.7227347572385026,125532.60063374534
749.8923826217651,2.7242964851173426,125532.34057037081
749.9915103912354,2.7222754255094324,125532.70651333375
750.0915446281433,2.7232859553133872,125534.03586200038
750.1921119689941,2.721264895705477,125535.83227580035
750.2916786670685,2.723102222621759,125535.04904822032
750.3922073841095,2.7191519697517528,125533.8441433983
750.4921612739563,2.7233778216592013,125535.25972905847
750.5922698974609,2.722918489930131,125535.83375615263
750.6915910243988,2.722091692817804,125536.25038053737
750.7922005653381,2.725307014921298,125535.32534248363
750.8917577266693,2.7208055639764064,125534.29280823527
750.9914140701294,2.725490747612926,125533.86352741176
751.0915517807007,2.723745287042458,125533.57717467059
751.191463470459,2.722826623584317,125533.01945720354
751.2914369106293,2.7207136976305923,125531.41751148319
751.3915672302246,2.7222754255094324,125530.87576033488
751.4924077987671,2.7200706332098936,125529.58818430139
751.5921263694763,2.719703167826637,125529.72936587126
751.691802740097,2.722918489930131,125529.05642928414
751.791463136673,2.721356762051291,125528.85078635573
751.8914387226105,2.722091692817804,125529.56570772016
751.9923298358917,2.7217242274345477,125529.00913694815
752.0920264720917,2.7207136976305923,125529.10822325334
752.192296743393,2.721540494742919,125531.19740092801
752.2921681404114,2.7221835591636183,125532.37766083522
752.3917465209961,2.723194088967573,125532.8398947517
752.4918613433838,2.7198869005182655,125532.45590527653
752.5916366577148,2.7191519697517528,125533.21031474888
752.6915419101715,2.7223672918552464,125533.689283274
752.7924299240112,2.72199982647199,125534.4203549466
752.8921883106232,2.7240208860799004,125533.77831945194
752.9916353225708,2.7219079601261758,125534.10048750674
753.0918383598328,2.7189682370601242,125533.59043875607
753.1915950775146,2.722918489930131,125533.23139488047
753.2921113967896,2.7216323610887336,125534.80825539242
753.391841173172,2.720346232247336,125534.62742985318
753.4918661117554,2.7207136976305923,125534.46468686787
753.5914468765259,2.7208974303222204,125535.21821818108
753.6919300556183,2.7225510245468745,125534.89639636296
753.7916984558105,2.7208974303222204,125535.60675672667
753.8921642303467,2.7221835591636183,125536.34608105401
753.9920723438263,2.722826623584317,125536.51147294862
754.0914328098297,2.7221835591636183,125535.86032565376
754.1923038959503,2.721448628397105,125535.77429308838
754.2921373844147,2.719519435135009,125536.19686377955
754.3919143676758,2.7200706332098936,125536.67717740161
754.49232006073,2.7207136976305923,125536.00945966145
754.59161901474,2.7218160937803617,125536.50851369531
754.6922359466553,2.721173029359663,125536.15766232579
754.7921583652496,2.7191519697517528,125536.14189609322
754.8922746181488,2.723837153388272,125536.5277064839
754.991580247879,2.718784504368496,125536.57493583551
755.0921432971954,2.7199787668640796,125536.01744225196
755.1916317939758,2.7202543659015217,125536.01569802678
755.2921617031097,2.7199787668640796,125536.2141282241
755.3916704654694,2.7202543659015217,125537.2927154017
755.4914786815643,2.719519435135009,125536.96344386152
755.5917954444885,2.721356762051291,125537.86709947538
755.6916215419769,2.7190601034059383,125537.78038952783
755.7918350696564,2.721264895705477,125537.60235057506
755.8914587497711,2.7216323610887336,125538.24211551755
755.9917869567871,2.721264895705477,125537.51790396581
756.0923001766205,2.7180495736019834,125537.06611356924
756.1913614273071,2.7197950341724515,125537.85950221232
756.2919988632202,2.7197950341724515,125538.1735519911
756.3915636539459,2.719519435135009,125537.556196792
756.4918944835663,2.719427568789195,125538.6005771128
756.5918519496918,2.719611301480823,125538.64051940152
756.6920053958893,2.7206218312847783,125540.17646746137
756.7917695045471,2.7189682370601242,125539.35882071524
756.891979932785,2.7206218312847783,125540.22293864371
756.9916903972626,2.720346232247336,125540.70064477934
757.0919623374939,2.7180495736019834,125541.03058030142
757.1922333240509,2.7189682370601242,125541.42752227127
757.2918763160706,2.7180495736019834,125541.58477004415
757.3915648460388,2.7190601034059383,125539.62629303974
757.4917418956757,2.7200706332098936,125539.16366373576
757.5914943218231,2.7198869005182655,125539.5472973622
757.6916329860687,2.720989296668035,125538.99256762597
757.7914688587189,2.7189682370601242,125538.79331086337
757.8916344642639,2.7208055639764064,125538.11397977703
757.9924080371857,2.7208974303222204,125537.70258179933
758.091988325119,2.7198869005182655,125538.53232361941
758.1918685436249,2.7206218312847783,125539.87909125746
758.2919166088104,2.7189682370601242,125538.89118213172
758.3916957378387,2.720346232247336,125539.60206391856
758.4918406009674,2.7198869005182655,125540.4418575267
758.591712474823,2.7174983755270987,125540.19767177403
758.6917541027069,2.7204380985931502,125540.67790459663
758.7924139499664,2.7197950341724515,125541.51011413697
758.8916974067688,2.718692638022682,125543.25910272327
758.9917159080505,2.7201624995557077,125543.73319245095
759.0913882255554,2.719611301480823,125544.25987320585
759.1916120052338,2.718784504368496,125544.13388588527
759.2923872470856,2.718784504368496,125544.42049729674
759.392055273056,2.720346232247336,125545.37844756708
759.4922375679016,2.718784504368496,125545.94060281038
759.5915319919586,2.720346232247336,125546.64654252936
759.6925690174103,2.7189682370601242,125546.98188827642
759.7920460700989,2.719335702443381,125545.3836994488
759.8918936252594,2.7174983755270987,125544.74532950393
759.9915955066681,2.721264895705477,125545.27079655354
760.0915687084198,2.718692638022682,125545.54371689819
760.1917126178741,2.718784504368496,125544.98934520838
760.2917840480804,2.717039043798028,125544.59041068755
760.3924562931061,2.7191519697517528,125543.6313696188
760.4924125671387,2.717222776489656,125543.26823265692
760.5922996997833,2.7190601034059383,125543.64140939123
760.6922481060028,2.717130910143842,125542.1772684521
760.7923393249512,2.7189682370601242,125542.0595416069
760.892083644867,2.7175902418729128,125541.85358744621
760.9917855262756,2.7179577072561694,125541.36822870158
761.0917854309082,2.7163041130315153,125541.83140583143
761.1923830509186,2.719519435135009,125541.34826524828
761.2920610904694,2.719427568789195,125540.81343872346
761.3921988010406,2.7181414399477974,125541.23209485112
761.4914467334747,2.7164878457231434,125540.70888536601
761.5923144817352,2.7191519697517528,125540.43799682941
761.6921517848969,2.719611301480823,125539.19419714647
761.7922897338867,2.7165797120689574,125538.77477743183
761.8921830654144,2.719611301480823,125538.49729968865
761.9914977550507,2.717865840910355,125538.84756971979
762.0922207832336,2.7197950341724515,125538.56281274781
762.1920902729034,2.7160285139940727,125539.00653147303
762.2917127609253,2.7197950341724515,125537.00587832573
762.3921074867249,2.720346232247336,125537.50529049315
762.4914615154266,2.7168553111064,125537.85476144384
762.5917446613312,2.7184170389852396,125538.06928529945
762.691447019577,2.717130910143842,125539.46235676951
762.7918672561646,2.7154773159191885,125539.91612109257
762.892073392868,2.717682108218727,125540.72450898332
762.9921865463257,2.7162122466857013,125542.55205808498
763.0917420387268,2.7179577072561694,125543.89685227649
763.1919393539429,2.7166715784147715,125544.10716704885
763.2921795845032,2.7174983755270987,125543.69645034397
763.392359495163,2.7180495736019834,125544.32680530957
763.491993188858,2.717682108218727,125545.79412477862
763.5921998023987,2.7180495736019834,125546.41471230076
763.6914520263672,2.7164878457231434,125545.67324107068
763.7915649414062,2.7185089053310536,125544.80591696361
763.8918504714966,2.7185089053310536,125544.52532526726
763.9916198253632,2.7181414399477974,125545.17279274054
764.0918283462524,2.7184170389852396,125546.1555134665
764.1914365291595,2.717682108218727,125545.93996211985
764.2915542125702,2.7174983755270987,125544.94596590787
764.3917820453644,2.7184170389852396,125544.15136931709
764.4918010234833,2.714926117844304,125544.13623238538
764.5916938781738,2.7164878457231434,125545.32260914685
764.6917395591736,2.7173146428354706,125546.79034823217
764.7920725345612,2.7162122466857013,125546.41131340896
764.8918974399567,2.7155691822650025,125546.87018206807
764.9918079376221,2.7173146428354706,125547.18316386126
765.0920238494873,2.716947177452214,125547.56484747515
765.1923224925995,2.7162122466857013,125548.30836272764
765.292239189148,2.714926117844304,125549.27752645488
765.3914332389832,2.714283053423605,125548.4497738094
765.4915287494659,2.7156610486108166,125549.50479642846
765.591588973999,2.7154773159191885,125549.05431678562
765.6916968822479,2.7168553111064,125548.84888510706
765.7916147708893,2.718692638022682,125548.36399659637
765.8916733264923,2.7168553111064,125549.22759693673
765.9923298358917,2.717222776489656,125549.30483724306
766.0919218063354,2.717130910143842,125550.47435351876
766.1919066905975,2.7174065091812847,125551.22691816688
766.2916247844696,2.7163041130315153,125551.5042263502
766.3919866085052,2.7174065091812847,125551.75380371517
766.4918210506439,2.718784504368496,125551.17842334366
766.5919187068939,2.7156610486108166,125550.8605810093
766.692291021347,2.717773974564541,125551.07452290837
766.7918429374695,2.7156610486108166,125551.76707061754
766.8924651145935,2.714466786115233,125552.1903635558
766.992021560669,2.715201716881746,125551.27132720023
767.091667175293,2.7162122466857013,125549.8441944802
767.1923906803131,2.717039043798028,125550.35977503218
767.2922086715698,2.7159366476482587,125549.42379752897
767.3918414115906,2.7158447813024447,125548.68141777607
767.4923331737518,2.712721325544765,125549.01327599846
767.5917513370514,2.717130910143842,125548.41194839861
767.6921901702881,2.7163959793773294,125549.37075355876
767.7916820049286,2.715385449573374,125548.33367820288
767.8921811580658,2.7164878457231434,125548.70031038258
767.9915895462036,2.7165797120689574,125549.03027934433
768.0920560359955,2.717130910143842,125549.52725140989
768.1918103694916,2.7158447813024447,125549.5745262689
768.2919912338257,2.7161203803398872,125548.81707364201
768.3915750980377,2.7161203803398872,125548.53536627782
768.4919381141663,2.7158447813024447,125547.68182965004
768.5917403697968,2.717222776489656,125547.01364668505
768.6920936107635,2.714466786115233,125545.81228201654
768.7920637130737,2.7174983755270987,125545.03105381489
768.8919167518616,2.7165797120689574,125544.8279484334
768.9919917583466,2.7147423851526753,125544.14515359007
769.0919363498688,2.715385449573374,125544.23063823106
769.1915624141693,2.7173146428354706,125543.50757440795
769.2917582988739,2.7155691822650025,125544.05681696715
769.3922157287598,2.7160285139940727,125543.45113527044
769.4918117523193,2.716947177452214,125542.8060217434
769.5915448665619,2.715385449573374,125542.62541956907
769.6920711994171,2.71529358322756,125542.56287761216
769.7917776107788,2.7140993207319766,125543.30658985095
769.891818523407,2.7148342514984893,125544.17593086585
769.9924402236938,2.714926117844304,125544.35833777927
770.092098236084,2.7140993207319766,125544.32250400135
770.1916224956512,2.715109850535932,125545.59025360121
770.2924897670746,2.7139155880403485,125546.53122824109
770.3920500278473,2.7146505188068613,125547.17810541698
770.4924142360687,2.71529358322756,125547.26029487529
770.5919024944305,2.7155691822650025,125547.53426538776
770.6914796829224,2.7148342514984893,125548.18083884899
770.7924218177795,2.7154773159191885,125548.1627549641
770.8920216560364,2.7138237216945345,125548.14647946769
770.9915297031403,2.71529358322756,125547.53183152092
771.0914874076843,2.714466786115233,125546.17864836883
771.1916108131409,2.717222776489656,125545.56078353195
771.2918558120728,2.7121701274698804,125545.70470517875
771.3924791812897,2.7132725236196498,125546.63423466087
771.4918639659882,2.715385449573374,125546.97081119478
771.5919287204742,2.7140074543861625,125546.7737300753
771.6916902065277,2.7165797120689574,125546.19635706779
771.7915391921997,2.717222776489656,125544.97672136102
771.8922379016876,2.7137318553487204,125545.07904922492
771.9920244216919,2.7146505188068613,125545.47114430243
772.0915913581848,2.71529358322756,125545.12402987218
772.1922965049744,2.714374919769419,125544.91162688498
772.2920897006989,2.714466786115233,125545.02046419648
772.3918280601501,2.7147423851526753,125544.91841777685
772.492146730423,2.715017984190118,125544.92657599917
772.5920858383179,2.7147423851526753,125546.13391839925
772.692040681839,2.714558652461047,125546.92052655932
772.7922101020813,2.7163959793773294,125546.5284739034
772.8920335769653,2.7140074543861625,125546.27562651306
772.9922499656677,2.7146505188068613,125546.84806386175
773.0923147201538,2.712629459198951,125548.46325747558
773.1922237873077,2.714283053423605,125549.21693172803
773.2920029163361,2.714283053423605,125550.09523855524
773.3921005725861,2.7140993207319766,125549.58571469972
773.4918608665466,2.715201716881746,125549.82714322975
773.5917699337006,2.7140074543861625,125549.14442890677
773.6918685436249,2.7141911870777906,125549.9299860161
773.792060136795,2.7139155880403485,125549.63698741449
773.8918969631195,2.7136399890029064,125549.57328867304
773.9917402267456,2.7136399890029064,125549.91595980574
774.0924382209778,2.715017984190118,125551.32436382517
774.1923973560333,2.714926117844304,125550.79192744267
774.2921841144562,2.7136399890029064,125550.31273469841
774.3920216560364,2.7116189293949957,125550.18146122858
774.4917001724243,2.7120782611240664,125550.96331510574
774.5918741226196,2.712813191890579,125552.06698359516
774.6919977664948,2.7130887909280217,125552.46028523565
774.7918150424957,2.713364389965464,125552.21425671209
774.8922052383423,2.7163041130315153,125551.99283104089
774.9922969341278,2.712813191890579,125551.0935479368
775.0916705131531,2.712813191890579,125550.98419314313
775.1914796829224,2.712629459198951,125551.28577382883
775.2924418449402,2.714466786115233,125551.25719644595
775.3922522068024,2.7122619938156944,125551.33147680135
775.4921979904175,2.7138237216945345,125551.79832912123
775.5921502113342,2.7161203803398872,125552.01849620912
775.6915273666382,2.7140993207319766,125551.2166465882
775.7920982837677,2.7146505188068613,125551.1949819294
775.8923799991608,2.7136399890029064,125551.37548373645
775.9916093349457,2.7148342514984893,125550.13793536281
776.0920786857605,2.7119863947782523,125550.02414182655
776.1917316913605,2.7139155880403485,125549.8217276439
776.2923843860626,2.712537592853137,125550.83955487951
776.3918285369873,2.7147423851526753,125550.25559939156
776.4916095733643,2.7118945284324383,125549.53003945241
776.592369556427,2.713364389965464,125549.07703550717
776.6918036937714,2.712996924582207,125548.06933195645
776.7921261787415,2.7146505188068613,125548.06239876081
776.8914759159088,2.7118945284324383,125548.05615888473
776.9919421672821,2.7136399890029064,125547.95054299626
777.0917527675629,2.7120782611240664,125548.25548869664
777.1915605068207,2.7122619938156944,125549.12993982698
777.2921342849731,2.712629459198951,125550.21694584428
777.3921303749084,2.7117107957408098,125549.69525125985
777.4916729927063,2.713548122657092,125549.92572613386
777.5914378166199,2.7146505188068613,125550.03315352049
777.6919648647308,2.712629459198951,125549.12983816845
777.7918772697449,2.7130887909280217,125549.31685435161
777.8917067050934,2.713364389965464,125547.88516891644
777.9921405315399,2.7136399890029064,125548.2966520248
778.0918719768524,2.712996924582207,125549.66698682233
778.1918394565582,2.710883998628483,125549.2002881401
778.2916548252106,2.713548122657092,125549.28025932609
778.391851902008,2.713548122657092,125548.55223339348
778.4920103549957,2.7131806572738357,125549.49701005414
778.5922448635101,2.7119863947782523,125549.94730904873
778.6916077136993,2.7113433303575536,125549.75257814386
778.7921438217163,2.713456256311278,125549.37732032948
778.8915524482727,2.7120782611240664,125549.33958829654
778.9918196201324,2.712905058236393,125550.00562946689
779.0924134254456,2.7146505188068613,125549.8050665202
779.1915707588196,2.7102409342077842,125549.42455986819
779.2915668487549,2.713456256311278,125549.68210388137
779.3916068077087,2.713456256311278,125549.91389349323
779.4915480613708,2.711802662086624,125550.22250414391
779.5918574333191,2.712445726507323,125550.60025372953
779.691531419754,2.71529358322756,125551.44022835657
779.7916793823242,2.7123538601615085,125550.79620552092
779.8919477462769,2.7120782611240664,125550.91658496883
779.9922244548798,2.710608399591041,125551.32492647195
780.0922417640686,2.7141911870777906,125550.39243382476
780.1917767524719,2.712905058236393,125549.65319044229
780.2923917770386,2.7119863947782523,125549.88787139805
780.3917255401611,2.713364389965464,125549.29908425824
780.4924523830414,2.712445726507323,125548.56917583241
780.5914850234985,2.712905058236393,125548.51225824917
780.6918034553528,2.712445726507323,125548.06103242427
780.7915620803833,2.7118945284324383,125547.65492918185
780.8920311927795,2.712537592853137,125546.78943626367
780.9912333488464,2.710883998628483,125546.11049263731
781.092024564743,2.710975864974297,125544.49944337358
781.1917190551758,2.7120782611240664,125545.24949903623
781.291651725769,2.7116189293949957,125544.72454913262
781.3918101787567,2.714466786115233,125544.95209421935
781.491947889328,2.7104246668994123,125545.75688479742
781.5920209884644,2.7103328005535983,125546.48119631768
781.6917812824249,2.710883998628483,125546.93307668592
781.7917869091034,2.7140993207319766,125546.23976901732
781.8918817043304,2.7122619938156944,125545.51579211559
781.9917316436768,2.7118945284324383,125545.46421290403
782.0919253826141,2.710792132282669,125544.71779161363
782.1920299530029,2.7116189293949957,125543.64601245226
782.2916586399078,2.712721325544765,125544.48141120703
782.3923020362854,2.7121701274698804,125544.83327008634
782.49156498909,2.7120782611240664,125544.5499430777
782.5919177532196,2.710975864974297,125544.09494876993
782.6914670467377,2.710057201516156,125543.28545389294
782.7916586399078,2.7099653351703417,125542.95690850365
782.8916492462158,2.7117107957408098,125542.56121765327
782.9917402267456,2.7118945284324383,125542.20509588794
783.0922729969025,2.710975864974297,125542.08458629916
783.1915581226349,2.710792132282669,125541.37612766924
783.291826248169,2.711159597665925,125541.93851490231
783.3914573192596,2.711802662086624,125541.74466341209
783.4921038150787,2.710700265936855,125541.57019707088
783.5916471481323,2.711067731320111,125542.3131773638
783.6917297840118,2.7114351967033676,125542.58185962742
783.7915325164795,2.710975864974297,125541.62367366468
783.8918170928955,2.7096897361328995,125542.26130629821
783.9917213916779,2.7088629390205727,125541.8351756684
784.0923221111298,2.711159597665925,125542.55165810155
784.1917538642883,2.711067731320111,125543.1964922914
784.2915074825287,2.7116189293949957,125544.47684306228
784.3920607566833,2.7104246668994123,125543.72915875605
784.4914600849152,2.7096897361328995,125544.85624288044
784.5922853946686,2.710883998628483,125544.9706185924
784.6915903091431,2.7120782611240664,125545.87355673316
784.7917876243591,2.7105165332452263,125545.78620105985
784.8915371894836,2.714558652461047,125546.60758095386
784.9918355941772,2.709046671712201,125546.74682285848
785.0915632247925,2.7102409342077842,125546.57214057264
785.1917865276337,2.712996924582207,125545.91492651537
785.2915232181549,2.7117107957408098,125546.52343386383
785.3920285701752,2.7102409342077842,125546.17109047745
785.4924082756042,2.709046671712201,125546.2539814297
785.5920071601868,2.7118945284324383,125546.22858328675
785.6914365291595,2.7121701274698804,125547.60572495808
785.792338848114,2.713364389965464,125547.84515246227
785.8921301364899,2.710700265936855,125549.06063721604
785.9916000366211,2.710608399591041,125549.15457349444
786.0920653343201,2.710608399591041,125548.539116145
786.1916921138763,2.7099653351703417,125548.3852045305
786.2915017604828,2.709230404403829,125548.74668407744
786.3919856548309,2.7122619938156944,125548.57201566969
786.4916934967041,2.7087710726747587,125548.21481410273
786.5923082828522,2.7096897361328995,125548.69333269246
786.6919581890106,2.708679206328944,125548.02399942321
786.7923216819763,2.710883998628483,125548.2215994809
786.8921477794647,2.711802662086624,125546.8994395328
786.9914717674255,2.708311740945688,125546.80949557954
787.0923519134521,2.710608399591041,125547.42854602159
787.1920704841614,2.710975864974297,125548.68569141944
787.2920053005219,2.711067731320111,125550.3171222775
787.3918533325195,2.7102409342077842,125549.68541004974
787.492015838623,2.7117107957408098,125549.81686904478
787.5919003486633,2.711159597665925,125550.5351821403
787.6919827461243,2.707484943833361,125550.78166392627
787.7915933132172,2.7095978697870855,125550.20349753364
787.8920562267303,2.710975864974297,125552.08314778027
787.9916579723358,2.7089548053663868,125552.57483300225
788.0914423465729,2.71014906786197,125552.51734970202
788.191822052002,2.7104246668994123,125553.26561473182
788.2917308807373,2.711159597665925,125553.73905325864
788.3918542861938,2.7099653351703417,125553.56514793278
788.4923181533813,2.710057201516156,125554.10863313949
788.5917856693268,2.712537592853137,125554.19776982555
788.6919910907745,2.7078524092166174,125555.877992843
788.7922167778015,2.7073930774875468,125555.7901935587
788.8915979862213,2.709322270749643,125556.31117420284
788.9918029308319,2.710792132282669,125556.38005678255
789.0923688411713,2.708403607291502,125556.0420511043
789.1917321681976,2.7088629390205727,125556.43784599387
789.2923440933228,2.708495473637316,125555.4940613945
789.3921518325806,2.708403607291502,125554.54465525506
789.4921188354492,2.7089548053663868,125555.09018972956
789.5917782783508,2.7096897361328995,125555.0811707566
789.6923911571503,2.709322270749643,125554.47305368094
789.7921993732452,2.710700265936855,125553.52574831285
789.8920183181763,2.710608399591041,125553.17317348157
789.9917070865631,2.708403607291502,125552.65585613342
790.092325925827,2.711067731320111,125553.4902705201
790.191802740097,2.710883998628483,125553.64124346808
790.291535615921,2.7118945284324383,125551.87711912129
790.3915848731995,2.7099653351703417,125551.18940720917
790.4922275543213,2.708495473637316,125551.27046648825
790.5923571586609,2.7104246668994123,125550.94341983943
790.69180727005,2.7105165332452263,125550.7490778555
790.7919373512268,2.7102409342077842,125550.47417006995
790.891925573349,2.7097816024787136,125550.42675306296
790.9918615818024,2.7096897361328995,125549.08407775666
791.0913422107697,2.7097816024787136,125549.17566998099
791.1918299198151,2.7103328005535983,125548.9581029829
791.2918949127197,2.7095978697870855,125548.96229268462
791.3919820785522,2.709230404403829,125549.76606341616
791.4916911125183,2.710608399591041,125549.08945707454
791.5920770168304,2.7077605428708034,125549.88051136708
791.6920435428619,2.7095978697870855,125550.19246023038
791.7919299602509,2.7077605428708034,125551.67321420735
791.892335653305,2.7087710726747587,125550.70589278662
791.9918122291565,2.7078524092166174,125549.93530350795
792.092132806778,2.708679206328944,125551.74177315716
792.1921410560608,2.708495473637316,125552.66759584146
792.2921738624573,2.71014906786197,125553.00083625731
792.3913207054138,2.7070256121042906,125553.10075263158
792.4921364784241,2.7070256121042906,125553.49067736842
792.5922114849091,2.7079442755624314,125553.14160963158
792.6923878192902,2.7087710726747587,125551.62744866843
792.7921929359436,2.709138538058015,125552.46470380158
792.8917901515961,2.7079442755624314,125550.81823342144
792.9916462898254,2.709230404403829,125551.13641007929
793.0915620326996,2.709138538058015,125552.02276907137
793.1922333240509,2.7088629390205727,125552.32049216423
793.2922894954681,2.708495473637316,125551.98844294783
793.3917083740234,2.7096897361328995,125551.58959865305
793.4915814399719,2.7095978697870855,125551.93063878774
793.5918140411377,2.7073012111417327,125552.23757490897
793.69211769104,2.7099653351703417,125551.41381741807
793.7914617061615,2.708219874599874,125551.37243567627
793.8912706375122,2.7095060034412715,125552.13519210863
793.991943359375,2.708495473637316,125552.72167289778
794.0919840335846,2.70858733998313,125553.54950560801
794.1921401023865,2.7087710726747587,125551.89455504721
794.292181968689,2.7088629390205727,125551.90509954249
794.3914518356323,2.710792132282669,125552.61458958825
794.4914062023163,2.7103328005535983,125552.85313062943
794.5923080444336,2.708495473637316,125552.0678175665
794.6923990249634,2.708679206328944,125552.16103580986
794.7915439605713,2.70858733998313,125551.54493222888
794.8918936252594,2.709138538058015,125551.790439006
794.991607427597,2.709322270749643,125551.9113951054
795.091742515564,2.7098734688245276,125551.82025559487
795.1919054985046,2.7080361419082455,125551.5382300354
795.2920033931732,2.7080361419082455,125551.48440703186
795.3914830684662,2.7099653351703417,125552.13596632869
795.4923689365387,2.7096897361328995,125552.52236969583
795.5915296077728,2.709322270749643,125553.67013272626
795.6914601325989,2.7073930774875468,125554.30311945363
795.7913970947266,2.709322270749643,125554.67280750828
795.8919084072113,2.708403607291502,125555.60552675746
795.9916474819183,2.706658146721034,125554.74497408171
796.0918910503387,2.7081280082540595,125554.37047667355
796.1917843818665,2.7076686765249893,125554.5334290062
796.2919814586639,2.708679206328944,125554.98008610558
796.3920805454254,2.707484943833361,125555.18207749503
796.4918577671051,2.7087710726747587,125555.96386974554
796.591813325882,2.70656628037522,125557.36748277099
796.6934118270874,2.8145092367067956,125513.1307344939
796.7945392131805,3.1571707065934147,125407.81766104451
796.8947315216064,3.388490165353336,125262.43589494005
796.9916417598724,3.6346001057893287,125085.49230544605
797.0918154716492,3.62366801063745,124934.44307490144
797.1920154094696,3.610806722223475,124801.79876741131
797.2919855117798,3.600517691492295,124682.91889067019
797.3920412063599,3.596475572276474,124578.02700160319
797.492062330246,3.5872889376950634,124483.32430144287
797.5923745632172,3.5869214723118072,124398.99187129858
797.6916377544403,3.581776956946217,124324.39268416874
797.7920522689819,3.5803070954131915,124257.75341575187
797.8918564319611,3.574703248318531,124196.8780741767
797.9921329021454,3.575530045430858,124142.79026675904
798.0917549133301,3.573233386785505,124094.01124008314
798.1917026042938,3.5698343319903834,124052.41011607484
798.2918310165405,3.569650599298755,124013.86910446736
798.3917338848114,3.5686400694948,123980.68219402063
798.491986989975,3.5650572820080497,123950.61397461857
798.5918443202972,3.562668757016883,123923.5525771567
798.6918914318085,3.5633118214375816,123899.19731944104
798.7918891906738,3.5622094252878123,123876.87758749694
798.8919613361359,3.5596371676050174,123857.08982874727
798.9919376373291,3.5593615685675752,123841.28084587253
799.0917706489563,3.558442905109434,123826.65276128528
799.192057132721,3.557616107997107,123813.18748515676
799.2922358512878,3.5571567762680365,123800.86873664109
799.3920228481293,3.55678931088478,123789.58186297698
799.4919865131378,3.5546763849310556,123780.0236766793
799.5921409130096,3.555870647426639,123773.12130901137
799.6919641494751,3.553390256089658,123764.80917811024
799.7922639846802,3.5547682512768697,123758.62826029923
799.8923878669739,3.553390256089658,123755.06543426932
799.9923281669617,3.5548601176226837,123750.35889084238
800.0922393798828,3.551920394556632,123745.72300175816
800.1921916007996,3.5495318695654654,123741.75070158235
800.2922627925873,3.55008306764035,123737.07563142412
800.3920392990112,3.5495318695654654,123733.7680682817
800.4921231269836,3.548153874378254,123731.99126145354
800.5920627117157,3.5467758791910424,123729.79213530819
800.6921067237854,3.547327077265927,123727.21292177736
800.7922620773315,3.5467758791910424,123726.09162959963
800.8919801712036,3.5470514782284845,123723.38246663968
800.9914178848267,3.545673483041273,123722.94421997573
801.0914125442505,3.543744289779177,123723.94979797816
801.1922159194946,3.5443873541998756,123722.85481818035
801.2914803028107,3.542090695554523,123721.06933636231
801.3921585083008,3.543836156124991,123720.66240272608
801.4922738075256,3.5427337599752216,123721.39616245349
801.5920321941376,3.543836156124991,123721.45654620814
801.6915285587311,3.5424581609377794,123721.91089158734
801.791722536087,3.541998829208709,123723.2198024286
801.891900062561,3.5419069628628947,123723.99782218575
801.9917197227478,3.543193091704292,123724.19803996717
802.0921623706818,3.541447631133824,123724.67823597047
802.1915695667267,3.537956709992888,123723.41041237341
802.2915682792664,3.542090695554523,123724.86937113608
802.3924083709717,3.5398859032549845,123725.08243402248
802.4921970367432,3.538875373451029,123725.27419062023
802.5920600891113,3.5400696359466126,123725.14677155821
802.6915953159332,3.53777297730126,123724.53209440238
802.7916436195374,3.538783507105215,123724.57888496215
802.8923981189728,3.5359356503849777,123724.12099646594
802.9922294616699,3.5375892446096318,123724.20889681934
803.0919554233551,3.5357519176933496,123723.58800713741
803.1923134326935,3.537681110955446,123722.12920642368
803.2922821044922,3.535292585964279,123722.21628578131
803.3918106555939,3.536119383076606,123722.09465720318
803.4924244880676,3.5366705811514905,123722.18519148287
803.5920355319977,3.533547125393811,123722.66667233458
803.6924161911011,3.5320772638607854,123723.70000510113
803.7922389507294,3.5323528628982275,123723.13000459102
803.8921291828156,3.5346495215435803,123723.21700413193
803.9917197227478,3.533547125393811,123723.49530371875
804.09219622612,3.53262846193567,123723.64577334689
804.1921076774597,3.5339145907770675,123723.7811960122
804.2918386459351,3.5349251205810224,123724.80307641099
804.392094373703,3.5322609965524134,123725.22276876989
804.4915850162506,3.534373922506138,123726.5004918929
804.5918338298798,3.532812194627298,123727.2504427036
804.69154047966,3.5306074023277594,123728.02539843325
804.791579246521,3.531250466748458,123728.82285858993
804.8923780918121,3.5297806052154326,123729.64057273095
804.9913642406464,3.528678209065663,123730.37651545786
805.0921974182129,3.5321691302065994,123729.73886391206
805.1916968822479,3.53106673405683,123730.86497752086
805.2916166782379,3.531250466748458,123731.17847976877
805.3922877311707,3.5314341994400866,123732.7606317919
805.4919445514679,3.5303318032903173,123733.08456861271
805.5921812057495,3.532536595589856,123732.67611175144
805.6917116641998,3.52904567444892,123734.3085005763
805.7918632030487,3.530791135019388,123736.47765051867
805.8917260169983,3.5305155359819453,123738.32988546681
805.9919843673706,3.528402610028221,123738.99689692013
806.0918140411377,3.528310743682407,123739.89720722812
806.1915817260742,3.5278514119533364,123741.10748650531
806.2918794155121,3.528310743682407,123740.89673785478
806.3918044567108,3.527575812915894,123740.5070640693
806.4920115470886,3.5278514119533364,123739.05635766238
806.5922315120697,3.527024614841009,123739.15072189615
806.6921713352203,3.52748394657008,123738.13564970653
806.7916333675385,3.526840882149381,123738.02208473587
806.8922774791718,3.5263815504203104,123738.21987626229
806.9914696216583,3.5257384859996117,123737.99788863606
807.0922694206238,3.5279432782991504,123738.69809977246
807.1920764446259,3.5281270109907785,123739.02828979521
807.2917881011963,3.5279432782991504,123739.82546081569
807.3923335075378,3.5273920802242658,123740.34291473412
807.4922573566437,3.5253710206163555,123741.00862326071
807.5920302867889,3.525187287924727,123741.60776093464
807.6922466754913,3.5276676792617083,123743.74698484119
807.79230427742,3.5259222186912402,123744.17228635708
807.8916363716125,3.526932748495195,123745.15505772136
807.9921247959137,3.524911688887285,123745.13955194924
808.0915441513062,3.524084891774958,123746.32559675431
808.1919322013855,3.5253710206163555,123747.39303707887
808.2915484905243,3.525187287924727,123747.053733371
808.3919057846069,3.524727956195657,123747.04836003389
808.4917602539062,3.524268624466586,123747.14352403051
808.591894865036,3.526840882149381,123747.62917162746
808.6919345855713,3.523166228316817,123747.86625446471
808.7915258407593,3.523349961008445,123747.07962901823
808.8922531604767,3.523166228316817,123747.17166611641
808.9915769100189,3.522247564858676,123746.75449950478
809.091502904892,3.523258094662631,123746.67904955431
809.1923367977142,3.523258094662631,123745.6111445989
809.2916955947876,3.522706896587746,123746.85003013902
809.3916676044464,3.5236255600458875,123747.16502712511
809.491856098175,3.5200427725591372,123746.5485244126
809.5923407077789,3.522155698512862,123745.79367197133
809.692263841629,3.52233943120449,123746.11430477421
809.7916660308838,3.524268624466586,123746.60287429679
809.8920109272003,3.522523163896118,123746.04258686712
809.9918162822723,3.5216963667837913,123747.03832818041
810.0920803546906,3.5203183715965793,123747.93449536238
810.1916778087616,3.522155698512862,123748.34104582614
810.291827917099,3.52077770332565,123748.30694124353
810.3922801017761,3.5202265052507653,123749.67624711918
810.49223279953,3.5228906292793747,123749.50862240726
810.5920605659485,3.5211451687089066,123749.35776016653
810.6919810771942,3.5200427725591372,123749.12198414988
810.7915587425232,3.520502104288208,123748.5097857349
810.891664981842,3.519767173521695,123750.0588071614
810.9922876358032,3.5219719658212334,123750.45292644526
811.0922572612762,3.5203183715965793,123750.30763380072
811.1915707588196,3.5202265052507653,123749.57687042066
811.2917459011078,3.519767173521695,123749.2191833786
811.3922848701477,3.5172867821847142,123749.99726504074
811.4915373325348,3.518940376409368,123750.79753853667
811.5922114849091,3.518113579297041,123751.217784683
811.692156791687,3.519859039867509,123752.69600621471
811.791538476944,3.518113579297041,123752.82640559325
811.8913023471832,3.5193997081384385,123752.84376503393
811.9917147159576,3.5171030494930857,123753.95938853055
812.0916876792908,3.5173786485305283,123754.16344967751
812.1916537284851,3.518021712951227,123753.84710470977
812.2913007736206,3.518848510063554,123753.8623942388
812.3918027877808,3.5167355841098296,123752.17615481491
812.4918193817139,3.5175623812221564,123753.25853933342
812.5917446613312,3.5170111831472717,123752.93268540008
812.6914415359497,3.5158169206516883,123753.63941686008
812.7916996479034,3.5171030494930857,123753.67547517407
812.891880273819,3.5211451687089066,123752.50792765665
812.9916470050812,3.519032242755182,123752.657134891
813.0914621353149,3.5151738562309895,123751.99142140191
813.1918833255768,3.5174705148763423,123752.59227926172
813.2918393611908,3.518848510063554,123753.63305133555
813.3917100429535,3.5172867821847142,123755.269746202
813.4915201663971,3.5173786485305283,123754.7427715818
813.5918107032776,3.5175623812221564,123753.76849442362
813.6917698383331,3.515449455268432,123754.39164498127
813.7920577526093,3.5170111831472717,123753.35248048315
813.8915543556213,3.515449455268432,123752.41723243485
813.9917454719543,3.5151738562309895,123753.27550919137
814.0917689800262,3.514163326427034,123752.94795827224
814.1918988227844,3.5150819898851755,123753.15316244501
814.2918100357056,3.5170111831472717,123753.33784620052
814.3917317390442,3.5172867821847142,123753.50406158048
814.4918558597565,3.514530791810291,123753.75365542244
814.5923676490784,3.516643717764015,123754.07828988018
814.6915814876556,3.5152657225768036,123753.57046089217
814.7922835350037,3.51407146008122,123753.71341480296
814.8914797306061,3.514806390847733,123754.04207332266
814.9918124675751,3.514530791810291,123753.3378659904
815.0922093391418,3.516459985072387,123753.10407939137
815.1915991306305,3.5152657225768036,123752.99367145223
815.2917613983154,3.5131527966230793,123753.49430430701
815.3923614025116,3.514438925464477,123752.94487387632
815.4923605918884,3.5132446629688934,123753.35038648869
815.5920927524567,3.512142266819124,123754.11534783983
815.6915414333344,3.5126934648940087,123755.50381305585
815.7919919490814,3.513795861043778,123755.05343175028
815.8919966220856,3.5124178658565666,123754.14808857525
815.991447687149,3.512325999510752,123754.33327971774
816.0917332172394,3.513795861043778,123755.29995174598
816.1920862197876,3.5134283956605215,123756.36995657139
816.2920401096344,3.5135202620063355,123757.23296091425
816.3914306163788,3.5130609302772653,123758.00966482282
816.4917371273041,3.5126015985481946,123756.90869834054
816.5921931266785,3.5131527966230793,123757.01782850649
816.6921255588531,3.51048867259447,123757.31604565584
816.7914636135101,3.5134283956605215,123757.58444109026
816.8924169540405,3.5136121283521495,123757.42599698124
816.9915738105774,3.510304939902842,123757.58339728313
817.0918817520142,3.51407146008122,123758.42505755482
817.19202876091,3.5124178658565666,123757.88255179934
817.2921526432037,3.5117748014358674,123758.19429661942
817.3922989368439,3.5128771975856368,123758.57486695748
817.4923586845398,3.511223603360983,123759.31738026174
817.5920050144196,3.512969063931451,123758.68564223556
817.6918177604675,3.5117748014358674,123758.91707801202
817.7920732498169,3.5130609302772653,123759.22537021081
817.8920698165894,3.5099374745195853,123759.90283318974
817.9921407699585,3.5109480043235406,123759.91254987077
818.0920734405518,3.5115910687442393,123760.7212948837
818.1922912597656,3.509753741827957,123759.54916539532
818.2922766208649,3.5114992023984253,123759.79424885579
818.392420053482,3.5117748014358674,123759.51482397021
818.4920105934143,3.5099374745195853,123759.36334157319
818.5922138690948,3.5109480043235406,123761.22700741587
818.6921997070312,3.510213073557028,123761.90430667429
818.7918698787689,3.510213073557028,123761.01387600687
818.8917856216431,3.5100293408653997,123760.51248840618
818.9917075634003,3.5107642716319125,123760.36123956557
819.092381477356,3.5110398706693546,123761.42511560902
819.1916227340698,3.5114992023984253,123761.58260404812
819.2923107147217,3.51048867259447,123761.9243436433
819.3920667171478,3.510121207211214,123762.73190927897
819.4913527965546,3.5092025437530725,123763.15871835107
819.591869354248,3.510213073557028,123762.24284651596
819.6920592784882,3.5110398706693546,123762.61856186438
819.7922358512878,3.509753741827957,123761.45670567795
819.8919975757599,3.5092025437530725,123761.41103511016
819.9920868873596,3.5114992023984253,123762.86993159915
820.0923082828522,3.5081920139491176,123763.68293843925
820.1914463043213,3.510121207211214,123764.61464459533
820.2916760444641,3.507548949528419,123764.75318013581
820.3918282985687,3.510396806248656,123765.67786212225
820.4922769069672,3.5084676129865597,123765.91007591003
820.5922086238861,3.5115910687442393,123766.11906831902
820.6923599243164,3.507916414911675,123767.40716148712
820.7917988300323,3.5088350783698163,123767.96644533842
820.8922865390778,3.5088350783698163,123766.86980080458
820.9916045665741,3.5092025437530725,123766.18282072412
821.0920829772949,3.5111317370151687,123766.76453865171
821.1916029453278,3.5088350783698163,123766.98808478654
821.2917861938477,3.5074570831826044,123765.98927630788
821.3915004730225,3.5082838802949317,123767.79034867711
821.4915370941162,3.507916414911675,123769.11131380941
821.5922002792358,3.5072733504909763,123769.50018242847
821.6922821998596,3.5073652168367904,123770.25016418562
821.7914636135101,3.507916414911675,123769.92514776706
821.8916471004486,3.508651345678188,123770.13263299035
821.9921300411224,3.5084676129865597,123769.91936969133
822.0919563770294,3.511223603360983,123769.4274327222
822.1914236545563,3.50534415722888,123768.98468944998
822.2917892932892,3.5082838802949317,123768.58622050498
822.3921980857849,3.5074570831826044,123769.22759845448
822.4923493862152,3.5092025437530725,123769.20483860903
822.5918035507202,3.5068140187619057,123769.48435474813
822.6920366287231,3.507548949528419,123769.53591927332
822.7916626930237,3.5087432120240023,123770.58232734598
822.892251253128,3.5065384197244636,123771.3240946114
822.9914681911469,3.5074570831826044,123770.79168515027
823.0915274620056,3.5065384197244636,123773.11251663524
823.1921281814575,3.507916414911675,123772.30126497173
823.291965007782,3.5074570831826044,123772.67113847456
823.3923904895782,3.506262820687021,123772.80402462711
823.4924147129059,3.5050685581914376,123774.1236221644
823.5917413234711,3.506997751453534,123773.51125994798
823.6920990943909,3.506079087995393,123773.76013395318
823.7923288345337,3.505160424537252,123773.58412055786
823.8914413452148,3.5074570831826044,123772.92570850208
823.9919128417969,3.5056197562663223,123773.73313765189
824.0915107727051,3.505895355303765,123773.9598238867
824.191784620285,3.5065384197244636,123775.46384149804
824.292219877243,3.507732682220047,123775.21745734825
824.3923563957214,3.506262820687021,123776.69571161343
824.4919259548187,3.5056197562663223,123776.82614045209
824.5916662216187,3.5057116226121368,123777.5435264069
824.6921079158783,3.505436023574694,123777.58917376622
824.7919511795044,3.5056197562663223,123778.0302563896
824.8922288417816,3.5049766918456235,123778.12723075063
824.9916129112244,3.5072733504909763,123778.71450767558
825.0915699005127,3.50534415722888,123777.74305690802
825.192202091217,3.505160424537252,123778.36875121723
825.2915871143341,3.507824548565861,123778.4318760955
825.3920381069183,3.5049766918456235,123778.78868848596
825.4918739795685,3.5046092264623674,123778.60981963736
825.5922803878784,3.5039661620416687,123778.94883767363
825.6916704177856,3.505895355303765,123778.25395390626
825.7916610240936,3.5066302860702776,123778.52855851564
825.8915123939514,3.50378242935004,123777.77570266408
825.9919140338898,3.503690563004226,123777.69813239767
826.0923449993134,3.5040580283874827,123777.1283191579
826.1920833587646,3.5045173601165533,123777.21548724211
826.2923707962036,3.5065384197244636,123779.1939385179
826.3924427032471,3.504333627424925,123780.67454466611
826.4924328327179,3.503414963966784,123781.7070901995
826.5918843746185,3.503506830312598,123781.43638117955
826.6916015148163,3.5040580283874827,123782.4927430616
826.7915391921997,3.5066302860702776,123781.64346875544
826.8924129009247,3.5031393649293414,123781.27912187991
826.9922397136688,3.5030474985835274,123781.05120969191
827.0922875404358,3.501485770704688,123780.14608872271
827.1918096542358,3.5012101716672452,123778.33147985044
827.2916786670685,3.503506830312598,123777.4983318654
827.3916409015656,3.505252290883066,123777.64849867887
827.4916813373566,3.5021288351253865,123776.88364881098
827.5917892456055,3.50378242935004,123776.4952839299
827.6916992664337,3.5045173601165533,123776.34575553691
827.7922196388245,3.504425493770739,123777.11117998321
827.8922593593597,3.5046092264623674,123776.80006198489
827.9918310642242,3.503690563004226,123777.6200557864
828.0915448665619,3.5032312312751555,123776.25805020778
828.1914441585541,3.5012101716672452,123776.13224518701
828.292200088501,3.5025881668544567,123775.8190206683
828.3918647766113,3.503414963966784,123776.13711860147
828.4924302101135,3.505803488957951,123776.52340674133
828.5918560028076,3.5046092264623674,123776.77106606719
828.6915853023529,3.5022207014712006,123775.69395946048
828.7915620803833,3.5021288351253865,123777.02456351442
828.8923716545105,3.5025881668544567,123777.62210716298
828.9917621612549,3.501026438975617,123778.3598964467
829.0923705101013,3.501669503396316,123777.22390680203
829.1921982765198,3.5020369687795725,123777.90151612184
829.2917051315308,3.5032312312751555,123777.61136450966
829.3923540115356,3.5021288351253865,123777.9502280587
829.4917435646057,3.5028637658918993,123778.05520525284
829.5915815830231,3.5028637658918993,123779.04968472756
829.6919233798981,3.5030474985835274,123779.14471625481
829.7924082279205,3.5041498947332967,123778.93024462933
829.8920316696167,3.5013020380130593,123779.0372201664
829.9916224479675,3.503506830312598,123781.23349814977
830.0915455818176,3.5023125678170146,123781.7101483348
830.1923851966858,3.5027718995460853,123782.73913350131
830.2922794818878,3.499097245713521,123782.96522015118
830.3919789791107,3.501118305321431,123783.56869813608
830.4918146133423,3.5007508399381746,123783.61182832246
830.5923533439636,3.500842706283989,123784.65064549021
830.6923985481262,3.50176136974213,123785.0855809412
830.7919294834137,3.501669503396316,123785.77702284708
830.892171382904,3.501669503396316,123785.29932056238
830.9921741485596,3.501485770704688,123784.46938850614
831.0917887687683,3.5003833745549184,123784.32244965553
831.1914768218994,3.5002915082091044,123784.89020468999
831.2915241718292,3.5013020380130593,123784.90118422099
831.3923137187958,3.4998321764800338,123785.61106579889
831.4922232627869,3.500015909171662,123784.949959219
831.5922873020172,3.499097245713521,123785.55496329711
831.6924407482147,3.5003833745549184,123784.89946696741
831.7922341823578,3.501669503396316,123785.30952027068
831.8923780918121,3.499556577442591,123785.9785682436
831.9916591644287,3.501669503396316,123786.78071141924
832.09148645401,3.499097245713521,123788.10264027731
832.1914963722229,3.5029556322377133,123788.29237624958
832.2921996116638,3.5006589735923606,123787.36313862461
832.3922326564789,3.501118305321431,123786.32682476215
832.492433309555,3.5013020380130593,123786.89414228594
832.5924310684204,3.5013020380130593,123785.60472805734
832.6923744678497,3.5004752409007325,123785.7442552516
832.7922239303589,3.5004752409007325,123785.76982972644
832.8922657966614,3.4996484437884057,123785.4928467538
832.9922978878021,3.5023125678170146,123784.84356207843
833.0920915603638,3.501945102433758,123785.05920587058
833.1920039653778,3.5013939043588733,123784.85328528353
833.2917077541351,3.4998321764800338,123784.56795675519
833.3924269676208,3.499280978405149,123784.21116107967
833.4923872947693,3.4984541812928223,123784.29004497171
833.5919818878174,3.499372844750963,123783.86104047454
833.6916058063507,3.500934572629803,123783.37493642708
833.7916147708893,3.497351785143053,123784.53744278438
833.8918659687042,3.5004752409007325,123785.08369850594
833.9914846420288,3.4984541812928223,123784.07532865535
834.0916502475739,3.5007508399381746,123785.56779578983
834.1921899318695,3.497351785143053,123785.21101621084
834.2923927307129,3.4998321764800338,123785.18991458976
834.3920557498932,3.50019964186329,123785.67092313079
834.492101430893,3.497535517834681,123786.3038308177
834.5919835567474,3.500015909171662,123787.07344773595
834.692004442215,3.4979948495637516,123787.56610296236
834.7916946411133,3.499280978405149,123788.50949266613
834.8918290138245,3.497535517834681,123788.85854339952
834.9918246269226,3.499372844750963,123789.77268905957
835.0916619300842,3.4980867159095657,123789.4954201536
835.1919775009155,3.499189112059335,123790.24587813824
835.2923135757446,3.4968924534139822,123790.52129032442
835.3923740386963,3.4984541812928223,123788.96916129199
835.4915602207184,3.497719250526309,123789.3722451628
835.5914835929871,3.499924042825848,123790.53502064652
835.6918504238129,3.4981785822553797,123790.48151858187
835.7923331260681,3.4970761861056103,123791.13336672369
835.8922777175903,3.4989135130218925,123792.02003005132
835.9921877384186,3.4964331216849116,123792.51802704619
836.0915496349335,3.4954225918809567,123792.36622434157
836.191517829895,3.4984541812928223,123792.32960190742
836.2915496826172,3.4950551264977,123791.09664171668
836.3921732902527,3.4968924534139822,123790.28697754501
836.4917116165161,3.4960656563016554,123791.2582797905
836.5918076038361,3.495881923610027,123792.03245181145
836.6922771930695,3.4970761861056103,123793.12920663031
836.7920358181,3.4955144582267708,123795.11628596729
836.8923981189728,3.4950551264977,123798.00465737056
836.9919867515564,3.494044596693745,123799.30419163352
837.0920076370239,3.4917479380483925,123801.37377247016
837.1919505596161,3.494779527460258,123802.13639522315
837.2918248176575,3.492482868814905,123803.42275570084
837.391743183136,3.4954225918809567,123804.18048013076
837.4918127059937,3.4950551264977,123805.26243211768
837.5918364524841,3.4922072697774627,123806.23618890592
837.6917200088501,3.4943201957311874,123807.11257001534
837.792334318161,3.4946876611144435,123808.9013130138
837.8922820091248,3.495698190918399,123809.11118171243
837.9920697212219,3.4927584678523473,123810.6000635412
838.0919017791748,3.493309665927232,123810.74005718708
838.1922881603241,3.4922072697774627,123810.46605146838
838.2922258377075,3.493401532273046,123811.01944632154
838.3920707702637,3.4921154034316486,123811.41750168939
838.4922378063202,3.490921140936065,123810.67575152044
838.5919704437256,3.493309665927232,123810.7081763684
838.6915006637573,3.492391002469091,123811.13735873156
838.792370557785,3.492391002469091,123810.62362285842
838.8918437957764,3.4917479380483925,123811.86126057258
838.9916217327118,3.4917479380483925,123812.57513451533
839.0914490222931,3.491656071702578,123812.9176210638
839.1920211315155,3.494779527460258,123811.62585895741
839.2921850681305,3.4918398043942065,123810.86327306167
839.3921718597412,3.497443651488867,123808.4769457555
839.491569519043,3.499005379367707,123806.52925117995
839.5915920734406,3.495698190918399,123804.57632606196
839.6916356086731,3.494871393806072,123803.11869345576
839.792245388031,3.4959737899558414,123801.50682411018
839.8913495540619,3.4953307255351427,123800.75614169918
839.9917364120483,3.4963412553390976,123799.48052752927
840.0914747714996,3.494779527460258,123798.23247477635
840.1920087337494,3.4946876611144435,123798.50922729872
840.2919158935547,3.494871393806072,123797.65830456886
840.391678571701,3.49303406688979,123797.69247411197
840.491870880127,3.494044596693745,123797.82322670077
840.5916256904602,3.4944120620770014,123798.3409040307
840.6921458244324,3.494963260151886,123797.80681362764
840.7918708324432,3.4954225918809567,123798.32613226488
840.8916113376617,3.495790057264213,123798.39351903839
840.9922544956207,3.4937689976563027,123798.15416713456
841.092276096344,3.4944120620770014,123796.93875042112
841.1921701431274,3.4970761861056103,123796.34487537901
841.2923567295074,3.4945039284228154,123796.81038784112
841.3914742469788,3.495881923610027,123796.029349057
841.4923493862152,3.4945957947686295,123796.02641415132
841.5922358036041,3.4937689976563027,123795.42377273619
841.6917338371277,3.4945957947686295,123795.98139546259
841.7915761470795,3.4944120620770014,123796.58325591632
841.8918445110321,3.494871393806072,123797.7249303247
841.9915051460266,3.492391002469091,123799.05243729224
842.0914661884308,3.493309665927232,123799.04719356302
842.1915221214294,3.4964331216849116,123798.74247420672
842.2915992736816,3.493217799581418,123799.26822678605
842.3924169540405,3.4935852649646746,123800.24140410745
842.4917352199554,3.4938608640021167,123800.01726369672
842.5918414592743,3.4928503341981614,123800.51553732705
842.6917264461517,3.4946876611144435,123801.66398359435
842.7921814918518,3.4922072697774627,123801.79758523492
842.8920621871948,3.492482868814905,123801.41782671143
842.9922254085541,3.493309665927232,123801.0760440403
843.0920445919037,3.4935852649646746,123800.66843963627
843.1919491291046,3.493309665927232,123799.60159567265
843.2921757698059,3.493401532273046,123799.64143610539
843.3922200202942,3.4941364630395593,123798.77729249487
843.4914350509644,3.4942283293853733,123799.29956324538
843.5924077033997,3.495606324572585,123798.66960692086
843.691597700119,3.493217799581418,123799.50264622876
843.7919664382935,3.4945039284228154,123799.15238160589
843.8922276496887,3.4928503341981614,123799.4371434453
843.9915161132812,3.492391002469091,123799.49342910078
844.0923802852631,3.4925747351607193,123799.84408619071
844.1914455890656,3.492942200543976,123800.75967757165
844.2920756340027,3.4910130072818792,123799.48370981449
844.3915863037109,3.492482868814905,123799.33533883304
844.4915385246277,3.493125933235604,123799.00180494974
844.5916669368744,3.492299136123277,123798.30162445478
844.6920902729034,3.491380472665136,123798.1714620093
844.7918102741241,3.49303406688979,123798.75431580836
844.8922226428986,3.490737408244437,123798.67888422753
844.9923322200775,3.493217799581418,123798.81099580477
845.0924110412598,3.4942283293853733,123799.62989622429
845.1918053627014,3.492482868814905,123799.46690660187
845.2920165061951,3.492391002469091,123798.52021594168
845.3922636508942,3.492391002469091,123797.46819434752
845.4915406703949,3.49349339861886,123797.32137491278
845.591569185257,3.489818744786296,123797.68923742151
845.6916170120239,3.4910130072818792,123797.42031367937
845.7921693325043,3.4922072697774627,123795.87828231143
845.8917074203491,3.4922072697774627,123796.29045408028
845.9919786453247,3.49349339861886,123795.96140867226
846.0920915603638,3.4921154034316486,123795.66526780503
846.1922061443329,3.4921154034316486,123796.59874102453
846.291520357132,3.4925747351607193,123797.03886692208
846.3916807174683,3.4926666015065333,123797.73498022987
846.4917800426483,3.4919316707400205,123798.66148220688
846.5920660495758,3.49303406688979,123798.3953339862
846.692129611969,3.492299136123277,123798.4558005876
846.7922868728638,3.4922072697774627,123798.11022052885
846.8914375305176,3.4935852649646746,123797.19919847598
846.9919168949127,3.491288606319322,123798.37927862839
847.0916001796722,3.4925747351607193,123798.54135076555
847.1921813488007,3.489083814019783,123798.58721568898
847.291996717453,3.489818744786296,123799.62849412009
847.392421245575,3.492299136123277,123800.56564470808
847.4917900562286,3.491380472665136,123801.00908023727
847.5917789936066,3.491656071702578,123800.90817221355
847.6916973590851,3.48632782364536,123800.4173549922
847.791916847229,3.4856847592246614,123800.07561949297
847.8920676708221,3.49303406688979,123799.66805754368
847.991613149643,3.487246487103501,123799.60125178931
848.0919299125671,3.491380472665136,123798.44112661039
848.1919333934784,3.4884407495990843,123799.39701394935
848.2916941642761,3.490829274590251,123800.75731255441
848.3914601802826,3.491380472665136,123800.58158129899
848.492345571518,3.490553675552809,123802.1234231691
848.5919182300568,3.489083814019783,123801.8110808522
848.6922121047974,3.4881651505616422,123802.02997276699
848.7920677661896,3.488900081328155,123802.0269754903
848.8923606872559,3.488991947673969,123802.72427794128
848.9918458461761,3.4884407495990843,123803.15185014714
849.0914735794067,3.48632782364536,123803.73666513243
849.1922419071198,3.4883488832532703,123803.36299861918
849.2921361923218,3.4882570169074563,123803.62669875727
849.3919878005981,3.4892675467114116,123803.66402888155
849.4915518760681,3.489818744786296,123804.1976259934
849.5915086269379,3.4882570169074563,123802.57786339406
849.692057132721,3.488808214982341,123802.92007705466
849.7914471626282,3.488624482290713,123802.52806934921
849.8916068077087,3.488716348636527,123803.07526241429
849.9918661117554,3.4882570169074563,123801.26773617287
850.091598033905,3.490553675552809,123801.54096255559
850.1915555000305,3.4894512794030397,123800.68686630004
850.2915987968445,3.4875220861409435,123799.41817967004
850.3920571804047,3.4884407495990843,123800.17636170304
850.491715669632,3.4881651505616422,123800.85872553273
850.5920927524567,3.4910130072818792,123802.17285297945
850.6921076774597,3.4877058188325716,123802.55556768151
850.7922353744507,3.487338353449315,123801.10001091336
850.891988992691,3.4868790217202448,123801.69000982202
850.9916870594025,3.489083814019783,123801.82100883982
851.0923943519592,3.4910130072818792,123801.23890795585
851.1922056674957,3.4885326159448984,123801.61501716026
851.292112827301,3.486603422682802,123801.05351544425
851.3917255401611,3.486970888066059,123801.44816389983
851.492005109787,3.4879814178700137,123801.90334750985
851.591846704483,3.4882570169074563,123799.81301275888
851.6916177272797,3.4896350120946678,123799.631711483
851.791835308075,3.488900081328155,123799.8685403347
851.8914887905121,3.488991947673969,123798.78168630123
851.9919426441193,3.4881651505616422,123799.4035176711
852.091653585434,3.488716348636527,123799.263165904
852.1922724246979,3.487338353449315,123798.93684931361
852.291677236557,3.4901862101695524,123798.24316438225
852.3919713497162,3.4878895515241997,123798.21884794402
852.4922330379486,3.4875220861409435,123798.99696314964
852.5919458866119,3.4877976851783856,123799.69726683469
852.6914911270142,3.4894512794030397,123799.22754015122
852.7922668457031,3.4881651505616422,123799.2047861361
852.8917400836945,3.4866952890286163,123799.2843075225
852.9922318458557,3.487338353449315,123799.25587677024
853.0918447971344,3.4878895515241997,123799.13028909323
853.1915783882141,3.486603422682802,123799.31726018392
853.2922840118408,3.48632782364536,123799.08553416553
853.3919639587402,3.4874302197951295,123799.87698074897
853.4920771121979,3.4875220861409435,123799.38928267408
853.5920171737671,3.4859603582621035,123799.45035440667
853.6916573047638,3.4868790217202448,123800.10531896602
853.7919909954071,3.484674229420706,123799.99478706942
853.8916621208191,3.4882570169074563,123799.89530836247
853.9921925067902,3.484857962112334,123800.50577752622
854.0923624038696,3.486511556336988,123801.6551997736
854.1923105716705,3.487062754411873,123801.78967979625
854.29185795784,3.4877058188325716,123801.51071181663
854.3915622234344,3.486970888066059,123800.55964063497
854.491717338562,3.487154620757687,123799.30367657148
854.5921566486359,3.4856847592246614,123799.87330891434
854.6918480396271,3.4879814178700137,123801.38597802291
854.7914650440216,3.485501026533033,123801.44738022062
854.8920407295227,3.4893594130572256,123800.50264219855
854.9920272827148,3.4841230313458214,123799.9523779787
855.0915250778198,3.484857962112334,123801.35714018083
855.1921803951263,3.4861440909537316,123801.32142616276
855.2921285629272,3.4853172938414048,123800.58928354649
855.3918323516846,3.4850416948039626,123801.33035519185
855.4917035102844,3.486419689991174,123801.09731967267
855.5920722484589,3.484490496729078,123799.5875877054
855.6923334598541,3.4853172938414048,123799.92882893488
855.7915756702423,3.485409160187219,123800.5359460414
855.8918149471283,3.4868790217202448,123800.68235143727
855.9920561313629,3.484398630383264,123799.91411629354
856.0917630195618,3.486235957299546,123799.42270466419
856.1920039653778,3.484582363074892,123799.88043419778
856.2916889190674,3.487246487103501,123799.09239077801
856.3920080661774,3.484674229420706,123798.88315170021
856.4921896457672,3.486603422682802,123799.1948365302
856.5914630889893,3.487062754411873,123799.07535287717
856.691935300827,3.487154620757687,123798.76781758947
856.7914707660675,3.486511556336988,123799.09103583053
856.8914284706116,3.4867871553744307,123799.38193224747
856.9919245243073,3.4850416948039626,123799.04373902273
857.092104434967,3.4875220861409435,123799.23936512046
857.192024230957,3.4867871553744307,123799.11542860842
857.2916121482849,3.487338353449315,123799.30388574759
857.3916816711426,3.4861440909537316,123800.07349717284
857.4921514987946,3.4840311650000073,123800.86614745556
857.5924482345581,3.4850416948039626,123801.67953271
857.6916332244873,3.4832962342334945,123803.011579439
857.7921345233917,3.486511556336988,123801.5104214951
857.8915371894836,3.4843067640374494,123802.1593793456
857.9923815727234,3.486603422682802,123802.34344141104
858.092244386673,3.4857766255704754,123802.70909726994
858.1922791004181,3.4834799669251226,123804.13818754294
858.2924089431763,3.484857962112334,123805.52436878865
858.392275094986,3.484949828458148,123806.7719319098
858.4919633865356,3.4850416948039626,123807.19473871883
858.5919666290283,3.4850416948039626,123807.07526484695
858.6917245388031,3.485409160187219,123806.86773836226
858.7918066978455,3.4853172938414048,123805.68096452604
858.8919591903687,3.484674229420706,123804.91286807344
858.992283821106,3.484857962112334,123804.8215812661
859.0916833877563,3.4840311650000073,123805.23942313949
859.1918230056763,3.485409160187219,123805.01548082555
859.2918109893799,3.4853172938414048,123804.313932743
859.391764163971,3.484857962112334,123804.1825394687
859.4922521114349,3.4841230313458214,123803.26428552183
859.5916295051575,3.4836636996167507,123803.23785696964
859.6921710968018,3.482928768850238,123801.91407127268
859.7915639877319,3.48632782364536,123801.72266414542
859.8922510147095,3.484949828458148,123801.05039773088
859.9918742179871,3.4852254274955907,123801.2453579578
860.0918045043945,3.484674229420706,123801.82082216202
860.1916666030884,3.484949828458148,123802.53873994583
860.2922809123993,3.484949828458148,123803.28486595125
860.3924181461334,3.4832043678876805,123803.75637935613
860.4914610385895,3.4856847592246614,123804.28074142052
860.5918817520142,3.484674229420706,123802.35266727846
860.6917667388916,3.485501026533033,123801.71740055062
860.7919352054596,3.483755565962565,123800.44566049558
860.8917696475983,3.483112501541866,123800.20109444602
860.9921226501465,3.484857962112334,123799.88098500142
861.0923454761505,3.4850416948039626,123798.39288650129
861.1922800540924,3.4843067640374494,123798.15359785117
861.2917504310608,3.483755565962565,123797.83823806605
861.3922169208527,3.482928768850238,123798.45441425944
861.4923396110535,3.4857766255704754,123797.7089728335
861.5914888381958,3.4852254274955907,123796.63807555015
861.6919121742249,3.484674229420706,123797.47426799513
861.7918057441711,3.4839392986541933,123797.92684119561
861.8916645050049,3.4838474323083792,123798.13415707606
861.9922938346863,3.4843067640374494,123798.12074136846
862.0916650295258,3.4839392986541933,123798.60866723162
862.1917989253998,3.4857766255704754,123799.24780050846
862.2918682098389,3.4852254274955907,123799.7230204576
862.3918180465698,3.483112501541866,123800.95071841184
862.4919633865356,3.484490496729078,123801.25564657067
862.5914812088013,3.483755565962565,123801.63008191361
862.6914827823639,3.483755565962565,123802.16707372224
862.7918741703033,3.4835718332709367,123802.15036635002
862.8923766613007,3.4838474323083792,123802.03532971503
862.9917056560516,3.4857766255704754,123802.83179674353
863.0918927192688,3.4823775707753533,123803.24861706917
863.1915082931519,3.484674229420706,123803.12375536225
863.2914371490479,3.483755565962565,123802.91137982604
863.3919651508331,3.4838474323083792,123802.42024184344
863.491518497467,3.4833881005793086,123802.47821765911
863.5921332836151,3.4824694371211673,123801.83039589321
863.6918575763702,3.486235957299546,123801.5473563039
863.7921304702759,3.4841230313458214,123802.29262067351
863.8922727108002,3.4836636996167507,123803.06335860616
863.9922866821289,3.48476609576652,123802.95702274554
864.0915513038635,3.4857766255704754,123803.561320471
864.1919317245483,3.4823775707753533,123802.00518842391
864.2916858196259,3.481275174625584,123803.10466958152
864.3914864063263,3.482653169812796,123803.19420262336
864.4920580387115,3.4816426400088405,123804.37478236103
864.5919120311737,3.4838474323083792,123803.93730412493
864.6914658546448,3.482836902504424,123803.54357371245
864.7920868396759,3.4838474323083792,123804.28921634122
864.8914606571198,3.48118330827977,123803.5602947071
864.9923212528229,3.483112501541866,123803.20426523639
865.0922045707703,3.484674229420706,123803.38383871275
865.1923570632935,3.482010105392097,123803.74545484147
865.291836977005,3.48274503615861,123802.77090935732
865.3914098739624,3.481091441933956,123803.19381842158
865.4918584823608,3.481918239046283,123803.67443657943
865.5923914909363,3.483755565962565,123804.90699292149
865.6914403438568,3.482653169812796,123805.61629362934
865.7914750576019,3.484949828458148,123805.25466426641
865.8923003673553,3.4841230313458214,123805.42919783977
865.9916040897369,3.482561303466982,123805.0862780558
866.0920159816742,3.4834799669251226,123804.97765025022
866.1922969818115,3.482285704429539,123805.1798852252
866.2914886474609,3.4851335611497767,123805.36189670267
866.3919315338135,3.4842148976916354,123805.1257070324
866.4918735027313,3.4839392986541933,123805.11313632916
866.5924084186554,3.483020635196052,123806.00182269624
866.6920626163483,3.482193838083725,123805.90164042661
866.7915070056915,3.483020635196052,123804.81147638395
866.8916568756104,3.4818263727004686,123805.03032874556
866.9921822547913,3.4832043678876805,123805.22729587101
867.0919277667999,3.482836902504424,123806.6045662839
867.1916780471802,3.484490496729078,123806.8441096555
867.2916729450226,3.482193838083725,123807.25969868996
867.3920776844025,3.482653169812796,123808.73372882097
867.4923548698425,3.4814589073172124,123809.06035593887
867.5917391777039,3.4808158428965137,123808.75432034499
867.6917412281036,3.4711698765860324,123807.87888831049
867.7921130657196,3.4753957284934813,123808.49099947943
867.8915030956268,3.4586760535553136,123807.0418995315
867.9922597408295,3.444987968029012,123806.33770957835
868.0921876430511,3.4462740968704093,123805.90393862051
868.1918153762817,3.455644464143448,123806.61354475847
868.2919526100159,3.448662621861576,123808.05219028263
868.3915948867798,3.459594717013455,123808.24697125437
868.4914491176605,3.4505918151236723,123808.12227412892
868.5919733047485,3.4782435852137183,123809.71004671603
868.6923308372498,3.4781517188679043,123810.23904204443
868.7919766902924,3.4781517188679043,123811.41513783998
868.8914954662323,3.478611050596975,123811.07362405599
868.991379737854,3.4797134467467443,123812.66626165039
869.0919048786163,3.478427317905347,123813.79963548537
869.1917896270752,3.4797134467467443,123814.71967193684
869.292398929596,3.4790703823260456,123814.04770474316
869.3919916152954,3.4799890457841864,123815.14293426885
869.4915070533752,3.4798053130925584,123815.72864084197
869.5914354324341,3.4796215804009303,123815.35577675777
869.6922128200531,3.480172778475815,123815.820199082
869.7919998168945,3.480264644821629,123815.8381791738
869.8922441005707,3.4789785159802316,123816.85436125644
869.9920058250427,3.477784253484648,123817.3689251308
870.0919830799103,3.4794378477093018,123818.23203261773
870.1916053295135,3.480356511167443,123818.40882935596
870.2914307117462,3.476681857334879,123817.26794642037
870.3920156955719,3.481275174625584,123816.74115177833
870.4920134544373,3.477692387138834,123817.2670366005
870.5915360450745,3.4793459813634877,123816.54033294045
870.6917550563812,3.4794378477093018,123815.0862996464
870.7916853427887,3.478335451559533,123814.57766968176
870.8916223049164,3.4798053130925584,123814.61990271359
870.9921040534973,3.4782435852137183,123815.15791244223
871.0923392772675,3.481091441933956,123816.642121198
871.1918306350708,3.4797134467467443,123816.8779090782
871.291802406311,3.477876119830462,123817.89011817038
871.3916983604431,3.469791881398821,123818.70110635336
871.4922332763672,3.4644636333416026,123821.93099571802
871.5919811725616,3.4687813515948656,123826.23789614622
871.6923382282257,3.464922965070673,123828.9141065316
871.7915780544281,3.472364139081616,123829.92269587846
871.8916325569153,3.478611050596975,123831.23042629061
871.9916474819183,3.4729153371565005,123831.90738366156
872.091721534729,3.471904807352545,123833.5166452954
872.1915445327759,3.472364139081616,123833.76498076587
872.2921538352966,3.4753038621476673,123832.1884826893
872.3921213150024,3.473558401577199,123832.36963442038
872.4923782348633,3.473374668885571,123833.03267097834
872.5915269851685,3.4708024112027758,123833.82940388052
872.6923794746399,3.4747526640727826,123834.94646349247
872.7920331954956,3.472547871773244,123834.95181714323
872.8915359973907,3.472547871773244,123835.15663542891
872.9922134876251,3.472731604464872,123835.44097188603
873.0920510292053,3.474201465997898,123834.09687469742
873.191887140274,3.4722722727358017,123832.68718722768
873.2917292118073,3.471721074660917,123832.51846850492
873.3924310207367,3.4751201294560388,123833.16662165444
873.4916565418243,3.4708024112027758,123832.049959489
873.591689825058,3.472547871773244,123832.44496354011
873.6916058063507,3.4738340006146413,123834.9004671861
873.7915716171265,3.472547871773244,123835.81042046749
873.8916056156158,3.471904807352545,123835.82937842075
873.9923410415649,3.471996673698359,123836.34644057868
874.0922331809998,3.471629208315103,123836.81179652082
874.1921494007111,3.4706186785111477,123836.53061686875
874.2916338443756,3.4730072035023145,123836.57755518188
874.3923623561859,3.4756713275309234,123834.8197996637
874.4921360015869,3.472639738119058,123834.63781969734
874.5922853946686,3.4721804063899877,123834.4740377276
874.6919691562653,3.4711698765860324,123834.82663395484
874.7917420864105,3.471812941006731,123834.64397055937
874.8923079967499,3.4730072035023145,123833.97957350343
874.9916179180145,3.4730990698481286,123833.68161615309
875.0915291309357,3.4731909361939426,123833.41345453779
875.1923534870148,3.4708024112027758,123833.17210908401
875.2914700508118,3.471721074660917,123831.75489817563
875.3917231559753,3.4732828025397566,123831.47940835808
875.4918701648712,3.4711698765860324,123831.83146752228
875.5919642448425,3.4736502679230132,123831.04832077006
875.6920139789581,3.47089427754859,123829.74348869306
875.7919397354126,3.4714454756234745,123829.96913982375
875.8917722702026,3.474385198689526,123831.17222584138
875.9918689727783,3.4721804063899877,123830.05500325725
876.0918357372284,3.472731604464872,123829.94950293153
876.1916732788086,3.4714454756234745,123828.75455263838
876.2919664382935,3.4707105448569617,123829.07909737453
876.3920786380768,3.4715373419692885,123828.87118763708
876.4922294616699,3.473374668885571,123829.38406887336
876.5916635990143,3.4722722727358017,123829.34566198604
876.6916284561157,3.4731909361939426,123828.51109578744
876.7914805412292,3.47245600542743,123828.75998620871
876.8924162387848,3.4711698765860324,123828.78398758784
876.9923360347748,3.4714454756234745,123829.30558882907
877.0914678573608,3.474293332343712,123829.17502994617
877.1923949718475,3.4728234708106864,123828.85752695156
877.2924356460571,3.471812941006731,123829.27177425641
877.3923764228821,3.4714454756234745,123828.84459683078
877.4919385910034,3.472731604464872,123829.4601371477
877.5917501449585,3.4690569506323077,123829.71412343293
877.6922006607056,3.4706186785111477,123831.24271108964
877.7920444011688,3.474201465997898,123831.71843998069
877.8920383453369,3.471721074660917,123832.54659598263
877.9915723800659,3.4730990698481286,123832.39193638437
878.0916082859039,3.4711698765860324,123832.65274274594
878.1916337013245,3.4694244160155643,123830.88746847135
878.291773557663,3.4706186785111477,123830.69872162421
878.3914721012115,3.471996673698359,123831.52884946179
878.4917197227478,3.471629208315103,123831.2759645156
878.5916817188263,3.4721804063899877,123830.74836806406
878.6915903091431,3.4705268121653337,123830.37353125765
878.7916774749756,3.47245600542743,123829.53617813188
878.8915784358978,3.4714454756234745,123829.1825603187
878.9915585517883,3.47447706503534,123828.86430428684
879.0914771556854,3.470159346782077,123829.27787385815
879.1917145252228,3.471996673698359,123829.75008647234
879.2919113636017,3.4710780102402183,123830.7750778251
879.3916008472443,3.4709861438944043,123832.2975700426
879.4918057918549,3.4721804063899877,123831.76781303834
879.5924360752106,3.4693325496697502,123831.9910317345
879.692400932312,3.47089427754859,123832.49192856105
879.7923700809479,3.470067480436263,123832.54273570495
879.8919546604156,3.4713536092776605,123832.88846213446
879.9924161434174,3.4687813515948656,123833.39961592102
880.0923836231232,3.4712617429318464,123834.45965432894
880.1918063163757,3.470251213127891,123834.11368889605
880.2915551662445,3.4710780102402183,123834.80232000645
880.3923087120056,3.4729153371565005,123835.12208800581
880.4924113750458,3.47089427754859,123837.20987920524
880.5915734767914,3.471629208315103,123835.08889128473
880.6916396617889,3.4686894852490515,123835.18000215627
880.7922246456146,3.4708024112027758,123834.76200194065
880.8920872211456,3.469883747744635,123834.68580174659
880.991758108139,3.470251213127891,123833.71722157193
881.0917105674744,3.472088540044173,123833.54549941474
881.1924088001251,3.469791881398821,123833.99094947327
881.2922151088715,3.472364139081616,123833.39185452595
881.392231464386,3.4730072035023145,123833.65266907336
881.4923429489136,3.4706186785111477,123832.78740216602
881.5915415287018,3.4711698765860324,123831.90866194942
881.691486120224,3.4706186785111477,123832.01779575448
881.792206287384,3.469240683323936,123831.51601617903
881.8915951251984,3.471904807352545,123830.56441456113
881.9914977550507,3.4707105448569617,123830.20797310502
882.091591835022,3.4678626881367243,123829.78717579452
882.1923570632935,3.4687813515948656,123829.30845821508
882.2915942668915,3.472639738119058,123830.57761239356
882.3915002346039,3.469148816978122,123831.21985115421
882.4922573566437,3.4689650842864936,123831.79786603879
882.591474533081,3.4714454756234745,123833.71807943491
882.6915764808655,3.47089427754859,123834.44627149143
882.7917323112488,3.4695162823613783,123835.60164434228
882.891731262207,3.469975614090449,123835.44147990807
882.9917078018188,3.4704349458195196,123834.49733191727
883.0916628837585,3.4710780102402183,123834.64759872555
883.1916697025299,3.470067480436263,123834.482838853
883.2918314933777,3.468138287174167,123835.5345549677
883.3918561935425,3.4693325496697502,123835.58109947093
883.491489648819,3.4695162823613783,123836.72298952384
883.5917139053345,3.4713536092776605,123836.65069057146
883.691484451294,3.4711698765860324,123835.98562151432
883.7920866012573,3.470251213127891,123834.8870593629
883.8918426036835,3.47089427754859,123835.69835342662
883.9920103549957,3.4721804063899877,123835.92851808397
884.0916750431061,3.4704349458195196,123836.73566627558
884.19202876091,3.47089427754859,123838.16209964803
884.2917189598083,3.470159346782077,123839.14588968323
884.391886472702,3.4697000150530064,123838.7313007149
884.4916694164276,3.4672196237160255,123837.75817064341
884.5917174816132,3.4708024112027758,123838.08235357908
884.6917233467102,3.4706186785111477,123838.17411822118
884.7921438217163,3.4687813515948656,123838.35670639906
884.8914873600006,3.469791881398821,123838.02103575916
884.9914894104004,3.469148816978122,123838.91893218324
885.0919241905212,3.468230153519981,123838.52703896492
885.1918654441833,3.4685057525574234,123837.97433506843
885.2920365333557,3.4697000150530064,123839.07690156158
885.3919973373413,3.4696081487071924,123838.76921140544
885.4922938346863,3.4695162823613783,123840.29229026489
885.5917119979858,3.4694244160155643,123840.8630612384
885.6918182373047,3.4689650842864936,123842.37675511457
885.792407989502,3.4694244160155643,123842.73907960312
885.8917472362518,3.4685976189032375,123842.76517164282
885.9916412830353,3.471904807352545,123843.98865447854
886.0918550491333,3.469148816978122,123843.6897890307
886.191808462143,3.4688732179406796,123843.82081012764
886.2919809818268,3.469883747744635,123844.03872911488
886.3922142982483,3.4690569506323077,123843.3348562034
886.492137670517,3.469148816978122,123842.70137058305
886.5918188095093,3.4679545544825388,123843.23123352474
886.6920049190521,3.4671277573702115,123843.30811017228
886.7916483879089,3.467678955445096,123843.17729915505
886.8920121192932,3.468413886211609,123843.15956923955
886.9918677806854,3.469240683323936,123842.8436123156
887.0917220115662,3.4688732179406796,123843.05925108404
887.1919469833374,3.471721074660917,123842.55332597563
887.291836977005,3.469883747744635,123843.59799337808
887.3923058509827,3.4677708217909102,123843.23819404027
887.4922862052917,3.469240683323936,123843.31437463625
887.5922348499298,3.469240683323936,123843.58293717263
887.6915328502655,3.469883747744635,123844.72464345537
887.7921025753021,3.4671277573702115,123843.25217910983
887.8919429779053,3.4696081487071924,123843.32696119885
887.9916441440582,3.469240683323936,123842.49426507897
888.0921783447266,3.467495222753468,123843.04483857108
888.1914672851562,3.4697000150530064,123842.74035471397
888.2916467189789,3.4685976189032375,123843.56631924259
888.3922574520111,3.4669440246785834,123843.60968731833
888.4919157028198,3.4695162823613783,123843.34871858651
888.5917649269104,3.4678626881367243,123843.01384672786
888.6919190883636,3.4671277573702115,123842.21246205507
888.7922210693359,3.465841628528814,123841.69121584957
888.891820192337,3.468230153519981,123841.62209426462
888.9916293621063,3.4706186785111477,123842.15988483815
889.0916059017181,3.4689650842864936,123841.84389635434
889.191477060318,3.4677708217909102,123839.75950671892
889.2920391559601,3.4689650842864936,123839.48355604704
889.3920607566833,3.4685057525574234,123838.83520044234
889.49187707901,3.4695162823613783,123839.45168039811
889.5919072628021,3.4686894852490515,123839.5065123583
889.6919972896576,3.4704349458195196,123841.25586112247
889.7921385765076,3.4688732179406796,123841.43027501022
889.8917307853699,3.4697000150530064,123841.8872475092
889.9923183917999,3.469791881398821,123842.19852275829
890.0918197631836,3.4704349458195196,123841.67867048246
890.1917819976807,3.468230153519981,123841.11080343422
890.2920649051666,3.4677708217909102,123840.4997230908
890.3915138244629,3.4661172275662566,123838.54975078173
890.4918215274811,3.46731149006184,123838.89477570356
890.591808795929,3.468138287174167,123837.9052981332
890.6923546791077,3.468138287174167,123837.4147683199
890.7920899391174,3.467587089099282,123836.67329148791
890.8918483257294,3.4689650842864936,123836.60596233913
890.9922747612,3.467587089099282,123835.74536610523
891.092301607132,3.4666684256411413,123835.4708294947
891.1916120052338,3.46731149006184,123834.72374654523
891.2920525074005,3.4670358910243975,123833.45137189071
891.3917188644409,3.4695162823613783,123833.40623470164
891.4921877384186,3.468046420828353,123832.66561123148
891.5919222831726,3.4669440246785834,123832.19905010833
891.6919982433319,3.4686894852490515,123832.7791450975
891.7923364639282,3.4689650842864936,123833.80123058776
891.8923096656799,3.4663009602578847,123835.521107529
891.9914684295654,3.4667602919869553,123837.1689967761
892.092089176178,3.4672196237160255,123838.7520970985
892.1920654773712,3.4670358910243975,123839.67688738866
892.291907787323,3.46731149006184,123840.0091986498
892.392340183258,3.4685976189032375,123840.30827878483
892.4918396472931,3.4672196237160255,123840.87745090635
892.5918083190918,3.4677708217909102,123840.68970581572
892.6917726993561,3.465841628528814,123841.22073523415
892.7916502952576,3.4646473660332306,123841.19866171075
892.8924214839935,3.4685057525574234,123840.97879553968
892.9921641349792,3.468138287174167,123840.98091598571
893.0921256542206,3.4672196237160255,123842.38282438714
893.1920809745789,3.4669440246785834,123840.74454194843
893.2916121482849,3.468322019865795,123839.4700877536
893.391961812973,3.4685057525574234,123838.72307897823
893.4919927120209,3.4663009602578847,123837.95077108042
893.5924191474915,3.4663928266036987,123837.15569397238
893.6916403770447,3.4672196237160255,123837.14012457515
893.7922308444977,3.4670358910243975,123837.02611211764
893.8914952278137,3.468138287174167,123838.32350090588
893.9923222064972,3.4685057525574234,123836.9911508153
894.091673374176,3.468413886211609,123837.39203573378
894.191930770874,3.468413886211609,123837.3528321604
894.2922677993774,3.4667602919869553,123837.81754894435
894.3923115730286,3.468413886211609,123837.33579404993
894.4919216632843,3.466025361220442,123836.20221464495
894.5915837287903,3.4652904304539294,123836.48199318047
894.6917941570282,3.465841628528814,123836.63379386242
894.7918391227722,3.468413886211609,123836.57041447618
894.89217710495,3.4667602919869553,123837.01337302857
894.9916498661041,3.4678626881367243,123836.21203572571
895.0922274589539,3.468230153519981,123835.89083215315
895.1923112869263,3.4689650842864936,123836.20174893783
895.2914958000183,3.4678626881367243,123836.58157404406
895.3917179107666,3.467587089099282,123836.22341663965
895.4915854930878,3.464004301612532,123836.80107497568
895.5920557975769,3.467587089099282,123837.32096747811
895.6919667720795,3.4653822967997434,123838.1888707303
895.7920670509338,3.467403356407654,123837.86998365728
895.8919906616211,3.4667602919869553,123838.18298529155
895.9914813041687,3.4668521583327694,123837.76468676241
896.0924315452576,3.4670358910243975,123838.38821808618
896.192389011383,3.467587089099282,123838.54939627757
896.2919406890869,3.466576559295327,123838.49445664982
896.3916718959808,3.4647392323790447,123839.24501098484
896.4917385578156,3.4685057525574234,123839.22050988636
896.592289686203,3.4634531035376472,123838.89845889773
896.6924374103546,3.4694244160155643,123839.50861300796
896.7915675640106,3.468230153519981,123840.15775170717
896.8914275169373,3.4663928266036987,123840.54197653645
896.9919099807739,3.465933494874628,123840.6877788828
897.0921392440796,3.465749762183,123840.91900099453
897.1915001869202,3.465933494874628,123841.02710089508
897.2922503948212,3.465474163145558,123839.52439080559
897.3916962146759,3.4653822967997434,123837.47195172502
897.4919056892395,3.46372870257509,123839.12475655251
897.5914771556854,3.4663009602578847,123838.41228089726
897.6914887428284,3.468413886211609,123838.77105280754
897.7922081947327,3.46731149006184,123838.29394752678
897.8917155265808,3.4652904304539294,123839.1645527741
897.9921252727509,3.4662090939120707,123839.64809749671
898.0916409492493,3.4652904304539294,123840.08328774705
898.1920018196106,3.4651985641081153,123839.17495897236
898.2914221286774,3.4627181727711345,123839.35746307514
898.3918979167938,3.4663009602578847,123839.62171676762
898.4918742179871,3.4671277573702115,123839.75954509087
898.5922400951385,3.466484692949513,123840.3835905818
898.6923377513885,3.4625344400795064,123839.44523152363
898.7918689250946,3.4645554996874166,123839.50070837127
898.8920090198517,3.4646473660332306,123839.85063753415
898.9917058944702,3.465933494874628,123841.06557378074
899.0915284156799,3.4679545544825388,123840.55901640268
899.191921710968,3.464004301612532,123840.40311476242
899.2923221588135,3.4651066977623013,123840.26280328617
899.392276763916,3.465933494874628,123840.53652295755
899.4917838573456,3.4662090939120707,123840.0828706618
899.5920598506927,3.4650148314164873,123840.37458359564
899.6924455165863,3.4651985641081153,123840.73712523608
899.7914526462555,3.4651985641081153,123840.46341271247
899.8920702934265,3.465657895837186,123839.51707144124
899.9921154975891,3.467587089099282,123837.16536429712
900.0913517475128,3.466025361220442,123837.44882786741
900.1925015449524,3.4626263064253204,123837.10394508069
900.2914576530457,3.465841628528814,123836.39355057263
900.39159989357,3.4663009602578847,123835.95419551537
900.4919753074646,3.4663928266036987,123835.85877596383
900.5924181938171,3.4650148314164873,123835.07289836745
900.6921718120575,3.4650148314164873,123834.36560853072
900.791618347168,3.4672196237160255,123836.32904767766
900.8914570808411,3.467495222753468,123836.8961429099
900.9915039539337,3.465841628528814,123838.10652861893
901.091513633728,3.4653822967997434,123837.79587575703
901.1919004917145,3.4642799006499745,123838.81628818133
901.2919270992279,3.4636368362292758,123840.4346593632
901.3918349742889,3.464096167958346,123841.29119342688
901.4917511940002,3.4642799006499745,123841.36207408419
901.5919647216797,3.463912435266718,123840.92586667577
901.6922888755798,3.4670358910243975,123840.6332800082
901.7917242050171,3.4651985641081153,123841.86995200739
901.891697883606,3.4628100391169485,123842.88295680664
901.991534948349,3.4650148314164873,123842.79466112598
902.0923671722412,3.4661172275662566,123842.1151950134
902.1923415660858,3.4629019054627626,123842.00367551207
902.2923693656921,3.4644636333416026,123842.90330796086
902.3918931484222,3.466025361220442,123843.01297716479
902.4920146465302,3.4646473660332306,123843.41167944831
902.5921800136566,3.4647392323790447,123843.77051150348
902.6916642189026,3.4671277573702115,123843.29346035313
902.7923972606659,3.465841628528814,123843.76411431782
902.8916387557983,3.466025361220442,123843.68770288605
902.9916749000549,3.4670358910243975,123844.01893259744
903.0918622016907,3.4663009602578847,123843.51703933769
903.1919541358948,3.4663009602578847,123843.86533540393
903.2921025753021,3.4646473660332306,123843.57880186354
903.3923182487488,3.465566029491372,123843.12092167718
903.4916341304779,3.465749762183,123842.60882950947
903.5914950370789,3.465933494874628,123843.94794655853
903.6917626857758,3.4662090939120707,123844.05315190268
903.7916193008423,3.4646473660332306,123844.54783671242
903.8923437595367,3.4642799006499745,123843.99305304117
903.9924190044403,3.4642799006499745,123843.39374773705
904.0923655033112,3.465657895837186,123843.85437296335
904.192254781723,3.464096167958346,123844.06893566702
904.2923920154572,3.4646473660332306,123842.86204210031
904.3921453952789,3.464922965070673,123843.17583789029
904.4914040565491,3.4617995093129936,123843.35825410126
904.5922582149506,3.463269370846019,123844.52242869114
904.6915876865387,3.463269370846019,123844.17018582203
904.7915725708008,3.463085638154391,123844.05316723984
904.8920464515686,3.4643717669957885,123843.44785051586
904.9914972782135,3.4643717669957885,123844.10306546428
905.0915858745575,3.4648310987248587,123844.59275891786
905.1914372444153,3.4620751083504357,123845.63348302607
905.2914605140686,3.4648310987248587,123845.97013472347
905.3919212818146,3.4651985641081153,123845.17312125112
905.491827249527,3.4653822967997434,123844.95580912601
905.5920178890228,3.463912435266718,123845.66022821341
905.6924273967743,3.463361237191833,123845.09420539207
905.7919113636017,3.4609727122006664,123844.98478485286
905.8922879695892,3.462258841042064,123844.88630636758
905.9916701316833,3.463361237191833,123844.59767573082
906.0922529697418,3.4625344400795064,123845.53790815774
906.1915752887726,3.462258841042064,123845.68411734197
906.2915811538696,3.4618913756588077,123845.81570560778
906.3916141986847,3.4629937718085766,123846.234135047
906.4914948940277,3.461523910275551,123846.3107215423
906.5917191505432,3.465749762183,123846.27964938807
906.6917929649353,3.4650148314164873,123845.85168444927
906.7918701171875,3.4648310987248587,123845.86651600435
906.8918855190277,3.464004301612532,123846.07986440392
906.991512298584,3.4648310987248587,123846.07187796354
907.0917189121246,3.463361237191833,123846.06469016719
907.1915521621704,3.463177504500205,123845.55822115048
907.2920963764191,3.4648310987248587,123845.90239903543
907.3922710418701,3.4634531035376472,123845.71215913189
907.4917273521423,3.46418803430416,123846.04094321872
907.5917773246765,3.4629937718085766,123845.53684889685
907.6919567584991,3.465657895837186,123844.98316400716
907.7923164367676,3.4642799006499745,123844.98484760645
907.8914487361908,3.4636368362292758,123845.3863628458
907.9917314052582,3.463820568920904,123844.54772656123
908.0914642810822,3.4650148314164873,123844.29295390511
908.1922292709351,3.4629937718085766,123843.6636585146
908.2915539741516,3.4642799006499745,123843.79729266315
908.3914752006531,3.46372870257509,123844.31756339685
908.4919490814209,3.4646473660332306,123844.58580705717
908.5914866924286,3.463361237191833,123844.32722635145
908.6920273303986,3.46372870257509,123845.49450371631
908.791524887085,3.4629937718085766,123846.34505334467
908.8921675682068,3.4635449698834613,123845.81054801021
908.9923760890961,3.4650148314164873,123845.8294932092
909.0919511318207,3.4636368362292758,123845.94654388828
909.1916491985321,3.465566029491372,123846.05188949945
909.2922196388245,3.4643717669957885,123845.6467005495
909.3920767307281,3.465566029491372,123846.48203049455
909.4921753406525,3.4651066977623013,123845.4338274451
909.5918185710907,3.463912435266718,123846.09044470059
909.6918520927429,3.4646473660332306,123846.38140023054
909.7918763160706,3.4643717669957885,123846.5432602075
909.8922836780548,3.4629937718085766,123847.78893418674
909.9914271831512,3.461248311238109,123849.31004076808
910.092244386673,3.4643717669957885,123848.17903669128
910.1920599937439,3.4644636333416026,123849.06113302214
910.2922492027283,3.463177504500205,123848.65501971992
910.3918421268463,3.4644636333416026,123848.58951774794
910.4919962882996,3.4648310987248587,123847.93056597315
910.591744184494,3.4645554996874166,123847.83750937584
910.6918785572052,3.4636368362292758,123847.45375843826
910.791766166687,3.4644636333416026,123847.30838259445
910.8920331001282,3.461340177583923,123848.177544335
910.9922318458557,3.462258841042064,123846.5597899015
911.0923924446106,3.463820568920904,123846.50381091135
911.1914007663727,3.4620751083504357,123846.55342982021
911.291796207428,3.4629937718085766,123846.9980868382
911.3918762207031,3.4643717669957885,123847.09827815439
911.4921832084656,3.4646473660332306,123847.38845033896
911.5922253131866,3.461248311238109,123848.34960530506
911.6915969848633,3.4629019054627626,123848.71464477456
911.7916779518127,3.4635449698834613,123848.3431802971
911.8917932510376,3.4628100391169485,123849.40886226739
911.9917118549347,3.4645554996874166,123849.96797604066
912.0920538902283,3.4619832420046217,123849.4711784366
912.1914768218994,3.4636368362292758,123850.82406059295
912.2922494411469,3.4629019054627626,123851.14165453365
912.3923070430756,3.4629937718085766,123851.0274890803
912.4920990467072,3.46060524681741,123852.52474017227
912.5923583507538,3.464922965070673,123851.07226615505
912.692164182663,3.461523910275551,123851.36503953955
912.7922604084015,3.4617995093129936,123851.5285355856
912.8919994831085,3.464096167958346,123850.87568202705
912.9916870594025,3.4624425737336924,123851.18811382435
913.0915429592133,3.464004301612532,123851.66930244192
913.192215681076,3.465657895837186,123851.80237219774
913.2920682430267,3.4628100391169485,123852.02213497797
913.3922131061554,3.462350707387878,123852.11992148019
913.4920437335968,3.4651985641081153,123852.50792933218
913.5916469097137,3.4607889795090383,123851.95713639895
913.6914434432983,3.4645554996874166,123851.46142275905
913.7919793128967,3.464922965070673,123851.61528048315
913.8914773464203,3.4629937718085766,123852.75375243484
913.9917569160461,3.4642799006499745,123852.17837719136
914.0914101600647,3.4634531035376472,123853.16053947223
914.1914200782776,3.4642799006499745,123852.84448552501
914.2914147377014,3.4648310987248587,123852.86003697252
914.391774892807,3.4647392323790447,123852.77403327526
914.4914636611938,3.462350707387878,123852.89662994773
914.591712474823,3.4619832420046217,123852.80696695297
914.6923313140869,3.4634531035376472,123853.32627025768
914.7918982505798,3.4629019054627626,123854.09364323191
914.8916707038879,3.4628100391169485,123854.18427890872
914.9923048019409,3.4634531035376472,123854.26585101786
915.0915584564209,3.463269370846019,123854.83926591607
915.1918621063232,3.4617995093129936,123856.15533932447
915.2919201850891,3.4628100391169485,123855.63980539203
915.392332315445,3.462350707387878,123855.17582485283
915.492023229599,3.4636368362292758,123855.05824236755
915.5921056270599,3.464004301612532,123855.2524181308
915.6918823719025,3.4636368362292758,123855.92717631771
915.792439699173,3.4626263064253204,123856.33445868595
915.8919270038605,3.463361237191833,123856.20101281736
915.9920814037323,3.4628100391169485,123857.28091153562
916.0922842025757,3.4629937718085766,123856.45282038205
916.1923115253448,3.4628100391169485,123857.40753834386
916.2920553684235,3.4610645785464804,123857.66678450948
916.3921699523926,3.46418803430416,123857.40010605853
916.4920356273651,3.4636368362292758,123856.76009545269
916.5914511680603,3.461615776621365,123854.78408590742
916.692239522934,3.4611564448922945,123855.20567731667
916.7920913696289,3.4635449698834613,123855.185109585
916.8922219276428,3.462350707387878,123854.7665986265
916.9921879768372,3.4628100391169485,123854.78993876386
917.0915842056274,3.4626263064253204,123855.01094488747
917.1923315525055,3.4635449698834613,123855.60985039873
917.2915489673615,3.4610645785464804,123854.74886535885
917.3918626308441,3.4627181727711345,123856.17397882298
917.491631269455,3.4603296477799677,123854.95658094069
917.5914950370789,3.4600540487425255,123854.36092284662
917.6918616294861,3.46216697469625,123854.32483056196
917.7917983531952,3.46216697469625,123854.69234750577
917.8913991451263,3.4619832420046217,123854.2231127552
917.9922480583191,3.4618913756588077,123853.50080147968
918.091381072998,3.4617995093129936,123853.45072133171
918.1914315223694,3.4606971131632243,123853.70564919854
918.2922918796539,3.4600540487425255,123853.9350842787
918.3916866779327,3.4618913756588077,123853.54157585083
918.4916424751282,3.461615776621365,123853.58741826576
918.5922999382019,3.46216697469625,123852.8286764392
918.6918406486511,3.4607889795090383,123853.64580879528
918.7920002937317,3.4628100391169485,123854.78122791575
918.8914422988892,3.462258841042064,123855.60310512419
918.9921171665192,3.4608808458548523,123856.24279461177
919.0921533107758,3.4629937718085766,123855.4185151506
919.1917052268982,3.459594717013455,123855.87666363554
919.2920780181885,3.4609727122006664,123856.08899727199
919.3915636539459,3.461615776621365,123855.88009754478
919.4916212558746,3.462258841042064,123855.19208779032
919.5923495292664,3.4627181727711345,123855.07287901128
919.6919853687286,3.461523910275551,123854.16559111016
919.7919645309448,3.4618913756588077,123854.24903199915
919.8919467926025,3.4625344400795064,123854.02412879924
919.9920399188995,3.461523910275551,123854.52171591931
920.0922548770905,3.462258841042064,123854.46954432738
920.1921029090881,3.4603296477799677,123854.22258989465
920.2920362949371,3.4599621823967115,123853.80033090519
920.391765832901,3.46216697469625,123854.12029781466
920.4919049739838,3.4599621823967115,123853.10826803319
920.5921730995178,3.4617995093129936,123853.69744122989
920.6916227340698,3.463269370846019,123853.0276971069
920.7919616699219,3.463820568920904,123853.02492739621
920.8921003341675,3.461707642967179,123851.92243465659
920.9919168949127,3.4626263064253204,123852.23019119093
921.0923140048981,3.4610645785464804,123853.30717207184
921.1915831565857,3.462350707387878,123853.27645486467
921.291425704956,3.46216697469625,123852.34880937819
921.3923089504242,3.459870316050897,123851.51392844037
921.4920647144318,3.4618913756588077,123850.16253559633
921.5917112827301,3.4627181727711345,123848.6462820367
921.6914792060852,3.4618913756588077,123848.68165383305
921.7921557426453,3.461615776621365,123849.51348844974
921.8918981552124,3.4634531035376472,123849.86213960477
921.9919104576111,3.46216697469625,123850.07592564428
922.0922458171844,3.4610645785464804,123850.16833307987
922.1923880577087,3.461707642967179,123850.85149977189
922.2914822101593,3.4593191179760123,123851.4663497947
922.3924252986908,3.4607889795090383,123851.71971481523
922.491635799408,3.458767919901128,123850.64774333371
922.5921568870544,3.461707642967179,123850.48296900035
922.6914546489716,3.4609727122006664,123848.63467210032
922.7922515869141,3.4603296477799677,123848.27120489029
922.8921363353729,3.461340177583923,123847.14408440125
922.9915239810944,3.45904351893857,123845.62967596113
923.0917160511017,3.4593191179760123,123844.86670836502
923.1916544437408,3.4586760535553136,123844.28003752852
923.2915506362915,3.459686583359269,123844.45203377567
923.391548871994,3.461432043929737,123844.7068303981
923.49165558815,3.4609727122006664,123843.9361473583
923.5915033817291,3.4610645785464804,123845.44253262246
923.6917171478271,3.4603296477799677,123846.19827936022
923.7920322418213,3.4600540487425255,123847.47845142419
923.8918344974518,3.4609727122006664,123847.23060628178
923.9921200275421,3.4620751083504357,123847.5075456536
924.0918562412262,3.4602377814341536,123849.45679108823
924.1923396587372,3.4604215141257817,123849.81111197942
924.2918639183044,3.4602377814341536,123850.03000078148
924.3914382457733,3.4599621823967115,123849.82700070334
924.4918241500854,3.4605133804715957,123849.744300633
924.5917949676514,3.461248311238109,123850.16987056969
924.6914532184601,3.4629937718085766,123850.75288351273
924.7917940616608,3.464096167958346,123850.67759516145
924.8918509483337,3.461432043929737,123851.40983564532
924.9919488430023,3.459502850667641,123851.26885208079
925.091427564621,3.458951652592756,123850.74196687271
925.1918869018555,3.4624425737336924,123851.06777018544
925.2918086051941,3.4619832420046217,123850.7609931669
925.3917441368103,3.459410984321827,123850.98489385021
925.4922957420349,3.4624425737336924,123850.88640446519
925.5924117565155,3.459502850667641,123851.09776401868
925.6924161911011,3.461707642967179,123852.38798761682
925.7917535305023,3.46060524681741,123852.94918885514
925.8922166824341,3.4617995093129936,123854.15426996963
925.9924161434174,3.458767919901128,123853.73884297267
926.0922377109528,3.46060524681741,123854.6649586754
926.1921525001526,3.4582167218262434,123855.29846280787
926.2915029525757,3.459502850667641,123854.96861652708
926.3914563655853,3.4601459150883396,123854.67175487438
926.4922218322754,3.4585841872094996,123854.60457938694
926.5924685001373,3.4611564448922945,123854.24412144825
926.6917510032654,3.461523910275551,123853.41970930343
926.7917122840881,3.4600540487425255,123854.1777383731
926.8916606903076,3.4608808458548523,123854.55996453579
926.9920160770416,3.4591353852843842,123854.90396808222
927.0915420055389,3.4602377814341536,123854.213571274
927.1922650337219,3.458951652592756,123853.8922141466
927.2916910648346,3.459870316050897,123852.20299273194
927.3922984600067,3.459410984321827,123851.48269345875
927.492152929306,3.4609727122006664,123852.03442411288
927.5914413928986,3.4586760535553136,123852.9309817016
927.6919775009155,3.4591353852843842,123852.33788353144
927.7922599315643,3.4604215141257817,123851.9040951783
927.8921942710876,3.459686583359269,123852.11368566047
927.9918992519379,3.461615776621365,123850.50231709443
928.0915460586548,3.4603296477799677,123851.452085385
928.1922342777252,3.4583085881720574,123850.6068768465
928.2921996116638,3.462258841042064,123850.44618916186
928.3924357891083,3.4583085881720574,123849.40157024567
928.4921879768372,3.4611564448922945,123849.36141322111
928.591876745224,3.459502850667641,123850.02527189901
928.6917626857758,3.4583085881720574,123849.82274470912
928.7915606498718,3.4582167218262434,123849.94047023822
928.8915371894836,3.4620751083504357,123850.4464232144
928.9915249347687,3.4584923208636855,123850.90178089296
929.0916566848755,3.4603296477799677,123850.91160280368
929.1916916370392,3.4608808458548523,123851.2204425233
929.2917165756226,3.459686583359269,123851.69839827098
929.3918697834015,3.4604215141257817,123852.02855844388
929.491818189621,3.4586760535553136,123852.8257025995
929.5917825698853,3.4607889795090383,123852.44313233954
929.6916735172272,3.4592272516301983,123851.49881910559
929.7921085357666,3.4586760535553136,123850.14893719503
929.8923213481903,3.4593191179760123,123850.83404347552
929.9923710823059,3.457941122788801,123851.15063912797
930.0914170742035,3.4592272516301983,123851.33557521518
930.1916890144348,3.4601459150883396,123851.60201769366
930.291671037674,3.4586760535553136,123850.64181592429
930.3920607566833,3.4586760535553136,123851.27763433185
930.4915001392365,3.459870316050897,123851.74987089868
930.5917546749115,3.45904351893857,123851.37488380882
930.6922686100006,3.457941122788801,123851.43739542794
930.7915847301483,3.4584923208636855,123850.49365588515
930.891877412796,3.459778449705083,123849.94429029664
930.9916162490845,3.4624425737336924,123848.64986126698
931.0922174453735,3.459502850667641,123848.18487514029
931.1923198699951,3.457206192022288,123847.46638762626
931.2924211025238,3.461432043929737,123846.91974886364
931.3922832012177,3.4582167218262434,123847.52777397729
931.4923875331879,3.4586760535553136,123847.77499657957
931.5915956497192,3.4585841872094996,123847.79749692162
931.6924264431,3.4583085881720574,123848.51774722946
931.7922074794769,3.4593191179760123,123848.0659725065
931.8921899795532,3.458859786246942,123848.85937525587
931.9917371273041,3.457389924713916,123849.27343773028
932.091498374939,3.4582167218262434,123849.44609395726
932.1914799213409,3.459778449705083,123850.10148456154
932.2916262149811,3.459778449705083,123850.2913361054
932.3914186954498,3.458767919901128,123850.96220249485
932.4917385578156,3.457298058368102,123851.56598224536
932.5915734767914,3.4591353852843842,123853.90938402082
932.6916432380676,3.4559200631808906,123854.41844561874
932.7921631336212,3.4601459150883396,123854.67660105687
932.8922462463379,3.459410984321827,123854.50894095119
932.9916980266571,3.459686583359269,123853.85804685607
933.0918650627136,3.4568387266390315,123854.37224217047
933.1919288635254,3.459686583359269,123854.73501795343
933.2923884391785,3.456930592984846,123853.66151615808
933.3917269706726,3.45904351893857,123855.29536454228
933.4920589923859,3.4585841872094996,123854.26582808806
933.5920078754425,3.4599621823967115,123853.13924527925
933.6915726661682,3.459410984321827,123852.12532075134
933.7924203872681,3.459594717013455,123852.5127886762
933.8918654918671,3.4601459150883396,123853.16150980859
933.992164850235,3.459502850667641,123853.74535882773
934.0919301509857,3.45904351893857,123854.87082294495
934.1914520263672,3.459686583359269,123855.28374065046
934.2915368080139,3.45748179105973,123855.05536658541
934.3918912410736,3.4586760535553136,123855.24982992686
934.4916837215424,3.4583085881720574,123854.62484693417
934.5920343399048,3.459410984321827,123854.26236224076
934.691974401474,3.459870316050897,123854.23612601668
934.792040348053,3.4603296477799677,123853.91251341502
934.8916683197021,3.458124855480429,123853.92126207353
934.9916794300079,3.458767919901128,123854.92913586617
935.0919342041016,3.4591353852843842,123854.83622227955
935.1918244361877,3.4602377814341536,123856.9526000516
935.292008638382,3.4600540487425255,123856.75734004645
935.3916823863983,3.4576655237513587,123857.1816060418
935.4917275905609,3.4577573900971728,123858.56344543763
935.5921411514282,3.4557363304892625,123858.50710089387
935.6918468475342,3.459502850667641,123857.65639080448
935.7920806407928,3.4584923208636855,123856.09075172403
935.8917157649994,3.4593191179760123,123856.78167655163
935.992062330246,3.4584004545178715,123857.30350889647
936.0916664600372,3.4561956622183327,123856.17315800683
936.1916604042053,3.4583085881720574,123856.25584220614
936.2918572425842,3.4582167218262434,123855.63025798553
936.3914759159088,3.457941122788801,123855.76723218698
936.491646528244,3.4586760535553136,123854.79050896829
936.5920531749725,3.4575736574055447,123853.21145807146
936.6920771598816,3.457849256442987,123853.39031226431
936.7917721271515,3.4566549939474034,123853.75128103788
936.8915557861328,3.4593191179760123,123852.8761529341
936.9915654659271,3.4593191179760123,123852.1885376407
937.0918302536011,3.4593191179760123,123851.06968387665
937.1916394233704,3.4591353852843842,123851.26271548899
937.2915902137756,3.459594717013455,123849.4364439401
937.3916177749634,3.457298058368102,123849.8927995461
937.491459608078,3.4603296477799677,123851.10351959149
937.5923914909363,3.4605133804715957,123850.89316763234
937.6922497749329,3.4599621823967115,123850.70385086912
937.7918462753296,3.4575736574055447,123851.13346578222
937.892139673233,3.4550013997227493,123852.120119204
937.991533279419,3.457114325676474,123852.5081072836
938.092054605484,3.458951652592756,123854.15729655523
938.192296743393,3.4561956622183327,123853.94156689971
938.2915415763855,3.4599621823967115,123854.64741020974
938.3914639949799,3.4561956622183327,123855.18266918877
938.4922931194305,3.4577573900971728,123855.16440226989
938.5921320915222,3.4586760535553136,123854.74796204291
938.6916923522949,3.458124855480429,123854.57316583862
938.792325258255,3.458767919901128,123854.61584925475
938.8917331695557,3.455093266068564,123853.65426432928
938.9922988414764,3.45904351893857,123852.98883789635
939.0922775268555,3.458951652592756,123853.08995410672
939.1919667720795,3.4582167218262434,123852.08095869605
939.2915189266205,3.458951652592756,123853.07286282645
939.3923692703247,3.456287528564147,123853.06557654381
939.4922921657562,3.456930592984846,123854.15901888945
939.5920526981354,3.4568387266390315,123854.1431170005
939.6921904087067,3.4558281968350766,123853.92880530044
939.791642665863,3.456930592984846,123853.63592477041
939.8919882774353,3.458032989134615,123853.77233229337
939.9916179180145,3.4575736574055447,123854.59509906404
940.0922582149506,3.4584923208636855,123854.73558915764
940.1920921802521,3.457114325676474,123854.36203024189
940.2916696071625,3.4584004545178715,123854.0258272177
940.3924067020416,3.4565631276015893,123853.02324449594
940.4921414852142,3.458859786246942,123852.12092004635
940.591605424881,3.454633934339493,123852.10882804172
940.6917772293091,3.4586760535553136,123852.59794523755
940.7920291423798,3.4584923208636855,123854.0381507138
940.8921523094177,3.4575736574055447,123853.43433564242
940.9922935962677,3.4577573900971728,123853.59090207818
941.0915083885193,3.4584004545178715,123854.03181187037
941.1918616294861,3.4561037958725187,123854.82863068333
941.2921843528748,3.4560119295267047,123854.545767615
941.3914980888367,3.4592272516301983,123854.9911908535
941.4919891357422,3.456287528564147,123855.69207176815
941.5914278030396,3.45702245933066,123854.62286459134
941.6922478675842,3.45702245933066,123854.1605781322
941.7920045852661,3.4564712612557753,123854.04452031899
941.8916108608246,3.4584923208636855,123854.64006828709
941.9914810657501,3.45702245933066,123853.67606145838
942.0916426181793,3.4559200631808906,123853.20845531253
942.1922657489777,3.457114325676474,123854.68760978128
942.2919445037842,3.4560119295267047,123856.21884880315
942.3918421268463,3.456287528564147,123855.59696392284
942.4921278953552,3.458124855480429,123856.03726753056
942.5915997028351,3.4565631276015893,123855.4335407775
942.6923837661743,3.4559200631808906,123856.19018669977
942.7920713424683,3.4561037958725187,123857.5711680298
942.891853094101,3.4559200631808906,123856.71405122682
942.991785287857,3.45748179105973,123856.74264610415
943.0915467739105,3.457114325676474,123855.76838149373
943.1914393901825,3.458124855480429,123855.59154334437
943.2917237281799,3.455552597797634,123855.43238900995
943.3920664787292,3.4563793949099613,123854.48915010896
943.4923939704895,3.458124855480429,123854.84023509806
943.5921490192413,3.458032989134615,123853.25621158825
943.691802740097,3.4566549939474034,123853.33059042942
943.7922523021698,3.4586760535553136,123853.19753138648
943.8915634155273,3.457389924713916,123852.57777824784
943.9923641681671,3.456287528564147,123852.02000042306
944.091780424118,3.4563793949099613,123852.11800038075
944.1917545795441,3.4561037958725187,123853.40620034268
944.2917921543121,3.455644464143448,123852.56558030841
944.3916420936584,3.455276998760192,123852.90902227757
944.4921357631683,3.456930592984846,123853.71812004982
944.5921912193298,3.4560119295267047,123853.94630804485
944.6917650699615,3.4576655237513587,123853.75167724036
944.7916507720947,3.4557363304892625,123852.97650951633
944.8917722702026,3.4567468602932174,123852.6788585647
944.9915819168091,3.4525210083857685,123851.11097270824
945.0917177200317,3.456930592984846,123851.3998754374
945.1917142868042,3.455368865106006,123851.95988789367
945.2918679714203,3.457206192022288,123851.16389910431
945.3923404216766,3.4586760535553136,123851.34750919389
945.4919641017914,3.4561956622183327,123851.4127582745
945.5917232036591,3.4577573900971728,123852.47148244704
945.6914942264557,3.4576655237513587,123853.22433420234
945.7916066646576,3.457206192022288,123853.4019007821
945.8915767669678,3.4566549939474034,123854.1617107039
945.9914591312408,3.4576655237513587,123854.84553963352
946.0922374725342,3.457298058368102,123855.86098567017
946.1920952796936,3.458767919901128,123856.27488710315
946.292328119278,3.4566549939474034,123855.44739839285
946.3917570114136,3.455185132414378,123855.10265855356
946.492161989212,3.456930592984846,123854.49239269822
946.5923483371735,3.4548176670311213,123855.44315342841
946.6920919418335,3.4534396718439098,123855.99883808558
946.7920227050781,3.4567468602932174,123855.29895427704
946.8920063972473,3.4558281968350766,123853.96905884934
946.9920420646667,3.4561037958725187,123853.17215296441
947.0921230316162,3.4600540487425255,123852.25493766798
947.1921935081482,3.4563793949099613,123851.4294439012
947.2918736934662,3.457298058368102,123850.28649951109
947.3916056156158,3.459686583359269,123848.65784955997
947.4922454357147,3.4566549939474034,123848.99206460397
947.591881275177,3.4585841872094996,123848.49285814358
947.6923344135284,3.454542067993679,123848.54357232922
947.7924745082855,3.4560119295267047,123849.8892150963
947.8916597366333,3.4559200631808906,123850.50029358667
947.9916987419128,3.455276998760192,123850.950264228
948.0916385650635,3.4561037958725187,123850.9552378052
948.1921274662018,3.4558281968350766,123852.65971402469
948.291533946991,3.4563793949099613,123852.89374262223
948.3920962810516,3.457114325676474,123852.90436836
948.4916894435883,3.454633934339493,123851.613931524
948.5914621353149,3.458032989134615,123851.4525383716
948.6915936470032,3.45702245933066,123851.50728453444
948.7915740013123,3.455552597797634,123851.256556081
948.8921918869019,3.455644464143448,123850.23090047292
948.9917924404144,3.4557363304892625,123850.70781042562
949.091600894928,3.457389924713916,123849.93702938306
949.1923308372498,3.453531538189724,123849.74332644476
949.2922739982605,3.4558281968350766,123849.06899380029
949.3918220996857,3.4566549939474034,123848.66209442026
949.4916412830353,3.4544502016478646,123847.89588497824
949.5921976566315,3.455368865106006,123847.60629648042
949.691662311554,3.457206192022288,123846.94566683238
949.7922337055206,3.4584004545178715,123846.45110014915
949.8918228149414,3.4568387266390315,123846.60599013424
949.9920074939728,3.4566549939474034,123845.74539112081
950.0921452045441,3.4561956622183327,123846.47085200874
950.1923968791962,3.4576655237513587,123848.02376680786
950.2920453548431,3.45546073145182,123849.82139012708
950.391515493393,3.454725800685307,123851.53925111437
950.4917380809784,3.4563793949099613,123852.68532600295
950.5918705463409,3.45702245933066,123853.71679340265
950.6917469501495,3.45748179105973,123855.4451140624
950.7915453910828,3.4567468602932174,123855.10060265617
950.8917589187622,3.455368865106006,123856.09054239055
950.9921736717224,3.4558281968350766,123857.0814881515
951.0917029380798,3.455552597797634,123858.07333933635
951.1915574073792,3.4549095333769353,123857.16600540272
951.2918083667755,3.455644464143448,123858.24940486245
951.3917150497437,3.458032989134615,123859.3244643762
951.4916262626648,3.4561037958725187,123859.2920179386
951.591965675354,3.454542067993679,123859.56281614474
951.6919491291046,3.4564712612557753,123858.80653453026
951.7918472290039,3.454633934339493,123859.12588107723
951.8922290802002,3.4549095333769353,123859.6132929695
951.9919810295105,3.451143013198557,123859.95196367256
952.0918226242065,3.454725800685307,123860.25676730531
952.1919558048248,3.453623404535538,123860.13109057478
952.292337179184,3.454542067993679,123860.21798151731
952.3917148113251,3.4540827362646085,123860.39618336558
952.491822719574,3.454725800685307,123860.05656502902
952.5922276973724,3.453164072806467,123859.95090852614
952.6919491291046,3.4533478054980957,123859.85581767352
952.7919731140137,3.457389924713916,123858.87023590617
952.8920545578003,3.455093266068564,123857.38321231556
952.9919340610504,3.45546073145182,123857.34489108401
953.0923120975494,3.4540827362646085,123857.21040197562
953.1920292377472,3.4550013997227493,123857.68936177806
953.2917585372925,3.455552597797634,123857.12042560025
953.3922317028046,3.4544502016478646,123857.40838304022
953.4923944473267,3.456287528564147,123857.0675447362
953.5915458202362,3.4576655237513587,123856.76079026258
953.6920747756958,3.4557363304892625,123857.08471123633
953.7918741703033,3.4567468602932174,123856.3762401127
953.891685962677,3.456287528564147,123857.13861610144
953.9921109676361,3.452980340114839,123855.3247544913
954.0924160480499,3.4549095333769353,123854.39227904218
954.1915552616119,3.457849256442987,123854.85305113796
954.2920773029327,3.4558281968350766,123854.26774602418
954.3921010494232,3.4577573900971728,123853.74097142176
954.4923555850983,3.4543583353020506,123853.16687427959
954.5921714305878,3.4549095333769353,123853.85018685163
954.6921257972717,3.4549095333769353,123853.86516816646
954.791916847229,3.4565631276015893,123854.67865134982
954.8922374248505,3.4557363304892625,123854.61078621485
954.9917368888855,3.4544502016478646,123854.64970759337
955.0918459892273,3.4540827362646085,123855.28473683404
955.1916897296906,3.4541746026104225,123854.85626315065
955.2919526100159,3.4564712612557753,123854.07063683559
955.3916144371033,3.452980340114839,123854.06357315203
955.4916369915009,3.4548176670311213,123854.15721583684
955.5917434692383,3.4532559391522817,123854.54149425316
955.691828250885,3.453531538189724,123855.58734482784
955.7917823791504,3.452704741077397,123856.62861034507
955.8920676708221,3.455644464143448,123855.16574931056
955.9916117191315,3.455185132414378,123854.8491743795
956.0916881561279,3.453807137227166,123853.86425694155
956.1914904117584,3.4538990035729804,123854.67783124739
956.2917666435242,3.455185132414378,123855.71004812265
956.3917136192322,3.4543583353020506,123855.2390433104
956.4917044639587,3.453623404535538,123855.01513897936
956.5920770168304,3.4538990035729804,123855.21362508142
956.6923682689667,3.455552597797634,123854.99226257329
956.7920472621918,3.4560119295267047,123854.09303631597
956.8914878368378,3.4559200631808906,123853.58373268438
956.9919226169586,3.453715270881352,123853.32535941595
957.0917346477509,3.4532559391522817,123854.39282347437
957.1920192241669,3.455185132414378,123856.95354112693
957.2923228740692,3.4538990035729804,123857.55818701425
957.3919174671173,3.454633934339493,123858.30236831283
957.492294549942,3.4538990035729804,123858.27213148154
957.5923326015472,3.455644464143448,123858.8449183334
957.6917474269867,3.4549095333769353,123859.36042650006
957.7921454906464,3.458032989134615,123860.62438385005
957.8916947841644,3.4560119295267047,123860.36194546505
957.9915051460266,3.4541746026104225,123859.22575091856
958.091607093811,3.4558281968350766,123859.7031758267
958.1916544437408,3.455368865106006,123859.73285824402
958.2923557758331,3.4533478054980957,123859.85957241963
958.3918745517731,3.4561956622183327,123860.17361517767
958.4916224479675,3.4563793949099613,123860.75625365991
958.5922331809998,3.4567468602932174,123859.68062829392
958.6918187141418,3.4557363304892625,123859.61256546454
958.7916359901428,3.455368865106006,123858.4513089181
958.8920679092407,3.456287528564147,123859.2061780263
958.9917287826538,3.4558281968350766,123858.08556022368
959.0920407772064,3.455552597797634,123858.67700420131
959.1920511722565,3.4525210083857685,123858.60930378118
959.2915921211243,3.455552597797634,123858.04837340307
959.3920111656189,3.4540827362646085,123858.54353606277
959.491551399231,3.455276998760192,123858.58918245649
959.5924022197723,3.4540827362646085,123859.43026421084
959.6916210651398,3.4550013997227493,123859.28723778976
959.7918078899384,3.454725800685307,123859.85851401079
959.8919620513916,3.4544502016478646,123860.87266260972
959.9917714595795,3.455276998760192,123861.28539634874
960.0919320583344,3.4549095333769353,123862.05685671387
960.1918182373047,3.4548176670311213,123861.75117104247
960.2914576530457,3.451326745890185,123862.27605393823
960.3916025161743,3.455185132414378,123862.64844854441
960.4923167228699,3.4534396718439098,123861.38360368997
960.5923342704773,3.455185132414378,123861.74524332098
960.6922070980072,3.453623404535538,123861.77071898889
960.7919878959656,3.4533478054980957,123862.49364709001
960.8918340206146,3.4542664689562366,123862.14428238102
960.9919226169586,3.456287528564147,123860.92985414292
961.0920958518982,3.453531538189724,123859.83686872863
961.1918196678162,3.452888473769025,123859.25318185578
961.29146027565,3.4518779439650698,123858.5278636702
961.3920259475708,3.452796607423211,123860.17507730318
961.4917979240417,3.4541746026104225,123859.95756957287
961.5917415618896,3.452796607423211,123859.76181261559
961.6923453807831,3.4518779439650698,123859.48563135402
961.7917845249176,3.4534396718439098,123860.03706821862
961.8915221691132,3.4541746026104225,123859.93336139675
961.9918806552887,3.453807137227166,123860.14002525707
962.0918626785278,3.4544502016478646,123859.32602273137
962.1913936138153,3.4544502016478646,123859.29342045824
962.2914292812347,3.452980340114839,123858.86407841241
962.3916747570038,3.452704741077397,123858.37767057118
962.4920902252197,3.4542664689562366,123859.03990351406
962.5918569564819,3.452704741077397,123860.53591316266
962.6923146247864,3.4542664689562366,123860.38232184641
962.7915406227112,3.451969810310884,123860.04408966177
962.8916811943054,3.453072206460653,123860.1396806956
962.9918825626373,3.453531538189724,123859.42571262605
963.0917816162109,3.4534396718439098,123859.98314136345
963.1914403438568,3.4521535430025123,123861.28482722711
963.292013168335,3.450408082432044,123860.7563445044
963.3922986984253,3.453531538189724,123860.58071005397
963.4923384189606,3.4520616766566983,123860.82263904858
963.5918138027191,3.454542067993679,123862.44037514372
963.692389011383,3.451418612235999,123862.59633762937
963.7919917106628,3.4517860776192557,123862.43670386643
963.8918769359589,3.453715270881352,123862.1930334798
963.992244720459,3.4543583353020506,123863.17373013182
964.0919814109802,3.452796607423211,123864.55635711864
964.191751241684,3.4543583353020506,123865.10072140678
964.2914497852325,3.4538990035729804,123863.69064926611
964.3915486335754,3.4533478054980957,123863.72158433951
964.4917857646942,3.452888473769025,123864.14942590556
964.5920379161835,3.4558281968350766,123864.23448331501
964.6916842460632,3.44517170072064,123863.81103498352
964.7916810512543,3.444436769954127,123862.72993148517
964.8922855854034,3.4460903641787812,123862.85693833666
964.9921798706055,3.4737421342688273,123863.27124450299
965.092273235321,3.440670249775749,123865.3441200527
965.1921410560608,3.4524291420399544,123865.60970804744
965.2916672229767,3.451143013198557,123865.2487372427
965.3921849727631,3.451143013198557,123863.72386351843
965.4915716648102,3.4482032901325055,123862.4514771666
965.5923388004303,3.410997420077792,123860.50632944994
965.6922047138214,3.4506836814694863,123859.75569650496
965.7919564247131,3.4525210083857685,123860.28012685447
965.8915982246399,3.4561956622183327,123858.25211416902
965.991739988327,3.4690569506323077,123858.82690275213
966.092369556427,3.5081920139491176,123857.34421247692
966.1922047138214,3.5219719658212334,123855.20979122924
966.291965007782,3.471721074660917,123854.8888121063
966.3917117118835,3.4557363304892625,123854.79993089568
966.4915988445282,3.451969810310884,123854.2199378061
966.5914649963379,3.45031621608623,123855.7979440255
966.6913697719574,3.449397552628089,123856.41814962294
966.7914841175079,3.453715270881352,123855.37633466066
966.8920307159424,3.450867414161115,123855.63870119459
966.9923574924469,3.4939527303479307,123855.77483107513
967.0921440124512,3.499189112059335,123857.09734796762
967.1917345523834,3.557707974342921,123860.18761317086
967.2915823459625,3.514622658156105,123859.46885185377
967.3919939994812,3.453623404535538,123860.3219666684
967.4922366142273,3.4387410565136527,123861.78977000156
967.59166264534,3.4265228325203765,123861.81079300141
967.69229388237,3.4789785159802316,123860.62971370127
967.7917346954346,3.4417726459255182,123861.36674233116
967.8923575878143,3.470251213127891,123862.63006809805
967.9921391010284,3.4394759872801655,123863.96706128825
968.0921165943146,3.457941122788801,123863.47035515943
968.1919474601746,3.441037715159005,123863.4233196435
968.2916965484619,3.4264309661745624,123864.78098767914
968.3915824890137,3.444253037262499,123865.70288891124
968.4914762973785,3.4289113575115433,123865.23260002013
968.5922150611877,3.4501324833946017,123865.60934001813
968.6917400360107,3.446641562253666,123865.44840601631
968.7919571399689,3.4480195574408774,123865.20356541469
968.8923375606537,3.4462740968704093,123866.28320887322
968.99192070961,3.4463659632162233,123866.6548879859
969.0916504859924,3.4460903641787812,123866.58939918732
969.1919658184052,3.4464578295620374,123865.83045926859
969.2922534942627,3.444528636299941,123865.04741334173
969.3917860984802,3.449305686282275,123865.84267200757
969.4924268722534,3.4438855718792425,123865.4584048068
969.5920922756195,3.4463659632162233,123866.11256432612
969.6917190551758,3.4437018391876144,123865.70130789351
969.7922627925873,3.447652092057621,123866.33117710416
969.892409324646,3.4464578295620374,123865.79805939375
969.9921774864197,3.4455391661038965,123866.21825345438
970.0922515392303,3.4455391661038965,123866.79642810894
970.1921074390411,3.447100893982736,123867.11678529804
970.2915468215942,3.44673342859948,123868.60510676824
970.3923809528351,3.4456310324497106,123868.44459609142
970.4914221763611,3.448846354553204,123867.60013648227
970.5921409130096,3.4462740968704093,123867.64012283405
970.6915547847748,3.4453554334122685,123867.17611055066
970.792366027832,3.4461822305245953,123867.0584994956
970.8923878669739,3.4461822305245953,123867.45264954604
970.991601228714,3.4471927603285506,123868.00738459144
971.0918085575104,3.4457228987955246,123867.8066461323
971.1919593811035,3.447743958403435,123869.62598151909
971.2924733161926,3.445079834374826,123870.46338336718
971.3917446136475,3.445998497832967,123870.61704503046
971.4924535751343,3.448846354553204,123870.15534052743
971.5917806625366,3.446641562253666,123869.7398064747
971.6922287940979,3.446549695907852,123869.96582582722
971.7923533916473,3.4472846266743646,123868.3692432445
971.8919401168823,3.4446205026457553,123867.73231892004
971.992351770401,3.447100893982736,123866.95908702804
972.0918793678284,3.446917161291108,123866.46317832523
972.1924407482147,3.4464578295620374,123866.11686049271
972.2918076515198,3.449397552628089,123866.60517444345
972.3923621177673,3.444804235337384,123866.24465699912
972.4921007156372,3.4460903641787812,123866.22019129922
972.59161901474,3.4460903641787812,123863.99817216929
972.6916372776031,3.4456310324497106,123864.49835495237
972.7915918827057,3.4462740968704093,123864.74851945713
972.8916127681732,3.4475602257118068,123865.17366751144
972.9923329353333,3.444896101683198,123865.9563007603
973.0921511650085,3.4459066314871527,123866.16067068427
973.1917653083801,3.4456310324497106,123865.94460361585
973.2920656204224,3.446825294945294,123866.45014325427
973.3917691707611,3.448846354553204,123868.00512892885
973.4917726516724,3.447652092057621,123869.20461603598
973.5916550159454,3.4460903641787812,123869.18415443238
973.6916658878326,3.446825294945294,123871.36573898916
973.7917349338531,3.446917161291108,123870.72916509025
973.8921957015991,3.4455391661038965,123871.55624858124
973.9917197227478,3.444344903608313,123871.50062372313
974.0919785499573,3.443334373804358,123872.35056135082
974.1922717094421,3.4432425074585438,123872.91550521574
974.2923653125763,3.4462740968704093,123873.02395469416
974.391806602478,3.447009027636922,123872.92155922475
974.4916801452637,3.444528636299941,123872.72940330228
974.5923590660095,3.4518779439650698,123873.25646297206
974.6918113231659,3.4532559391522817,123873.73081667486
974.7916111946106,3.4506836814694863,123873.55773500737
974.8919634819031,3.4497650180113455,123873.60196150665
974.9920682907104,3.448387022824134,123873.24176535598
975.0915055274963,3.447009027636922,123871.5175888204
975.192049741745,3.450867414161115,123871.76582993835
975.2917795181274,3.449489418973903,123872.08924694451
975.3919379711151,3.4471927603285506,123872.48032225006
975.4920909404755,3.447743958403435,123873.33229002506
975.5922818183899,3.4489382208990182,123873.39906102256
975.6920607089996,3.4475602257118068,123874.35915492031
975.7921848297119,3.4482032901325055,123873.92323942829
975.8917844295502,3.446825294945294,123874.23091548546
975.991818189621,3.448478889169948,123873.70782393691
976.0917763710022,3.4472846266743646,123874.53704154323
976.1919324398041,3.448387022824134,123874.18333738891
976.2915937900543,3.4460903641787812,123874.56500365003
976.3916618824005,3.4471927603285506,123875.10850328502
976.4921870231628,3.4460903641787812,123875.49765295652
976.5919559001923,3.449581285319717,123874.94788766086
976.6916644573212,3.4472846266743646,123873.05309889479
976.7918570041656,3.4471927603285506,123874.1477890053
976.8915104866028,3.4482032901325055,123873.43301010478
976.992203950882,3.446825294945294,123872.0897090943
977.0920491218567,3.4482032901325055,123870.98073818488
977.1915192604065,3.4496731516655315,123870.6826643664
977.2921049594879,3.4489382208990182,123870.61439792976
977.3913748264313,3.449397552628089,123870.85295813679
977.4921498298645,3.4481114237866914,123871.06766232311
977.5923447608948,3.44875448820739,123871.56089609081
977.6913158893585,3.445263567066454,123872.00480648174
977.7914619445801,3.448387022824134,123872.00432583356
977.8916735649109,3.444987968029012,123872.60389325021
977.9916970729828,3.4481114237866914,123873.1435039252
978.0915250778198,3.448387022824134,123872.62915353267
978.191862821579,3.448570755515762,123872.86623817941
978.2915980815887,3.449397552628089,123873.77961436147
978.3917315006256,3.4459066314871527,123873.90165292533
978.4918882846832,3.448387022824134,123872.8114876328
978.5921320915222,3.446641562253666,123873.73033886953
978.6918342113495,3.4472846266743646,123872.95730498258
978.7922737598419,3.4475602257118068,123872.96157448433
978.891791343689,3.444804235337384,123871.8654170359
978.9916067123413,3.4460903641787812,123872.07887533231
979.0918524265289,3.4480195574408774,123872.1709877991
979.1922540664673,3.448478889169948,123871.45388901919
979.2915503978729,3.4458147651413387,123871.70850011727
979.3916912078857,3.4455391661038965,123871.03765010554
979.4922287464142,3.446641562253666,123869.23388509499
979.5914196968079,3.4480195574408774,123868.9104965855
979.6915881633759,3.447009027636922,123870.61944692695
979.7915811538696,3.4463659632162233,123871.95750223426
979.8914113044739,3.446917161291108,123872.16175201084
979.991601228714,3.447743958403435,123872.24557680976
980.0917565822601,3.447652092057621,123871.82101912878
980.1913182735443,3.447652092057621,123871.93891721591
980.2916131019592,3.4457228987955246,123872.24502549433
980.3916041851044,3.44673342859948,123872.1205229449
980.4918377399445,3.4463659632162233,123870.9084706504
980.5917356014252,3.447652092057621,123871.01762358537
980.6919250488281,3.446549695907852,123872.61586122683
980.7916865348816,3.4474683593659927,123872.55427510415
980.8917119503021,3.446825294945294,123872.19884759374
980.9922664165497,3.447652092057621,123873.97896283437
981.0919244289398,3.4462740968704093,123875.18106655094
981.1921474933624,3.444253037262499,123875.96295989586
981.2919437885284,3.447743958403435,123876.86666390627
981.3921315670013,3.44673342859948,123875.67999751565
981.4914281368256,3.446641562253666,123874.51199776409
981.5919106006622,3.448478889169948,123874.26079798768
981.691869020462,3.4475602257118068,123873.83471818891
981.7916960716248,3.44673342859948,123873.55124637003
981.8920695781708,3.4480195574408774,123873.49612173303
981.9918248653412,3.4453554334122685,123872.84650955972
982.091730594635,3.4471927603285506,123872.36185860375
982.1919770240784,3.446641562253666,123871.72567274339
982.2918674945831,3.445263567066454,123872.35310546905
982.3918693065643,3.4482032901325055,123872.81779492214
982.4919729232788,3.446641562253666,123873.03601542993
982.5921018123627,3.4456310324497106,123873.13241388692
982.6918413639069,3.4462740968704093,123874.11917249823
982.792121887207,3.447100893982736,123873.60725524841
982.8918809890747,3.4490300872448327,123873.54652972358
982.9917709827423,3.4474683593659927,123873.69187675123
983.0917184352875,3.445079834374826,123873.1226890761
983.1922724246979,3.4480195574408774,123873.1104201685
983.291734457016,3.4459066314871527,123871.99937815164
983.3921813964844,3.4446205026457553,123871.59944033647
983.4917297363281,3.4439774382250565,123870.43949630283
983.5918972492218,3.445263567066454,123869.69554667255
983.6921401023865,3.4471927603285506,123869.22599200529
983.79239153862,3.446641562253666,123868.30339280477
983.8921077251434,3.446917161291108,123868.67305352428
983.9915482997894,3.4478358247492493,123869.20574817187
984.0928499698639,3.6205445548797703,123807.1851733547
984.1915557384491,3.9701878670482613,123685.36665601924
984.2925190925598,4.218870065167049,123520.82999041732
984.3919620513916,4.497225092983793,123333.94699137559
984.4923167228699,4.463418277724202,123170.15229223804
984.5922586917877,4.448535929702317,123025.13706301423
984.6920545101166,4.440451691270675,122896.22335671281
984.791745185852,4.435490908596713,122782.30102104154
984.8919484615326,4.4307138586143795,122680.27091893739
984.9915950298309,4.426947338436001,122588.14382704365
985.0922513008118,4.424283214407392,122505.32944433928
985.1911511421204,4.427498536510886,122405.59649990535
985.2936568260193,4.801853895703372,122240.33684991482
985.3934488296509,5.082046250436398,122028.30316492335
985.4939961433411,5.381530537790387,121772.27284843102
985.5923891067505,5.444367118327237,121548.74556358792
985.6921813488007,5.4174502790037025,121350.37100722913
985.7920522689819,5.400914336757164,121174.13390650622
985.8924276828766,5.390257840642727,121018.2205158556
985.9919900894165,5.380795607023874,120878.29846427005
986.0921998023987,5.3770290868454955,120753.96861784304
986.1917135715485,5.370965908021764,120643.57175605874
986.295529127121,5.464853313443782,120508.51458045287
986.3912847042084,5.7891415141675795,120311.86312240758
986.4922823905945,6.091932989970877,120065.57681016682
986.597060918808,6.409147482066988,119784.71912915014
986.6920039653778,6.39711299076534,119542.64721623511
986.7915229797363,6.35953965532737,119329.7824946116
986.8915944099426,6.3435549111557155,119143.50424515044
986.9917886257172,6.324446711226381,118977.25382063541
987.0915851593018,6.313973947803573,118828.82843857187
987.1922335624695,6.307910768979842,118697.0455947147
987.291743516922,6.297438005557034,118579.54103524322
987.3915150165558,6.292569089228886,118476.5869317189
987.4913303852081,6.2855872469470135,118383.52823854702
987.5921983718872,6.284668583488873,118300.27541469233
987.6920771598816,6.478139107773382,118157.3478732231
987.7913916110992,6.830722143007924,117956.1130859008
987.8916571140289,7.148028501449851,117704.80177731073
987.9920241832733,7.380358490013727,117454.12159957967
988.0924279689789,7.262310235642599,117245.7094396217
988.1920971870422,7.206639230079251,117067.13849565953
988.2918190956116,7.168882161949653,116914.02464609359
988.3921263217926,7.1449050456921706,116779.82218148423
988.4916088581085,7.12497004865051,116664.0399633358
988.5919001102448,7.109077170824669,116562.93596700222
988.6921901702881,7.094470421840226,116475.04237030199
988.7941329479218,7.207833492574834,116354.93813327179
988.8939352035522,7.600010922855256,116164.44431994461
988.9916369915009,7.823797341258421,115944.69988795015
989.0941514968872,7.866607058407795,115756.62989915514
989.1915185451508,7.665327894729087,115629.66690923963
989.2921736240387,7.574931410448006,115533.00021831568
989.392067193985,7.527252776970484,115455.1001964841
989.4916858673096,7.493354095365079,115390.59017683569
989.5925602912903,7.4727760339027185,115337.83115915212
989.6922748088837,7.452565437823615,115294.04804323691
989.7915832996368,7.437131891726845,115257.24323891323
989.8916664123535,7.425005534079383,115226.01891502191
989.9917974472046,7.4145327706565745,115200.91702351972
990.0917372703552,7.593855877685711,115110.82532116775
990.1941902637482,8.034998070285052,114948.14278905097
990.2929909229279,8.27137017806475,114748.82851014588
990.3916890621185,8.389969630510762,114572.7456591313
990.4921462535858,8.183913416849721,114446.77109321817
990.5916278362274,8.099855710429813,114349.19398389636
990.6917371749878,8.052544542335548,114271.37458550672
990.7917745113373,8.016165469393162,114207.13712695605
990.8922138214111,7.991453422369166,114155.42341426044
990.9922697544098,7.972988286860531,114112.5810728344
991.0924100875854,7.954063819622825,114076.22296555096
991.1917500495911,7.943407323508389,114048.40066899586
991.2921626567841,7.930086703365343,114025.36060209628
991.3924405574799,8.124292158416365,113935.92454188666
991.4943537712097,8.568006608698502,113774.832087698
991.5948791503906,8.838736729812675,113567.5488789282
991.6918308734894,8.952007934201468,113378.39399103538
991.7916162014008,8.780585332912345,113236.95459193183
991.8921844959259,8.69478216592197,113125.55913273865
991.9924209117889,8.643245145920256,113034.70321946479
992.0924117565155,8.604936879715773,112960.03289751832
992.1924276351929,8.579030570196196,112896.5296077665
992.292423248291,8.557625711621508,112845.47664698986
992.3922419548035,8.541916566487295,112802.32898229087
992.4921293258667,8.525196891549127,112766.59608406179
992.5921959877014,8.511233206985384,112738.33647565561
992.6916146278381,8.50020924548769,112714.30282809006
992.7916219234467,8.491298209943723,112694.97254528107
992.891674041748,8.483948902278595,112679.77529075296
992.992428779602,8.47467040135137,112665.09776167768
993.0921289920807,8.467229227340427,112655.38798550992
993.1916747093201,8.461533513899951,112647.94918695894
993.2920119762421,8.453081810085054,112642.45426826306
993.3916821479797,8.447937294719464,112638.80884143675
993.492288351059,8.440404254362708,112636.82795729308
993.5917630195618,8.435627204380374,112634.04516156379
993.6915292739868,8.43305494669758,112633.64064540742
993.7917630672455,8.42726736691129,112632.87658086668
993.8917727470398,8.422857782312212,112633.48892278
993.9922902584076,8.41854006405895,112635.140030502
994.0922193527222,8.413487415039175,112637.12602745181
994.1920475959778,8.412385018889404,112639.61342470664
994.291624546051,8.407516102561257,112641.55208223598
994.3920121192932,8.405954374682418,112645.89687401238
994.4917738437653,8.402647186233109,112650.00718661114
994.5916016101837,8.396584007409379,112655.30646795002
994.6922459602356,8.393828017034956,112660.87582115503
994.7918915748596,8.392082556464487,112666.28823903952
994.8916387557983,8.388683501669364,112671.45941513557
994.9917888641357,8.38721364013634,112676.31347362201
995.0917925834656,8.38409018437866,112679.8821262598
995.1914355754852,8.379588733433769,112683.99391363384
995.2920217514038,8.379129401704699,112688.79452227046
995.3919732570648,8.37628154498446,112694.3150700434
995.4923532009125,8.373433688264223,112698.18356303907
995.5918049812317,8.37269875749771,112702.06520673516
995.6926152706146,8.379313134396327,112674.85868606165
995.7925260066986,8.815035212592635,112557.47281745549
995.8923399448395,9.21079543035981,112365.22553570995
995.9945695400238,9.563470331940165,112122.20298213896
996.0918698310852,9.543076003169434,111927.28268392506
996.1923155784607,9.460488158282551,111766.75441553256
996.2922413349152,9.407297544056183,111633.27897397931
996.3919899463654,9.36586582209402,111520.95107658138
996.4921567440033,9.334906863554666,111426.25596892324
996.5918478965759,9.309276153072531,111346.13037203092
996.6922585964203,9.28732009642296,111277.81733482784
996.7916390895844,9.268671228222695,111220.83560134505
996.8921563625336,9.252135285976156,111171.15204121056
996.9923186302185,9.240835725441022,111129.7368370895
997.0916891098022,9.225953377419136,111096.16315338056
997.192137002945,9.215848079379585,111066.54683804252
997.2919428348541,9.20702891018143,111043.49215423827
997.3914806842804,9.196831745796064,111023.34293881444
997.4917492866516,9.188931240056052,111008.708644933
997.5920608043671,9.182316863157435,110995.5377804397
997.6919820308685,9.174048892034165,110985.78400239574
997.7921855449677,9.16743451513555,110977.80560215618
997.8923027515411,9.159534009395538,110972.22504194056
997.9914934635162,9.155859355562972,110967.60253774651
998.0923976898193,9.150714840197383,110965.24228397186
998.1922662258148,9.144743527719465,110963.81805557468
998.2923390865326,9.137853551783408,110962.03625001722
998.3919677734375,9.133719566221773,110962.6326250155
998.4914371967316,9.129034382585253,110963.96936251395
998.5912029743195,9.127288922014785,110954.67242626256
998.6934187412262,9.492182047588418,110848.9051836363
998.7913393974304,9.891157587459084,110671.91466527269
998.894257068634,10.274975180270424,110436.92319874543
998.9921820163727,10.293807781162316,110239.6308788709
999.0921602249146,10.191928003654471,110080.36779098382
999.1917459964752,10.124957437555986,109949.23101188545
999.2917840480804,10.079575462723819,109839.5079106969
999.392331123352,10.048800236876092,109749.65711962723
999.4923164844513,10.0228020610107,109672.5914076645
999.5924022197723,9.998090013986705,109606.63226689806
999.69176030159,9.983299532310633,109549.96904020825
999.7918753623962,9.964926263147813,109503.57213618743
999.8919479846954,9.95169750935058,109464.3149225687
999.9916603565216,9.936815161328695,109431.28343031183
1000.0915672779083,9.926893595980772,109403.15508728065
1000.1917612552643,9.919176822932387,109380.7395785526
1000.2916724681854,9.91054138642586,109361.56562069734
1000.391717672348,9.902089682610963,109346.0090586276
1000.492124080658,9.892903048029552,109333.90815276485
1000.5920689105988,9.885278141326982,109325.51733748837
1000.691831111908,9.880684824036276,109318.26560373954
1000.7919836044312,9.871681922146495,109314.03904336558
1000.8919711112976,9.869293397155328,109309.03513902903
1000.991546869278,9.864332614481365,109306.83162512613
1001.0915496349335,9.857442638545308,109306.74846261353
1001.1920983791351,9.854594781825071,109307.17361635219
1001.2916121482849,9.848807202038781,109307.05625471697
1001.3923428058624,9.845040681860404,109310.05062924528
1001.4916703701019,9.83870190399923,109312.84556632076
1001.591747045517,9.834659784783408,109315.86100968868
1001.6918535232544,9.831811928063171,109320.17490871981
1001.7916519641876,9.828229140576422,109323.95741784784
1001.8923270702362,9.824370754052229,109325.96167606305
1001.9922769069672,9.819685570415709,109330.06550845674
1002.0915405750275,9.817388911770356,109334.85895761107
1002.1922543048859,9.814357322358491,109339.17306184997
1002.2916412353516,9.812519995442209,109345.05575566497
1002.3922939300537,9.809580272376158,109350.75018009848
1002.4919221401215,9.80627308392685,109355.27516208864
1002.5917344093323,9.807008014693363,109360.14764587977
1002.6925129890442,9.802506563748471,109365.2328812918
1002.791825056076,9.799383107990792,109369.50959316263
1002.8914470672607,9.797453914728695,109374.75863384636
1002.9922442436218,9.79442232531683,109379.38277046173
1003.0921304225922,9.791207003213337,109384.44449341556
1003.1918375492096,9.789461542642869,109388.70004407401
1003.2923820018768,9.789369676297055,109393.03003966661
1003.3916549682617,9.784041428239837,109397.52703569995
1003.4916987419128,9.78303089843588,109402.37433212997
1003.5924286842346,9.781377304211226,109406.53689891697
1003.6919503211975,9.77963184364076,109411.78320902528
1003.7917659282684,9.778713180182617,109415.40488812275
1003.8916075229645,9.774762927312612,109419.86439931048
1003.9916968345642,9.773017466742143,109424.87795937943
1004.09210729599,9.77163947155493,109427.7901634415
1004.1919605731964,9.769250946563766,109432.61114709736
1004.2919216156006,9.76915908021795,109435.75003238762
1004.3916473388672,9.768883481180508,109438.57502914887
1004.4921503067017,9.766127490806085,109443.21752623399
1004.5919871330261,9.762912168702591,109446.4957736106
1004.6918985843658,9.761901638898635,109450.14619624955
1004.7918863296509,9.760523643711425,109454.4315766246
1004.8920283317566,9.75795138602863,109457.98841896214
1004.9920728206635,9.75638965814979,109460.48957706594
1005.0920684337616,9.757859519682816,109463.34061935934
1005.1915907859802,9.756573390841417,109465.5065574234
1005.2917001247406,9.75234753893397,109467.95590168107
1005.3915002346039,9.751796340859084,109471.46031151297
1005.4920659065247,9.749407815867917,109473.91428036169
1005.5916588306427,9.74858101875559,109476.22285232552
1005.6922216415405,9.744722632231397,109479.50056709297
1005.7917931079865,9.746743691839308,109482.15051038368
1005.8922038078308,9.743712102427443,109484.93545934532
1005.9922752380371,9.74453889953977,109487.74191341079
1006.0915765762329,9.741507310127904,109490.16772206972
1006.1915013790131,9.740680513015578,109493.25094986275
1006.2922942638397,9.739761849557436,109496.02585487648
1006.3918452262878,9.737005859183013,109498.72326938884
1006.4914999008179,9.739026918790923,109501.25094244996
1006.5924487113953,9.736362794762314,109502.62584820496
1006.6924633979797,9.734617334191846,109503.76326338446
1006.7921414375305,9.734801066883474,109505.58693704601
1006.891813993454,9.734801066883474,109507.42824334142
1006.9915297031403,9.733514938042077,109510.68541900728
1007.0913696289062,9.73379053707952,109511.11687710656
1007.1920804977417,9.731310145742539,109512.2051893959
1007.2920696735382,9.729013487097186,109513.1846704563
1007.3921339511871,9.729380952480442,109515.86620341068
1007.4922475814819,9.727727358255787,109519.77958306961
1007.5921695232391,9.727176160180903,109521.30162476265
1007.6924469470978,9.724695768843922,109523.37146228639
1007.7923219203949,9.723317773656712,109525.33431605776
1007.8916795253754,9.72487950153555,109526.800884452
1007.9920928478241,9.72350150634834,109528.2207960068
1008.0923759937286,9.720929248665545,109529.59871640612
1008.1924662590027,9.721021115011359,109530.73884476552
1008.2922873497009,9.719643119824147,109532.76496028899
1008.392520904541,9.929006521934497,109461.7884642601
1008.4921102523804,10.33303471082494,109340.4096178341
1008.5919635295868,10.31787676376561,109233.9686560507
1008.6914508342743,10.309516926296528,109138.47179044562
1008.7912454605103,10.301340821519073,109054.02461140105
1008.8913578987122,10.297390568649066,108978.82215026095
1008.9914543628693,10.290133127329751,108912.83993523486
1009.0914008617401,10.284988611964161,108853.55594171138
1009.192414522171,10.283059418702065,108801.80034754025
1009.2912962436676,10.278741700448801,108755.22031278623
1009.3915221691132,10.27378091777484,108715.29828150761
1009.491382598877,10.267442139913667,108680.26845335685
1009.5914182662964,10.266064144726455,108648.84160802118
1009.691483259201,10.262481357239706,108621.55744721906
1009.791524887085,10.259449767827839,108597.60170249715
1009.8916156291962,10.255775113995275,108576.74153224743
1009.9917693138123,10.250906197667128,108557.26737902268
1010.0918073654175,10.247507142872006,108541.54064112042
1010.1917295455933,10.245302350572468,108527.98657700839
1010.2918927669525,10.240709033281762,108515.08791930755
1010.3921332359314,10.241076498665018,108503.0791273768
1010.491997718811,10.237953042907339,108494.27121463911
1010.5918781757355,10.235013319841286,108486.8440931752
1010.6919512748718,10.231889864083607,108481.25968385769
1010.7919130325317,10.23060373524221,108474.73371547193
1010.8920726776123,10.22812334390523,108472.36034392474
1010.9916744232178,10.22481615545592,108469.42430953227
1011.0918881893158,10.22343816026871,108467.58187857906
1011.1918208599091,10.223070694885454,108464.72369072115
1011.2915601730347,10.21875297663219,108462.45132164903
1011.3915064334869,10.213332862229159,108461.10618948413
1011.4917879104614,10.214343392033113,108462.19557053571
1011.5918843746185,10.211863000696132,108461.07601348215
1011.6918277740479,10.207912747826125,108460.16841213393
1011.7916767597198,10.208923277630081,108461.95157092054
1011.8914697170258,10.20488115841426,108462.3564138285
1011.9922678470612,10.204789292068446,108463.32077244564
1012.0921001434326,10.204146227647747,108464.38869520108
1012.1918933391571,10.201206504581696,108465.34982568098
1012.2915403842926,10.198083048824016,108466.71484311289
1012.3915212154388,10.196245721907735,108468.8433588016
1012.4923179149628,10.195878256524477,108471.65902292145
1012.5920803546906,10.194408394991452,108473.79312062931
1012.6921808719635,10.190182543084003,108477.0138085664
1012.7923533916473,10.190458142121445,108479.61242770976
1012.8920831680298,10.187242820017952,108482.15118493878
1012.9916388988495,10.185129894064227,108485.1360664449
1013.0915992259979,10.185497359447483,108488.12245980042
1013.1917543411255,10.186416022905625,108491.11021382039
1013.2918567657471,10.183108834456316,108494.59919243836
1013.3921377658844,10.181547106577478,108497.93927319453
1013.4922807216644,10.178882982548867,108500.84534587507
1013.5920734405518,10.1771375219784,108502.76081128758
1013.6920654773712,10.176126992174444,108506.28473015882
1013.7919502258301,10.174105932566535,108509.35625714294
1013.8920638561249,10.172176739304438,108511.22063142864
1013.9920556545258,10.17465713064142,108515.29856828578
1014.0920977592468,10.17245233834188,108517.9687114572
1014.1921248435974,10.166940357593035,108520.67184031148
1014.2919268608093,10.166113560480706,108523.90465628034
1014.3919291496277,10.166572892209777,108525.61419065231
1014.4918260574341,10.16666475855559,108527.55277158708
1014.5921845436096,10.162622639339771,108529.99749442837
1014.6922876834869,10.16436809991024,108531.89774498553
1014.791962146759,10.160785312423489,108534.00797048699
1014.8919756412506,10.160877178769303,108536.40717343829
1014.9918286800385,10.16014224800279,108538.36645609447
1015.0917043685913,10.157110658590925,108540.52981048502
1015.1916658878326,10.156191995132783,108542.47682943652
1015.292464017868,10.156283861478597,108544.92914649287
1015.3922190666199,10.154630267253944,108547.23623184359
1015.4923310279846,10.154630267253944,108549.91260865924
1015.592264175415,10.15343600475836,108551.82134779333
1015.6918113231659,10.152149875916963,108553.739213014
1015.7919819355011,10.15141494515045,108555.46529171261
1015.8920238018036,10.14875082112184,108557.51876254135
1015.9920163154602,10.148475222084398,108559.06688628723
1016.0919692516327,10.147648424972072,108561.16019765851
1016.1920962333679,10.146454162476488,108563.24417789266
1016.2914774417877,10.143422573064623,108564.5197601034
1016.3918039798737,10.145076167289277,108567.06778409306
1016.4922823905945,10.141401513456712,108568.36100568375
1016.5915892124176,10.143330706718809,108570.12490511539
1016.6920022964478,10.141034048073456,108573.41241460385
1016.7917323112488,10.140482849998572,108575.57117314347
1016.8920912742615,10.140574716344386,108577.31405582913
1016.9920859336853,10.137726859624149,108580.78265024623
1017.0920672416687,10.13735939424089,108583.8043852216
1017.1919958591461,10.138737389428103,108584.72394669945
1017.2917273044586,10.134144072137397,108586.6515520295
1017.3917920589447,10.135154601941354,108588.98639682656
1017.4921097755432,10.131571814454603,108589.68775714391
1017.5919785499573,10.130561284650648,108589.81898142953
1017.6915833950043,10.130193819267392,108591.53708328657
1017.7916541099548,10.12835649235111,108593.68337495792
1017.8915634155273,10.129367022155064,108594.81503746213
1017.9915509223938,10.129458888500878,108597.33353371592
1018.0916512012482,10.125324902939244,108598.80018034433
1018.1915345191956,10.126886630818083,108601.52016230991
1018.2916498184204,10.124957437555986,108602.66814607893
1018.3922955989838,10.124681838518544,108604.60133147103
1018.4921019077301,10.12661103178064,108606.44119832393
1018.5917897224426,10.12256891256482,108607.29707849154
1018.6922461986542,10.124038774097846,108609.86737064239
1018.7917413711548,10.123946907752032,108611.48063357816
1018.8916182518005,10.119812922190397,108613.23257022034
1018.9919784069061,10.120272253919467,108614.70931319831
1019.0916023254395,10.122936377948077,108615.43838187848
1019.1924052238464,10.117975595274114,108616.69454369064
1019.2917213439941,10.119077991423884,108617.92508932156
1019.3916761875153,10.114944005862249,108620.03258038941
1019.4921796321869,10.11806746161993,108622.62932235048
1019.5915360450745,10.114392807787365,108623.56639011543
1019.6919634342194,10.111912416450384,108625.10975110388
1019.7919054031372,10.113106678945966,108627.6987759935
1019.8920772075653,10.11338227798341,108627.72889839415
1019.9915232658386,10.113106678945966,108630.25600855474
1020.0915741920471,10.113290411637596,108631.43040769927
1020.1915156841278,10.111453084721314,108632.78736692935
1020.2924053668976,10.110810020300615,108633.20863023642
1020.3917820453644,10.112555480871082,108634.08776721278
1020.4919061660767,10.108972693384333,108636.6789904915
1020.5919959545135,10.108421495309448,108639.01109144236
1020.6916000843048,10.10823776261782,108641.30998229812
1020.792154788971,10.105022440514325,108645.1789840683
1020.8917992115021,10.105298039551768,108647.26108566148
1020.9918911457062,10.104838707822697,108648.83497709534
1021.0919029712677,10.104930574168511,108649.95147938581
1021.1918799877167,10.101898984756646,108651.15633144723
1021.2918336391449,10.103001380906415,108653.4406983025
1021.3916687965393,10.102174583794088,108654.59662847225
1021.4918532371521,10.10107218764432,108656.63696562503
1021.5917377471924,10.101807118410832,108658.37326906252
1021.6919844150543,10.102358316485716,108658.93594215627
1021.791987657547,10.102633915523159,108660.14234794065
1021.8919813632965,10.101439653027576,108662.7281131466
1021.9919834136963,10.099786058802922,108663.95530183194
1022.0916485786438,10.100796588606876,108664.95977164875
1022.19189620018,10.096662603045242,108666.06379448388
1022.2915365695953,10.098224330924081,108667.5574150355
1022.3916199207306,10.096111404970358,108668.40167353196
1022.4922831058502,10.095009008820588,108669.06150617877
1022.591804265976,10.097764999195011,108669.7553555609
1022.6918115615845,10.093355414595933,108672.07982000482
1022.791672706604,10.095009008820588,108672.87183800434
1022.8919205665588,10.09390661267082,108673.0846542039
1022.9914827346802,10.094549677091518,108674.07618878353
1023.0918045043945,10.09170182037128,108675.26856990518
1023.1919593811035,10.091885553062909,108675.64171291466
1023.2918350696564,10.092987949212677,108678.6775416232
1023.3915767669678,10.090048226146626,108679.20978746089
1023.4913840293884,10.091334354988025,108680.2888087148
1023.592119216919,10.088486498267786,108681.15992784331
1023.6919133663177,10.09014009249244,108682.34393505899
1023.7918961048126,10.088670230959414,108682.5095415531
1023.8916435241699,10.087751567501273,108681.2585873978
1023.9916467666626,10.086741037697319,108683.73272865803
1024.091451883316,10.085822374239177,108684.85945579222
1024.1915848255157,10.086924770388947,108684.873510213
1024.2923159599304,10.08343384924801,108685.5861591917
1024.391891002655,10.082790784827312,108685.72754327253
1024.4922573566437,10.083985047322896,108687.25478894528
1024.5920779705048,10.083525715593824,108688.62931005076
1024.6923706531525,10.083066383864754,108689.56637904569
1024.792091846466,10.08159652233173,108689.60974114112
1024.8924279212952,10.080402259836145,108688.74876702702
1024.9919357299805,10.082790784827312,108690.87389032432
1025.0916092395782,10.081963987714985,108692.3865012919
1025.1924500465393,10.079483596378005,108692.94785116271
1025.2919385433197,10.079299863686376,108693.75306604644
1025.3917899131775,10.078932398303118,108694.37775944179
1025.4922404289246,10.079667329069633,108694.63998349762
1025.591923236847,10.078564932919862,108695.07598514785
1025.6924386024475,10.077462536770094,108696.36838663307
1025.7922031879425,10.076635739657767,108697.43154796975
1025.891741991043,10.079207997340562,108698.78839317278
1025.9915206432343,10.077095071386838,108700.20955385551
1026.0923461914062,10.077738135807536,108701.98859846996
1026.1917142868042,10.078564932919862,108703.08973862298
1026.292452096939,10.074339081012415,108703.38076476069
1026.39173412323,10.075257744470555,108703.34268828463
1026.491550207138,10.074982145433113,108704.00841945616
1026.5916185379028,10.072777353133574,108704.20757751056
1026.692277431488,10.07314481851683,108704.28681975951
1026.7916367053986,10.072869219479388,108704.15813778357
1026.8919355869293,10.072409887750318,108702.54232400522
1026.9918444156647,10.072134288712876,108704.18809160471
1027.0915055274963,10.07176682332962,108704.76928244423
1027.1915035247803,10.07222615505869,108705.59235419982
1027.2922945022583,10.07314481851683,108706.33311877985
1027.3923647403717,10.072501754096132,108707.99980690186
1027.4917221069336,10.067816570459613,108709.29982621169
1027.5924274921417,10.069929496413337,108710.16984359053
1027.691780090332,10.069194565646823,108712.95285923147
1027.7923035621643,10.069286431992639,108712.55757330832
1027.8916807174683,10.06845963488031,108713.1018159775
1027.9922215938568,10.069194565646823,108714.29163437976
1028.0920641422272,10.067632837767984,108715.26247094179
1028.1917009353638,10.067816570459613,108717.03622384761
1028.2918908596039,10.06800030315124,108717.63260146286
1028.3916673660278,10.067173506038914,108718.56934131657
1028.4915206432343,10.06460124835612,108718.51240718491
1028.5915033817291,10.066071109889144,108718.96116646643
1028.6922521591187,10.06551991181426,108720.76504981978
1028.7921311855316,10.065244312776818,108721.9885448378
1028.8918626308441,10.06551991181426,108722.88969035403
1028.9915790557861,10.064050050281233,108722.00072131862
1029.0923681259155,10.061477792598438,108722.50064918675
1029.1918606758118,10.064876847393561,108723.65058426809
1029.2915124893188,10.060926594523554,108723.58552584129
1029.3920893669128,10.063131386823093,108725.42697325716
1029.4916849136353,10.062304589710767,108725.18427593145
1029.5914483070374,10.061018460869368,108725.96584833831
1029.6922860145569,10.060007931065414,108726.06926350448
1029.7914612293243,10.05725194069099,108725.56233715404
1029.8916144371033,10.0599160647196,108727.30610343865
1029.9924066066742,10.058538069532387,108728.6754930948
1030.0917358398438,10.058905534915644,108730.60794378532
1030.1923971176147,10.058629935878201,108731.74714940679
1030.2914605140686,10.056700742616105,108731.67243446612
1030.391752243042,10.059456732990528,108732.7051910195
1030.4924266338348,10.05725194069099,108732.33467191755
1030.5916018486023,10.05477154935401,108733.00120472579
1030.6915836334229,10.056884475307733,108733.50108425322
1030.791467666626,10.056884475307733,108734.55097582791
1030.8923511505127,10.053393554166798,108734.29587824512
1030.9919221401215,10.054312217624938,108733.26629042061
1031.0914669036865,10.056700742616105,108732.83966137856
1031.1921229362488,10.055414613774708,108733.5556952407
1031.2914474010468,10.053944752241682,108734.50012571664
1031.3920238018036,10.053117955129355,108736.55011314499
1031.4924013614655,10.055506480120522,108737.7951018305
1031.5914869308472,10.051923692633771,108737.71559164746
1031.692084312439,10.053026088783541,108737.74403248272
1031.7921240329742,10.051556227250515,108737.56962923445
1031.8918664455414,10.051280628213073,108736.812666311
1031.9922144412994,10.050637563792375,108736.4313996799
1032.0916347503662,10.050270098409118,108735.88825971192
1032.1920068264008,10.050178232063304,108735.99943374073
1032.2921288013458,10.051648093596329,108737.39949036666
1032.39164352417,10.051831826287957,108738.25954133
1032.4921979904175,10.049535167642604,108737.933587197
1032.5921642780304,10.049902633025862,108739.84022847729
1032.6919577121735,10.049075835913534,108740.05620562956
1032.792363166809,10.048432771492836,108740.4505850666
1032.8920102119446,10.049994499371676,108741.00552655995
1032.9922497272491,10.047973439763766,108740.10497390396
1033.0914664268494,10.048800236876092,108741.49447651356
1033.192097902298,10.046227979193297,108742.2450288622
1033.2915139198303,10.046779177268181,108743.82052597599
1033.39226603508,10.044390652277015,108744.5384733784
1033.4919238090515,10.045768647464227,108746.08462604057
1033.5915846824646,10.044115053239572,108747.57616343652
1033.6915283203125,10.047054776305623,108748.51854709287
1033.7921147346497,10.046044246501669,108749.06669238358
1033.8922300338745,10.046411711884925,108750.96002314524
1033.9924178123474,10.04338012247306,108750.96402083072
1034.0921030044556,10.042828924398176,108750.46761874766
1034.1923356056213,10.045309315735157,108751.32085687289
1034.2919087409973,10.04246145901492,108751.6887711856
1034.3915407657623,10.043196389781432,108753.01989406704
1034.49209690094,10.043655721510502,108754.51790466034
1034.5915145874023,10.044482518622829,108755.86611419432
1034.6918613910675,10.041450929210963,108754.77950277488
1034.7919435501099,10.040624132098637,108756.30155249739
1034.8922896385193,10.039246136911425,108756.77139724766
1034.9914569854736,10.041450929210963,108756.5942575229
1035.0919840335846,10.041634661902592,108757.83483177063
1035.1923677921295,10.039338003257239,108759.15134859357
1035.2920994758606,10.040256666715381,108759.23621373421
1035.3922736644745,10.039429869603053,108759.9125923608
1035.4917616844177,10.039705468640495,108761.02133312472
1035.5922141075134,10.040440399407009,108761.51919981226
1035.6916816234589,10.040807864790265,108762.36727983104
1035.7920980453491,10.039981067677939,108763.63055184793
1035.8923659324646,10.036949478266072,108764.16749666314
1035.992383480072,10.037868141724214,108766.05074699683
1036.0920600891113,10.037500676340956,108767.04567229716
1036.1915633678436,10.037960008070028,108767.94110506745
1036.2921142578125,10.036490146537002,108768.64699456071
1036.3918788433075,10.035571483078861,108769.28229510464
1036.4922568798065,10.035571483078861,108769.15406559418
1036.5922570228577,10.037868141724214,108770.13865903477
1036.6917929649353,10.03621454749956,108772.6247931313
1036.7917346954346,10.035847082116303,108774.46231381818
1036.8922669887543,10.03621454749956,108774.11608243636
1036.9915432929993,10.033366690779323,108775.10447419272
1037.0916602611542,10.035204017695605,108776.29402677345
1037.1917560100555,10.034469086929091,108776.36462409611
1037.2915058135986,10.033642289816765,108776.9281616865
1037.3923916816711,10.035020285003975,108777.23534551785
1037.4913549423218,10.034285354237463,108776.81181096607
1037.5920839309692,10.03529588404142,108777.03062986946
1037.6918275356293,10.031896829246296,108779.42756688253
1037.7921488285065,10.033734156162579,108779.28481019428
1037.891333580017,10.033642289816765,108779.55632917485
1037.992151260376,10.03198869559211,108779.50069625737
1038.0922935009003,10.03198869559211,108778.45062663165
1038.1915392875671,10.031161898479784,108778.50556396847
1038.2923996448517,10.031713096554668,108779.15500757162
1038.3914589881897,10.030243235021643,108779.73950681447
1038.4917840957642,10.030794433096528,108780.46555613301
1038.5919449329376,10.031437497517226,108780.61900051971
1038.6919057369232,10.029140838871873,108781.25710046774
1038.7920470237732,10.029600170600943,108782.53139042098
1038.8916628360748,10.031621230208854,108783.47825137888
1038.9920451641083,10.029600170600943,108783.630426241
1039.0916495323181,10.028865239834431,108784.6673836169
1039.1921753883362,10.027119779263963,108785.30064525522
1039.2913265228271,10.027854710030477,108786.2705807297
1039.392101764679,10.027119779263963,108787.44352265674
1039.4917497634888,10.026936046572335,108788.29917039108
1039.5918312072754,10.027762843684663,108787.06925335198
1039.6915879249573,10.025098719656052,108786.66232801678
1039.7916576862335,10.026936046572335,108787.5960952151
1039.8913884162903,10.027119779263963,108788.7364856936
1039.9915890693665,10.028957106180245,108789.26283712426
1040.0921506881714,10.02546618503931,108789.43655341184
1040.1923391819,10.026109249460008,108789.89289807066
1040.2915177345276,10.026109249460008,108789.80360826358
1040.3917756080627,10.023353259085585,108790.02324743722
1040.491404056549,10.024455655235354,108789.0209226935
1040.5921308994293,10.023628858123027,108789.11883042415
1040.6914296150208,10.02546618503931,108788.00694738174
1040.7920398712158,10.025190586001866,108787.30625264358
1040.8917200565338,10.02546618503931,108787.57562737922
1040.9924120903015,10.022893927356515,108788.3180646413
1041.091845035553,10.02436378888954,108788.78625817718
1041.1917071342468,10.026017383114194,108788.80763235947
1041.2913644313812,10.021607798515117,108788.82686912353
1041.3921856880188,10.023812590814655,108787.84418221118
1041.49183011055,10.024455655235354,108787.15976399007
1041.5923371315002,10.022710194664885,108787.94378759107
1041.6916451454163,10.022250862935815,108788.04940883195
1041.7918920516968,10.021515932169303,108788.54446794877
1041.891723394394,10.021883397552559,108789.69002115389
1041.9914300441742,10.023261392739771,108790.12101903852
1042.0919601917267,10.020689135056976,108791.00891713466
1042.1914200782776,10.020046070636276,108790.8080254212
1042.2922172546387,10.020689135056976,108791.12722287909
1042.392410516739,10.018668075449066,108791.71450059119
1042.4917623996735,10.02013793698209,108792.64305053207
1042.5915994644165,10.019403006215578,108793.67874547887
1042.6915519237518,10.019311139869764,108794.31087093099
1042.7923488616943,10.01875994179488,108795.0797838379
1042.8916890621185,10.02013793698209,108795.87180545411
1042.9923689365387,10.016463283149527,108797.5846249087
1043.091706752777,10.0156364860372,108797.72616241785
1043.192134141922,10.018851808140694,108798.15354617606
1043.2918214797974,10.016463283149527,108798.73819155846
1043.3923814296722,10.018576209103252,108798.96437240262
1043.4915149211884,10.017014481224411,108800.16793516238
1043.5924034118652,10.016371416803713,108801.75114164615
1043.6917943954468,10.017014481224411,108801.57602748154
1043.7922258377075,10.017381946607667,108802.2184247334
1043.891449689865,10.017106347570225,108801.59658226006
1043.9919173717499,10.017381946607667,108803.13692403404
1044.0915231704712,10.016738882186969,108804.42323163064
1044.1914885044098,10.01609581776627,108802.98090846758
1044.2915260791779,10.01453408988743,108804.28281762083
1044.3918821811676,10.014717822579058,108805.25453585875
1044.4916834831238,10.014901555270686,108804.02908227289
1044.591700553894,10.016463283149527,108804.3261740456
1044.6916244029999,10.016187684112085,108804.59355664103
1044.7923970222473,10.013891025466732,108804.13420097693
1044.892101764679,10.013982891812546,108803.62078087925
1044.9914829730988,10.013891025466732,108804.75870279133
1045.0922055244446,10.01315609470022,108803.8828325122
1045.1917769908905,10.01545275334557,108804.79454926099
1045.2922265529633,10.013431693737662,108807.31509433489
1045.3919587135315,10.01407475815836,108807.8835849014
1045.4917209148407,10.014625956233244,108808.29522641125
1045.5923917293549,10.013707292775104,108809.36570377013
1045.6916024684906,10.011961832204635,108810.22913339312
1045.7916808128357,10.011410634129751,108809.9062200538
1045.891563653946,10.01205369855045,108811.21559804842
1045.9919037818909,10.011869965858821,108812.69403824359
1046.0918145179749,10.011135035092309,108812.92463441924
1046.192304611206,10.010124505288353,108813.13217097732
1046.2915396690369,10.011043168746495,108813.51895387958
1046.3914580345154,10.012880495662776,108814.36705849163
1046.4922349452972,10.009113975484398,108813.73035264247
1046.591426372528,10.010491970671609,108814.65731737822
1046.6916093826294,10.011318767783937,108815.09158564042
1046.791882276535,10.010859436054867,108815.68242707639
1046.8914604187012,10.011226901438123,108815.31418436875
1046.9924175739288,10.00893024279277,108815.98276593187
1047.0917806625366,10.007919712988814,108816.18448933869
1047.192326784134,10.010491970671609,108816.86604040483
1047.2916643619537,10.010032638942539,108817.17943636434
1047.3922588825226,10.009573307213468,108817.4614927279
1047.4916019439697,10.005806787035091,108818.01534345512
1047.5923330783844,10.007919712988814,108818.41380910961
1047.6916377544403,10.008287178372072,108818.87242819865
1047.7914943695068,10.007092915876488,108818.98518537878
1047.892276763916,10.006817316839046,108819.38666684092
1047.9917244911194,10.006266118764161,108820.04800015684
1048.0920922756195,10.007735980297186,108820.34320014116
1048.191554069519,10.006357985109975,108819.60888012705
1048.2919752597809,10.006082386072533,108821.14799211435
1048.3916974067688,10.007184782222302,108822.63319290293
1048.491539478302,10.00736851491393,108822.96987361264
1048.5920536518097,10.005806787035091,108822.77288625139
1048.6915447711945,10.008562777409514,108824.29559762626
1048.791997909546,10.007460381259744,108824.86603786364
1048.8917455673218,10.004428791847879,108825.77943407727
1048.9921152591705,10.007184782222302,108826.50149066954
1049.0918600559235,10.002958930314852,108826.25134160259
1049.1920473575592,10.00424505915625,108827.02620744234
1049.2917268276215,10.004061326464623,108826.32358669811
1049.3918635845184,10.004612524539507,108826.1912280283
1049.4923639297485,10.005439321651833,108826.47210522546
1049.5919671058655,10.00424505915625,108827.12489470292
1049.6918542385101,10.004612524539507,108828.11240523263
1049.792198419571,10.002775197623224,108828.80116470937
1049.8914632797241,10.002958930314852,108828.62104823843
1049.991465806961,10.003601994735552,108828.6589434146
1050.0923142433167,10.004061326464623,108829.09304907314
1050.1916337013245,10.002407732239968,108829.18374416583
1050.2920939922333,10.003510128389738,108828.46536974925
1050.3915956020355,10.002867063969038,108828.71883277434
1050.4916183948517,10.000754138015314,108828.8469494969
1050.5921795368195,10.00268333127741,108829.96225454721
1050.6919305324554,10.0013053360902,108830.7660290925
1050.7917602062225,10.00176466781927,108831.68942618325
1050.8920857906342,10.004061326464623,108831.62048356493
1050.9915659427643,10.000386672632057,108832.05843520844
1051.091795682907,10.002867063969038,108833.3525916876
1051.1922237873077,9.997630682257634,108832.81733251884
1051.2918014526367,9.999835474557173,108832.93559926696
1051.391612291336,9.999376142828103,108834.54203934027
1051.4921875,9.998090013986705,108835.58783540624
1051.5917761325836,9.997263216874378,108836.22905186562
1051.6923429965973,9.996528286107866,108835.70614667906
1051.7917358875275,9.997906281295077,108835.23553201117
1051.891435623169,9.998824944753219,108833.61197881005
1051.9916198253632,9.99662015245368,108833.35078092905
1052.0914642810822,9.998824944753219,108833.41570283615
1052.1924278736115,9.999192410136475,108831.97413255254
1052.291440486908,9.999192410136475,108831.57671929729
1052.3923516273499,9.994966558229025,108830.51904736756
1052.4918081760406,9.995334023612282,108831.3671426308
1052.5914261341095,9.995334023612282,108829.93042836772
1052.6923599243164,9.99597708803298,108830.43738553095
1052.7924435138702,9.995793355341352,108831.99364697786
1052.891906261444,9.995793355341352,108833.09428228009
1052.9915142059326,9.996712018799494,108834.38485405208
1053.0914897918701,9.996712018799494,108834.74636864688
1053.1922814846039,9.995150290920654,108836.97173178219
1053.292164325714,9.993221097658557,108837.07455860398
1053.3915030956268,9.994966558229025,108837.36710274359
1053.492357969284,9.993772295733443,108838.43039246924
1053.5918397903442,9.995334023612282,108838.28735322232
1053.692480802536,9.993496696695999,108839.45861790009
1053.792148590088,9.993956028425071,108840.01275611008
1053.8916065692902,9.994782825537397,108840.11148049908
1053.9914486408234,9.992210567854602,108841.30033244917
1054.0915653705597,9.994782825537397,108840.57029920426
1054.1920912265778,9.993129231312743,108841.11326928384
1054.2922649383545,9.992486166892045,108840.60194235547
1054.3921473026276,9.991200038050648,108842.24174811992
1054.4924454689026,9.992945498621115,108842.41757330793
1054.5923223495483,9.992945498621115,108842.07581597715
1054.691504240036,9.993772295733443,108841.56823437943
1054.792307138443,9.993221097658557,108841.0114109415
1054.891717672348,9.993588563041813,108843.01026984736
1054.9915614128113,9.991567503433904,108843.00924286264
1055.0921964645386,9.992761765929487,108842.90831857637
1055.1916358470917,9.991567503433904,108842.71748671874
1055.2923510074615,9.993312964004371,108842.84573804686
1055.3922877311707,9.991291904396462,108843.16116424218
1055.4915070533752,9.993221097658557,108843.74504781797
1055.5916578769684,9.990556973629948,108843.37054303617
1055.6916325092316,9.990648839975762,108844.93348873255
1055.7918441295624,9.988444047676223,108845.2401398593
1055.892380952835,9.988535914022037,108845.51612587339
1055.991795539856,9.990648839975762,108845.46451328605
1056.0914103984833,9.989362711134365,108844.61806195744
1056.1914248466492,9.99083257266739,108845.05625576171
1056.2923531532288,9.988076582292967,108845.25063018553
1056.3915643692017,9.988535914022037,108845.92556716698
1056.4923613071442,9.989087112096923,108846.03301045028
1056.5923631191254,9.990740706321576,108845.82970940525
1056.691596031189,9.98991390920925,108844.84673846474
1056.7918543815613,9.988811513059481,108846.06206461827
1056.8914921283722,9.990281374592506,108846.65585815643
1056.9919641017914,9.988444047676223,108845.49027234079
1057.091539144516,9.988535914022037,108845.2412451067
1057.1922543048859,9.987984715947153,108846.11712059603
1057.2922687530518,9.987892849601339,108848.70540853642
1057.391680240631,9.990281374592506,108849.83486768279
1057.4920258522034,9.989087112096923,108849.95138091451
1057.592339515686,9.986422988068314,108850.65624282307
1057.6918008327484,9.988260314984595,108851.19061854077
1057.7923030853271,9.98945457748018,108851.2715566867
1057.892258644104,9.988903379405295,108851.84440101802
1057.9921882152557,9.986974186143199,108852.45996091623
1058.091463804245,9.987892849601339,108851.21396482461
1058.1923160552979,9.986514854414128,108850.49256834216
1058.2914855480194,9.985504324610172,108851.34331150795
1058.3916370868683,9.986882319797385,108850.80898035716
1058.4923131465912,9.986698587105757,108850.72808232145
1058.5915865898132,9.984677527497846,108850.5552740893
1058.6916608810425,9.985320591918544,108850.39974668037
1058.7917821407318,9.985779923647614,108849.55977201233
1058.8923614025116,9.984861260189474,108849.00379481111
1058.9915235042572,9.983023933273191,108847.50341533
1059.0923206806183,9.983942596731334,108848.153073797
1059.1914999485016,9.985871789993428,108849.43776641731
1059.2918026447296,9.983942596731334,108850.49398977558
1059.3916642665863,9.98614738903087,108849.84459079802
1059.4914638996124,9.984677527497846,108850.06013171822
1059.591923713684,9.986055522685056,108850.45411854639
1059.6922917366028,9.981370339048537,108851.00870669176
1059.7918615341187,9.984401928460404,108851.40783602258
1059.8922669887543,9.985044992881102,108852.46705242032
1059.9919171333313,9.984493794806218,108853.3203471783
1060.09162068367,9.984677527497846,108853.18831246048
1060.1924130916595,9.982289002506679,108851.96948121444
1060.2915465831757,9.98476939384366,108852.272533093
1060.3921320438385,9.983391398656448,108851.44527978371
1060.4915993213654,9.983391398656448,108851.00075180535
1060.5916936397552,9.980911007319467,108851.70067662482
1060.6914820671082,9.982656467889935,108851.33060896235
1060.7918679714203,9.982197136160865,108851.99754806612
1060.8922865390778,9.980911007319467,108853.4977932595
1060.9916400909424,9.982289002506679,108853.14801393356
1061.0922973155975,9.980911007319467,108852.73321254022
1061.1916801929474,9.982105269815051,108853.1598912862
1061.2922704219818,9.979992343861326,108853.94390215758
1061.3915042877197,9.980359809244582,108853.34951194182
1061.4917225837708,9.982289002506679,108853.21456074764
1061.592449426651,9.981462205394353,108853.69310467289
1061.6916077136993,9.981370339048537,108854.5237942056
1061.7914791107178,9.980176076552954,108855.87141478504
1061.8914880752563,9.98008421020714,108855.28427330653
1061.9915630817413,9.97806315059923,108856.05584597589
1062.0923719406128,9.980635408282025,108855.8502613783
1062.1922736167908,9.979992343861326,108855.76523524048
1062.2922599315643,9.978981814057372,108857.78871171645
1062.3916294574738,9.979716744823884,108858.80984054481
1062.4923930168152,9.979441145786442,108859.92885649033
1062.5917479991913,9.979716744823884,108860.7359708413
1062.6914927959442,9.978798081365742,108860.86237375716
1062.79207777977,9.9785224823283,108861.47613638145
1062.892394542694,9.978155016945044,108862.5285227433
1062.991616487503,9.978430615982486,108861.97567046898
1063.0914084911346,9.979533012132256,108861.87810342209
1063.1920700073242,9.979533012132256,108861.19029307988
1063.2916164398193,9.977787551561788,108861.1712637719
1063.392260313034,9.976042090991319,108862.35413739472
1063.4916150569916,9.978614348674114,108863.01872365526
1063.592282295227,9.979073680403186,108863.21685128973
1063.6923115253448,9.978430615982486,108864.49516616076
1063.7916903495789,9.977511952524345,108865.34564954469
1063.891452550888,9.97650142272039,108865.91108459023
1063.9914901256561,9.977420086178531,108867.11997613122
1064.091557264328,9.978798081365742,108866.8079785181
1064.1915245056152,9.978430615982486,108865.52718066631
1064.2914955615997,9.97448036311248,108864.57446259969
1064.3918347358704,9.976225823682947,108863.31701633972
1064.4924519062042,9.977236353486903,108864.38531470575
1064.5916101932526,9.977328219832717,108864.54678323519
1064.6923758983612,9.978430615982486,108864.29210491167
1064.7918496131897,9.974755962149922,108866.16289442051
1064.8914675712585,9.975123427533179,108865.14660497846
1064.9916605949402,9.973653566000152,108864.53194448061
1065.0924146175385,9.975582759262249,108863.57875003255
1065.1920764446259,9.978338749636672,108862.82087502931
1065.2915170192719,9.976133957337133,108862.4387875264
1065.3917768001556,9.974204764075038,108863.49490877376
1065.4915282726288,9.97493969484155,108862.9454178964
1065.592217206955,9.976225823682947,108862.05087610675
1065.6916761398315,9.97383729869178,108861.54578849608
1065.7914967536926,9.975490892916435,108862.59120964647
1065.8922414779663,9.976225823682947,108863.03208868182
1065.992175579071,9.973653566000152,108865.12887981365
1066.091857433319,9.975582759262249,108865.7159918323
1066.191593170166,9.975766491953877,108865.44439264908
1066.2923607826233,9.974388496766666,108865.29995338418
1066.3915510177612,9.97291863523364,108866.46995804577
1066.4915602207184,9.973194234271082,108867.82296224119
1066.5918426513672,9.973929165037594,108868.44066601706
1066.692412853241,9.974388496766666,108868.69659941537
1066.7916316986084,9.97337796696271,108870.12693947383
1066.89226770401,9.974296630420852,108870.91424552645
1066.9916882514954,9.974112897729224,108869.02282097381
1067.0915038585663,9.973929165037594,108869.42053887644
1067.192298412323,9.973194234271082,108869.7784849888
1067.291953086853,9.971173174663171,108870.90063648993
1067.3921856880188,9.972367437158756,108871.91057284093
1067.4920237064362,9.973194234271082,108872.61951555684
1067.5915672779083,9.971816239083871,108872.55756400115
1067.6920447349548,9.973929165037594,108872.90180760104
1067.7914752960205,9.973102367925268,108873.51162684095
1067.89159822464,9.971265041008985,108874.66046415686
1067.9914197921753,9.971081308317357,108875.69441774118
1068.0915975570679,9.9719999717755,108876.02497596707
1068.1919586658478,9.97291863523364,108874.82247837036
1068.2921974658966,9.971173174663171,108874.14023053333
1068.3916130065918,9.971173174663171,108873.62620748
1068.49227643013,9.9719999717755,108872.86358673201
1068.5923681259155,9.970162644859217,108873.07722805881
1068.6915037631989,9.970346377550845,108873.56950525293
1068.7920951843262,9.972826768887826,108874.21255472764
1068.8914964199066,9.970713842934101,108873.89129925489
1068.9918141365051,9.969887045821775,108874.2021693294
1069.0921890735626,9.970162644859217,108874.48195239645
1069.1916327476501,9.971173174663171,108874.9337571568
1069.2924160957336,9.968876516017819,108874.64038144112
1069.3915700912476,9.970162644859217,108874.476343297
1069.492407798767,9.969060248709447,108874.2287089673
1069.5915169715881,9.966487991026652,108874.40583807058
1069.692034959793,9.968141585251306,108874.66525426353
1069.7920951843262,9.967682253522236,108874.69872883717
1069.892326593399,9.969243981401076,108875.12885595346
1069.9923887252808,9.969887045821775,108877.01597035813
1070.0924320220947,9.967682253522236,108878.11437332233
1070.19233584404,9.967406654484794,108878.6029359901
1070.291422843933,9.968784649672005,108879.0426423911
1070.3923063278198,9.96667172371828,108878.93837815199
1070.492287158966,9.968417184288748,108878.44454033679
1070.591641664505,9.968509050634562,108878.90008630311
1070.6923263072968,9.966396124680838,108879.5100776728
1070.7916378974915,9.967131055447352,108880.45906990554
1070.8923580646515,9.968049718905492,108880.61316291499
1070.991577386856,9.966120525643396,108880.1518466235
1071.092035293579,9.966304258335024,108881.13666196115
1071.1915724277496,9.96621239198921,108882.12299576505
1071.2914912700653,9.967957852559678,108883.61069618854
1071.3924176692963,9.968049718905492,108883.64962656968
1071.4915161132812,9.965477461222697,108883.9846639127
1071.592360496521,9.966487991026652,108884.28619752143
1071.6925120353699,9.967682253522236,108885.65757776929
1071.7918100357056,9.965844926605953,108885.49181999237
1071.8917059898376,9.96777411986805,108885.14263799314
1071.9920716285706,9.965844926605953,108884.62837419382
1072.0922963619232,9.966304258335024,108885.66553677444
1072.1915729045868,9.964466931418743,108884.59898309699
1072.2917048931122,9.965661193914325,108883.4390847873
1072.3914639949799,9.964558797764557,108884.19517630858
1072.492329120636,9.9635482679606,108884.17565867773
1072.5923924446106,9.966028659297582,108884.05809280997
1072.6919248104095,9.963180802577345,108884.45228352897
1072.7919268608093,9.964375065072929,108884.60705517608
1072.891497850418,9.9635482679606,108885.04634965849
1072.9917905330658,9.966487991026652,108885.54171469263
1073.091558456421,9.965477461222697,108885.98754322337
1073.1922280788422,9.964650664110371,108885.08878890103
1073.2916543483734,9.966947322755724,108885.17991001093
1073.391527414322,9.9635482679606,108885.66191900984
1073.492022037506,9.960700411240364,108885.59572710886
1073.5913569927216,9.959598015090595,108885.53615439797
1073.6922974586487,9.947747256480575,108885.38253895816
1073.7915663719177,9.948206588209645,108885.34428506235
1073.892408132553,9.964834396801999,108886.50985655612
1073.9918019771576,9.964742530456185,108887.75887090052
1074.092322587967,9.962905203539902,108889.08298381048
1074.1915895938873,9.965201862185255,108890.27468542944
1074.2919447422028,9.962721470848274,108890.24721688649
1074.391518831253,9.961986540081762,108891.02249519785
1074.4922528266907,9.961894673735946,108892.22024567807
1074.5923376083374,9.962721470848274,108892.39822111026
1074.6919634342194,9.963272668923159,108891.55839899924
1074.7922031879425,9.96262960450246,108891.30255909933
1074.891525030136,9.963180802577345,108892.1723031894
1074.9922049045563,9.956198960295472,108892.45507287046
1075.0922796726227,9.961159742969434,108892.30956558342
1075.1915802955627,9.960241079511293,108892.87860902508
1075.292256116867,9.961710941044318,108892.29074812257
1075.3916192054749,9.960332945857107,108893.7616733103
1075.492300271988,9.96014921316548,108893.58550597928
1075.592398405075,9.954545366070818,108894.52695538136
1075.69154047966,9.961986540081762,108894.17425984323
1075.792430639267,9.96106787662362,108894.1568338589
1075.8923680782318,9.964283198727113,108894.24115047301
1075.9916648864746,9.962537738156646,108893.81703542572
1076.091581583023,9.96152720835269,108893.93533188314
1076.1922426223755,9.95840375259501,108893.74179869483
1076.2916424274445,9.960241079511293,108893.16761882535
1076.3924174308777,9.960241079511293,108893.25085694282
1076.4917454719543,9.96106787662362,108893.02577124855
1076.5921733379364,9.961251609315248,108894.2231941237
1076.6915061473846,9.96014921316548,108894.80087471133
1076.7923805713654,9.959873614128037,108895.4207872402
1076.8924407958984,9.959414282398965,108895.77870851618
1076.992020368576,9.960516678548736,108896.80083766457
1077.092226266861,9.958954950669895,108896.12075389813
1077.191585302353,9.960516678548736,108895.9086785083
1077.2923345565796,9.959506148744781,108897.11781065748
1077.3917124271393,9.960241079511293,108895.30602959174
1077.491614818573,9.95748508913687,108895.67542663257
1077.5922362804413,9.955280296837332,108896.40788396932
1077.6923010349274,9.957852554520127,108896.8670955724
1077.7918384075165,9.956658292024542,108896.88038601515
1077.8923218250275,9.956015227603844,108895.99234741364
1077.9916496276855,9.96060854489455,108896.9931126723
1078.0915222167969,9.960700411240364,108898.29380140507
1078.1914594173431,9.95904681701571,108897.76442126457
1078.2921454906464,9.956198960295472,108897.38797913812
1078.3917441368103,9.957117623753614,108897.8491812243
1078.4915661811829,9.956750158370356,108897.96426310187
1078.5919733047485,9.956566425678728,108897.76783679168
1078.6923217773438,9.95904681701571,108898.49105311252
1078.7924525737762,9.957576955482685,108899.04194780128
1078.891673564911,9.95794442086594,108898.83775302114
1078.9923362731934,9.957209490099428,108900.05397771904
1079.0923488140106,9.956658292024542,108900.44857994714
1079.191579580307,9.957117623753614,108901.70372195244
1079.2914946079254,9.955647762220588,108902.5333497572
1079.3915350437164,9.955280296837332,108904.18001478148
1079.4916625022888,9.957117623753614,108903.76201330333
1079.5915865898132,9.958036287211755,108903.78581197301
1079.6921412944794,9.957393222791056,108904.10723077571
1079.7915134429932,9.9563826929871,108903.79650769815
1079.8919832706451,9.955372163183146,108904.31685692834
1079.992446422577,9.954729098762447,108905.98517123552
1080.0921595096588,9.956290826641286,108905.98665411197
1080.1916024684906,9.955372163183146,108905.58798870078
1080.292305469513,9.954729098762447,108904.5291898307
1080.3918488025665,9.953994167995933,108903.87627084764
1080.492314338684,9.953810435304305,108904.18864376287
1080.5915186405182,9.954820965108262,108904.86977938659
1080.6917734146118,9.953994167995933,108904.28280144793
1080.7918300628662,9.953351103575235,108903.15452130315
1080.8917872905731,9.956015227603844,108903.53906917284
1080.9918472766876,9.953718568958491,108905.68516225556
1081.0919797420502,9.953259237229421,108907.21664603
1081.192319393158,9.95500469779989,108908.894981427
1081.2918436527252,9.95279990550035,108908.2054832843
1081.3919162750244,9.955280296837332,108909.28493495588
1081.4920930862427,9.954820965108262,108910.1564414603
1081.5917301177979,9.95390230165012,108910.54079731429
1081.6915807724,9.952524306462909,108909.78671758286
1081.7921454906464,9.950503246854998,108909.50804582456
1081.8923108577728,9.953994167995933,108910.25724124211
1081.9916594028473,9.955096564145704,108910.4315171179
1082.0915086269379,9.953075504537793,108909.08836540612
1082.1923315525055,9.953167370883607,108910.27952886552
1082.2916700839996,9.953259237229421,108909.45157597896
1082.3922080993652,9.952708039154537,108908.90641838108
1082.4923803806305,9.951881242042209,108908.51577654298
1082.59161734581,9.950870712238254,108908.16419888868
1082.6914958953857,9.950135781471742,108908.84777899981
1082.7921335697174,9.952248707425467,108907.56300109984
1082.8915452957153,9.952248707425467,108907.10670098987
1082.9920992851257,9.950962578584068,108906.89603089089
1083.0915131568909,9.952156841079653,108906.1064278018
1083.1921033859253,9.95123817762151,108905.69578502163
1083.2923519611359,9.95234057377128,108904.32620651946
1083.3916857242584,9.950686979546626,108902.99358586752
1083.4915454387665,9.951513776658953,108903.29422728077
1083.5924425125122,9.950411380509184,108904.0648045527
1083.6915743350983,9.950227647817556,108904.55832409745
1083.7915196418762,9.9492171180136,108903.6024916877
1083.89222574234,9.950043915125928,108903.84224251895
1083.9922850131989,9.951789375696395,108904.95801826706
1084.0924134254456,9.950870712238254,108904.96221644036
1084.1916959285736,9.952616172808723,108905.06599479633
1084.2923181056976,9.951513776658953,108904.45939531669
1084.3915076255798,9.950870712238254,108906.01345578503
1084.4919621944427,9.951054444929882,108907.61211020652
1084.592028617859,9.952248707425467,108906.15089918587
1084.6923711299896,9.94783912282639,108906.03580926728
1084.7915019989014,9.949308984359414,108906.33222834056
1084.8921835422516,9.951881242042209,108905.69900550651
1084.9924402236938,9.950411380509184,108906.52910495587
1085.091621875763,9.948206588209645,108906.77619446028
1085.19229054451,9.950135781471742,108906.69857501426
1085.2915043830872,9.950227647817556,108906.52871751283
1085.3919670581818,9.949400850705228,108904.17584576155
1085.4923927783966,9.94967644974267,108904.1582611854
1085.592318058014,9.948665919938716,108905.74243506686
1085.6915719509125,9.949584583396856,108904.46819156018
1085.7914714813232,9.9498601824343,108904.52137240417
1085.892015695572,9.947379791097319,108905.36923516376
1085.9922187328339,9.947655390134761,108905.83231164739
1086.0923840999603,9.948574053592901,108905.84908048266
1086.1923351287842,9.94829845455546,108906.6641724344
1086.2916491031647,9.948206588209645,108906.69775519095
1086.3924114704132,9.948941518976158,108906.42797967186
1086.49165558815,9.947104192059875,108907.48518170467
1086.59135389328,9.946920459368247,108907.13666353421
1086.692059993744,9.947930989172203,108907.62299718079
1086.7915694713593,9.948206588209645,108907.86069746272
1086.891998052597,9.948482187247087,108907.57462771644
1086.9924161434174,9.947287924751505,108908.11716494481
1087.0923583507538,9.947930989172203,108908.00544845032
1087.1915183067322,9.94829845455546,108907.40490360529
1087.2921459674835,9.947104192059875,108907.86441324477
1087.392380475998,9.945909929564293,108907.3779719203
1087.4915857315063,9.943888869956382,108908.54017472829
1087.591459274292,9.944899399760338,108909.18615725546
1087.6923434734344,9.94563433052685,108909.86754152992
1087.791799545288,9.944807533414522,108911.68078737693
1087.892361164093,9.9426946074608,108912.11270863924
1087.9916849136353,9.946185528601735,108913.00143777533
1088.0915160179138,9.946001795910107,108915.2012939978
1088.1917667388916,9.94407260264801,108915.98116459802
1088.2920031547546,9.949125251667786,108917.38304813822
1088.3916976451874,9.946644860330805,108918.5447433244
1088.4923202991486,9.944164468993824,108918.69026899197
1088.5915496349335,9.94407260264801,108917.02124209277
1088.6916394233704,9.944807533414522,108916.3191178835
1088.7923822402954,9.945358731489408,108916.38720609514
1088.8915717601776,9.947471657443133,108917.64848548564
1088.9921011924744,9.945450597835222,108918.18363693709
1089.0924944877625,9.944623800722894,108918.86527324338
1089.192129611969,9.946369261293363,108919.57874591905
1089.2918388843536,9.946461127639177,108918.62087132715
1089.391653060913,9.945542464181036,108920.15878419444
1089.491512298584,9.943797003610568,108920.842905775
1089.5919744968414,9.944715667068708,108920.05861519751
1089.6917390823364,9.943980736302196,108918.55275367777
1089.7916662693024,9.944623800722894,108919.89747830998
1089.892248392105,9.946001795910107,108920.80773047899
1089.9917674064636,9.94517499879778,108920.72695743109
1090.0923929214478,9.941041013236145,108920.254261688
1090.1916790008545,9.94361327091894,108919.8288355192
1090.2922885417938,9.94453193437708,108919.04595196729
1090.391536474228,9.944899399760338,108919.14135677056
1090.4922544956207,9.94094914689033,108919.32722109351
1090.5915260314941,9.943521404573126,108918.69449898416
1090.692210674286,9.943980736302196,108919.12504908575
1090.7923746109009,9.943429538227312,108919.61254417719
1090.8923346996307,9.9426946074608,108920.05128975946
1090.9914720058441,9.9420515430401,108920.54616078352
1091.0923409461975,9.941316612273587,108920.39154470517
1091.1916477680206,9.94361327091894,108920.65239023465
1091.2920174598694,9.944256335339638,108920.8871512112
1091.3924429416656,9.944807533414522,108920.39843609008
1091.4915409088135,9.9420515430401,108919.55859248107
1091.5921771526337,9.943062072844056,108919.90273323297
1091.6915237903595,9.940765414198703,108920.41245990968
1091.7920036315918,9.945083132451966,108920.67121391871
1091.8915808200836,9.944348201685452,108921.50409252685
1091.992238998413,9.942419008423357,108922.05368327416
1092.091564655304,9.94453193437708,108921.44831494676
1092.19229388237,9.942419008423357,108921.60348345208
1092.2915370464325,9.9426946074608,108921.14313510687
1092.3915665149689,9.9426946074608,108922.6288215962
1092.4922354221344,9.944164468993824,108922.96593943659
1092.592295408249,9.94361327091894,108923.76934549294
1092.6917366981506,9.94003048343219,108924.19241094365
1092.792415857315,9.941224745927773,108923.97316984928
1092.891961812973,9.942602741114985,108924.17585286437
1092.9920032024384,9.940306082469633,108924.95826757794
1093.0915234088898,9.939295552665676,108926.06244082015
1093.1915292739868,9.93892808728242,108925.25619673815
1093.2923114299774,9.941500344965215,108925.63057706432
1093.3923094272614,9.941592211311029,108928.1675193579
1093.4917345046997,9.940765414198703,108929.45076742212
1093.592259645462,9.93938741901149,108930.10569067992
1093.6923682689667,9.942878340152427,108930.69512161193
1093.7916491031647,9.93984675074056,108931.52560945073
1093.8921978473663,9.939571151703118,108932.17304850566
1093.9924116134644,9.938836220936606,108931.35574365509
1094.0915715694427,9.942510874769171,108931.22016928959
1094.1922025680542,9.942327142077541,108929.29815236063
1094.2922415733337,9.937917557478466,108930.16833712457
1094.3917541503906,9.938101290170094,108930.05150341213
1094.4920990467072,9.942419008423357,108930.24635307092
1094.592434644699,9.940214216123819,108930.62171776383
1094.6915991306305,9.940122349778004,108931.15954598745
1094.7922036647797,9.939203686319862,108932.2435913887
1094.8916637897491,9.940214216123819,108931.51923224983
1094.9923040866852,9.93892808728242,108931.56730902485
1095.0915412902832,9.938652488244978,108930.91057812236
1095.1915271282196,9.939203686319862,108930.61952031014
1095.2920968532562,9.93938741901149,108930.55756827912
1095.3921391963959,9.93938741901149,108930.50181145122
1095.4914948940277,9.940765414198703,108930.7516303061
1095.591876745224,9.937825691132652,108930.1764672755
1095.6922845840454,9.938744354590792,108929.25882054796
1095.791675567627,9.93800942382428,108930.23293849317
1095.8922536373138,9.938101290170094,108931.20964464385
1095.9916393756866,9.93690702767451,108930.78868017947
1096.0916686058044,9.937641958441024,108930.80981216153
1096.1922442913055,9.937917557478466,108931.12883094538
1096.2924265861511,9.939111819974048,108931.71594785084
1096.3917684555054,9.938376889207536,108931.74435306576
1096.4920921325684,9.938836220936606,108932.86991775919
1096.591451883316,9.935529032487299,108934.78292598327
1096.6921331882477,9.938285022861722,108935.20463338494
1096.7915410995483,9.939571151703118,108936.98417004646
1096.8917047977448,9.935620898833113,108937.08575304181
1096.9920887947083,9.935988364216369,108937.47717773764
1097.0922038555145,9.937641958441024,108937.82945996389
1097.1921536922455,9.93755009209521,108937.34651396751
1097.2915585041046,9.93755009209521,108938.81186257076
1097.391440629959,9.936815161328695,108938.73067631369
1097.4920377731323,9.936172096907997,108939.95760868232
1097.5924038887024,9.936080230562183,108941.96184781409
1097.6916675567627,9.936355829599625,108942.46566303268
1097.7921676635742,9.937458225749394,108941.21909672942
1097.8922748565674,9.936263963253811,108942.19718705649
1097.991611480713,9.936539562291253,108941.87746835084
1098.0921952724457,9.93644769594544,108941.88972151575
1098.1923592090607,9.936355829599625,108941.40074936417
1098.291840314865,9.935437166141485,108940.26067442776
1098.3923790454865,9.936815161328695,108940.634606985
1098.4916453361511,9.93470223537497,108940.4711462865
1098.59184217453,9.936815161328695,108941.22403165785
1098.6923048496246,9.936080230562183,108941.10162849208
1098.7917561531067,9.936815161328695,108940.29146564288
1098.8916444778442,9.937274493057766,108940.0623190786
1098.992188692093,9.936631428637067,108938.65608717075
1099.091775894165,9.935988364216369,108939.19047845367
1099.191748380661,9.935529032487299,108939.67143060832
1099.2922015190125,9.934977834412413,108938.90428754748
1099.3917372226715,9.936815161328695,108938.71385879273
1099.4920237064362,9.934059170954272,108938.64247291346
1099.5914945602417,9.933967304608458,108938.37822562212
1099.6920742988586,9.93534529979567,108939.2404030599
1099.7917985916138,9.934518502683343,108941.01636275392
1099.8917834758759,9.934610369029157,108941.81472647854
1099.9922313690186,9.935069700758227,108940.83325383069
1100.091504573822,9.933232373841946,108940.74992844762
1100.192224740982,9.934794101720785,108939.77493560287
1100.2915616035461,9.936539562291253,108939.49744204257
1100.3922245502472,9.934977834412413,108939.54769783832
1100.4917576313019,9.933967304608458,108938.3929280545
1100.5921068191528,9.93332424018776,108937.95363524905
1100.6928868293762,9.935988364216369,108937.35827172415
1100.791936635971,9.935161567104043,108937.62244455174
1100.8923823833466,9.932773042112876,108938.06020009657
1100.9914965629578,9.934518502683343,108938.85418008693
1101.0915195941925,9.933875438262644,108939.26876207824
1101.1913902759552,9.93222184403799,108939.14188587041
1101.2918612957,9.935437166141485,108939.12769728337
1101.3920612335205,9.932497443075432,108940.61492755503
1101.4921724796295,9.932038111346362,108940.35343479953
1101.5916538238525,9.9342429036459,108940.41809131959
1101.691722869873,9.9342429036459,108940.67628218763
1101.7923905849457,9.9342429036459,108940.80865396887
1101.8920001983643,9.934426636337529,108940.62778857199
1101.9921283721924,9.93286490845869,108940.56500971479
1102.0920267105103,9.931946245000548,108940.50850874331
1102.191535949707,9.933416106533574,108940.65765786899
1102.2921090126038,9.934151037300087,108940.9918920821
1102.3913805484772,9.933599839225202,108941.69270287389
1102.4922528266907,9.934426636337529,108941.7234325865
1102.591835975647,9.933691705571016,108943.05108932786
1102.6921939849854,9.93130318057985,108943.24598039508
1102.7913513183594,9.934334769991715,108943.02138235558
1102.8919568061829,9.92909838828031,108942.61924412003
1102.9921040534973,9.934610369029157,108942.85731970803
1103.0916731357574,9.933967304608458,108943.47158773724
1103.1922113895416,9.932773042112876,108943.62442896352
1103.2917001247406,9.932681175767062,108944.86198606718
1103.3919174671173,9.932589309421246,108944.07578746046
1103.4922907352448,9.931578779617292,108943.06820871442
1103.5913813114166,9.930568249813337,108944.36138784299
1103.6924262046814,9.930751982504965,108943.0252490587
1103.7914266586304,9.930935715196593,108942.52272415283
1103.8919930458069,9.93130318057985,108942.17045173756
1103.9920001029968,9.930476383467523,108940.75340656382
1104.0924334526062,9.927812259438914,108939.37806590744
1104.1914613246918,9.931395046925664,108938.9402593167
1104.2923216819763,9.931946245000548,108940.44623338504
1104.3913962841034,9.93130318057985,108940.70161004654
1104.492226600647,9.932129977692176,108940.53144904188
1104.591377735138,9.930660116159151,108941.7783041377
1104.6920683383942,9.931395046925664,108940.40047372393
1104.7922959327698,9.931395046925664,108940.76042635154
1104.8913660049438,9.930017051738451,108940.7843837164
1104.991976737976,9.931027581542407,108941.70594534476
1105.0922875404358,9.93222184403799,108942.33535081029
1105.1923644542694,9.929282120971939,108943.20181572926
1105.291615486145,9.930200784430081,108942.78163415633
1105.391389131546,9.931119447888221,108942.2034707407
1105.492322921753,9.930017051738451,108942.38312366663
1105.5919170379639,9.963823866998043,108942.14481129996
1105.6923480033875,9.94003048343219,108942.43033016997
1105.792141675949,9.931119447888221,108943.28729715299
1105.8919925689697,9.928822789242869,108945.75856743769
1105.9921944141388,9.930108918084265,108945.88271069391
1106.0923528671265,9.927444794055656,108945.99443962453
1106.1913504600525,9.927628526747284,108946.09499566208
1106.2923364639282,9.929741452701009,108946.78549609588
1106.3914811611176,9.92909838828031,108946.7069464863
1106.4921441078186,9.929925185392637,108945.83625183768
1106.5914051532745,9.928271591167984,108946.35262665393
1106.6921832561493,9.927720393093098,108946.01736398853
1106.7917141914368,9.926342397905888,108947.51562758969
1106.8919897079468,9.928363457513798,108946.66406483072
1106.9918150901794,9.927904125784728,108946.49765834765
1107.0923845767975,9.929741452701009,108945.24789251288
1107.191680431366,9.928087858476356,108945.4231032616
1107.2917737960815,9.927352927709842,108944.98079293544
1107.3923439979553,9.928455323859612,108946.1827136419
1107.4919264316559,9.927995992130542,108946.26444227771
1107.5923187732697,9.930751982504965,108946.43799804994
1107.6924471855164,9.930568249813337,108945.89419824495
1107.7913825511932,9.92863905655124,108945.90477842046
1107.892496585846,9.929373987317753,108945.31430057842
1107.9915800094604,9.927904125784728,108946.88287052058
1108.0919697284698,9.929649586355195,108946.49458346853
1108.191492319107,9.926893595980772,108946.1451251217
1108.2922072410583,9.927812259438914,108947.33061260953
1108.3923106193542,9.924229471952163,108948.29755134857
1108.4918050765991,9.928363457513798,108948.86779621372
1108.5924458503723,9.926250531560074,108949.98101659234
1108.6917932033539,9.925607467139375,108949.88291493311
1108.7916314601898,9.926985462326586,108949.99462343981
1108.8914427757263,9.9270773286724,108950.19516109582
1108.9920399188995,9.927995992130542,108949.27564498625
1109.091593503952,9.92615866521426,108948.44808048764
1109.1923604011536,9.927352927709842,108948.20327243888
1109.2917547225952,9.92615866521426,108948.182945195
1109.3921887874603,9.92505626906449,108947.8646506755
1109.4915370941162,9.92459693733542,108947.77818560795
1109.5921370983124,9.925240001756118,108947.70036704716
1109.6923928260803,9.927720393093098,108948.03033034246
1109.7922892570496,9.924045739260535,108948.62729730821
1109.8918747901917,9.925883066176818,108948.4645675774
1109.9923717975616,9.924872536372861,108947.71811081967
1110.091928243637,9.92661799694333,108946.7462997377
1110.1923916339874,9.92661799694333,108946.67166976393
1110.2923777103424,9.926526130597516,108946.90450278754
1110.3922832012177,9.926801729634958,108947.41405250879
1110.4916126728058,9.925148135410303,108948.77264725791
1110.592334985733,9.923678273877279,108949.39538253212
1110.691682100296,9.927720393093098,108949.55584427892
1110.7919878959656,9.925331868101933,108950.90025985103
1110.8916265964508,9.923127075802395,108950.71023386592
1110.992026567459,9.925883066176818,108949.93921047934
1111.0917992591858,9.927169195018214,108950.6452894314
1111.192262172699,9.922667744073323,108951.58076048826
1111.2919239997864,9.92615866521426,108950.52268443943
1111.3923954963684,9.925607467139375,108950.0704159955
1111.4916019439697,9.923586407531465,108949.86337439597
1111.591905117035,9.924780670027047,108949.87703695637
1111.692220211029,9.922943343110767,108950.38933326074
1111.7917249202728,9.924505070989605,108950.05039993467
1111.8924062252045,9.924413204643791,108950.7453599412
1111.9915781021118,9.924872536372861,108951.27082394708
1112.0923569202423,9.922667744073323,108951.54374155236
1112.1918725967407,9.92303520945658,108951.38936739713
1112.2915029525757,9.92459693733542,108950.55043065743
1112.3917081356049,9.924229471952163,108951.39538759168
1112.492031097412,9.925515600793561,108952.35584883252
1112.5924327373505,9.922575877727509,108953.52026394926
1112.6917116641998,9.924872536372861,108952.86823755434
1112.7919487953186,9.922208412344252,108952.58141379891
1112.8923132419586,9.922484011381695,108954.42327241902
1112.9914619922638,9.924229471952163,108954.98094517713
1113.0922849178314,9.92349454118565,108955.48285065942
1113.1915390491486,9.921106016194484,108955.73456559348
1113.2923038005829,9.923770140223093,108956.86110903413
1113.3924052715302,9.922575877727509,108955.87499813072
1113.4917061328888,9.92285147676495,108956.38749831765
1113.5922074317932,9.921749080615182,108955.44874848588
1113.6916387081146,9.923218942148209,108955.80387363731
1113.7921295166016,9.922943343110767,108955.22348627358
1113.89235830307,9.923218942148209,108956.80113764622
1113.9923758506775,9.922667744073323,108956.9210238816
1114.0921535491943,9.923310808494023,108956.22892149344
1114.1922943592072,9.921565347923554,108955.9060293441
1114.291499376297,9.921197882540298,108957.2154264097
1114.391937494278,9.922116545998438,108957.19388376873
1114.492107629776,9.921749080615182,108957.57449539186
1114.5923295021057,9.921381615231926,108957.31704585267
1114.6915328502655,9.923678273877279,108956.7853412674
1114.7917227745056,9.920830417157042,108957.60680714066
1114.892170906067,9.922667744073323,108957.6461264266
1114.9920036792755,9.919819887353086,108957.38151378394
1115.092366695404,9.9199117536989,108957.04336240556
1115.1920971870422,9.9199117536989,108957.339026165
1115.292001247406,9.9205548181196,108957.1051235485
1115.3919401168823,9.922208412344252,108957.99461119366
1115.492220401764,9.921657214269368,108959.4951500743
1115.5922393798828,9.922208412344252,108960.14563506689
1115.6921944618225,9.920922283502856,108960.0310715602
1115.792147397995,9.922116545998438,108959.52796440417
1115.8919169902802,9.92303520945658,108960.27516796376
1115.9918377399445,9.921749080615182,108960.3476511674
1116.0920770168304,9.922024679652624,108959.21288605066
1116.1918652057648,9.920462951773786,108959.1915974456
1116.2919580936432,9.921749080615182,108958.27243770105
1116.3921756744385,9.919176822932387,108959.24519393094
1116.4922604560852,9.92303520945658,108958.42067453785
1116.5917747020721,9.920646684465414,108958.87860708407
1116.6921865940094,9.919544288315643,108959.19074637567
1116.7922847270966,9.922300278690066,108960.2716717381
1116.8923571109772,9.9199117536989,108959.4445045643
1116.9915063381195,9.920830417157042,108959.70005410786
1117.0923268795013,9.920095486390528,108959.13004869709
1117.1922421455383,9.919268689278201,108959.01704382738
1117.2915499210358,9.920095486390528,108959.81533944464
1117.392173051834,9.920095486390528,108960.53380550018
1117.4917101860046,9.920830417157042,108960.58042495017
1117.59201836586,9.917706961399361,108960.02238245515
1117.6922509670258,9.918625624857503,108962.12014420965
1117.7920496463776,9.919819887353086,108962.40812978869
1117.892157793045,9.921381615231926,108962.56731680981
1117.991604566574,9.921657214269368,108962.11058512884
1118.0919902324677,9.920462951773786,108962.29952661597
1118.192003250122,9.922667744073323,108961.96957395438
1118.292019367218,9.917063896978663,108962.77261655894
1118.3916881084442,9.918809357549131,108963.69535490304
1118.4919636249542,9.91899309024076,108962.52581941274
1118.5921337604523,9.918625624857503,108962.67323747146
1118.6920185089111,9.918166293128433,108964.40591372432
1118.792225599289,9.9205548181196,108963.96532235188
1118.8920023441315,9.918166293128433,108963.96879011669
1118.9916965961456,9.918809357549131,108964.97191110504
1119.0918624401093,9.917798827745175,108964.27471999454
1119.1918897628784,9.918166293128433,108964.84724799509
1119.2922360897064,9.917339496016105,108964.36252319558
1119.3921573162079,9.919176822932387,108963.82627087602
1119.4919011592865,9.917155763324477,108963.84364378842
1119.5919330120087,9.918809357549131,108963.75927940958
1119.6916947364807,9.916604565249592,108962.48335146863
1119.7920897006989,9.918350025820061,108960.93501632178
1119.891896724701,9.916512698903778,108961.5415146896
1119.9919674396515,9.918901223894945,108961.68736322064
1120.0918533802032,9.918533758511689,108963.31862689859
1120.1922512054443,9.918901223894945,108963.68676420873
1120.2921192646027,9.918533758511689,108964.41808778787
1120.3919842243195,9.916696431595406,108964.7762790091
1120.4918904304504,9.916420832557964,108964.79865110818
1120.5916652679443,9.915961500828894,108965.71878599736
1120.691801071167,9.916420832557964,108965.64690739763
1120.7918021678925,9.916053367174708,108963.38221665788
1120.8923966884613,9.91632896621215,108962.74399499208
1120.9920527935028,9.915318436408194,108963.56959549288
1121.0920231342316,9.916237099866336,108963.6126359436
1121.1918046474457,9.918625624857503,108964.15137234924
1121.2916429042816,9.91632896621215,108964.03623511433
1121.3916380405426,9.91522657006238,108963.7326116029
1121.4915044307709,9.917982560436803,108963.15935044261
1121.591911315918,9.914583505641682,108964.14341539836
1121.692372083664,9.91678829794122,108963.22907385853
1121.7916116714478,9.916696431595406,108964.00616647268
1121.8917782306671,9.917431362361919,108962.80554982541
1121.9919288158417,9.916880164287035,108961.02499484287
1122.091877937317,9.915318436408194,108958.92249535858
1122.1917390823364,9.916420832557964,108957.93024582273
1122.2920141220093,9.918166293128433,108958.43722124047
1122.3918597698212,9.915961500828894,108959.59349911642
1122.4920308589935,9.914950971024938,108960.13414920478
1122.5918490886688,9.914950971024938,108960.2207342843
1122.6917836666107,9.91724762967029,108961.79866085589
1122.792104959488,9.916145233520522,108961.7187947703
1122.8918976783752,9.915502169099822,108961.64691529328
1122.9919738769531,9.913205510454471,108960.68222376396
1123.0919892787933,9.916972030632849,108960.41400138757
1123.1921436786652,9.91632896621215,108960.77260124881
1123.2920286655426,9.916237099866336,108961.89534112393
1123.3920228481293,9.916145233520522,108962.80580701155
1123.4918894767761,9.917339496016105,108962.5252263104
1123.591714143753,9.915318436408194,108961.17270367936
1123.6916904449463,9.91476723833331,108962.65543331143
1123.7921612262726,9.915042837370752,108963.08988998029
1123.8922820091248,9.914583505641682,108964.78090098225
1123.9923861026764,9.914950971024938,108965.30281088402
1124.0921008586884,9.916237099866336,108965.67252979561
1124.192265033722,9.91586963448308,108966.30527681606
1124.2919976711273,9.915042837370752,108965.37474913445
1124.3917999267578,9.916512698903778,108964.537274221
1124.4918792247772,9.914859104679124,108964.7835467989
1124.5920143127441,9.913756708529355,108964.50519211902
1124.6918952465057,9.914859104679124,108964.65467290713
1124.7918481826782,9.914859104679124,108964.98920561642
1124.8918342590332,9.914216040258426,108964.59028505479
1124.9917192459106,9.914124173912612,108966.63125654931
1125.0917825698853,9.91430790660424,108967.46813089438
1125.1923286914825,9.9127461787254,108966.72131780494
1125.2923965454102,9.914583505641682,108967.14918602446
1125.391455411911,9.914399772950054,108968.43426742201
1125.4918370246887,9.91430790660424,108969.49084067982
1125.5919497013092,9.914859104679124,108968.74175661184
1125.6918997764587,9.912654312379585,108969.46758095066
1125.792153596878,9.913297376800285,108969.92082285561
1125.8923070430756,9.914216040258426,108971.92874057005
1125.9923837184906,9.913756708529355,108972.23586651305
1126.092159986496,9.914491639295868,108972.01227986174
1126.1920392513275,9.914491639295868,108970.91105187558
1126.2923283576965,9.91476723833331,108971.21994668801
1126.3922851085663,9.91384857487517,108971.49795201921
1126.4914495944977,9.9127461787254,108972.3481568173
1126.592078924179,9.913113644108655,108972.71334113558
1126.6914885044098,9.91476723833331,108972.64200702202
1126.7920429706573,9.915134703716566,108973.77780631982
1126.8915033340454,9.912194980650515,108974.70002568784
1126.9921252727509,9.911919381613073,108974.33002311907
1127.0917904376984,9.912562446033771,108973.39702080716
1127.1923160552979,9.915961500828894,108973.35731872644
1127.291746854782,9.913664842183541,108972.9215868538
1127.392412662506,9.911276317192375,108973.02942816843
1127.4921808242798,9.912103114304701,108972.5264853516
1127.5915002822876,9.914859104679124,108971.87383681645
1127.6921272277832,9.911919381613073,108972.78645313482
1127.7915785312653,9.911276317192375,108972.90780782135
1127.8919768333435,9.911919381613073,108973.71702703922
1127.9915277957916,9.913481109491913,108974.9453243353
1128.09223818779,9.912194980650515,108974.75079190178
1128.1916456222534,9.911276317192375,108974.67571271161
1128.2920277118683,9.909714589313534,108975.10814144046
1128.3922307491302,9.913572975837727,108975.69732729642
1128.492383480072,9.911000718154932,108976.12759456679
1128.5915803909302,9.912011247958887,108976.2148351101
1128.6918489933014,9.91072511911749,108976.99335159909
1128.791552066803,9.911276317192375,108977.59401643918
1128.8918704986572,9.911000718154932,108977.93461479527
1128.9922280311584,9.910173921042604,108976.84115331575
1129.0916395187378,9.911092584500746,108976.55703798417
1129.192090511322,9.912103114304701,108977.10133418575
1129.2923378944397,9.912562446033771,108977.79120076718
1129.3917844295502,9.912103114304701,108977.41208069047
1129.4923183918,9.911827515267259,108977.97087262143
1129.5918772220612,9.911735648921445,108977.0737853593
1129.6924262046814,9.910908851809118,108976.56640682337
1129.7916750907898,9.911368183538189,108977.00976614104
1129.8921067714691,9.911735648921445,108976.60878952694
1129.9922504425049,9.90962272296772,108977.54791057426
1130.091469526291,9.909714589313534,108978.39311951684
1130.1921706199646,9.909990188350976,108979.45380756515
1130.2915618419647,9.908428460472138,108979.40842680863
1130.3919990062714,9.91054138642586,108979.16758412776
1130.492266178131,9.911276317192375,108979.05082571499
1130.5915813446045,9.911551916229817,108979.6457431435
1130.6923127174377,9.909714589313534,108980.78116882915
1130.791826725006,9.913297376800285,108981.00305194625
1130.8921220302582,9.909806455659348,108980.40274675163
1130.991530418396,9.911460049884003,108980.26247207646
1131.092127084732,9.910265787388418,108978.53622486882
1131.1917564868927,9.909990188350976,108977.58260238194
1131.292407989502,9.910633252771675,108978.02434214375
1131.3916373252869,9.91054138642586,108978.12190792937
1131.4919621944427,9.910265787388418,108978.80971713644
1131.5922305583954,9.90916339123865,108978.62874542279
1131.6918921470642,9.910173921042604,108978.36587088052
1131.791524887085,9.908520326817952,108979.22928379246
1131.892228603363,9.908979658547022,108979.80635541322
1131.991741657257,9.912103114304701,108979.7257198719
1132.0920803546906,9.912378713342143,108980.55314788471
1132.1916823387146,9.910633252771675,108980.59783309625
1132.2921779155731,9.909530856621906,108980.63804978663
1132.3915493488312,9.90916339123865,108981.07424480797
1132.492136478424,9.908612193163766,108981.56682032718
1132.591668844223,9.909255257584464,108982.41013829446
1132.6921010017395,9.909071524892836,108982.16912446501
1132.7918102741241,9.90870405950958,108982.15221201851
1132.892441034317,9.912929911417027,108982.93699081666
1132.9919731616974,9.909255257584464,108982.94329173499
1133.0915703773499,9.911092584500746,108982.5489625615
1133.1914646625519,9.910265787388418,108982.29406630536
1133.292329788208,9.908152861434694,108983.26465967482
1133.3917081356049,9.910633252771675,108983.83819370734
1133.4923341274261,9.907877262397252,108983.45437433661
1133.5918662548065,9.909898322005162,108983.50893690294
1133.6915628910065,9.908152861434694,108984.05804321266
1133.7920231819153,9.908152861434694,108983.6522388914
1133.8924083709717,9.907969128743066,108983.18701500227
1133.9918522834778,9.90962272296772,108981.36831350205
1134.0915460586548,9.907969128743066,108979.63148215186
1134.1922907829285,9.910265787388418,108980.06833393668
1134.2915728092194,9.909530856621906,108981.56150054302
1134.391452550888,9.908152861434694,108982.40535048871
1134.4921329021454,9.908887792201208,108983.36481543984
1134.5918972492218,9.906591133555855,108984.42833389586
1134.6918160915375,9.906958598939111,108985.18550050628
1134.791645526886,9.906499267210041,108985.46695045567
1134.892248392105,9.909255257584464,108984.3202554101
1134.9921259880066,9.90714233163074,108985.7882298691
1135.091811656952,9.907785396051437,108985.1094068822
1135.1916015148163,9.908428460472138,108984.89846619399
1135.2923126220703,9.906591133555855,108985.40861957459
1135.3917665481567,9.906315534518413,108984.86775761713
1135.4922919273376,9.906131801826785,108984.08098185541
1135.591893196106,9.908612193163766,108984.77288366988
1135.691707611084,9.907509797013995,108984.7955953029
1135.7922649383545,9.907417930668181,108983.11603577262
1135.8918035030365,9.90806099508888,108983.90443219537
1135.9915792942047,9.907785396051437,108983.41398897584
1136.0923233032227,9.908795925855394,108983.77259007825
1136.1917610168457,9.90760166335981,108983.59533107042
1136.2921617031097,9.908152861434694,108984.23579796338
1136.391633272171,9.906774866247483,108982.41221816705
1136.4915053844452,9.91008205469679,108983.97099635036
1136.592339515686,9.905488737406085,108984.47389671532
1136.6917543411255,9.907785396051437,108984.9265070438
1136.7922856807709,9.90760166335981,108985.53385633943
1136.8919825553894,9.907693529705623,108985.88047070548
1136.9923679828644,9.905856202789343,108985.39242363494
1137.0918400287628,9.906866732593297,108985.45318127146
1137.1922335624695,9.906682999901669,108984.50786314432
1137.2917103767395,9.905856202789343,108984.25707682989
1137.391848564148,9.907509797013995,108983.83136914691
1137.4917430877686,9.905672470097713,108984.64823223221
1137.5921578407288,9.905121272022829,108984.583409009
1137.6915805339813,9.905029405677015,108985.42506810812
1137.7912621498108,9.905488737406085,108984.9825612973
1137.8918912410736,9.905672470097713,108985.08430516759
1137.992343902588,9.90806099508888,108984.57587465084
1138.0915870666504,9.905856202789343,108985.51828718575
1138.1918699741364,9.906682999901669,108985.06645846719
1138.291695356369,9.905213138368643,108983.85981262047
1138.3915033340454,9.904753806639572,108983.37383135842
1138.4915454387665,9.906866732593297,108982.43644822258
1138.5915265083313,9.9049375393312,108981.79280340033
1138.6923458576202,9.905029405677015,108980.9135230603
1138.7920501232147,9.905488737406085,108981.82217075427
1138.8920793533325,9.904753806639572,108981.23995367884
1138.9921071529388,9.904294474910502,108981.81595831095
1139.0918445587158,9.903835143181432,108982.33436247986
1139.1916317939758,9.905672470097713,108982.20092623188
1139.2915682792664,9.904661940293758,108983.08083360869
1139.3917055130005,9.905764336443527,108984.17275024782
1139.4920184612274,9.904294474910502,108984.25547522304
1139.5918848514557,9.906591133555855,108984.92992770074
1139.6916646957397,9.908428460472138,108985.93693493067
1139.7921302318573,9.905948069135157,108986.6432414376
1139.8917620182037,9.904753806639572,108987.37891729386
1139.9918978214264,9.904294474910502,108987.84102556447
1140.0918457508087,9.905305004714457,108988.05692300803
1140.1916902065277,9.904386341256316,108987.35123070724
1140.2917568683624,9.904661940293758,108987.11610763651
1140.3923432826996,9.902549014340034,108988.20449687286
1140.4921700954437,9.90603993548097,108988.98404718559
1140.5919637680054,9.9049375393312,108989.78564246703
1140.6919803619385,9.902273415302592,108990.20707822032
1140.791711807251,9.902732747031662,108990.1863703983
1140.8920936584473,9.904110742218874,108989.96773335847
1140.9915645122528,9.9049375393312,108989.57096002263
1141.0915985107422,9.904570073947944,108989.31386402037
1141.1923668384552,9.902365281648406,108987.78247761834
1141.2919549942017,9.904570073947944,108989.00422985651
1141.391836643219,9.90291647972329,108989.70380687086
1141.4918193817139,9.902273415302592,108990.93342618378
1141.5916850566864,9.903008346069104,108991.1400835654
1141.6921572685242,9.905764336443527,108990.12607520887
1141.7918338775635,9.90153848453608,108989.81346768799
1141.891583442688,9.903651410489804,108990.33212091919
1141.991635799408,9.90401887587306,108991.29890882727
1142.0922796726227,9.90447820760213,108991.06901794454
1142.1924130916595,9.904294474910502,108992.36211615009
1142.29190325737,9.902640880685848,108992.02590453508
1142.3924164772034,9.901079152807009,108991.12331408157
1142.4921300411224,9.90355954414399,108990.01098267343
1142.592048883438,9.901905949919335,108989.40988440608
1142.692087173462,9.90355954414399,108989.66889596547
1142.7914745807648,9.90245714799422,108989.70200636893
1142.892324924469,9.905121272022829,108988.93180573203
1142.9924356937408,9.902824613377476,108990.53862515884
1143.0920433998108,9.90291647972329,108989.98476264295
1143.1918540000916,9.900436088386309,108989.58628637866
1143.2920279502869,9.902089682610963,108988.7276577408
1143.3918194770813,9.901354751844451,108988.05489196672
1143.491569519043,9.904570073947944,108989.24940277004
1143.5916092395782,9.903467677798176,108989.82446249304
1143.6916012763977,9.90153848453608,108989.34201624374
1143.7917845249176,9.90245714799422,108990.20781461937
1143.8915803432465,9.90401887587306,108990.08703315744
1143.992086648941,9.902640880685848,108989.6783298417
1144.0915744304657,9.90355954414399,108989.91049685753
1144.191508769989,9.90199781626515,108990.61944717178
1144.291808605194,9.902549014340034,108990.1575024546
1144.3918435573578,9.901354751844451,108990.14175220915
1144.4915969371796,9.900619821077937,108990.32757698823
1144.5923354625702,9.901905949919335,108990.59481928941
1144.6923608779907,9.901079152807009,108992.03533736047
1144.7921028137207,9.899517424928169,108991.93180362444
1144.892226934433,9.900344222040495,108990.538623262
1144.9916813373566,9.901722217227707,108988.9847609358
1145.0922379493713,9.900527954732123,108988.58628484223
1145.1923367977142,9.901905949919335,108988.427656358
1145.2914757728577,9.89933369223654,108988.38489072221
1145.3919100761414,9.898966226853284,108987.74640164999
1145.4920573234558,9.900527954732123,108987.971761485
1145.5922451019287,9.900160489348867,108987.4745853365
1145.6915683746338,9.89933369223654,108986.62712680286
1145.7919538021088,9.899976756657239,108986.8644141226
1145.8923079967499,9.899609291273983,108987.57797271034
1145.9916343688965,9.899701157619797,108988.5201754393
1146.0916860103607,9.90291647972329,108989.26815789538
1146.1923716068268,9.898966226853284,108989.34134210584
1146.291883945465,9.901354751844451,108989.20720789526
1146.3922901153564,9.897955697049328,108990.18648710573
1146.4921412467957,9.902732747031662,108989.96783839517
1146.5915648937225,9.89979302396561,108990.67105455566
1146.6923780441284,9.89979302396561,108990.9039491001
1146.7915794849396,9.901262885498637,108990.7135541901
1146.8919491767883,9.899149959544912,108989.84219877109
1146.991643190384,9.90153848453608,108990.25797889399
1147.092078447342,9.90153848453608,108990.2321810046
1147.1915843486786,9.90291647972329,108990.80896290415
1147.2917530536652,9.900803553769565,108991.02806661374
1147.391678571701,9.902824613377476,108991.52525995238
1147.4917047023773,9.900344222040495,108991.67273395715
1147.591638326645,9.897863830703514,108991.70546056144
1147.691439151764,9.899701157619797,108992.13491450531
1147.7923152446747,9.899884890311425,108993.12142305478
1147.8919305801392,9.898506895124214,108992.70928074932
1147.9915976524353,9.89933369223654,108992.43835267439
1148.0915215015411,9.901079152807009,108992.39451740695
1148.1923370361328,9.90025235569468,108993.55506566627
1148.2920229434967,9.898966226853284,108992.99955909964
1148.3919970989227,9.900711687423751,108993.59960318968
1148.4918642044067,9.89979302396561,108994.93964287071
1148.5918560028076,9.89887436050747,108995.14567858363
1148.6916229724884,9.897863830703514,108995.93111072527
1148.7919437885284,9.89887436050747,108995.63799965275
1148.891723394394,9.89979302396561,108994.27419968748
1148.9917361736298,9.90025235569468,108995.14677971874
1149.091609954834,9.898690627815842,108995.53210174685
1149.1917216777802,9.899149959544912,108994.27889157218
1149.2923905849457,9.900436088386309,108993.65100241496
1149.391773223877,9.899701157619797,108993.78590217346
1149.491770029068,9.899701157619797,108995.50731195613
1149.5918383598328,9.897496365320258,108996.3565807605
1149.6923518180847,9.899425558582355,108996.22092268446
1149.7916185855865,9.899425558582355,108996.29883041601
1149.8922111988068,9.897955697049328,108995.8689473744
1149.9919192790985,9.901722217227707,108994.58205263696
1150.0916330814362,9.897955697049328,108994.42384737327
1150.1923260688782,9.899884890311425,108994.38146263594
1150.291806936264,9.900711687423751,108993.44331637234
1150.3914754390717,9.897680098011886,108993.29898473511
1150.492086648941,9.897955697049328,108993.5690862616
1150.5918202400208,9.897863830703514,108992.31217763545
1150.6916320323944,9.897037033591188,108991.38095987191
1150.7917375564575,9.900527954732123,108990.94286388472
1150.8923437595367,9.900619821077937,108991.74857749624
1150.991572380066,9.898782494161656,108991.47371974663
1151.0923247337341,9.898139429740956,108991.42634777198
1151.1919372081757,9.897863830703514,108993.08371299479
1151.2921726703644,9.897863830703514,108993.77534169532
1151.391937494278,9.897220766282816,108994.1978075258
1151.4917764663696,9.896669568207932,108994.47802677321
1151.5915870666504,9.897588231666072,108995.3302240959
1151.6916842460632,9.897588231666072,108995.69720168633
1151.7917833328247,9.896577701862117,108996.0274815177
1151.8917253017426,9.897220766282816,108996.62473336593
1151.9919362068176,9.896485835516303,108996.06226002934
1152.0917096138,9.89933369223654,108996.25603402642
1152.1915209293365,9.898598761470028,108997.03043062377
1152.2916541099548,9.896945167245374,108997.7273875614
1152.3916835784912,9.897404498974444,108997.95464880527
1152.4916036128998,9.898415028778398,108996.95918392474
1152.591545343399,9.897496365320258,108997.56326553227
1152.6916122436523,9.89529157302072,108998.00693897904
1152.792355298996,9.897220766282816,108998.20624508114
1152.8916680812836,9.897404498974444,108999.28562057303
1152.9915053844452,9.893821711487695,109000.65705851573
1153.0916800498962,9.896945167245374,109000.89135266417
1153.1920945644379,9.895567172058161,109001.50221739775
1153.291847705841,9.895199706674905,109001.85199565797
1153.3915407657623,9.895475305712347,109002.06679609217
1153.4923977851868,9.897128899937002,109001.36011648296
1153.5920662879944,9.896302102824675,109001.72410483466
1153.6918227672577,9.89731263262863,109002.35169435121
1153.7915287017822,9.897404498974444,109002.31652491608
1153.8922080993652,9.897128899937002,109003.18487242448
1153.992117881775,9.895383439366533,109004.86638518203
1154.091710805893,9.894464775908393,109005.17974666384
1154.1915807724,9.897955697049328,109005.96177199746
1154.2914516925812,9.89731263262863,109005.56559479772
1154.3920588493347,9.897128899937002,109005.50903531795
1154.4919002056122,9.896669568207932,109006.35813178617
1154.5917284488678,9.896118370133047,109007.42231860755
1154.691579580307,9.89685330089956,109009.2800867468
1154.7918529510498,9.895842771095603,109009.55207807213
1154.8922476768494,9.898506895124214,109010.59687026491
1154.9918467998505,9.896577701862117,109010.93718323842
1155.0924324989319,9.8977719643577,109010.24346491459
1155.1922509670258,9.896485835516303,109009.61911842314
1155.2915291786194,9.896945167245374,109008.85720658083
1155.3919553756714,9.893270513412808,109008.27148592274
1155.4922604560852,9.89372984514188,109006.84433733046
1155.5918180942535,9.894924107637463,109006.55990359743
1155.6923944950104,9.898323162432584,109005.8039132377
1155.7917172908783,9.895015973983277,109005.02352191394
1155.8914947509766,9.895199706674905,109005.12116972255
1155.9922533035278,9.895383439366533,109004.4090527503
1156.0921323299408,9.89464850860002,109004.46814747527
1156.1917254924774,9.895107840329091,109003.62133272775
1156.2917227745056,9.895659038403975,109003.05919945498
1156.3923876285553,9.894740374945835,109003.45327950947
1156.4917449951172,9.89354611245025,109003.00795155854
1156.5923550128937,9.893913577833509,109003.90715640268
1156.6919193267822,9.894097310525137,109003.31644076241
1156.7921149730682,9.893637978796066,109003.68479668617
1156.8916201591492,9.894372909562579,109003.21631701756
1156.991590499878,9.895107840329091,109002.89468531581
1157.0923664569855,9.894097310525137,109002.20521678423
1157.1920757293701,9.894097310525137,109002.38469510581
1157.2913312911987,9.895107840329091,109001.54622559523
1157.391433954239,9.89639396917049,109001.49160303571
1157.4923474788666,9.89464850860002,109000.94244273215
1157.5915546417236,9.892259983608854,109000.94819845894
1157.692158460617,9.893270513412808,109001.15337861305
1157.791693687439,9.894556642254207,109002.13804075174
1157.8913972377777,9.893178647066994,109001.62423667657
1157.9920575618744,9.894924107637463,109002.06181300891
1158.0915355682373,9.89262744899211,109002.35563170802
1158.1922085285187,9.893454246104437,109002.32006853721
1158.2915620803833,9.894556642254207,109001.08806168349
1158.3923363685608,9.894281043216765,109001.07925551516
1158.491550207138,9.894464775908393,109000.97132996365
1158.5922462940216,9.892535582646296,109000.17419696729
1158.6916327476501,9.89639396917049,109001.65677727056
1158.791909456253,9.89372984514188,109001.9910995435
1158.8915901184082,9.893270513412808,109002.39198958916
1158.992326259613,9.893362379758623,109001.25279063026
1159.0919742584229,9.893362379758623,109000.82751156723
1159.191562652588,9.892903048029552,108999.6447604105
1159.2922022342682,9.895934637441417,108999.18028436946
1159.3917281627655,9.892994914375366,108998.66225593252
1159.4924688339233,9.891433186496528,108998.29603033928
1159.5920367240906,9.892259983608854,108997.76642730535
1159.6914150714874,9.894556642254207,108997.08978457483
1159.7916359901428,9.893362379758623,108997.98080611735
1159.8917536735535,9.892903048029552,108997.28272550563
1159.9918274879456,9.894372909562579,108999.45445295508
1160.0919072628021,9.89418917687095,108998.90900765956
1160.1916246414185,9.893637978796066,108998.81810689361
1160.291661977768,9.893362379758623,108997.73629620425
1160.3924307823181,9.891616919188156,108997.36266658382
1160.4919254779816,9.893362379758623,108998.02639992544
1160.5917799472809,9.891984384571412,108998.7237599329
1160.6918587684631,9.891341320150714,108999.5513839396
1160.7922613620758,9.892535582646296,109000.59624554565
1160.8919212818146,9.893270513412808,109001.4366209911
1160.99152469635,9.894924107637463,109002.192958892
1161.0924189090729,9.891892518225598,109002.3736630028
1161.1918125152588,9.89262744899211,109002.63629670252
1161.291808605194,9.893637978796066,109003.57266703226
1161.3916099071503,9.891800651879784,109004.01540032904
1161.492266178131,9.89216811726304,109004.01386029614
1161.5923948287964,9.892443716300482,109004.41247426653
1161.6915764808655,9.893454246104437,109004.17122683987
1161.7923259735107,9.894097310525137,109005.25410415589
1161.8917813301086,9.895199706674905,109007.3286937403
1161.9919846057892,9.892351849954668,109008.39582436628
1162.0921366214752,9.892903048029552,109008.15624192965
1162.192447423935,9.891525052842342,109008.34061773669
1162.2916641235352,9.892443716300482,109008.80655596302
1162.3917315006256,9.89418917687095,109009.82590036673
1162.4918806552887,9.888493463430475,109009.44331033007
1162.5916125774384,9.890238924000943,109010.99897929706
1162.6920716762543,9.889779592271873,109010.69908136736
1162.7915403842926,9.889320260542803,109010.92917323063
1162.892144203186,9.890514523038386,109011.23625590757
1162.9916129112244,9.890422656692571,109011.21263031682
1163.0922791957855,9.8912494538049,109011.09136728515
1163.1924114227295,9.893821711487695,109010.78223055664
1163.2919182777405,9.890055191309315,109011.90400750097
1163.3920328617096,9.892259983608854,109010.51360675087
1163.4923076629639,9.892719315337924,109010.06224607579
1163.5924212932587,9.890514523038386,109010.0560214682
1163.692229270935,9.889503993234431,109010.65041932139
1163.792263507843,9.89014705765513,109010.28537738926
1163.8920981884003,9.892443716300482,109009.75683965033
1163.9915912151337,9.891433186496528,109008.7811556853
1164.0922138690948,9.89170878553397,109008.20304011677
1164.1917219161987,9.892443716300482,109008.58273610509
1164.2922229766846,9.893270513412808,109009.3244624946
1164.3915498256683,9.888493463430475,109009.09201624514
1164.492261171341,9.891525052842342,109008.48281462063
1164.5919077396393,9.89170878553397,109008.93453315856
1164.6916420459747,9.889871458617687,109009.5410798427
1164.7916250228882,9.889595859580245,109009.58697185843
1164.8913810253143,9.891800651879784,109011.9282746726
1164.9914908409119,9.88904466150536,109013.43544720534
1165.0923669338226,9.889595859580245,109013.99190248482
1165.1923642158508,9.889412126888617,109013.69271223634
1165.2923715114594,9.88904466150536,109013.5234410127
1165.392292022705,9.890698255730014,109012.87109691143
1165.4917573928833,9.888860928813733,109013.08398722029
1165.5924394130707,9.88794226535559,109012.07558849826
1165.6914677619934,9.889963324963501,109010.46802964844
1165.7915427684784,9.88794226535559,109010.4212266836
1165.8914606571198,9.891525052842342,109011.07910401524
1165.9920716285706,9.888952795159547,109010.97119361372
1166.0914764404297,9.88904466150536,109010.47407425236
1166.1923053264618,9.88968772592606,109009.62666682713
1166.2922811508179,9.89014705765513,109008.46400014442
1166.3921093940735,9.889320260542803,109007.81760012997
1166.4922728538513,9.890055191309315,109007.73584011698
1166.5915703773499,9.888860928813733,109007.66225610528
1166.691508769989,9.888493463430475,109008.29603049476
1166.7917022705078,9.888493463430475,109008.2664274453
1166.892249584198,9.890238924000943,109009.03978470077
1166.991604566574,9.886839869205822,109008.2358062307
1167.0925447940826,9.889228394196989,109007.21222560764
1167.1917653083801,9.88904466150536,109007.29100304688
1167.2917892932892,9.888585329776289,109006.46190274219
1167.3916606903076,9.888585329776289,109007.21571246797
1167.4917016029358,9.886013072093494,109006.49414122118
1167.592259645462,9.888217864393033,109007.04472709906
1167.6921393871307,9.88794226535559,109007.94025438916
1167.791598558426,9.888677196122103,109007.64622895025
1167.892083644867,9.887666666318149,109008.08160605523
1167.9920580387115,9.886931735551636,109008.1734454497
1168.0918335914612,9.88840159708466,109008.75610090475
1168.1914746761322,9.888217864393033,109008.38049081428
1168.292200088501,9.888952795159547,109007.94244173286
1168.3915672302246,9.88840159708466,109008.34819755956
1168.4917449951172,9.887391067280706,109008.51337780361
1168.5917105674744,9.885829339401866,109009.16204002325
1168.6921360492706,9.889320260542803,109010.34583602093
1168.7916052341461,9.889320260542803,109009.61125241885
1168.8921253681183,9.889503993234431,109009.45012717697
1168.9918291568756,9.887115468243264,109009.60511445928
1169.0921750068665,9.889412126888617,109009.64460301335
1169.1916551589966,9.888309730738847,109009.78014271203
1169.2920842170715,9.88592120574768,109010.70212844084
1169.391760110855,9.889136527851175,109010.93191559677
1169.4922432899475,9.886013072093494,109009.53872403709
1169.5919926166534,9.887299200934892,109010.28485163338
1169.6922907829285,9.887299200934892,109010.25636647004
1169.7920091152191,9.887207334589078,109010.73072982304
1169.8921744823456,9.888125998047219,109011.45765684075
1169.9920675754547,9.887574799972334,109011.71189115668
1170.092048406601,9.887758532663963,109011.94070204103
1170.1917490959167,9.886104938439308,109012.24663183693
1170.292123556137,9.886104938439308,109013.22196865323
1170.391855955124,9.886931735551636,109014.39977178791
1170.4917685985565,9.887207334589078,109014.85979460913
1170.5917761325836,9.885370007672796,109015.87381514822
1170.6917004585266,9.884818809597911,109016.68643363341
1170.7919428348541,9.887758532663963,109017.51779027007
1170.8916509151459,9.885370007672796,109017.86601124307
1170.9914968013763,9.88656427016838,109018.67941011877
1171.0919597148895,9.888125998047219,109019.9114691069
1171.1917612552643,9.889228394196989,109019.3203221962
1171.2915060520172,9.885278141326982,109020.18828997659
1171.391740322113,9.887115468243264,109019.16946097894
1171.4915795326233,9.884635076906283,109018.45251488105
1171.5919523239136,9.886839869205822,109018.10726339294
1171.6917536258698,9.886656136514194,109017.99653705365
1171.7917110919952,9.888125998047219,109016.49688334829
1171.89182138443,9.886931735551636,109016.24719501345
1171.991530418396,9.886656136514194,109015.02247551212
1172.092268705368,9.88546187401861,109014.62022796091
1172.1916799545288,9.886472403822566,109015.55820516482
1172.29150056839,9.88656427016838,109016.10238464834
1172.3915905952454,9.886748002860008,109016.69214618352
1172.4914655685425,9.885829339401866,109016.62293156517
1172.5920448303223,9.885186274981168,109016.16063840865
1172.6922736167908,9.8840838788314,109016.34457456779
1172.7921197414398,9.883257081719071,109017.21011711101
1172.8921992778778,9.885186274981168,109016.58910539992
1172.9924194812775,9.88454321056047,109016.43019485993
1173.0915176868439,9.886380537476752,109016.58717537395
1173.192260503769,9.886380537476752,109017.12845783656
1173.292225599289,9.884359477868841,109018.71561205291
1173.3919162750244,9.887299200934892,109018.94405084763
1173.4922173023224,9.885645606710238,109018.54964576286
1173.591812133789,9.884910675943726,109017.99468118658
1173.69167304039,9.885278141326982,109018.89521306792
1173.791835784912,9.884910675943726,109018.30569176114
1173.8916697502136,9.884726943252097,109018.37512258504
1173.9915676116943,9.886931735551636,109018.53761032654
1174.0916352272034,9.885094408635354,109018.3838492939
1174.191792011261,9.88546187401861,109018.0454643645
1174.2923588752747,9.886013072093494,109017.34091792806
1174.3916766643524,9.886196804785122,109018.20682613525
1174.4915676116943,9.88702360189745,109018.48614352173
1174.5923418998718,9.885829339401866,109019.33752916956
1174.6916060447693,9.885094408635354,109020.2037762526
1174.7916131019592,9.885278141326982,109020.78339862735
1174.892068862915,9.884267611523027,109020.6050587646
1174.9923017024994,9.88592120574768,109020.94455288813
1175.0923931598663,9.886656136514194,109019.35009759932
1175.1914999485016,9.883532680756513,109019.1150878394
1175.2923138141632,9.884635076906283,109019.20357905547
1175.392230272293,9.883716413448141,109019.18322114993
1175.492188692093,9.884818809597911,109019.66489903495
1175.5915546417236,9.882705883644187,109019.99840913145
1175.6919713020325,9.884635076906283,109020.19856821831
1175.7920813560486,9.883808279793955,109020.97871139648
1175.8923423290253,9.884910675943726,109021.78084025683
1175.9915616512299,9.884359477868841,109020.70275623116
1176.0922372341156,9.883624547102327,109021.13248060804
1176.1920320987701,9.883900146139771,109020.61923254724
1176.2921051979065,9.884175745177213,109019.95730929251
1176.3922009468079,9.88454321056047,109019.56157836327
1176.4920201301575,9.883900146139771,109019.40542052695
1176.5922739505768,9.883532680756513,109018.36487847427
1176.6919560432434,9.883165215373257,109017.52839062685
1176.7920722961426,9.884818809597911,109016.17555156417
1176.892345905304,9.886104938439308,109017.25799640776
1176.991730928421,9.881695353840232,109014.83219676699
1177.092295885086,9.883348948064885,109014.8489770903
1177.1920578479767,9.882705883644187,109016.16407938127
1177.2923169136047,9.883348948064885,109017.04767144314
1177.3915286064148,9.88233841826093,109016.84290429883
1177.491860151291,9.88279774999,109017.65861386895
1177.5916531085968,9.883532680756513,109017.39275248205
1177.6923134326935,9.885645606710238,109017.85347723385
1177.791584968567,9.885094408635354,109018.96812951047
1177.8923041820526,9.884175745177213,109018.67131655943
1177.9923825263977,9.883624547102327,109019.80418490349
1178.0918555259705,9.882705883644187,109020.52376641314
1178.191465139389,9.883073349027443,109020.77138977183
1178.2920339107513,9.883165215373257,109022.29425079466
1178.392245054245,9.884451344214655,109022.1648257152
1178.4921753406525,9.885186274981168,109021.64834314368
1178.592248916626,9.882889616335815,109021.88350882931
1178.6924097537994,9.883900146139771,109023.19515794638
1178.7919414043427,9.882981482681629,109023.47564215175
1178.8921964168549,9.882062819223489,109023.02807793659
1178.9922215938568,9.883992012485585,109023.92527014292
1179.09219288826,9.882705883644187,109023.13274312863
1179.1923685073853,9.883624547102327,109022.81946881577
1179.2919707298279,9.881327888456974,109022.93752193419
1179.3920993804932,9.881695353840232,109022.24376974077
1179.4922924041748,9.882154685569303,109022.8193927667
1179.591616153717,9.881787220186046,109022.53745349003
1179.692104101181,9.882522150952559,109023.78370814103
1179.7923328876495,9.882246551915117,109023.50533732693
1179.8921513557434,9.882246551915117,109021.95480359424
1179.9920494556427,9.882614017298373,109021.55932323482
1180.091635942459,9.881144155765346,109021.70339091134
1180.1920557022095,9.882522150952559,109020.2330518202
1180.2919816970825,9.88233841826093,109021.40974663818
1180.3920645713806,9.881970952877674,109020.76877197437
1180.4917857646942,9.881970952877674,109019.89189477693
1180.5922393798828,9.881787220186046,109020.60270529923
1180.691946029663,9.883624547102327,109021.4424347693
1180.7921619415283,9.883073349027443,109021.19819129238
1180.8919568061829,9.882522150952559,109021.07837216315
1180.9919092655182,9.88279774999,109020.77053494683
1181.091750383377,9.882430284606745,109020.59348145215
1181.1919770240784,9.88187908653186,109019.53413330694
1181.2914395332336,9.882614017298373,109019.68071997626
1181.3920233249664,9.881511621148604,109020.21264797864
1181.4918241500854,9.879031229811623,109020.89138318077
1181.5920696258545,9.882246551915117,109020.6022448627
1181.692203760147,9.880225492307206,109021.94202037645
1181.7922065258026,9.880225492307206,109021.1478183388
1181.8921463489532,9.882062819223489,109021.83303650492
1181.9923169612885,9.883624547102327,109022.14973285444
1182.092132806778,9.880225492307206,109020.43475956899
1182.1917781829834,9.88279774999,109018.9912836121
1182.29221534729,9.88123602211116,109019.39215525088
1182.3922011852264,9.880960423073718,109019.8529397258
1182.4923372268677,9.882062819223489,109019.46764575322
1182.5914332866669,9.881970952877674,109020.3208811779
1182.6923213005066,9.879490561540694,109022.08879306012
1182.791577577591,9.879949893269764,109022.3799137541
1182.8919761180878,9.881511621148604,109021.4419223787
1182.9923248291016,9.880133625961392,109021.89773014083
1183.092306137085,9.880409224998834,109022.30795712676
1183.1917510032654,9.88187908653186,109021.87716141409
1183.2920277118683,9.88077669038209,109021.98944527269
1183.3922662734985,9.881970952877674,109023.29050074542
1183.4914495944977,9.88123602211116,109023.76145067089
1183.59224152565,9.878571898082551,109022.48530560381
1183.6924228668213,9.88141975480279,109022.83677504344
1183.7915461063385,9.88141975480279,109023.2530975391
1183.892170906067,9.881603487494418,109022.52778778519
1183.9920387268066,9.880409224998834,109022.27500900667
1184.0923256874084,9.880041759615578,109022.647508106
1184.1923451423645,9.880592957690462,109022.8827572954
1184.292235136032,9.879306828849066,109022.59448156586
1184.3922743797302,9.880133625961392,109023.23503340926
1184.4923043251038,9.88031735865302,109022.91153006833
1184.5914566516876,9.87939869519488,109022.3203770615
1184.6920363903046,9.877653234624411,109022.28833935535
1184.7915160655975,9.879674294232322,109023.45950541983
1184.8922049999237,9.88077669038209,109023.01355487786
1184.9922211170197,9.880225492307206,109022.61219939007
1185.0922343730927,9.88141975480279,109023.95097945108
1185.192447900772,9.879306828849066,109025.05588150598
1185.292320728302,9.87939869519488,109024.85029335538
1185.3920283317566,9.879674294232322,109024.66526401984
1185.4921004772186,9.88031735865302,109023.49873761786
1185.5922791957855,9.878847497119994,109023.24886385609
1185.692153930664,9.880868556727904,109022.72397747048
1185.7922899723053,9.880592957690462,109022.35157972344
1185.892243385315,9.880041759615578,109022.6164217511
1185.9923906326294,9.879306828849066,109023.654779576
1186.0916590690613,9.87939869519488,109022.98930161839
1186.1922523975372,9.879214962503251,109023.59037145655
1186.2916250228882,9.879766160578136,109023.13133431089
1186.3915464878082,9.879582427886508,109022.8182008798
1186.4923050403595,9.877653234624411,109021.63638079182
1186.59157705307,9.879214962503251,109022.97274271265
1186.6923263072968,9.879674294232322,109022.37546844139
1186.7916345596313,9.879949893269764,109022.73792159726
1186.8915452957153,9.879949893269764,109022.06412943754
1186.9916303157806,9.879123096157437,109022.15771649379
1187.0923821926117,9.878939363465808,109023.04194484442
1187.1917688846588,9.877010170203713,109023.03775035997
1187.2921032905579,9.879766160578136,109023.63397532399
1187.391536951065,9.879674294232322,109023.8705777916
1187.4923198223114,9.878571898082551,109024.28352001245
1187.5923247337341,9.87875563077418,109024.25516801121
1187.692279100418,9.879674294232322,109025.7296512101
1187.791531085968,9.877745100970225,109026.15668608909
1187.8922216892242,9.880041759615578,109027.84101748018
1187.991670370102,9.881511621148604,109027.35691573218
1188.0924093723297,9.87829629904511,109027.62122415897
1188.1916735172272,9.878480031736737,109027.05910174307
1188.2914946079254,9.878388165390923,109027.45319156877
1188.3922262191772,9.879766160578136,109027.40787241189
1188.4922852516174,9.877377635586969,109028.1670851707
1188.5914571285248,9.88077669038209,109027.25037665362
1188.6916117668152,9.879031229811623,109027.82533898827
1188.7921922206879,9.88077669038209,109026.44280508946
1188.8916974067688,9.88031735865302,109025.39852458052
1188.9923934936523,9.875264709633244,109025.05867212247
1189.0916585922241,9.877653234624411,109025.05280491023
1189.1923151016235,9.877285769241155,109024.64752441921
1189.2924258708954,9.87673457116627,109025.6827719773
1189.3916354179382,9.877561368278597,109025.91449477957
1189.4921095371246,9.876826437512085,109026.12304530162
1189.5916237831116,9.877285769241155,109026.11074077146
1189.692283630371,9.878204432699295,109025.89966669431
1189.791692018509,9.879306828849066,109026.20970002489
1189.8922481536865,9.878847497119994,109026.0887300224
1189.9922876358032,9.877928833661853,109025.57985702017
1190.0922722816467,9.879031229811623,109025.52187131815
1190.1919248104095,9.876642704820457,109024.96968418633
1190.2916717529297,9.875264709633244,109026.2727157677
1190.3923511505127,9.875907774053942,109025.84544419093
1190.4916152954102,9.876458972128827,109026.26089977183
1190.5918841362,9.879214962503251,109027.53480979466
1190.6921186447144,9.877102036549527,109026.7813288152
1190.7919607162476,9.877010170203713,109027.70319593369
1190.8922481536865,9.875999640399757,109028.33287634031
1190.9920136928558,9.877010170203713,109030.09958870629
1191.0923676490784,9.875264709633244,109030.78962983566
1191.1914682388306,9.878847497119994,109030.6106668521
1191.2922489643097,9.878480031736737,109030.8496001669
1191.3922090530396,9.87829629904511,109031.16464015021
1191.4922206401825,9.877836967316039,109031.14817613519
1191.5920841693878,9.875815907708128,109031.33335852168
1191.6921186447144,9.877836967316039,109030.80002266951
1191.7921442985535,9.879490561540694,109031.72002040257
1191.8923377990723,9.877377635586969,109032.04801836231
1191.9922242164612,9.878663764428365,109031.4432165261
1192.0915358066559,9.878480031736737,109030.89889487349
1192.1915154457092,9.875999640399757,109031.20900538613
1192.2920472621918,9.875999640399757,109032.28810484752
1192.3921461105347,9.876550838474643,109031.95929436278
1192.4921462535858,9.877102036549527,109032.06336492651
1192.591923713684,9.876458972128827,109033.15702843387
1192.6919989585876,9.879031229811623,109033.04132559049
1192.7922503948212,9.87425417982929,109033.23719303144
1192.8922939300537,9.879214962503251,109034.31347372831
1192.9916191101074,9.877653234624411,109035.18212635549
1193.0917901992798,9.87425417982929,109034.56391371993
1193.1920764446259,9.87673457116627,109034.00752234794
1193.2921698093414,9.876918303857899,109033.30677011314
1193.3922147750854,9.876826437512085,109033.27609310183
1193.4919304847717,9.877010170203713,109032.34848379166
1193.59219455719,9.876367105783013,109031.3136354125
1193.6922090053558,9.87829629904511,109031.68227187125
1193.7923426628113,9.873978580791846,109031.41404468412
1193.8915326595306,9.877377635586969,109030.87264021572
1193.991797208786,9.873886714446032,109029.48537619415
1194.0922074317932,9.876642704820457,109028.53683857474
1194.1914539337158,9.87673457116627,109028.48315471728
1194.2920842170715,9.877102036549527,109028.13483924555
1194.3921840190887,9.874621645212546,109028.42135532101
1194.4916095733643,9.876275239437199,109028.87921978891
1194.5916056632996,9.874529778866732,109028.99129781002
1194.691946029663,9.873243650025334,109028.99216802901
1194.792086839676,9.875999640399757,109030.29295122612
1194.89146566391,9.873427382716962,109030.16365610351
1194.9920711517334,9.87673457116627,109029.84729049316
1195.0923285484314,9.876458972128827,109028.66256144384
1195.191612482071,9.876918303857899,109028.59630529946
1195.2919874191284,9.876275239437199,109029.63667476951
1195.3922855854034,9.875724041362314,109029.07300729258
1195.4916353225708,9.875907774053942,109028.06570656333
1195.5923492908478,9.875356575979058,109028.059135907
1195.6924171447754,9.87673457116627,109027.8532223163
1195.7923204898834,9.873702981754404,109028.86790008468
1195.8917248249054,9.875907774053942,109029.38111007621
1195.992127418518,9.874162313483476,109028.94299906859
1196.0920479297638,9.874805377904174,109028.64869916174
1196.1922669410706,9.873794848100218,109029.58382924557
1196.2915616035461,9.875356575979058,109029.12544632102
1196.3914415836334,9.875264709633244,109028.81290168893
1196.4920320510864,9.873794848100218,109028.73161152004
1196.5922775268555,9.875540308670686,109028.75845036804
1196.6916780471802,9.874805377904174,109029.38260533124
1196.792051076889,9.873519249062776,109028.24434479812
1196.8915798664093,9.874162313483476,109029.6199103183
1196.992406129837,9.875448442324872,109028.95791928648
1197.0916872024536,9.87517284328743,109029.06212735783
1197.191897392273,9.874897244249988,109028.75591462206
1197.2921364307404,9.87425417982929,109027.58032315985
1197.3923711776733,9.87471351155836,109027.82229084388
1197.4922378063202,9.87719390289534,109027.24006175948
1197.5917732715607,9.873886714446032,109026.91605558354
1197.6923270225525,9.87361111540859,109026.32445002519
1197.7916421890259,9.875724041362314,109025.99200502268
1197.891682624817,9.874621645212546,109026.39280452041
1197.9915370941162,9.873702981754404,109026.55352406837
1198.0922865867615,9.872324986567193,109027.39817166154
1198.1916992664337,9.874805377904174,109027.7583544954
1198.2914924621582,9.872968050987891,109027.88251904587
1198.3922674655914,9.875999640399757,109028.1942671413
1198.491878271103,9.874989110595802,109028.37484042718
1198.5916228294373,9.87425417982929,109029.03735638446
1198.6915872097015,9.873059917333705,109030.93362074601
1198.791651725769,9.87407044713766,109032.04025867142
1198.8916969299316,9.874162313483476,109031.83623280429
1198.9922971725464,9.871590055800679,109032.15260952387
1199.0915932655334,9.871865654838123,109032.83734857148
1199.1923813819885,9.871130724071609,109032.55361371434
1199.2915403842926,9.873427382716962,109032.39825234291
1199.392235994339,9.871590055800679,109032.55842710863
1199.4916944503784,9.87315178367952,109032.90258439777
1199.592297554016,9.873427382716962,109033.31232595799
1199.6923315525055,9.871865654838123,109034.7810933622
1199.7917304039001,9.871590055800679,109035.50298402598
1199.8914940357208,9.87315178367952,109033.8526856234
1199.9923696517944,9.872508719258821,109033.46741706105
1200.0917682647705,9.87269245195045,109034.62067535495
1200.1921710968018,9.871773788492309,109033.75860781946
1200.2922687530518,9.87315178367952,109034.08274703751
1200.3922419548035,9.87425417982929,109034.77447233377
1200.4915120601654,9.874437912520918,109034.29702510039
1200.5919601917267,9.872784318296263,109036.06732259034
1200.692388534546,9.870763258688353,109036.36059033131
1200.7917592525482,9.873886714446032,109037.52453129819
1200.8917107582092,9.872141253875565,109037.67207816837
1200.99165558815,9.87315178367952,109038.50487035153
1201.091995716095,9.872876184642077,109039.0543833164
1201.1919000148773,9.872049387529751,109040.04894498477
1201.2922492027283,9.87517284328743,109041.6440504863
1201.391726732254,9.871130724071609,109041.17964543767
1201.4922637939453,9.872141253875565,109041.9616808939
1201.591460466385,9.87269245195045,109042.26551280452
1201.6918768882751,9.873702981754404,109040.63896152408
1201.79221367836,9.87269245195045,109041.27506537166
1201.8922300338745,9.872049387529751,109040.3475588345
1201.9915874004364,9.873794848100218,109038.81280295106
1202.0923328399658,9.871957521183937,109038.13152265595
1202.1916728019714,9.870212060613468,109037.61837039037
1202.2920818328857,9.87315178367952,109037.85653335133
1202.3920059204102,9.87471351155836,109038.47088001619
1202.4917645454407,9.871773788492309,109038.82379201458
1202.5914857387543,9.870763258688353,109039.14141281311
1202.692286491394,9.873427382716962,109038.52727153181
1202.7919249534607,9.87361111540859,109039.77454437864
1202.8915181159973,9.871590055800679,109039.09708994078
1202.9915761947632,9.871498189454865,109037.6873809467
1203.0919907093048,9.872141253875565,109036.31864285204
1203.1919929981232,9.873427382716962,109035.98677856685
1203.292384147644,9.872324986567193,109036.78810071017
1203.3921637535095,9.872049387529751,109037.20929063916
1203.4914615154266,9.872324986567193,109036.38836157526
1203.5923829078674,9.871773788492309,109036.54952541774
1203.6914026737213,9.87002832792184,109035.19457287597
1203.7917985916138,9.870855125034167,109034.57511558838
1203.8923034667969,9.87361111540859,109033.71760402955
1203.9921085834503,9.872324986567193,109033.9458436266
1204.0915710926056,9.87048765965091,109035.05125926394
1204.191502571106,9.872508719258821,109036.54613333756
1204.2915575504303,9.872600585604635,109036.8915200038
1204.3923592567444,9.871865654838123,109037.70236800342
1204.4924185276031,9.87048765965091,109039.23213120308
1204.591413974762,9.871957521183937,109039.00891808278
1204.6924316883087,9.868650332734628,109039.20802627451
1204.7917883396149,9.871773788492309,109039.88722364708
1204.8916716575623,9.872876184642077,109040.09850128237
1204.991940498352,9.87002832792184,109040.28865115413
1205.0923130512238,9.87094699137998,109040.15978603871
1205.192390680313,9.871681922146495,109040.34380743484
1205.291609287262,9.870671392342539,109040.80942669135
1205.3920571804047,9.869660862538584,109040.02848402223
1205.4923050403595,9.869936461576026,109040.42563562002
1205.5915098190308,9.869109664463698,109039.98307205802
1205.6922228336334,9.872049387529751,109041.58476485223
1205.7917943000793,9.870120194267654,109043.42628836702
1205.8921601772308,9.871222590417423,109042.08365953031
1205.9922397136688,9.869201530809512,109043.07529357728
1206.0916299819946,9.869017798117884,109043.66776421954
1206.1920607089996,9.870671392342539,109043.90098779759
1206.2920367717743,9.869017798117884,109044.51088901784
1206.3914649486542,9.871314456763237,109044.45980011605
1206.4920687675476,9.870120194267654,109045.81382010445
1206.5922939777374,9.86956899619277,109046.23243809401
1206.6915228366852,9.871957521183937,109046.00919428462
1206.7918887138367,9.869660862538584,109046.10827485616
1206.8923027515411,9.868099134659744,109045.89744737055
1206.9923167228699,9.871957521183937,109045.8077026335
1207.0915479660034,9.872049387529751,109045.42693237014
1207.1922626495361,9.869017798117884,109044.28423913312
1207.2922954559326,9.871314456763237,109044.7558152198
1207.3924279212952,9.868742199080442,109045.28023369782
1207.492378950119,9.869293397155328,109045.55221032804
1207.5916349887848,9.868191001005558,109045.79698929524
1207.6922550201416,9.870763258688353,109046.51729036572
1207.7918198108673,9.86892593177207,109046.96556132915
1207.8919603824615,9.869385263501142,109046.36900519625
1207.9921562671661,9.869844595230212,109045.73210467663
1208.0915277004242,9.87048765965091,109045.05889420898
1208.1921570301056,9.868282867351372,109045.05300478809
1208.2913646697998,9.869477129846956,109045.04770430928
1208.3918924331665,9.870763258688353,109044.74293387835
1208.49205327034,9.872141253875565,109044.26864049053
1208.591744184494,9.870855125034167,109044.74177644149
1208.692173242569,9.870120194267654,109045.66759879733
1208.7918281555176,9.868099134659744,109046.4008389176
1208.8921988010406,9.86956899619277,109045.56075502584
1208.9918224811554,9.869477129846956,109044.20467952326
1209.0923523902893,9.870120194267654,109043.68421157094
1209.1915788650513,9.868374733697186,109044.21579041384
1209.292200088501,9.866813005818347,109044.59421137246
1209.3922636508942,9.869477129846956,109044.53479023522
1209.492371082306,9.86708860485579,109044.48131121171
1209.5916903018951,9.87048765965091,109043.63318009055
1209.69198513031,9.869293397155328,109042.3698620815
1209.792343378067,9.869293397155328,109042.53287587335
1209.8917520046234,9.867272337547417,109041.97958828602
1209.9921562671661,9.869752728884398,109041.28162945741
1210.0917584896088,9.869936461576026,109040.45346651168
1210.192203760147,9.86892593177207,109040.60811986051
1210.2921206951141,9.867731669276488,109039.54730787445
1210.3920531272888,9.869660862538584,109038.99257708702
1210.491711139679,9.870120194267654,109040.19331937832
1210.5923869609833,9.868834065426256,109039.37398744049
1210.6917638778687,9.868374733697186,109038.43658869644
1210.792345046997,9.867364203893231,109037.49292982681
1210.8917529582977,9.868466600043,109037.34363684413
1210.9919574260712,9.868099134659744,109035.90927315972
1211.0922343730927,9.869017798117884,109036.71834584375
1211.1915135383606,9.867456070239045,109038.04651125938
1211.2920064926147,9.867456070239045,109038.44186013345
1211.3921527862549,9.866813005818347,109038.0976741201
1211.4923913478851,9.868558466388814,109037.8879067081
1211.5917165279388,9.868834065426256,109039.29911603729
1211.6920518875122,9.869660862538584,109040.86920443356
1211.7920200824738,9.868466600043,109041.1822839902
1211.8922431468964,9.866721139472531,109041.26405559118
1211.9922504425049,9.867272337547417,109042.03765003206
1212.0916676521301,9.866537406780903,109042.13388502886
1212.1919507980347,9.86644554043509,109042.32049652596
1212.2918105125427,9.868742199080442,109042.78844687337
1212.3922004699707,9.867823535622302,109042.60960218604
1212.4916019439697,9.869385263501142,109041.94864196745
1212.5919415950775,9.869385263501142,109042.85377777071
1212.6922149658203,9.868282867351372,109043.16839999365
1212.7917251586914,9.867915401968116,109043.1515599943
1212.8922371864319,9.867364203893231,109043.13640399487
1212.991661310196,9.867639802930674,109043.22276359537
1213.0920236110687,9.86754793658486,109044.10048723583
1213.192216873169,9.86644554043509,109044.39043851224
1213.2916798591614,9.866629273126717,109044.45139466102
1213.392034292221,9.867915401968116,109044.60625519493
1213.492315530777,9.866721139472531,109046.24562967544
1213.5917644500732,9.867364203893231,109046.02106670791
1213.691946029663,9.864148881789736,109044.31896003711
1213.792283296585,9.867272337547417,109044.78706403341
1213.8921854496002,9.866813005818347,109045.20835763006
1213.991506576538,9.866721139472531,109045.08752186707
1214.0918226242065,9.866353674089275,109045.27876968036
1214.19193983078,9.866169941397647,109045.65089271232
1214.2919087409973,9.865894342360205,109045.3858034411
1214.3916082382202,9.865526876976949,109044.947223097
1214.49183011055,9.865710609668577,109044.7525007873
1214.5920679569244,9.86754793658486,109044.17725070857
1214.6922142505646,9.866721139472531,109043.65952563772
1214.7915923595428,9.867272337547417,109044.09357307396
1214.8917760849,9.86708860485579,109043.38421576656
1214.9918444156647,9.867272337547417,109042.4457941899
1215.0916919708252,9.867272337547417,109042.20121477092
1215.1913104057312,9.866721139472531,109041.98109329383
1215.2919192314148,9.866721139472531,109041.48298396444
1215.391927242279,9.867180471201603,109041.734685568
1215.4917044639587,9.868191001005558,109041.2612170112
1215.5921096801758,9.866721139472531,109041.63509531008
1215.6920728683472,9.866261807743461,109042.27158577908
1215.7916357517242,9.863689550060666,109041.84442720117
1215.8918302059174,9.867823535622302,109041.85998448105
1215.9919142723083,9.865894342360205,109040.97398603296
1216.0916242599487,9.863873282752294,109039.97658742967
1216.1918635368347,9.865710609668577,109039.6789286867
1216.29185962677,9.86644554043509,109040.71103581804
1216.392215013504,9.866353674089275,109042.63993223624
1216.4922392368317,9.865802476014391,109042.47593901263
1216.591518163681,9.865618743322763,109041.22834511136
1216.6916937828064,9.86708860485579,109042.40551060023
1216.7918162345886,9.865802476014391,109043.36495954021
1216.8921239376068,9.867823535622302,109042.52846358619
1216.992030620575,9.864332614481365,109043.37561722758
1217.0921490192413,9.868374733697186,109044.33805550482
1217.1914992332458,9.867364203893231,109045.80424995435
1217.2917687892914,9.86442448082718,109045.02382495892
1217.3923399448395,9.859555564499033,109044.42144246303
1217.4919955730438,9.861392891415313,109044.17929821672
1217.5917761325836,9.87269245195045,109045.26136839505
1217.6918087005615,9.878020700007667,109045.03523155555
1217.791997909546,9.87094699137998,109043.93170839999
1217.8923332691193,9.865986208706019,109043.83853756
1217.9921350479126,9.867272337547417,109044.55468380402
1218.0923101902008,9.875264709633244,109044.79921542361
1218.1916146278381,9.865894342360205,109044.91929388126
1218.2919535636902,9.86332208467741,109046.32736449313
1218.3914954662323,9.863230218331596,109046.09462804382
1218.4920217990875,9.865435010631135,109045.68516523944
1218.5916621685028,9.863965149098108,109045.9166487155
1218.6918773651123,9.865802476014391,109046.42498384396
1218.7915184497833,9.863965149098108,109046.78248545957
1218.891572713852,9.864975678902065,109046.40423691362
1218.992002248764,9.8619440894902,109047.26381322225
1219.0919528007507,9.865986208706019,109048.53743190003
1219.1924130916595,9.865526876976949,109049.78368871003
1219.2914853096008,9.86240342121927,109051.10531983903
1219.3913445472717,9.864791946210437,109051.39478785513
1219.4920678138733,9.865526876976949,109051.55530906962
1219.5916616916656,9.864332614481365,109050.89977816265
1219.6922581195831,9.865986208706019,109049.7098003464
1219.7917318344116,9.865710609668577,109049.03882031178
1219.8923761844635,9.864791946210437,109047.93493828061
1219.991741657257,9.86488381255625,109048.14144445256
1220.09197640419,9.866078075051833,109048.92730000732
1220.1916313171387,9.865894342360205,109049.83457000658
1220.2919781208038,9.865067545247879,109050.45111300594
1220.3920769691467,9.865986208706019,109050.90600170534
1220.4916760921478,9.866078075051833,109050.11540153481
1220.592092514038,9.865159411593693,109049.90386138133
1220.691748380661,9.864516347172994,109049.4134752432
1220.7922115325928,9.864148881789736,109050.37212771887
1220.8916363716125,9.863965149098108,109051.03491494698
1220.9917211532593,9.864332614481365,109052.2314234523
1221.0922310352325,9.864608213518808,109053.60828110707
1221.1923277378082,9.864332614481365,109053.04745299637
1221.2915217876434,9.864608213518808,109053.84270769673
1221.3918554782867,9.864516347172994,109054.05843692707
1221.4917912483215,9.862587153910898,109052.45259323437
1221.592039346695,9.865067545247879,109051.70733391093
1221.6920285224915,9.862679020256712,109051.73660051984
1221.791469335556,9.86424074813555,109052.36294046786
1221.891832113266,9.86332208467741,109052.12664642108
1221.9915511608124,9.861392891415313,109052.61398177897
1222.0919587612152,9.863138351985782,109052.65258360107
1222.1921646595001,9.864057015443922,109053.88732524097
1222.2924253940582,9.864516347172994,109054.29859271688
1222.3919730186462,9.863046485639968,109054.7687334452
1222.4915964603424,9.86442448082718,109053.69186010069
1222.5915620326996,9.864791946210437,109054.02267409062
1222.691973209381,9.865067545247879,109053.92040668156
1222.7920861244202,9.862219688527642,109054.2283660134
1222.8921086788177,9.864791946210437,109053.60552941206
1222.9918897151947,9.864700079864622,109053.94497647086
1223.0920085906982,9.865802476014391,109053.05047882377
1223.1921956539154,9.865618743322763,109051.9454309414
1223.2916758060455,9.86084169334043,109051.85088784726
1223.3916411399841,9.862311554873456,109051.56579906255
1223.4920189380646,9.863597683714852,109049.4092191563
1223.59202170372,9.86644554043509,109049.56829724068
1223.691772222519,9.86286275294834,109051.51146751663
1223.7923233509064,9.863413951023224,109050.96032076498
1223.891483783722,9.86332208467741,109050.86428868848
1223.9916620254517,9.863413951023224,109050.77785981963
1224.09215259552,9.864332614481365,109050.10007383768
1224.192140340805,9.86286275294834,109049.39006645391
1224.2922439575195,9.862770886602526,109047.45105980852
1224.3921043872833,9.863413951023224,109047.60595382767
1224.4915432929993,9.859923029882289,109048.04535844491
1224.5924019813538,9.862587153910898,109048.34082260042
1224.6921336650848,9.862219688527642,109048.10674034039
1224.7919552326202,9.86488381255625,109048.59606630636
1224.8921370506287,9.861209158723685,109049.23645967573
1224.992104768753,9.86240342121927,109048.51281370815
1225.091760635376,9.860933559686243,109047.16153233734
1225.1922354698181,9.86378141640648,109045.9453791036
1225.2915115356445,9.861852223144384,109044.95084119325
1225.3921599388123,9.862679020256712,109044.55575707393
1225.491572380066,9.865251277939507,109045.70018136654
1225.5919196605682,9.863230218331596,109044.83016322988
1225.6918890476227,9.86424074813555,109045.1471469069
1225.7922282218933,9.861209158723685,109046.43243221621
1225.89169216156,9.860749826994615,109047.48918899459
1225.9917418956757,9.86240342121927,109047.64027009514
1226.091527223587,9.863230218331596,109046.07624308563
1226.191653251648,9.864332614481365,109046.56861877708
1226.2922546863556,9.862311554873456,109047.11175689936
1226.392300605774,9.862770886602526,109047.20058120943
1226.4916491508484,9.86286275294834,109048.28052308848
1226.5924139022827,9.860933559686243,109048.55247077964
1226.6918828487396,9.863046485639968,109047.89722370167
1226.7922801971436,9.86176035679857,109047.60750133151
1226.891615152359,9.861392891415313,109048.74675119837
1226.992163658142,9.862127822181828,109048.37207607854
1227.0918123722076,9.861668490452756,109047.83486847069
1227.1913866996765,9.859923029882289,109048.25138162362
1227.291660785675,9.862495287565084,109048.52624346127
1227.3921558856964,9.861392891415313,109047.97361911515
1227.4916558265686,9.860657960648801,109048.17625720364
1227.5921449661255,9.862311554873456,109047.65863148328
1227.6915917396545,9.85569717797484,109048.19276833496
1227.792179107666,9.85661584143298,109049.17349150147
1227.8915853500366,9.861668490452756,109048.95614235132
1227.992264509201,9.862311554873456,109047.5605281162
1228.092127084732,9.862311554873456,109046.90447530459
1228.192245721817,9.860566094302987,109047.31402777413
1228.2920937538147,9.865618743322763,109047.98262499672
1228.391981601715,9.862035955836014,109048.78436249706
1228.4923706054688,9.861025426032057,109049.10592624734
1228.5918481349945,9.86286275294834,109050.49533362262
1228.6923983097076,9.86084169334043,109051.64580026036
1228.7916927337646,9.862587153910898,109051.88122023433
1228.891874551773,9.859371831807403,109051.99309821089
1228.9916546344757,9.861484757761128,109051.79378838981
1229.091692686081,9.861576624106942,109052.31440955083
1229.1914162635803,9.860474227957173,109052.48296859575
1229.2918128967285,9.854778514516699,109052.93467173618
1229.3916923999786,9.851103860684134,109053.44120456256
1229.4915835857391,9.854686648170885,109054.49708410632
1229.5922849178314,9.859831163536475,109055.54737569569
1229.6923100948334,9.852114390488088,109055.69263812613
1229.7918334007263,9.855513445283211,109055.52337431352
1229.8920469284058,9.85303305394623,109056.17103688217
1229.9915425777435,9.855054113554141,109056.85393319395
1230.091709136963,9.852389989525532,109055.46853987456
1230.1917295455933,9.850277063571808,109055.72168588711
1230.2919001579285,9.848072271272269,109055.7495172984
1230.3921349048615,9.851103860684134,109056.77456556857
1230.4919819831848,9.852114390488088,109057.79710901172
1230.5917472839355,9.852757454908788,109057.91739811056
1230.6924407482147,9.858085702966006,109057.1256582995
1230.7922463417053,9.859923029882289,109058.61309246955
1230.8917348384857,9.863873282752294,109059.7517832226
1230.9914264678955,9.859555564499033,109058.17660490033
1231.0922751426697,9.85817756931182,109058.6589444103
1231.191692352295,9.861117292377871,109059.29304996927
1231.2916729450226,9.8619440894902,109059.66374497235
1231.3915600776672,9.860566094302987,109060.09737047512
1231.4916672706604,9.860014896228103,109059.88763342761
1231.5920135974884,9.860198628919731,109059.89887008486
1231.6914205551147,9.857901970274378,109058.60898307637
1231.7915334701538,9.857442638545308,109058.64808476873
1231.8922131061554,9.859647430844847,109058.88327629188
1231.991456747055,9.858820633732519,109059.29494866269
1232.0922067165375,9.859923029882289,109059.16545379642
1232.191621541977,9.859371831807403,109058.64890841677
1232.2915081977844,9.859831163536475,109057.0840175751
1232.3917906284332,9.860290495265545,109057.77561581758
1232.492256641388,9.858728767386705,109056.99805423582
1232.5917887687683,9.861209158723685,109057.39824881226
1232.6923620700836,9.861392891415313,109056.85842393103
1232.7923181056976,9.858820633732519,109057.87258153793
1232.891618013382,9.858269435657634,109057.28532338413
1232.9921219348907,9.857167039507866,109055.35679104572
1233.0915956497192,9.860290495265545,109055.42111194116
1233.1922714710236,9.861117292377871,109054.77900074705
1233.2919018268585,9.859923029882289,109053.10110067234
1233.3918054103851,9.858269435657634,109052.59099060511
1233.492301940918,9.858545034695076,109053.4318915446
1233.5915338993073,9.861668490452756,109053.08870239015
1233.6919133663177,9.860749826994615,109053.97983215113
1233.7917082309723,9.858820633732519,109053.18184893603
1233.892291545868,9.861668490452756,109053.56366404242
1233.9919347763062,9.857993836620192,109053.90729763817
1234.09153175354,9.859831163536475,109054.11656787436
1234.1919553279877,9.859463698153219,109054.60491108694
1234.2916009426117,9.859555564499033,109055.64441997824
1234.3921637535095,9.861484757761128,109054.97997798043
1234.4916303157806,9.857626371236936,109054.0819801824
1234.5921895503998,9.859555564499033,109053.97378216416
1234.6914784908295,9.858361302003448,109053.47640394774
1234.7921137809753,9.857626371236936,109053.22876355298
1234.8919744491577,9.858453168349262,109052.90588719769
1234.992359161377,9.860474227957173,109053.51529847793
1235.091884613037,9.860749826994615,109053.46376863014
1235.1916344165802,9.858085702966006,109052.51739176712
1235.2921681404114,9.85863690104089,109053.26565259042
1235.391649723053,9.859923029882289,109053.33908733138
1235.492256641388,9.857901970274378,109054.40517859824
1235.5921170711517,9.859279965461589,109054.36466073841
1235.6918165683746,9.861117292377871,109055.12819466458
1235.7916128635406,9.859463698153219,109056.21537519812
1235.892382144928,9.856432108741352,109056.89383767832
1235.9922411441803,9.859004366424147,109057.00445391049
1236.0920689105988,9.857810103928564,109058.10400851944
1236.1918728351593,9.86084169334043,109058.3936076675
1236.2924230098724,9.857350772199494,109059.15424690075
1236.3919801712036,9.860474227957173,109059.83882221069
1236.4916279315948,9.858728767386705,109059.55493998961
1236.59179353714,9.859463698153219,109060.49944599066
1236.691444158554,9.858085702966006,109059.54950139161
1236.7921297550201,9.858820633732519,109058.99455125246
1236.8915588855743,9.858820633732519,109060.09509612722
1236.9923641681671,9.858085702966006,109060.6855865145
1237.0915622711182,9.856983306816236,109060.41702786306
1237.1914579868317,9.857901970274378,109058.97532507677
1237.291840314865,9.855880910666468,109058.47779256909
1237.3920288085938,9.859371831807403,109057.13001331218
1237.4917998313904,9.857534504891122,109056.31701198098
1237.591983795166,9.857626371236936,109056.08531078289
1237.6917560100555,9.857626371236936,109056.1767797046
1237.7919299602509,9.858545034695076,109055.55910173415
1237.8919115066528,9.856064643358096,109056.00319156074
1237.9919533729553,9.858912500078333,109057.20287240467
1238.0917677879333,9.85771823758275,109057.88258516422
1238.1922957897186,9.858820633732519,109057.8943266478
1238.2919108867645,9.85725890585368,109058.80489398302
1238.3918106555939,9.857901970274378,109059.12440458471
1238.4915099143982,9.857993836620192,109058.81196412625
1238.5919184684753,9.859371831807403,109058.83076771363
1238.6923820972443,9.856340242395538,109059.54769094227
1238.7914426326752,9.858545034695076,109060.09292184805
1238.891886472702,9.857626371236936,109061.08362966325
1238.9923412799835,9.856523975087166,109060.27526669693
1239.0919847488403,9.858728767386705,109060.04774002725
1239.192150592804,9.856799574124608,109059.34296602453
1239.2921214103699,9.856799574124608,109059.60866942207
1239.3923988342285,9.857901970274378,109059.54780247988
1239.491985321045,9.857993836620192,109059.2930222319
1239.5923836231232,9.857075173162052,109059.46372000872
1239.6919932365417,9.858820633732519,109058.61734800786
1239.7921113967896,9.85817756931182,109059.45561320707
1239.8917739391327,9.859647430844847,109059.41005188637
1239.9924049377441,9.856891440470422,109058.76904669774
1240.091670513153,9.856707707778794,109057.39214202797
1240.1921923160553,9.856891440470422,109056.75292782517
1240.2923398017883,9.856891440470422,109056.97763504265
1240.3916580677032,9.858361302003448,109058.5798715384
1240.4921443462372,9.855605311629025,109059.12188438457
1240.59210562706,9.855421578937397,109059.20969594612
1240.6924233436584,9.855880910666468,109059.68872635151
1240.792016029358,9.854502915479255,109059.51985371637
1240.891714334488,9.856799574124608,109058.36786834474
1240.9923839569092,9.858269435657634,109058.23108151027
1241.0919680595398,9.85569717797484,109058.60797335923
1241.1916065216064,9.855880910666468,109058.54717602332
1241.2921946048737,9.858269435657634,109059.59245842099
1241.3918159008026,9.85523784624577,109060.9332125789
1241.49178647995,9.857167039507866,109061.43989132102
1241.592230796814,9.85661584143298,109062.49590218891
1241.6916568279266,9.857442638545308,109063.54631197003
1241.7918937206268,9.85661584143298,109062.19168077303
1241.892285823822,9.855054113554141,109061.97251269573
1241.991533756256,9.855513445283211,109061.37526142618
1242.0921931266785,9.857626371236936,109060.83773528357
1242.1915152072906,9.855605311629025,109060.25396175521
1242.2922830581665,9.858085702966006,109061.22856557969
1242.3916449546814,9.855145979899955,109060.00570902173
1242.4916305541992,9.856064643358096,109059.80513811957
1242.5923836231232,9.85661584143298,109060.72462430762
1242.6924622058868,9.85661584143298,109060.75216187687
1242.7921900749207,9.856707707778794,109061.87694568918
1242.8918192386627,9.854502915479255,109062.48925112026
1242.9916520118713,9.858453168349262,109063.74032600824
1243.0918061733246,9.856248376049724,109063.86629340741
1243.1923444271088,9.853859851058557,109062.47966406668
1243.2920854091644,9.855421578937397,109061.83169766002
1243.3916597366333,9.85661584143298,109062.54852789402
1243.4924266338348,9.856432108741352,109062.39367510463
1243.5921375751495,9.856523975087166,109062.45430759418
1243.6916835308075,9.855421578937397,109063.70887683476
1243.7922036647797,9.85569717797484,109063.83798915129
1243.8919076919556,9.85771823758275,109063.85419023616
1243.992300748825,9.854411049133441,109064.26877121255
1244.0924608707428,9.857075173162052,109064.8418940913
1244.1916377544403,9.852114390488088,109063.75770468218
1244.2917459011078,9.856523975087166,109062.98193421397
1244.3923835754395,9.856891440470422,109063.48374079258
1244.49227809906,9.855421578937397,109063.73536671333
1244.5923647880554,9.856248376049724,109063.461830042
1244.6921737194061,9.857167039507866,109062.71564703781
1244.7921006679535,9.854227316441813,109062.14408233402
1244.8920321464539,9.852849321254602,109061.72967410063
1244.992346048355,9.855145979899955,109062.15670669057
1245.0917520523071,9.85569717797484,109061.64103602151
1245.1922438144684,9.853584252021115,109061.77693241937
1245.2921392917633,9.854962247208327,109062.59923917743
1245.3915309906006,9.856432108741352,109063.5393152597
1245.492348909378,9.85725890585368,109063.68538373373
1245.5919280052185,9.855605311629025,109064.91684536036
1245.6922543048859,9.853308652983673,109064.62516082433
1245.7922720909119,9.856432108741352,109065.2626447419
1245.8924458026886,9.851746925104832,109066.03638026772
1245.9915134906769,9.853124920292045,109065.43274224094
1246.0923166275024,9.853584252021115,109065.28946801685
1246.1921153068542,9.854686648170885,109065.46052121517
1246.291933298111,9.85523784624577,109064.61446909365
1246.3916990756989,9.855605311629025,109064.75302218429
1246.4923615455627,9.854594781825071,109064.17771996587
1246.5914316177368,9.854870380862513,109064.3599479693
1246.6922717094421,9.855421578937397,109065.12395317237
1246.7915751934052,9.854043583750185,109065.31155785514
1246.8914794921875,9.854043583750185,109065.48040206962
1246.992241859436,9.851746925104832,109065.93236186265
1247.092024564743,9.853859851058557,109066.13912567639
1247.192363500595,9.855513445283211,109064.02521310875
1247.2919821739197,9.853767984712743,109063.82269179788
1247.391649723053,9.853308652983673,109064.14042261809
1247.49236369133,9.85523784624577,109063.32638035629
1247.5916187763214,9.854043583750185,109063.29374232066
1247.6915545463562,9.856891440470422,109063.5643680886
1247.7919714450836,9.8534923856753,109063.90793127974
1247.8915162086487,9.851563192413204,109064.51713815177
1247.9922587871552,9.855329712591583,109065.1654243366
1248.0921504497528,9.855513445283211,109064.44888190295
1248.1916072368622,9.852757454908788,109064.70399371265
1248.2916867733002,9.85523784624577,109064.3335943414
1248.3919551372528,9.85569717797484,109063.80023490725
1248.4921045303345,9.855329712591583,109062.82021141652
1248.592117547989,9.853951717404371,109062.53819027486
1248.6922736167908,9.853859851058557,109061.88437124739
1248.792278766632,9.852298123179718,109063.39593412264
1248.891461610794,9.853859851058557,109061.75634071037
1248.9915101528168,9.852389989525532,109061.48070663933
1249.091457605362,9.852665588562974,109060.1326359754
1249.192394733429,9.853676118366929,109060.01937237786
1249.2921838760376,9.853767984712743,109060.31743514008
1249.3920922279358,9.854411049133441,109060.08569162608
1249.491452217102,9.853308652983673,109060.07712246348
1249.5921516418457,9.853216786637859,109060.66941021715
1249.6914331912994,9.853308652983673,109060.00246919543
1249.7914497852325,9.854502915479255,109059.20222227588
1249.8922147750854,9.85193065779646,109059.28200004829
1249.9923305511475,9.852665588562974,109059.25380004346
1250.091783285141,9.852481855871346,109059.72842003912
1250.1922085285187,9.853400519329487,109060.25557803521
1250.2918503284454,9.8534923856753,109061.3300202317
1250.391896724701,9.853676118366929,109060.79701820854
1250.4920542240143,9.852665588562974,109059.81731638769
1250.5922181606293,9.850368929917622,109059.83558474893
1250.6917386054993,9.85303305394623,109059.35202627403
1250.792129278183,9.853400519329487,109059.71682364664
1250.8919522762299,9.8534923856753,109060.04514128198
1250.99232339859,9.852022524142274,109060.24062715378
1251.0923364162445,9.854227316441813,109060.81656443841
1251.1917459964752,9.852389989525532,109061.43490799457
1251.291835308075,9.852481855871346,109061.1914171951
1251.391996383667,9.854411049133441,109062.0722754756
1251.491550207138,9.852941187600416,109062.46504792805
1251.5915431976318,9.853676118366929,109062.61854313526
1251.6918914318085,9.852022524142274,109063.25668882174
1251.7919266223907,9.853584252021115,109062.13101993957
1251.8922057151794,9.851287593375762,109061.81791794562
1251.9913794994354,9.852389989525532,109061.53612615107
1252.0916838645935,9.852206256833904,109061.38251353597
1252.191980600357,9.851563192413204,109060.34426218238
1252.2921633720398,9.851379459721576,109060.80983596414
1252.3920979499817,9.852114390488088,109061.22885236773
1252.4914977550507,9.851379459721576,109061.30596713096
1252.592140674591,9.852114390488088,109061.27537041788
1252.691936969757,9.853308652983673,109062.84783337609
1252.7922954559326,9.853951717404371,109062.86305003849
1252.8915174007416,9.85147132606739,109062.57674503465
1252.9918189048767,9.853308652983673,109064.7190705312
1253.092213153839,9.855145979899955,109065.74716347808
1253.1921293735504,9.852481855871346,109065.57244713028
1253.2921719551086,9.8534923856753,109066.11520241726
1253.3916563987732,9.852389989525532,109066.80368217554
1253.4923076629639,9.852757454908788,109066.12331395799
1253.5916638374329,9.85303305394623,109065.71098256219
1253.691971063614,9.850644528955064,109065.63988430597
1253.791470527649,9.852206256833904,109065.77589587537
1253.8917605876923,9.853584252021115,109066.19830628783
1253.9920058250427,9.851746925104832,109065.77847565904
1254.091460466385,9.852022524142274,109066.80062809314
1254.1916358470917,9.848072271272269,109067.62056528383
1254.2916972637177,9.876458972128827,109068.75850875545
1254.3920269012451,9.850736395300878,109069.5826578799
1254.4916832447052,9.850828261646692,109068.92439209191
1254.592046737671,9.852389989525532,109069.53195288272
1254.692376613617,9.852206256833904,109068.97875759445
1254.79163646698,9.852022524142274,109068.080881835
1254.8919546604156,9.851195727029948,109067.5727936515
1254.992035150528,9.850644528955064,109067.61551428636
1255.0921454429626,9.852298123179718,109066.75396285774
1255.1916811466217,9.852114390488088,109067.17856657197
1255.2915480136871,9.85009333088018,109066.86070991476
1255.391581773758,9.851746925104832,109066.97463892329
1255.4920258522034,9.85101199433832,109066.67717503096
1255.592012166977,9.85303305394623,109066.70945752786
1255.6923127174377,9.851746925104832,109067.13851177508
1255.7920792102814,9.850277063571808,109066.92466059756
1255.8915197849274,9.851746925104832,109066.4321945378
1255.9918546676636,9.851655058759018,109066.98897508402
1256.0916531085968,9.852022524142274,109066.79007757563
1256.1921768188477,9.849909598188551,109067.61106981807
1256.292048215866,9.851838791450646,109067.24996283627
1256.3918521404266,9.85055266260925,109067.92496655264
1256.4914581775665,9.849817731842737,109066.63246989738
1256.5922377109528,9.852665588562974,109065.96922290765
1256.6924459934235,9.852022524142274,109064.37230061689
1256.791773557663,9.851379459721576,109063.6350705552
1256.8915224075317,9.850368929917622,109064.07156349969
1256.9919757843018,9.850920127992506,109062.56440714974
1257.0921573638916,9.851195727029948,109062.00796643476
1257.1923093795776,9.851195727029948,109062.10716979128
1257.2920620441437,9.849725865496923,109062.09645281215
1257.3920238018036,9.851838791450646,109062.58680753094
1257.4917566776276,9.852022524142274,109061.52812677785
1257.5916810035706,9.85055266260925,109061.87531410006
1257.6916239261627,9.848439736655525,109062.18778269006
1257.7914743423462,9.848899068384595,109061.96900442106
1257.8922593593597,9.852481855871346,109062.97210397896
1257.9923129081726,9.850368929917622,109061.77489358107
1258.091713666916,9.851103860684134,109059.59740422296
1258.1921191215515,9.848623469347153,109059.93766380068
1258.2923970222473,9.851655058759018,109059.34389742062
1258.391586780548,9.851563192413204,109061.60950767856
1258.4917204380035,9.849358400113665,109062.3485569107
1258.5916538238525,9.850185197225994,109063.81370121962
1258.691926240921,9.850277063571808,109063.93233109766
1258.79212808609,9.850277063571808,109064.9390979879
1258.8922946453094,9.84899093473041,109065.34518818912
1258.992411851883,9.85147132606739,109065.11066937022
1259.092268705368,9.850185197225994,109064.5996024332
1259.1923458576202,9.850828261646692,109064.33964218988
1259.2915287017822,9.84899093473041,109066.0056779709
1259.3915402889252,9.852665588562974,109066.40511017382
1259.4923837184906,9.85055266260925,109066.76459915643
1259.5922992229462,9.850368929917622,109067.28813924079
1259.6921918392181,9.848347870309711,109067.05932531672
1259.79234457016,9.848715335692967,109067.95339278506
1259.8914594650269,9.851287593375762,109068.05805350657
1259.9914636611938,9.848623469347153,109068.35224815592
1260.0916719436646,9.853400519329487,109067.51702334033
1260.1916143894196,9.847980404926455,109066.4653210063
1260.2915802001953,9.85101199433832,109065.91878890568
1260.3917517662048,9.849817731842737,109066.12691001511
1260.4921507835388,9.848531603001339,109065.5142190136
1260.5922100543976,9.850644528955064,109066.16279711224
1260.6923348903656,9.850460796263436,109065.84651740102
1260.7915794849396,9.852022524142274,109065.56186566093
1260.89173579216,9.848072271272269,109065.50567909484
1260.9922802448273,9.850644528955064,109064.65511118536
1261.0916044712067,9.848715335692967,109065.68960006683
1261.1918985843658,9.848715335692967,109065.92064006015
1261.2923645973206,9.847796672234827,109065.12857605415
1261.3917644023895,9.849358400113665,109065.21571844874
1261.491776227951,9.849817731842737,109064.19414660387
1261.5916867256165,9.849817731842737,109064.6747319435
1261.6920204162598,9.849082801076223,109065.10725874914
1261.791855096817,9.849358400113665,109065.59653287423
1261.8920764923096,9.850185197225994,109065.33687958682
1261.9914982318878,9.848899068384595,109064.90319162814
1262.0915007591248,9.850368929917622,109066.01287246533
1262.1917352676392,9.849174667422037,109064.81158521879
1262.291511774063,9.847980404926455,109064.93042669693
1262.3920550346375,9.848531603001339,109064.43738402723
1262.4914710521698,9.849082801076223,109064.6936456245
1262.5917580127716,9.849174667422037,109065.92428106205
1262.6915583610535,9.849542132805293,109065.73185295585
1262.7921977043152,9.850001464534365,109065.95866766028
1262.891878604889,9.847704805889013,109066.76280089424
1262.9916894435883,9.849817731842737,109066.98652080481
1263.0917456150055,9.848347870309711,109067.18786872434
1263.192349433899,9.849174667422037,109067.26908185192
1263.291529417038,9.851195727029948,109067.94217366673
1263.3918023109436,9.84742920685157,109069.24795630007
1263.4921038150787,9.848256003963897,109068.62316067006
1263.5922403335571,9.850460796263436,109069.66084460306
1263.6915414333344,9.84945026645948,109069.79476014276
1263.791482925415,9.848072271272269,109071.51528412849
1263.8921699523926,9.848623469347153,109071.96375571565
1263.9919092655182,9.84788853858064,109071.56738014409
1264.0918233394623,9.848531603001339,109072.71064212968
1264.1916279792786,9.847521073197385,109072.6395779167
1264.2923254966736,9.848715335692967,109074.17562012504
1264.3919978141785,9.848256003963897,109073.85805811254
1264.4917352199554,9.848623469347153,109075.37225230128
1264.5915987491608,9.848072271272269,109076.03502707115
1264.6920461654663,9.847521073197385,109076.03152436404
1264.791850566864,9.847796672234827,109076.12837192763
1264.8920049667358,9.848899068384595,109077.21553473486
1264.9916441440582,9.847704805889013,109077.49398126137
1265.091509103775,9.845132548206218,109076.84458313524
1265.191972732544,9.847704805889013,109076.46012482172
1265.291797876358,9.84742920685157,109074.91411233955
1265.391794204712,9.847337340505756,109076.02270110561
1265.491844177246,9.850736395300878,109076.52043099506
1265.592048883438,9.850185197225994,109076.76838789557
1265.6919441223145,9.847061741468313,109077.69154910602
1265.7918441295624,9.84788853858064,109078.52239419543
1265.8914868831635,9.848439736655525,109079.0701547759
1265.991798877716,9.847521073197385,109079.06313929832
1266.092267036438,9.846878008776685,109078.9568253685
1266.19162940979,9.848164137618083,109078.46114283166
1266.29225730896,9.848899068384595,109077.81502854849
1266.3916192054749,9.846969875122499,109077.33352569364
1266.4921753406525,9.847980404926455,109077.80017312427
1266.5917806625366,9.847704805889013,109077.12015581185
1266.6922597885132,9.849909598188551,109077.30814023066
1266.7917912006378,9.847704805889013,109077.2773262076
1266.8914813995361,9.847521073197385,109077.54959358684
1266.9921207427979,9.847337340505756,109077.59463422815
1267.091576576233,9.848072271272269,109076.63517080534
1267.191930770874,9.847521073197385,109075.9716537248
1267.291617155075,9.85055266260925,109074.87448835232
1267.3920266628265,9.8463268107018,109073.88703951708
1267.4915235042572,9.847796672234827,109073.59833556539
1267.5919148921967,9.846969875122499,109074.03850200886
1267.6924154758453,9.847337340505756,109073.13465180798
1267.7918615341187,9.846969875122499,109072.4211866272
1267.891572713852,9.848715335692967,109073.97906796448
1267.9920899868011,9.848072271272269,109074.68116116805
1268.091545343399,9.847704805889013,109074.71304505125
1268.1921570301056,9.845224414552032,109074.14174054613
1268.2921183109283,9.847612939543199,109073.22756649152
1268.3914654254913,9.848623469347153,109072.50480984237
1268.4915940761566,9.847704805889013,109072.15432885813
1268.5920259952545,9.847337340505756,109072.23889597232
1268.6923928260803,9.848164137618083,109071.51500637509
1268.7922756671906,9.847612939543199,109071.56350573758
1268.8922894001007,9.847521073197385,109070.30715516381
1268.9915590286255,9.845224414552032,109069.07643964744
1269.0922501087189,9.84384641936482,109067.9687956827
1269.191680431366,9.845683746281102,109066.37191611443
1269.2923135757446,9.847061741468313,109066.53472450298
1269.3920366764069,9.846969875122499,109064.98125205269
1269.4915533065796,9.84540814724366,109064.38312684742
1269.5920071601868,9.848899068384595,109064.84481416267
1269.69149851799,9.846510543393428,109066.2603327464
1269.7923023700714,9.846510543393428,109066.73429947178
1269.891595363617,9.847061741468313,109067.2608695246
1269.9921925067902,9.846969875122499,109067.13478257215
1270.091435432434,9.845683746281102,109067.62130431493
1270.1916360855103,9.846143078010172,109066.95917388344
1270.2920751571655,9.847061741468313,109067.36325649511
1270.3918371200562,9.846051211664358,109067.4269308456
1270.4922947883606,9.846694276085056,109066.68423776104
1270.592341184616,9.844581350131332,109066.81581398494
1270.6922211647034,9.845591879935288,109067.23423258646
1270.7916460037231,9.846510543393428,109067.21080932781
1270.8919532299042,9.848531603001339,109067.38972839504
1270.9914536476135,9.84586747897273,109067.85075555553
1271.0919427871704,9.846234944355986,109068.36567999997
1271.1920976638794,9.846234944355986,109069.62911199998
1271.2919890880585,9.846234944355986,109069.76620079999
1271.3915665149689,9.84678614243087,109070.28958072
1271.4916574954987,9.844030152056447,109071.560622648
1271.5920932292938,9.845224414552032,109071.50456038321
1271.6914913654327,9.84430575109389,109072.6541043449
1271.7919945716858,9.84788853858064,109072.18869391042
1271.891550540924,9.845500013589474,109071.46982451937
1271.991878271103,9.846234944355986,109071.42284206745
1272.092425584793,9.847980404926455,109071.88055786071
1272.1916980743408,9.843478953981563,109070.59250207464
1272.2919120788574,9.84586747897273,109071.33325186718
1272.3923428058624,9.846418677047614,109072.69992668046
1272.4916501045227,9.845775612626916,109072.42993401241
1272.5917389392853,9.845500013589474,109072.48694061118
1272.6920495033264,9.844581350131332,109071.93824655007
1272.7917175292969,9.846969875122499,109072.84442189508
1272.8914995193481,9.848256003963897,109072.45997970557
1272.9920387268066,9.843570820327377,109073.11398173502
1273.0917217731476,9.843203354944121,109073.70258356153
1273.192223072052,9.846051211664358,109074.33232520538
1273.2915976047516,9.847521073197385,109073.09909268485
1273.392270565033,9.844673216477146,109072.88918341637
1273.4915511608124,9.845224414552032,109074.50026507472
1273.5922231674194,9.845775612626916,109076.25023856724
1273.6917531490326,9.844856949168776,109076.92521471053
1273.7917113304138,9.84788853858064,109076.73269323948
1273.8924705982208,9.844856949168776,109075.65942391554
1273.991503238678,9.84494881551459,109076.39348152399
1274.09188246727,9.845316280897846,109076.1541333716
1274.1919281482697,9.844581350131332,109075.73872003444
1274.2914645671844,9.846510543393428,109076.964848031
1274.3915288448334,9.845959345318544,109077.06836322791
1274.4921236038208,9.847612939543199,109076.76152690512
1274.5918259620667,9.846418677047614,109077.38537421462
1274.6917552947998,9.845959345318544,109077.44683679315
1274.7918820381165,9.843203354944121,109076.70215311385
1274.8917119503021,9.8463268107018,109075.63193780246
1274.9923930168152,9.844397617439704,109075.86874402223
1275.0923671722412,9.84494881551459,109077.68186962002
1275.192051410675,9.846051211664358,109077.81368265802
1275.2923519611359,9.8463268107018,109077.73231439221
1275.3919205665588,9.844122018402262,109078.259082953
1275.4917559623718,9.844397617439704,109077.33317465769
1275.5921788215637,9.845224414552032,109078.69985719192
1275.6923377513885,9.84430575109389,109077.82987147273
1275.7920289039612,9.84476508282296,109078.34688432547
1275.8914291858673,9.84476508282296,109077.91219589292
1275.9919219017029,9.845683746281102,109077.52097630364
1276.0914633274078,9.844030152056447,109078.06887867328
1276.1921627521515,9.843478953981563,109078.76199080596
1276.2918727397919,9.84540814724366,109079.28579172536
1276.3915975093842,9.842927755906679,109079.75721255282
1276.4922678470612,9.841733493411095,109079.78149129754
1276.591477394104,9.845224414552032,109079.4033421678
1276.692300081253,9.844489483785518,109079.26300795103
1276.792277097702,9.842284691485979,109078.13670715594
1276.8914713859558,9.84494881551459,109078.72303644035
1276.9916830062866,9.844856949168776,109077.75073279632
1277.0919017791748,9.843019622252493,109077.2756595167
1277.1918637752533,9.84494881551459,109075.64809356503
1277.2917928695679,9.844030152056447,109074.68328420854
1277.3918211460114,9.843938285710633,109074.51495578769
1277.4914441108704,9.842560290523423,109074.86346020893
1277.5917165279388,9.845500013589474,109074.97711418805
1277.691757440567,9.844673216477146,109073.87940276923
1277.7924182415009,9.842009092448537,109073.59146249232
1277.8923871517181,9.842560290523423,109072.63231624308
1277.9924273490906,9.843019622252493,109072.36908461877
1278.0915155410767,9.842009092448537,109073.4321761569
1278.1917440891266,9.845591879935288,109073.18895854121
1278.2923657894135,9.843662686673191,109072.5700626871
1278.3915762901306,9.842468424177609,109073.3130564184
1278.4918203353882,9.841733493411095,109073.88175077655
1278.5920124053955,9.843111488598307,109073.3935756989
1278.6922414302826,9.844213884748076,109073.95421812902
1278.7924177646637,9.843019622252493,109074.55879631612
1278.8919064998627,9.847153607814127,109075.40291668451
1278.992206811905,9.842652156869237,109075.76262501607
1279.0923705101013,9.842192825140165,109076.18636251446
1279.1915564537048,9.842376557831793,109076.26772626302
1279.2917761802673,9.839988032840628,109076.34095363671
1279.3919515609741,9.843662686673191,109077.10685827304
1279.4918615818024,9.844213884748076,109076.59617244573
1279.5920143127441,9.844489483785518,109077.13655520116
1279.6917073726654,9.842376557831793,109077.02289968105
1279.791467666626,9.842744023215051,109078.02060971294
1279.8922152519226,9.843019622252493,109076.41854874164
1279.9922091960907,9.844856949168776,109078.27669386748
1280.0915892124176,9.84430575109389,109079.64902448072
1280.1921396255493,9.841917226102723,109080.48412203265
1280.291958808899,9.844030152056447,109081.23570982939
1280.3918633460999,9.842744023215051,109080.31213884645
1280.4920597076416,9.842468424177609,109081.3809249618
1280.5920956134796,9.844030152056447,109081.74283246562
1280.6921141147614,9.842009092448537,109081.26854921906
1280.791455745697,9.843478953981563,109083.44169429716
1280.8917939662933,9.845132548206218,109083.29752486745
1280.992312669754,9.84164162706528,109083.46777238071
1281.0921120643616,9.841733493411095,109083.32099514264
1281.1917686462402,9.843754553019005,109082.38889562839
1281.291741847992,9.842192825140165,109082.45000606556
1281.3916084766388,9.84384641936482,109082.205005459
1281.4916200637817,9.842652156869237,109081.38450491312
1281.5921785831451,9.843295221289935,109081.64605442181
1281.691600561142,9.841366028027839,109081.08144897965
1281.7921030521393,9.84338708763575,109080.67330408168
1281.891627073288,9.843295221289935,109081.6059736735
1281.99169754982,9.841825359756909,109081.74537630616
1282.0923964977264,9.842468424177609,109081.47083867554
1282.1918749809265,9.843295221289935,109083.52375480799
1282.2921755313873,9.84210095879435,109083.37137932719
1282.3920979499817,9.841825359756909,109083.53424139447
1282.4918673038483,9.84210095879435,109084.38081725502
1282.5921947956085,9.843478953981563,109084.04273552953
1282.691887140274,9.843203354944121,109084.93846197658
1282.7916452884674,9.840631097261326,109084.94461577892
1282.891625404358,9.842009092448537,109084.35015420103
1282.9920575618744,9.84118229533621,109084.81513878095
1283.0918972492218,9.844856949168776,109085.23362490284
1283.1915147304535,9.843203354944121,109084.91026241257
1283.2917687892914,9.839804300148998,109086.01923617131
1283.3923001289368,9.84210095879435,109085.51731255419
1283.4916217327118,9.84210095879435,109086.66558129877
1283.5915281772614,9.842192825140165,109085.3990231689
1283.6919038295746,9.840171765532256,109085.95912085201
1283.7916345596313,9.841917226102723,109084.76320876682
1283.8919758796692,9.843019622252493,109084.78688789014
1283.9916019439697,9.842192825140165,109085.80819910113
1284.0920670032501,9.84430575109389,109085.82737919102
1284.19175863266,9.844673216477146,109084.74464127191
1284.2913801670074,9.840814829952954,109085.27017714473
1284.39230966568,9.840814829952954,109085.14315943027
1284.4921255111694,9.841825359756909,109085.52884348723
1284.592354774475,9.841090428990396,109086.27595913851
1284.6919059753418,9.840355498223884,109086.54836322466
1284.7921550273895,9.841917226102723,109086.5935269022
1284.8913507461548,9.841457894373653,109085.83417421198
1284.9915676116943,9.84210095879435,109085.45075679079
1285.0919394493103,9.840539230915512,109085.3056811117
1285.19238114357,9.843754553019005,109085.57511300054
1285.2920970916748,9.842009092448537,109084.81760170049
1285.3917253017426,9.842744023215051,109084.53584153044
1285.4919810295105,9.842927755906679,109085.48225737739
1285.5915076732635,9.842284691485979,109085.03403163966
1285.691921710968,9.840906696298768,109085.3306284757
1285.7915601730347,9.840814829952954,109084.99756562813
1285.8918120861053,9.841366028027839,109084.59780906532
1285.992425918579,9.841917226102723,109084.7380281588
1286.0918822288513,9.840998562644582,109085.26422534292
1286.192332983017,9.84072296360714,109084.73780280864
1286.2918677330017,9.842376557831793,109084.36402252778
1286.3916771411896,9.841090428990396,109085.127620275
1286.4921972751617,9.841549760719467,109084.6148582475
1286.5921692848206,9.841549760719467,109084.35337242275
1286.692190170288,9.842927755906679,109083.61803518047
1286.7919487953186,9.840998562644582,109083.95623166242
1286.89200258255,9.841366028027839,109084.06060849618
1286.9921045303345,9.842192825140165,109082.35454764655
1287.091492176056,9.842835889560865,109081.9190928819
1287.192322731018,9.841825359756909,109081.82718359372
1287.2918665409088,9.83962056745737,109081.94446523435
1287.39182639122,9.840631097261326,109082.55001871093
1287.4920585155487,9.84210095879435,109083.59501683984
1287.592274427414,9.840631097261326,109083.73551515586
1287.692279100418,9.841457894373653,109084.86196364027
1287.7920742034912,9.840998562644582,109085.17576727625
1287.891900062561,9.839988032840628,109085.05819054862
1287.992163658142,9.839344968419928,109085.55237149376
1288.09175491333,9.840079899186442,109086.19713434439
1288.1921010017395,9.842376557831793,109086.47742090994
1288.2921142578125,9.839804300148998,109086.32967881895
1288.3916380405426,9.84072296360714,109086.09671093707
1288.492259979248,9.841733493411095,109085.68703984337
1288.5915913581848,9.84072296360714,109084.81833585903
1288.6922461986542,9.839528701111556,109084.33650227313
1288.7920112609863,9.841733493411095,109083.30285204583
1288.891555070877,9.84164162706528,109082.77256684126
1288.9916408061981,9.838150705924345,109081.99531015713
1289.091888666153,9.840998562644582,109081.89577914143
1289.1921525001526,9.839528701111556,109081.90620122729
1289.2915933132172,9.839253102074114,109080.71558110457
1289.3923964500427,9.837966973232717,109079.8440229941
1289.492173910141,9.842192825140165,109080.0596206947
1289.5922722816467,9.840631097261326,109078.45365862522
1289.6921808719635,9.84026363187807,109077.6082927627
1289.7916841506958,9.840171765532256,109078.34746348643
1289.8920266628265,9.840906696298768,109078.71271713778
1289.9918015003204,9.83962056745737,109079.341445424
1290.0919947624207,9.837599507849461,109078.9073008816
1290.192039012909,9.841549760719467,109079.01657079345
1290.292025566101,9.840355498223884,109079.3149137141
1290.3922021389008,9.839344968419928,109080.1834223427
1290.4920353889465,9.839712433803184,109080.26508010844
1290.5917625427246,9.842009092448537,109080.13857209761
1290.6921691894531,9.83870190399923,109081.72471488785
1290.7923259735107,9.841366028027839,109082.05224339907
1290.8919711112976,9.838334438615973,109081.74701905917
1290.9917857646942,9.842009092448537,109082.57231715326
1291.092201948166,9.842376557831793,109083.01508543793
1291.1924586296082,9.840355498223884,109084.31357689414
1291.2918996810913,9.838793770345044,109083.88221920474
1291.391633272171,9.840447364569698,109084.99399728427
1291.4916162490845,9.84072296360714,109085.09459755586
1291.592294216156,9.8391612357283,109084.28513780027
1291.6917085647583,9.841549760719467,109084.15662402025
1291.7922117710114,9.837966973232717,109085.14096161822
1291.8923649787903,9.839988032840628,109085.22686545641
1291.992492198944,9.839436834765742,109086.10417891078
1292.0917415618896,9.839988032840628,109086.1937610197
1292.1922142505646,9.84384641936482,109086.27438491774
1292.2923226356506,9.838885636690858,109085.54694642595
1292.392194032669,9.840447364569698,109085.49225178336
1292.491909980774,9.838793770345044,109086.04302660504
1292.5918033123016,9.837966973232717,109086.73872394454
1292.6922245025635,9.840906696298768,109087.46485155009
1292.791528224945,9.840814829952954,109088.6183663951
1292.8915214538574,9.84072296360714,109089.1565297556
1292.9915826320648,9.84118229533621,109089.44087678003
1293.0915169715881,9.839988032840628,109090.19678910203
1293.1921083927155,9.839712433803184,109089.87711019182
1293.2916026115417,9.841366028027839,109089.48939917266
1293.3923110961914,9.836313379008063,109089.5404592554
1293.49161195755,9.84026363187807,109090.18641332987
1293.592073917389,9.83778324054109,109089.0677719969
1293.6921939849854,9.83962056745737,109087.76099479721
1293.7915358543396,9.839988032840628,109088.2848953175
1293.8921871185303,9.840355498223884,109087.35640578574
1293.9914491176605,9.840631097261326,109088.42076520718
1294.092260837555,9.840447364569698,109089.37868868647
1294.1923778057098,9.839344968419928,109091.04081981783
1294.2914118766785,9.838518171307602,109090.63673783604
1294.3914911746979,9.835854047278993,109091.27306405244
1294.4923219680786,9.839344968419928,109090.6457576472
1294.592406988144,9.837599507849461,109091.28118188248
1294.691462278366,9.839896166494812,109092.95306369424
1294.7921092510223,9.836864577082947,109094.15775732482
1294.8922431468964,9.837232042466203,109094.54198159234
1294.9923603534698,9.836680844391319,109094.48778343311
1295.0915398597717,9.837599507849461,109093.0390050898
1295.1914837360382,9.8391612357283,109092.93510458081
1295.2920453548431,9.84164162706528,109092.44159412273
1295.3921954631805,9.840355498223884,109093.69743471047
1295.492303609848,9.839712433803184,109093.52769123942
1295.5915038585663,9.839896166494812,109092.77492211548
1295.6923727989197,9.83870190399923,109092.19742990393
1295.7917053699493,9.841549760719467,109090.87768691353
1295.892446756363,9.837232042466203,109090.58991822219
1295.992273569107,9.838793770345044,109091.23092639998
1296.0921578407288,9.836221512662249,109091.80783375997
1296.1914727687836,9.839804300148998,109091.82705038397
1296.2920022010803,9.836405245353877,109091.94434534558
1296.3923163414001,9.840631097261326,109091.84991081103
1296.491501569748,9.838150705924345,109093.16491972993
1296.5917611122131,9.838058839578531,109092.84842775694
1296.692366361618,9.83603777997062,109093.76358498124
1296.7918546199799,9.837599507849461,109091.98722648312
1296.8916223049164,9.83778324054109,109092.98850383481
1296.991925239563,9.837048309774575,109092.88965345133
1297.0922017097473,9.836956443428761,109092.40068810621
1297.1921889781952,9.83603777997062,109091.6606192956
1297.2919492721558,9.836772710737133,109091.19455736603
1297.3921411037445,9.837966973232717,109091.27510162944
1297.4923536777496,9.837507641503645,109090.34759146649
1297.5917823314667,9.840171765532256,109091.11283231985
1297.6918144226074,9.838610037653416,109092.00154908787
1297.792159318924,9.837323908812017,109092.10139417909
1297.8923497200012,9.838334438615973,109091.99125476119
1297.992333650589,9.839988032840628,109091.99212928506
1298.0917842388153,9.83870190399923,109092.59291635656
1298.191475391388,9.837691374195275,109091.63362472091
1298.2922577857971,9.837691374195275,109092.27026224883
1298.3921463489532,9.8391612357283,109092.74323602395
1298.4915134906769,9.837599507849461,109091.26891242155
1298.5918276309967,9.837323908812017,109091.3420211794
1298.691469669342,9.836129646316435,109091.30781906146
1298.7920124530792,9.836864577082947,109091.37703715531
1298.892246246338,9.837691374195275,109091.33933343978
1298.9915797710419,9.838426304961787,109091.4054000958
1299.0919153690338,9.836680844391319,109091.66486008622
1299.1914896965027,9.837599507849461,109090.79837407761
1299.2915687561035,9.837232042466203,109089.91853666985
1299.3915960788727,9.83962056745737,109088.82668300287
1299.4922649860382,9.83557844824155,109087.5440147026
1299.5915579795837,9.836405245353877,109088.38961323234
1299.6920380592346,9.83603777997062,109087.05065190911
1299.7923426628113,9.836864577082947,109087.7455867182
1299.8921966552734,9.837323908812017,109086.47102804638
1299.9914169311523,9.838058839578531,109086.62392524174
1300.0922119617462,9.837875106886903,109085.66153271757
1300.1921503543854,9.835945913624807,109085.39537944582
1300.291839838028,9.836221512662249,109084.65584150124
1300.3915657997131,9.834751651129222,109083.59025735111
1300.491623878479,9.838334438615973,109082.63123161602
1300.5918748378754,9.83557844824155,109084.36810845442
1300.6915595531464,9.834843517475036,109084.53129760899
1300.7917766571045,9.838058839578531,109084.7781678481
1300.8921060562134,9.834200453054338,109085.00035106328
1300.9916915893555,9.836405245353877,109084.90031595697
1301.0922751426697,9.836864577082947,109084.81028436127
1301.1916589736938,9.835670314587365,109085.02925592514
1301.2923271656036,9.835670314587365,109085.52633033262
1301.3920845985413,9.83714017612039,109084.97369729936
1301.491736650467,9.836956443428761,109085.77632756943
1301.5917251110077,9.836313379008063,109085.19869481248
1301.6917607784271,9.834843517475036,109084.67882533124
1301.7916073799133,9.837048309774575,109083.61094279811
1301.8919694423676,9.836405245353877,109083.64984851831
1301.9914832115173,9.836405245353877,109083.28486366649
1302.0915703773499,9.836772710737133,109080.75637729984
1302.1914992332458,9.83401672036271,109079.88073956985
1302.2917158603668,9.836405245353877,109078.69266561288
1302.3916895389557,9.838150705924345,109079.9233990516
1302.491774559021,9.837048309774575,109080.93105914643
1302.5919997692108,9.835945913624807,109080.4379532318
1302.6915850639343,9.837691374195275,109081.89415790862
1302.792011976242,9.836588978045505,109082.40474211777
1302.8924214839935,9.83778324054109,109083.96426790599
1302.9923212528229,9.836129646316435,109085.0678411154
1303.0920503139496,9.833832987671082,109085.86105700386
1303.1919605731964,9.835027250166664,109086.47495130348
1303.2915902137756,9.835302849204108,109087.02745617313
1303.3922374248505,9.835210982858294,109086.62471055583
1303.492259979248,9.83401672036271,109086.06223950026
1303.5916278362274,9.833741121325268,109086.45601555024
1303.6921310424805,9.83557844824155,109086.21041399523
1303.792319059372,9.83649711169969,109086.38937259572
1303.8921239376068,9.836864577082947,109085.65043533614
1303.9920790195465,9.833189923250384,109085.48539180253
1304.0913746356964,9.834292319400152,109085.33685262228
1304.1919181346893,9.836313379008063,109086.40316736005
1304.291484117508,9.83511911651248,109086.56285062406
1304.3923149108887,9.833924854016896,109086.50656556166
1304.4924063682556,9.83511911651248,109086.95590900551
1304.5915908813477,9.83401672036271,109087.16031810496
1304.6924448013306,9.836221512662249,109086.44428629447
1304.7917280197144,9.835027250166664,109085.09985766503
1304.8916292190552,9.834292319400152,109083.78987189852
1304.9923195838928,9.835210982858294,109084.51088470868
1305.0918006896973,9.835394715549922,109085.05979623781
1305.1920323371887,9.834200453054338,109086.65381661404
1305.2918078899384,9.834384185745966,109085.88843495265
1305.3918595314026,9.835394715549922,109085.69959145738
1305.4919846057892,9.835302849204108,109084.52963231163
1305.5923688411713,9.836772710737133,109084.67666908048
1305.69229054451,9.834567918437594,109085.60900217242
1305.7917921543121,9.836221512662249,109085.44810195517
1305.8914980888367,9.835302849204108,109085.20329175967
1305.9922549724579,9.835027250166664,109086.08296258369
1306.092384815216,9.834200453054338,109087.17466632533
1306.1916551589966,9.833832987671082,109086.9571996928
1306.2915890216827,9.833649254979454,109087.36147972352
1306.3916146755219,9.832730591521313,109086.62533175117
1306.4919636249542,9.837323908812017,109086.36279857607
1306.5915575027466,9.835854047278993,109085.22651871847
1306.6923553943634,9.834200453054338,109085.90386684662
1306.792002916336,9.83401672036271,109086.71348016197
1306.89146900177,9.834384185745966,109086.44213214578
1306.9915006160736,9.835945913624807,109086.39791893121
1307.0923676490784,9.834200453054338,109086.8581270381
1307.191754102707,9.832179393446427,109087.47231433429
1307.2922050952911,9.835027250166664,109088.02508290086
1307.3923938274384,9.832730591521313,109089.42257461077
1307.4914507865906,9.835302849204108,109088.68031714969
1307.5922594070435,9.835486581895736,109088.61228543472
1307.6920521259308,9.834292319400152,109088.95105689125
1307.7920787334442,9.834567918437594,109090.25595120213
1307.8915753364563,9.836313379008063,109090.73035608191
1307.991555929184,9.83447605209178,109090.05732047372
1308.0917160511017,9.83493538382085,109090.45158842634
1308.1921577453613,9.834751651129222,109089.6064295837
1308.2922024726868,9.833373655942012,109089.74578662534
1308.392110824585,9.83153632902573,109089.97120796281
1308.4914889335632,9.835486581895736,109090.47408716653
1308.591849565506,9.83557844824155,109090.12667844987
1308.6923813819885,9.83447605209178,109089.81401060488
1308.79163479805,9.83355738863364,109089.83260954439
1308.892410993576,9.834384185745966,109090.64934858996
1308.991542339325,9.834659784783408,109090.08441373096
1309.0916185379028,9.833649254979454,109090.87597235787
1309.1923944950104,9.835945913624807,109091.98837512208
1309.292329788208,9.83309805690457,109090.68953760987
1309.3920001983643,9.834200453054338,109089.82058384888
1309.4915108680725,9.834751651129222,109089.53852546398
1309.5915656089783,9.835394715549922,109089.58467291758
1309.6918189525604,9.833006190558756,109089.12620562583
1309.7918574810028,9.833924854016896,109088.31358506325
1309.8918590545654,9.832730591521313,109088.58222655693
1309.9917051792145,9.833465522287826,109088.82400390125
1310.0918276309967,9.83511911651248,109088.04160351113
1310.1918451786041,9.834843517475036,109088.23744316002
1310.2918877601624,9.833465522287826,109089.41369884402
1310.3923885822296,9.836129646316435,109088.97232895961
1310.491895198822,9.833649254979454,109091.87509606365
1310.5919551849365,9.83778324054109,109091.88758645729
1310.6919131278992,9.833189923250384,109092.49882781156
1310.7919759750366,9.834567918437594,109091.44894503041
1310.8922164440155,9.835210982858294,109091.60405052737
1310.9919686317444,9.832271259792241,109092.24364547463
1311.0920820236206,9.832271259792241,109091.61928092717
1311.1916251182556,9.8326387251755,109091.65735283446
1311.2918689250946,9.833006190558756,109091.19161755101
1311.3920228481293,9.831903794408985,109091.87245579592
1311.4921789169312,9.833281789596198,109093.18521021632
1311.591918706894,9.83401672036271,109093.6666891947
1311.6920363903046,9.835210982858294,109094.00002027523
1311.7918474674225,9.831811928063171,109094.3000182477
1311.8922278881073,9.833649254979454,109094.87001642292
1311.9920542240143,9.833189923250384,109095.38301478063
1312.0920617580414,9.832914324212942,109096.94471330257
1312.1921498775482,9.829882734801075,109097.35024197232
1312.29199385643,9.83245499248387,109097.2152177751
1312.3921551704407,9.8326387251755,109097.79369599759
1312.492075920105,9.834200453054338,109098.01432639784
1312.591773033142,9.832822457867127,109098.31289375806
1312.6916177272797,9.832179393446427,109098.88160438227
1312.7923185825348,9.835027250166664,109099.39344394405
1312.8924074172974,9.835027250166664,109100.45409954965
1312.9915053844452,9.831628195371543,109100.80868959468
1313.0920848846436,9.835027250166664,109100.62782063521
1313.191789150238,9.83401672036271,109100.0650385717
1313.2921571731567,9.832546858829684,109102.05853471454
1313.3923676013947,9.833281789596198,109102.9526812431
1313.4918484687805,9.832363126138056,109102.35741311879
1313.5922482013702,9.83401672036271,109102.32167180692
1313.6923532485962,9.831720061717357,109102.68950462624
1313.7918510437012,9.832546858829684,109103.12055416362
1313.892040014267,9.832271259792241,109102.10849874726
1313.9914729595184,9.831628195371543,109101.79764887254
1314.0923643112183,9.833924854016896,109102.1178839853
1314.1923925876617,9.8319956607548,109101.10609558676
1314.2917039394379,9.831811928063171,109100.89548602808
1314.3921294212341,9.832914324212942,109101.00593742527
1314.4921569824219,9.831260729988287,109101.40534368275
1314.5923557281494,9.833832987671082,109101.56480931448
1314.6922769546509,9.833741121325268,109100.50832838305
1314.7923345565796,9.831720061717357,109100.95749554475
1314.892098903656,9.831352596334101,109102.06174599027
1314.992244720459,9.831628195371543,109100.85557139125
1315.0923383235931,9.831720061717357,109100.87001425213
1315.1918592453003,9.831444462679915,109101.68301282692
1315.304167509079,9.829882734801075,109105.71471154423
1315.4041285514832,9.74343650339,109125.44324038981
1315.5028808116913,9.682253517077806,109156.59891635083
1315.6006109714508,9.579730675149262,109203.83902471577
1315.6988396644592,9.517996490762181,109261.35512224419
1315.7964551448822,9.434122517033902,109330.31961001978
1315.8930971622467,9.369448609580772,109406.9876490178
1315.9926726818085,9.271978416672004,109494.88888411602
1316.0931293964386,9.211622227472136,109588.69999570443
1316.1925418376923,9.12159320857431,109693.02999613399
1316.292109489441,9.061971950140956,109800.92699652059
1316.410129070282,8.948425146714719,109918.03429686853
1316.5067327022552,8.8922948094223,110043.63086718167
1316.60378074646,8.798591136691911,110171.5677804635
1316.7020885944366,8.736122021538318,110303.71100241716
1316.7990040779114,8.63709010075071,110439.63990217545
1316.8966250419617,8.5836238874869,110579.07591195792
1316.9947929382324,8.491849408018608,110720.76832076213
1317.0928645133972,8.425154440957565,110866.99148868592
1317.191505908966,8.334390491293227,111014.29233981733
1317.292087316513,8.269716583840097,111163.5631058356
1317.4084944725037,8.17362438611854,111315.80679525204
1317.5066142082214,8.10380596329982,111474.22611572684
1317.6030826568604,8.017359731888744,111630.30350415416
1317.7003014087677,7.939732669675824,111789.67315373875
1317.7986781597137,7.8674338555201215,111947.30583836489
1317.896654367447,7.801106353842337,112107.17525452841
1317.9939587116241,7.716038117618473,112265.45772907557
1318.0928320884705,7.643739303462771,112426.91195616801
1318.1922719478607,7.57079742488637,112584.82076055121
1318.292384147644,7.493721560748335,112747.4386844961
1318.3912870883942,7.416553830264485,112908.1948160465
1318.5119354724884,7.317062577747807,113074.57533444185
1318.6096239089966,7.255695858743984,113236.71780099768
1318.707379579544,7.1652075081170885,113404.34602089791
1318.8048355579376,7.108617839095598,113566.61141880811
1318.9025247097015,7.0228146721052225,113732.45027692731
1319.0014517307281,6.958232630997905,113893.70524923458
1319.1007843017578,6.873164394774042,114058.03472431112
1319.198292016983,6.806653160404629,114220.33125188001
1319.2959868907928,6.734078747211484,114385.09812669201
1319.3934404850006,6.666832582075558,114544.9883140228
1319.4924566745758,6.580202617972855,114709.98948262053
1319.6114082336426,6.5004626298062105,114873.89053435848
1319.711046218872,6.41502692819909,115040.40148092262
1319.8088324069977,6.3590803235983,115202.26133283036
1319.9047100543976,6.2740120873744365,115367.23519954731
1320.002961397171,6.216044423165735,115531.31167959259
1320.1011986732483,6.128128330221634,115695.98051163333
1320.199290752411,6.070344398704561,115856.98246047001
1320.2971901893616,5.981234043264878,116021.28421442301
1320.393058538437,5.9283190280759515,116182.55579298071
1320.4921746253967,5.842699593777204,116346.70021368263
1320.5917706489563,5.7891415141675795,116505.33019231437
1320.7095482349396,5.68110669149019,116670.89717308295
1320.8072628974915,5.617259581149385,116836.50745577466
1320.905361175537,5.541837311236003,117003.95671019719
1321.003347158432,5.485890706635213,117168.36103917747
1321.1009953022003,5.39613728677483,117333.12493525974
1321.1982414722443,5.335413632191705,117496.71244173378
1321.2954308986664,5.260175094969951,117658.54119756041
1321.3926396369934,5.200553836536597,117820.38707780436
1321.4917647838593,5.115301867621105,117983.84837002393
1321.6098093986511,5.032070958313524,118151.16353302154
1321.7073588371277,4.962528134532245,118314.34717971939
1321.8028693199158,4.895557568433761,118480.11246174746
1321.90083360672,4.82013529852038,118642.5012155727
1321.9981169700623,4.749122613206074,118806.45109401543
1322.0957050323486,4.689593221118534,118967.00598461389
1322.1931972503662,4.617661872346088,119129.3053861525
1322.2920801639557,4.548578380293879,119288.57484753725
1322.3913943767548,4.475360902680036,119450.11736278352
1322.5097348690033,4.399663033729212,119612.80562650517
1322.6085352897644,4.318085718646285,119778.92506385467
1322.7059273719788,4.264252039999218,119938.9325574692
1322.8030843734741,4.187635507590253,120101.23930172228
1322.9008510112762,4.128381714540153,120258.91537155006
1323.000282049179,4.049835988869092,120419.82383439505
1323.100017786026,3.9904903294731793,120577.44145095555
1323.1950614452362,3.922325500879112,120737.39730586
1323.292644739151,3.863071707829013,120892.057575274
1323.3934774398804,3.7837910513914386,121052.25181774661
1323.5115404129028,3.7084606478238706,121212.22663597195
1323.608952999115,3.6265158673576874,121373.50397237476
1323.7061560153961,3.581593224254589,121530.95357513729
1323.8015501499176,3.4960656563016554,121690.05821762356
1323.9002215862274,3.4438855718792425,121844.65239586121
1323.9996206760406,3.3640537173667835,122001.08715627508
1324.0969588756561,3.314262157935538,122152.67844064758
1324.1930837631226,3.23893175436797,122304.71059658282
1324.2917456626892,3.190426323778121,122453.13953692454
1324.4093890190125,3.0984681116182005,122604.7255832321
1324.508183002472,3.0439913685504347,122753.45302490889
1324.605137348175,2.975734673610553,122901.607722418
1324.7015194892883,2.9203392670846466,123048.3469501762
1324.8002331256866,2.848224185620573,123194.01225515858
1324.8991787433624,2.7960441011981603,123337.41102964272
1324.996698141098,2.7218160937803617,123481.06992667846
1325.0917582511902,2.6739537276112118,123622.56293401062
1325.2092485427856,2.5940300067529387,123764.10664060956
1325.3079476356506,2.530458495449577,123907.99597654861
1325.4032588005066,2.4724908312408753,124048.09637889377
1325.500735282898,2.412226508386821,124189.7867410044
1325.598878622055,2.3583928297397545,124328.30806690396
1325.6968636512756,2.296474912661046,124466.37726021357
1325.793826341629,2.2431005657430503,124600.93953419222
1325.8923563957214,2.1858678323008616,124737.345580773
1326.004831314087,2.1254197767551792,124872.01102269572
1326.1020951271057,2.059367874114836,125009.10992042616
1326.1995377540588,2.010127512758475,125140.79892838355
1326.2968354225159,1.9460966697260422,125273.21903554519
1326.392082452774,1.906410408334348,125401.29713199066
1326.5093667507172,1.8241900288307225,125534.26741879161
1326.6076748371124,1.7871678914676372,125663.84067691246
1326.703192949295,1.7230451820893906,125792.65660922122
1326.8005273342133,1.682256524547927,125918.9909482991
1326.8988754749298,1.612713700766648,126046.19185346921
1326.9980580806732,1.5770695585907746,126168.07266812229
1327.0963299274445,1.5197449588027718,126292.36540131006
1327.1917088031769,1.48033429644852,126411.42886117905
1327.309323310852,1.4046364274976957,126533.88597506116
1327.407765865326,1.3663281612932132,126652.79737755505
1327.5032732486725,1.3193844585822045,126771.91763979956
1327.600482225418,1.2808005933402795,126886.22587581961
1327.6980557441711,1.2255889195060012,127001.50328823764
1327.8115136623383,1.1745112312333579,127117.25295941389
1327.908476114273,1.1339981727293367,127227.8276634725
1328.0028126239777,1.092198985383918,127339.34489712527
1328.099104642868,1.0463576788226785,127447.41040741274
1328.1965141296387,1.0053852885895869,127555.36936667147
1328.3111577033997,0.9588090512618346,127660.53243000431
1328.4073202610016,0.907639496643377,127767.37918700388
1328.502314567566,0.87594560733751,127870.1412683035
1328.6000995635986,0.8294612363555719,127972.12714147316
1328.6970024108887,0.796021886479237,128071.31442732585
1328.7918841838837,0.7499968472263694,128169.38298459326
1328.9090876579285,0.7130665762090984,128266.34468613393
1329.0075058937073,0.6640099475443653,128364.71021752054
1329.1030831336975,0.6387467024454858,128458.63919576848
1329.2003695964813,0.5897819401265668,128553.47527619163
1329.298687696457,0.5635081652237323,128643.92774857247
1329.3980486392975,0.5189529875038903,128735.23497371523
1329.496190071106,0.497180663545947,128823.5114763437
1329.591394662857,0.4454599108526048,128912.26032870934
1329.7093486785889,0.4103669667516159,129000.8342958384
1329.8076560497284,0.37187496785550506,129089.65086625455
1329.9045770168304,0.3445906631487153,129176.1857796291
1330.001543521881,0.3011378815786427,129262.5672016662
1330.100022315979,0.269627724964404,129346.91048149958
1330.1966338157654,0.2338917164427164,129430.21943334963
1330.2924926280975,0.20449448578220214,129512.79749001468
1330.4112269878387,0.1604905061372449,129595.91774101323
1330.5080680847168,0.12980714663533316,129678.72596691191
1330.6069474220276,0.10279844096598571,129757.55337022072
1330.7018814086914,0.07128828435174701,129836.89803319865
1330.7995071411133,0.04492264310309831,129912.1082298788
1330.8965013027191,0.016352209554911044,129987.99740689092
1330.9925441741943,-0.006981842281872131,130060.29766620183
1331.1107909679413,-0.04437144502821367,130133.46789958165
1331.2079770565033,-0.06568443725708649,130204.52110962349
1331.3022148609161,-0.09287687561806215,130274.66899866115
1331.400095462799,-0.11290373900553748,130340.60209879503
1331.4976835250854,-0.1407392417872119,130404.84188891553
1331.5957760810852,-0.1566321196130524,130468.25770002397
1331.6918637752533,-0.17913937433750862,130529.33193002158
1331.8108870983124,-0.19641024735056073,130586.59873701942
1331.908188343048,-0.2200198982247862,130642.53886331749
1332.0059416294098,-0.23122759241410729,130694.78497698574
1332.102201461792,-0.2508869904183262,130746.90647928718
1332.2000653743744,-0.2672391999732372,130795.91583135846
1332.2968182563782,-0.2875416623981549,130843.52424822262
1332.3917877674103,-0.30049481715794396,130890.47182340037
1332.5089039802551,-0.32042981419960515,130932.72464106034
1332.6072919368744,-0.3356796276047469,130976.4521769543
1332.7021715641022,-0.34890838140197833,131016.30695925887
1332.8006055355072,-0.3642500611529342,131055.576263333
1332.9023578166962,-0.37251803227620384,131090.4186369997
1333.0001633167267,-0.38602238511087755,131125.07677329975
1333.0958745479584,-0.40044540140369234,131156.06909596978
1333.1922080516815,-0.4103669667516159,131182.2621863728
1333.3088946342468,-0.41744067537930213,131209.8359677355
1333.4080653190613,-0.4210234628660523,131233.25237096197
1333.5054767131805,-0.42552491381094354,131256.12713386578
1333.6019895076752,-0.4290158349518796,131277.2144204792
1333.6988575458527,-0.43066942917653356,131296.5929784313
1333.7961130142212,-0.434527815700726,131314.43368058815
1333.9116098880768,-0.4372838060751492,131331.99031252932
1334.0081169605255,-0.4378350041500339,131345.9912812764
1334.1048891544342,-0.4413259252909699,131360.39215314877
1334.2030899524689,-0.4385699349165467,131373.2529378339
1334.2976813316345,-0.44307138586143796,131384.0276440505
1334.3925087451935,-0.4433469848988803,131393.92487964546
1334.5107862949371,-0.4449087127777201,131404.1323916809
1334.6079976558685,-0.44564364354423297,131413.31915251282
1334.7046933174133,-0.4474809704605151,131421.08723726153
1334.8015432357788,-0.4481240348812139,131427.87851353537
1334.89865732193,-0.4509718916014512,131433.09066218184
1334.9960148334503,-0.44941016372261133,131439.48159596368
1335.0920515060425,-0.449961361797496,131445.13343636732
1335.2088243961334,-0.450788158909823,131450.1200927306
1335.3066885471344,-0.45189055505959225,131455.90808345753
1335.404043674469,-0.45253361948029097,131461.41727511177
1335.5016403198242,-0.4529010848635474,131465.27554760058
1335.5991325378418,-0.45345228293843204,131468.64799284053
1335.6962101459503,-0.4554733425463424,131472.28319355648
1335.7916276454926,-0.45336041659261794,131476.35487420083
1335.9092025756836,-0.45584080792959886,131478.71938678075
1336.0073153972626,-0.45666760504192583,131482.44744810267
1336.1052854061127,-0.45740253580843865,131484.3027032924
1336.192390203476,-0.4592398627247208,131487.17243296315
1336.29168009758,-0.45933172907053493,131488.85518966685
1336.392008304596,-0.45850493195820796,131490.86967070017
1336.4916491508484,-0.45997479349123366,131494.28270363016
1336.5918571949005,-0.45740253580843865,131496.55443326716
1336.6921331882477,-0.45841306561239387,131497.89898994044
1336.7916452884674,-0.4588723973414644,131499.0090909464
1336.8922884464264,-0.45942359541634903,131500.40818185176
1336.9915149211884,-0.4603422588744901,131500.5673636666
1337.0914821624756,-0.4578618675375092,131502.71062729994
1337.1914541721344,-0.4592398627247208,131503.83956456993
1337.2914733886719,-0.45850493195820796,131504.45560811294
1337.3918051719666,-0.4609853232951888,131505.11004730166
1337.4913756847382,-0.4581374665749515,131504.9990425715
1337.591551065445,-0.4578618675375092,131504.19913831435
1337.6917932033539,-0.45997479349123366,131505.6792244829
1337.7914934158325,-0.45979106079960547,131505.61130203464
1337.8914949893951,-0.46135278867844526,131505.35017183117
1337.992314338684,-0.46217958579077223,131506.51515464808
1338.0922722816467,-0.4609853232951888,131506.16363918327
1338.191545009613,-0.4596991944537913,131506.24727526496
1338.2921028137207,-0.4608934569493747,131505.82254773847
1338.3916881084442,-0.46107718964100297,131506.84029296463
1338.491975069046,-0.4615365213700735,131506.35626366816
1338.5915079116821,-0.4591479963789067,131507.12063730136
1338.6915497779846,-0.45988292714541956,131507.50857357122
1338.7917721271515,-0.46245518482821457,131507.8577162141
1338.8916685581207,-0.4604341252203042,131508.4719445927
1338.9915602207184,-0.46135278867844526,131507.72475013344
1339.0916709899902,-0.46015852618286185,131507.4522751201
1339.1918182373047,-0.4596073281079772,131506.4070476081
1339.2918462753296,-0.46135278867844526,131505.4663428473
1339.3917038440704,-0.4588723973414644,131504.51970856258
1339.4916660785675,-0.46116905598681707,131503.8677377063
1339.591989994049,-0.46116905598681707,131503.98096393567
1339.6917128562927,-0.4617202540617017,131503.4828675421
1339.7915675640106,-0.46107718964100297,131503.5345807879
1339.8915338516235,-0.46199585309914404,131502.88112270914
1339.9914808273315,-0.460250392528676,131502.29301043824
1340.092274427414,-0.4604341252203042,131500.8637093944
1340.1918776035309,-0.4581374665749515,131501.87733845497
1340.2916305065155,-0.46355758097798383,131501.58960460947
1340.3921349048615,-0.460250392528676,131501.43064414852
1340.4916722774506,-0.4592398627247208,131501.28757973367
1340.5916488170624,-0.4603422588744901,131502.05882176032
1340.6920385360718,-0.460250392528676,131502.8529395843
1340.7915427684784,-0.46116905598681707,131503.06764562585
1340.8920068740845,-0.46217958579077223,131503.56088106325
1340.9915776252747,-0.46080159060356063,131504.10479295693
1341.0923676490784,-0.4605259915661183,131505.09431366125
1341.192067861557,-0.4618121204075158,131504.88488229513
1341.2923216819763,-0.4596991944537913,131505.99639406562
1341.3919806480408,-0.4606178579119324,131505.69675465906
1341.4916355609894,-0.4616283877158876,131505.32707919317
1341.5922389030457,-0.4629145165572851,131505.19437127386
1341.6917617321014,-0.4623633184824004,131505.67493414646
1341.7917935848236,-0.45979106079960547,131506.80744073182
1341.8923008441925,-0.4618121204075158,131506.62669665864
1341.992210149765,-0.4619039867533299,131506.9640269928
1342.0921821594238,-0.46208771944495813,131507.6676242935
1342.191843509674,-0.46116905598681707,131507.00086186416
1342.2920625209808,-0.46070972425774653,131507.30077567775
1342.3913927078247,-0.4591479963789067,131505.47069810997
1342.492198228836,-0.45997479349123366,131504.12362829898
1342.5914742946625,-0.46135278867844526,131504.4112654691
1342.692095041275,-0.46070972425774653,131504.77013892218
1342.7919480800629,-0.4609853232951888,131503.89312502995
1342.8919129371643,-0.46392504636124027,131503.80381252695
1342.9916677474976,-0.45997479349123366,131504.12343127426
1343.0921776294708,-0.46080159060356063,131504.11108814683
1343.1923696994781,-0.4617202540617017,131504.59997933215
1343.2919397354126,-0.4596073281079772,131504.23998139895
1343.3917920589447,-0.4608934569493747,131503.01598325907
1343.491851568222,-0.4618121204075158,131501.81438493315
1343.591837644577,-0.46126092233263116,131502.13294643984
1343.6919684410095,-0.46420064539868255,131501.91965179588
1343.7916598320007,-0.4616283877158876,131501.6276866163
1343.8921527862549,-0.46070972425774653,131500.76491795466
1343.992128610611,-0.4595154617621631,131499.3884261592
1344.0921592712402,-0.463741313669612,131498.84958354328
1344.1917338371277,-0.4632819819405415,131499.06462518897
1344.2923696041107,-0.4595154617621631,131499.0581626701
1344.3914172649384,-0.4630982492489133,131498.65234640308
1344.4923129081726,-0.46475184347356724,131498.88711176277
1344.5918459892273,-0.4603422588744901,131499.3984005865
1344.691879749298,-0.46337384828635564,131498.95856052786
1344.7917971611023,-0.4629145165572851,131499.36270447506
1344.8918659687042,-0.46355758097798383,131498.42643402755
1344.99178647995,-0.46254705117402867,131499.0837906248
1345.0915067195892,-0.46208771944495813,131499.87541156233
1345.1915340423584,-0.4617202540617017,131499.6878704061
1345.2918286323547,-0.46135278867844526,131499.0190833655
1345.3916306495667,-0.46116905598681707,131499.01717502897
1345.4919455051422,-0.4603422588744901,131498.41545752608
1345.5922327041626,-0.45942359541634903,131496.57391177348
1345.6920585632324,-0.4604341252203042,131495.81652059613
1345.7921025753021,-0.46263891751984276,131494.63486853652
1345.8920114040375,-0.46263891751984276,131492.97138168287
1345.9924294948578,-0.45988292714541956,131492.77424351458
1346.092291355133,-0.46015852618286185,131493.59681916313
1346.1915419101715,-0.46475184347356724,131492.23713724682
1346.291940689087,-0.46015852618286185,131492.11342352213
1346.3919820785522,-0.4605259915661183,131491.50208116992
1346.4915795326233,-0.46070972425774653,131492.55187305293
1346.5918900966644,-0.4622714521365863,131492.09668574765
1346.6923446655273,-0.46337384828635564,131492.5870171729
1346.7919247150421,-0.45997479349123366,131491.82831545558
1346.8921084403992,-0.4588723973414644,131492.44548391004
1346.9919164180756,-0.4642925117444967,131492.50093551903
1347.0917813777924,-0.45997479349123366,131493.0508419671
1347.1916589736938,-0.4615365213700735,131493.2457577704
1347.291613817215,-0.46015852618286185,131493.22118199337
1347.391697883606,-0.4629145165572851,131495.09906379404
1347.4919590950012,-0.4616283877158876,131497.58915741462
1347.591702222824,-0.4629145165572851,131498.03024167317
1347.6921706199646,-0.4618121204075158,131499.32721750587
1347.7918252944946,-0.46126092233263116,131500.29449575528
1347.8922102451324,-0.46199585309914404,131500.46504617977
1348.0057094097137,-0.460250392528676,131501.1185415618
1348.1022944450378,-0.4616283877158876,131502.00668740564
1348.2007534503937,-0.47439780978404844,131504.10601866507
1348.3003244400024,-0.4725604828677663,131505.29541679856
1348.3999536037445,-0.484319375131972,131511.9658751187
1348.4990320205688,-0.48606483570244,131518.46928760686
1348.5969460010529,-0.4919442818345429,131523.72235884616
1348.6930878162384,-0.5055405010150307,131529.85012296156
1348.81170296669,-0.5093070211934091,131534.6651106654
1348.9106750488281,-0.5121548779136464,131543.39859959888
1349.0075652599335,-0.520422849036916,131548.258739639
1349.1075494289398,-0.5240975028694803,131554.8328656751
1349.203735589981,-0.5269453595897177,131560.54957910758
1349.301632642746,-0.5361319941711283,131567.59462119683
1349.400043964386,-0.5390717172371797,131574.03515907715
1349.4962420463562,-0.5309874788055383,131581.03164316944
1349.5923488140106,-0.5208821807659866,131589.0284788525
1349.692678451538,-0.5201472499994737,131597.92563096725
1349.7913603782654,-0.5158295317462107,131602.73306787052
1349.9093072414398,-0.5136247394466721,131607.1597610835
1350.0067834854126,-0.5180343240457492,131610.14378497514
1350.103456735611,-0.5186773884664481,131615.72940647762
1350.2012417316437,-0.5198716509620314,131619.15646582987
1350.3002264499664,-0.5207903144201724,131624.54081924687
1350.3994541168213,-0.5186773884664481,131629.48673732218
1350.4968042373657,-0.517850591354121,131634.63806358995
1350.5928525924683,-0.5167481952043518,131637.17425723094
1350.6913669109344,-0.5196879182704032,131641.45683150785
1350.8093574047089,-0.5199635173078455,131644.51114835707
1350.9096624851227,-0.5235463047945957,131650.16003352136
1351.0083861351013,-0.5266697605522753,131654.14403016923
1351.1078517436981,-0.5248324336359932,131657.72962715232
1351.205279827118,-0.524648700944365,131661.55666443708
1351.3013927936554,-0.51693192789598,131664.60099799337
1351.4004335403442,-0.5183099230831916,131667.64089819405
1351.5001015663147,-0.5172993932792365,131669.87680837465
1351.5997331142426,-0.5210659134576148,131672.7891275372
1351.6971213817596,-0.5223520422990123,131674.01021478348
1351.7962594032288,-0.5225357749906405,131675.90919330512
1351.8925321102142,-0.5198716509620314,131676.91827397462
1351.9911987781525,-0.5226276413364547,131679.42644657716
1352.1110396385193,-0.5230869730655252,131675.58380191945
1352.2072539329529,-0.5255673644025061,131680.8254217275
1352.304929971695,-0.5274965576646022,131682.34287955475
1352.4018959999084,-0.5313549441887948,131685.40859159926
1352.5003595352173,-0.5270372259355317,131685.36773243934
1352.599596977234,-0.5322736076469359,131687.8309591954
1352.6971764564514,-0.528966419197628,131687.94786327585
1352.7959733009338,-0.5324573403385641,131690.8530769483
1352.8925426006317,-0.5301606816932114,131690.56776925345
1353.0116143226624,-0.5345702662922885,131691.4109923281
1353.1085276603699,-0.5407253114618337,131690.96989309532
1353.20791888237,-0.5490851489309174,131693.27290378578
1353.3052718639374,-0.5536784662216228,131692.4456134072
1353.403028011322,-0.5629569671488476,131694.6010520665
1353.5007512569427,-0.5634162988779181,131696.14094685984
1353.6002571582794,-0.5671828190562965,131699.52685217385
1353.6974391937256,-0.5675502844395529,131700.87416695646
1353.796370267868,-0.5706737401972326,131704.4867502608
1353.907737493515,-0.5735215969174698,131705.33807523473
1354.0032002925873,-0.5737053296090981,131708.30426771124
1354.100793838501,-0.5768287853667777,131709.67384094012
1354.198001384735,-0.5751751911421238,131711.60645684612
1354.295464515686,-0.5775637161332906,131712.9458111615
1354.3915948867798,-0.5848211574526051,131714.45123004535
1354.5095691680908,-0.5871178160979578,131716.40610704082
1354.6071298122406,-0.5908843362763361,131718.56549633673
1354.7032470703125,-0.5945589901089003,131723.20894670306
1354.8009099960327,-0.596855648754253,131726.18805203275
1354.9002215862274,-0.6025513621947277,131727.46924682948
1354.9972231388092,-0.6038374910361252,131729.42232214654
1355.0945088863373,-0.6099925362056704,131732.48008993187
1355.191750049591,-0.6091657390933434,131734.33208093868
1355.3096878528595,-0.6157801159919591,131737.2988728448
1355.4070265293121,-0.6147695861880039,131739.46898556032
1355.503093957901,-0.6164231804126579,131743.1220870043
1355.60102725029,-0.6169743784875424,131744.40987830388
1355.6983528137207,-0.6178930419456835,131748.56889047349
1355.798199892044,-0.6190873044412669,131750.01200142613
1355.910647392273,-0.6171581111791707,131753.61080128353
1356.0084946155548,-0.6184442400205682,131755.4497211552
1356.1077046394348,-0.6186279727121964,131758.1047490397
1356.205485343933,-0.6199141015535939,131759.5942741357
1356.301551580429,-0.6195466361703375,131761.03484672215
1356.4003252983093,-0.6200978342452221,131760.13136204993
1356.499939918518,-0.6183523736747542,131760.11822584493
1356.5969569683075,-0.6217514284698761,131761.10640326043
1356.6961131095886,-0.622486359236389,131764.0957629344
1356.7921750545502,-0.6241399534610428,131766.88618664097
1356.9115030765533,-0.6249667505733698,131768.79756797687
1356.9910984039307,-0.6231294236570877,131765.41781117918
1357.0916674137115,-0.6233131563487159,131764.67603006127
1357.1921899318695,-0.6223026265447607,131763.60842705515
1357.2915999889374,-0.6244155524984851,131762.34758434963
1357.392310142517,-0.6240480871152287,131761.91282591465
1357.4921979904175,-0.6213839630866196,131761.62154332318
1357.5921833515167,-0.6240480871152287,131760.9593889909
1357.6922879219055,-0.6218432948156901,131761.8634500918
1357.7921245098114,-0.6232212900029017,131761.6771050826
1357.892128944397,-0.6200978342452221,131761.30939457435
1357.9922053813934,-0.6230375573112735,131760.17845511693
1358.0922496318817,-0.622486359236389,131760.36060960524
1358.192233324051,-0.6234968890403441,131761.2245486447
1358.2920141220093,-0.6239562207694146,131761.70209378024
1358.3922379016876,-0.6221188938531325,131762.73188440222
1358.492394208908,-0.6217514284698761,131762.65869596202
1358.592169046402,-0.6244155524984851,131761.0928263658
1358.6921751499176,-0.6221188938531325,131759.88354372923
1358.7922558784485,-0.6200978342452221,131759.1951893563
1358.8920848369598,-0.6215676957782479,131758.1756704207
1358.9915511608124,-0.6219351611615043,131757.25810337864
1359.0921154022217,-0.6212920967408055,131757.53229304077
1359.1923763751984,-0.620924631357549,131757.0790637367
1359.2923474311829,-0.6193629034787093,131756.47115736303
1359.3914439678192,-0.6226700919280171,131755.52404162675
1359.4921848773956,-0.6210164977033632,131756.37163746406
1359.591558456421,-0.6212002303949914,131755.13447371766
1359.6913464069366,-0.622486359236389,131755.3210263459
1359.7923390865326,-0.6212920967408055,131756.1889237113
1359.8913433551788,-0.6204652996284785,131755.97003134017
1359.9922575950623,-0.6237724880777864,131754.47302820615
1360.0914108753204,-0.620924631357549,131754.22572538554
1360.1914036273956,-0.6218432948156901,131753.803152847
1360.2915878295898,-0.6217514284698761,131752.92283756228
1360.3918449878693,-0.6195466361703375,131753.13055380606
1360.491843700409,-0.6199141015535939,131751.61749842545
1360.5921778678894,-0.6229456909654595,131750.8557485829
1360.6919403076172,-0.6237724880777864,131750.4701737246
1360.7922580242157,-0.6200978342452221,131751.32315635215
1360.891871213913,-0.6214758294324337,131749.89084071695
1360.9921941757202,-0.6190873044412669,131750.20175664526
1361.0915751457214,-0.620924631357549,131750.28158098072
1361.1917777061462,-0.6219351611615043,131750.35342288265
1361.2921454906464,-0.622486359236389,131749.5180805944
1361.391937494278,-0.6213839630866196,131748.66627253496
1361.4914491176605,-0.620924631357549,131748.99964528147
1361.5915396213531,-0.6195466361703375,131748.1996807533
1361.6922640800476,-0.6210164977033632,131748.87971267797
1361.7915711402893,-0.6194547698245234,131748.99174141017
1361.891874074936,-0.6210164977033632,131749.49256726916
1361.9920902252197,-0.6223944928905748,131749.24331054225
1362.0922541618347,-0.6218432948156901,131748.91897948802
1362.1918532848358,-0.6187198390580105,131749.12708153922
1362.2920413017273,-0.6204652996284785,131748.8143733853
1362.3916535377502,-0.6223944928905748,131749.3329360468
1362.4919574260712,-0.6223944928905748,131750.09964244213
1362.5923550128937,-0.6213839630866196,131749.98967819792
1362.6919355392456,-0.6216595621240619,131750.99071037813
1362.7913208007812,-0.6233131563487159,131750.89163934032
1362.892198562622,-0.6212002303949914,131751.0024754063
1362.992015838623,-0.622578225582203,131751.50222786568
1363.092197418213,-0.6201897005910363,131752.25200507912
1363.1916165351868,-0.6215676957782479,131752.62680457122
1363.2921800613403,-0.6236806217319723,131752.2641241141
1363.3922777175903,-0.6213839630866196,131752.0377117027
1363.4915826320648,-0.6223026265447607,131751.73394053243
1363.5916719436646,-0.6220270275073184,131751.36054647918
1363.6924245357513,-0.620005967899408,131750.02449183125
1363.7919049263,-0.6229456909654595,131750.42204264813
1363.8915781974792,-0.6186279727121964,131749.6798383833
1363.9917557239532,-0.6212920967408055,131749.51185454498
1364.0917992591858,-0.6218432948156901,131748.7606690905
1364.1921045780182,-0.6199141015535939,131748.18460218146
1364.2919721603394,-0.6221188938531325,131747.6661419633
1364.3919916152954,-0.620832765011735,131748.29952776697
1364.4918212890625,-0.6200978342452221,131746.96957499027
1364.5917434692383,-0.6222107601989466,131747.77261749125
1364.6915900707245,-0.6227619582738312,131748.19535574212
1364.7921311855316,-0.6213839630866196,131747.57582016793
1364.8919377326965,-0.6237724880777864,131747.61823815113
1364.9916851520538,-0.6199141015535939,131747.25641433604
1365.091735124588,-0.6196385025161516,131745.83077290244
1365.1917266845703,-0.6205571659742927,131746.5476956122
1365.2917459011078,-0.6216595621240619,131746.892926051
1365.391607284546,-0.6206490323201068,131747.1036334459
1365.4922618865967,-0.6206490323201068,131747.2932701013
1365.5924050807953,-0.6198222352077798,131747.76394309118
1365.6918170452118,-0.6223944928905748,131747.18754878207
1365.7919516563416,-0.6217514284698761,131747.16879390387
1365.8917939662933,-0.6229456909654595,131746.0519145135
1365.9919338226318,-0.6198222352077798,131745.64672306215
1366.091763496399,-0.62340502269453,131745.58205075594
1366.1915276050568,-0.6231294236570877,131745.12384568035
1366.2917695045471,-0.6223026265447607,131745.61146111233
1366.391788482666,-0.6212002303949914,131745.25031500112
1366.4920253753662,-0.6215676957782479,131744.52528350102
1366.5917789936066,-0.6202815669368503,131744.0727551509
1366.6923224925995,-0.62340502269453,131745.4654796358
1366.7918672561646,-0.6189035717496387,131745.01893167224
1366.8918266296387,-0.620832765011735,131744.91703850502
1366.9919784069061,-0.6206490323201068,131744.82533465454
1367.091845035553,-0.6212002303949914,131745.0428011891
1367.191754102707,-0.6204652996284785,131745.03852107018
1367.2918083667755,-0.6200978342452221,131745.93466896316
1367.3918306827545,-0.6217514284698761,131746.14120206685
1367.4917981624603,-0.6220270275073184,131746.42708186017
1367.5917336940765,-0.6201897005910363,131745.48437367415
1367.6921303272247,-0.6197303688619658,131745.53593630673
1367.7920570373535,-0.6207408986659209,131744.88234267605
1367.8918447494507,-0.620832765011735,131745.29410840845
1367.9921734333038,-0.6207408986659209,131744.6646975676
1368.0919592380524,-0.6212002303949914,131742.99822781084
1368.1915528774261,-0.6214758294324337,131743.19840502978
1368.2916676998138,-0.622578225582203,131742.6785645268
1368.3918278217316,-0.6230375573112735,131742.31070807413
1368.4921336174011,-0.6212002303949914,131742.27963726674
1368.591638803482,-0.6232212900029017,131743.05167354006
1368.6921010017395,-0.6218432948156901,131744.14650618605
1368.7920265197754,-0.6212920967408055,131745.23185556743
1368.892323255539,-0.6214758294324337,131745.4086700107
1368.9921514987946,-0.6222107601989466,131745.86780300963
1369.092033147812,-0.6234968890403441,131745.38102270867
1369.191915512085,-0.620832765011735,131745.9429204378
1369.292296409607,-0.6240480871152287,131746.74862839404
1369.3921027183533,-0.6226700919280171,131747.67376555465
1369.491617679596,-0.6237724880777864,131747.60638899918
1369.591922044754,-0.620832765011735,131749.64575009927
1369.6924264431,-0.6249667505733698,131751.48117508934
1369.7920727729797,-0.6233131563487159,131751.5330575804
1369.8916234970093,-0.6274471419103507,131751.77975182238
1369.9916384220123,-0.6248748842275557,131753.10177664016
1370.0923762321472,-0.625977280377325,131752.09159897614
1370.1917169094086,-0.6233131563487159,131751.98243907854
1370.2918705940247,-0.6231294236570877,131750.9841951707
1370.39173746109,-0.6234968890403441,131751.48577565362
1370.4921460151672,-0.6235887553861582,131752.43719808827
1370.5922870635986,-0.6238643544236006,131754.09347827945
1370.6917879581451,-0.6222107601989466,131753.3841304515
1370.792082309723,-0.620924631357549,131751.54571740638
1370.8921196460724,-0.6228538246196453,131751.49114566573
1370.9916276931763,-0.625977280377325,131752.34203109916
1371.0915315151215,-0.6258854140315109,131752.10782798927
1371.1918296813965,-0.6222107601989466,131752.79704519035
1371.291535615921,-0.6246911515359275,131751.91734067132
1371.3921647071838,-0.6243236861526711,131750.12560660418
1371.4917287826538,-0.6220270275073184,131750.01304594378
1371.5919857025146,-0.6257935476856967,131749.7117413494
1371.692003250122,-0.622486359236389,131749.94056721448
1371.7923822402954,-0.6258854140315109,131751.24651049302
1371.8922698497772,-0.6256098149940685,131750.52185944372
1371.9920043945312,-0.6281820726768635,131751.06967349935
1372.092206954956,-0.6239562207694146,131751.06270614942
1372.1918172836304,-0.6255179486482545,131751.05643553447
1372.2920441627502,-0.6241399534610428,131751.55079198102
1372.3916611671448,-0.6241399534610428,131752.1957127829
1372.4919924736023,-0.622486359236389,131752.67614150463
1372.5921692848206,-0.6276308746019789,131752.70852735417
1372.6924076080322,-0.6245074188442993,131752.23767461875
1372.7918615341187,-0.6260691467231391,131752.7139071569
1372.892228603363,-0.6239562207694146,131752.44251644122
1372.9916257858276,-0.6272634092187225,131752.1982647971
1373.0920858383179,-0.6243236861526711,131752.0784383174
1373.191488981247,-0.6270796765270943,131751.37059448566
1373.2922699451447,-0.6261610130689532,131749.9335350371
1373.3924338817596,-0.625058616919184,131751.54018153338
1373.491872549057,-0.6256098149940685,131752.18616338004
1373.5921421051025,-0.6244155524984851,131751.66754704205
1373.691680431366,-0.6257016813398827,131750.70079233786
1373.7922134399414,-0.6267122111438378,131749.63071310407
1373.8919880390167,-0.6244155524984851,131749.06764179366
1373.991673707962,-0.6253342159566262,131750.66087761428
1374.0920572280884,-0.6223026265447607,131750.69478985286
1374.1917963027954,-0.6246911515359275,131751.42531086758
1374.292198896408,-0.6255179486482545,131752.58277978082
1374.391573190689,-0.6252423496108122,131752.52450180275
1374.4917867183685,-0.6239562207694146,131751.8720516225
1374.5916595458984,-0.6212002303949914,131750.78484646024
1374.6924138069153,-0.6241399534610428,131748.50636181422
1374.7918274402618,-0.6238643544236006,131747.45572563278
1374.8921699523926,-0.6234968890403441,131747.11015306952
1374.991870880127,-0.6254260823024403,131747.89913776255
1375.091515302658,-0.6232212900029017,131747.0092239863
1375.1922738552094,-0.6237724880777864,131746.10830158766
1375.2923202514648,-0.6246911515359275,131746.3974714289
1375.3917045593262,-0.6210164977033632,131747.757724286
1375.4916026592255,-0.6228538246196453,131747.4819518574
1375.5924298763275,-0.6269878101812801,131747.83375667167
1375.6921577453613,-0.6220270275073184,131749.1503810045
1375.7919669151306,-0.6245074188442993,131749.93534290406
1375.8919489383698,-0.6257016813398827,131748.94180861366
1375.9916725158691,-0.6265284784522096,131749.7476277523
1376.0915529727936,-0.6266203447980238,131748.87286497708
1376.1914420127869,-0.6274471419103507,131747.68557847937
1376.2923204898834,-0.6254260823024403,131747.21702063145
1376.3917710781097,-0.6260691467231391,131746.8953185683
1376.4917902946472,-0.6237724880777864,131748.10578671147
1376.591724395752,-0.6257935476856967,131747.79520804033
1376.691861152649,-0.6230375573112735,131746.9156872363
1376.7918405532837,-0.6254260823024403,131747.52411851267
1376.8918797969818,-0.6232212900029017,131748.6717066614
1376.9918377399445,-0.6268959438354661,131748.30453599527
1377.0920078754425,-0.6249667505733698,131748.97408239573
1377.1923506259918,-0.6257016813398827,131749.77667415616
1377.2917561531067,-0.625150483264998,131750.09900674055
1377.392168521881,-0.6275390082561648,131750.4891060665
1377.491674900055,-0.6212920967408055,131751.14019545986
1377.5921890735626,-0.6244155524984851,131751.52617591387
1377.692399263382,-0.6263447457605814,131752.2735583225
1377.7915651798248,-0.625058616919184,131751.34620249024
1377.892192363739,-0.6261610130689532,131751.3115822412
1377.9915206432343,-0.6290088697891905,131751.68042401707
1378.0918815135956,-0.6267122111438378,131751.21238161536
1378.191960811615,-0.6300193995931457,131751.49114345384
1378.2917082309723,-0.6256098149940685,131752.04202910847
1378.3915050029755,-0.6289170034433764,131753.43782619762
1378.4923465251923,-0.6234968890403441,131754.89404357786
1378.5918827056885,-0.6275390082561648,131754.50463922007
1378.692045211792,-0.6275390082561648,131754.45417529807
1378.7915234565735,-0.6300193995931457,131754.70875776827
1378.8919475078583,-0.629468201518261,131753.83788199144
1378.992091178894,-0.6279064736394212,131753.4540937923
1379.0917356014252,-0.6291926024808188,131754.90868441307
1379.1923623085022,-0.6287332707517482,131754.31781597176
1379.2922699451447,-0.630294998630588,131753.8860343746
1379.391765832901,-0.6278146072936072,131753.69743093714
1379.492092370987,-0.6280902063310494,131753.22768784343
1379.5922193527222,-0.630294998630588,131753.7049190591
1379.6920914649963,-0.6279064736394212,131754.93442715317
1379.791937828064,-0.6280902063310494,131755.44098443785
1379.8919706344604,-0.6284576717143059,131754.19688599405
1379.9921481609344,-0.6298356669015175,131754.07719739465
1380.0922238826752,-0.6286414044059341,131754.9694776552
1380.1922793388367,-0.6282739390226777,131754.3725298897
1380.2921948432922,-0.6279983399852354,131753.53527690071
1380.3920238018036,-0.6333265880424536,131752.88174921065
1380.4920415878296,-0.6296519342098893,131752.59357428958
1380.5922212600708,-0.6334184543882676,131751.93421686062
1380.6921277046204,-0.6292844688266328,131753.04079517457
1380.7923953533173,-0.6305705976680304,131752.93671565712
1380.8918602466583,-0.6304787313222162,131752.4430440914
1380.9915103912354,-0.6311217957429149,131753.19873968227
1381.0914475917816,-0.630294998630588,131752.57886571405
1381.1921255588531,-0.6290088697891905,131752.42097914265
1381.2923457622528,-0.6327753899675689,131753.3788812284
1381.391975402832,-0.629468201518261,131752.94099310556
1381.491436958313,-0.6282739390226777,131752.846893795
1381.5922586917877,-0.6303868649764021,131752.2622044155
1381.6914398670197,-0.6313055284345431,131751.83598397396
1381.7920668125153,-0.6298356669015175,131751.05238557656
1381.8915255069733,-0.6292844688266328,131750.7471470189
1381.992288351059,-0.6331428553508254,131750.472432317
1382.0922651290894,-0.6316729938177996,131750.2251890853
1382.1916980743408,-0.6300193995931457,131751.90267017676
1382.2916734218597,-0.6278146072936072,131752.51240315908
1382.391886472702,-0.6280902063310494,131753.06116284317
1382.4923708438873,-0.6268959438354661,131753.75504655886
1382.5919134616852,-0.6266203447980238,131753.97954190298
1382.692015171051,-0.6276308746019789,131753.98158771268
1382.7914006710052,-0.6300193995931457,131754.58342894143
1382.8919689655304,-0.6283658053684917,131753.62508604728
1382.9916529655457,-0.6291926024808188,131753.56257744256
1383.0923697948456,-0.6299275332473315,131753.0063196983
1383.1916780471802,-0.6298356669015175,131753.00568772847
1383.2922911643982,-0.629376335172447,131752.8051189556
1383.3914968967438,-0.6288251370975623,131751.62460706005
1383.492348909378,-0.6283658053684917,131751.46214635402
1383.5916097164154,-0.631948592855242,131750.71593171862
1383.692247390747,-0.6286414044059341,131750.54433854675
1383.7923822402954,-0.6282739390226777,131750.48990469208
1383.8917257785797,-0.6289170034433764,131749.94091422285
1383.9921321868896,-0.629468201518261,131748.54682280056
1384.091638803482,-0.6302031322847739,131747.4921405205
1384.192210674286,-0.6279064736394212,131746.94292646847
1384.2921810150146,-0.6310299293971009,131748.7486338216
1384.3915786743164,-0.6289170034433764,131749.77377043947
1384.4920990467072,-0.6316729938177996,131749.49639339553
1384.5914697647095,-0.6307543303596586,131749.64675405598
1384.6921350955963,-0.632867256313383,131750.98207865038
1384.7922415733337,-0.634520850538037,131751.48387078533
1384.8916535377502,-0.6331428553508254,131751.0354837068
1384.9916725158691,-0.6326835236217548,131749.13193533613
1385.0920946598053,-0.6334184543882676,131747.91874180254
1385.1923060417175,-0.631948592855242,131747.92686762227
1385.2922699451447,-0.6348883159212934,131747.63418086004
1385.3917829990387,-0.6327753899675689,131748.37076277402
1385.4918820858002,-0.6369093755292037,131748.23368649662
1385.5918984413147,-0.6347045832296652,131748.91031784698
1385.6918637752533,-0.6336021870798959,131749.61928606228
1385.7917201519012,-0.6341533851547805,131749.45735745606
1385.8914198875427,-0.6358069793794344,131748.51162171047
1385.9918253421783,-0.6327753899675689,131748.36045953943
1386.0913569927216,-0.6357151130336203,131747.2244135855
1386.1921541690826,-0.6324079245843125,131747.00197222695
1386.2916553020477,-0.6332347216966394,131747.10177500427
1386.3922407627106,-0.6330509890050112,131748.19159750384
1386.4919373989105,-0.6327753899675689,131749.17243775347
