time_s,torque,deflection
0.7178058624267578,-0.00018373269162821396,131491.0
0.8733639717102051,-0.00018373269162821396,131490.40000000002
0.9270873069763184,-0.0005511980748846419,131491.96000000002
1.0326640605926514,-0.0020210596079103535,131491.86400000003
1.1378216743469238,-0.0029397230660514234,131491.07760000002
1.2435634136199951,-0.0006430644206987489,131491.46984000003
1.3476006984710693,-0.0032153221034937444,131491.62285600003
1.4526550769805908,-0.0031234557576796376,131492.16057040004
1.5576822757720947,-0.0016535942246539257,131491.44451336004
1.6627418994903564,-0.0012861288413974978,131491.60006202402
1.7675232887268066,-0.0011942624955833907,131491.34005582164
1.8677434921264648,-0.0023885249911667814,131491.30605023948
1.967287540435791,-0.0028478567202373166,131492.07544521554
2.0679402351379395,-0.0022966586453526745,131492.267900694
2.167375326156616,-0.0022966586453526745,131490.7411106246
2.268051862716675,-0.0029397230660514234,131489.66699956215
2.3674681186676025,-0.0012861288413974978,131491.00029960592
2.4675400257110596,-0.0033071884493078513,131491.10026964534
2.5671255588531494,-0.0011942624955833907,131491.1902426808
2.667483329772949,-0.0022966586453526745,131490.77121841273
2.7678802013397217,-0.0031234557576796376,131491.29409657145
2.8677258491516113,0.0016535942246539257,131491.96468691432
2.9675748348236084,-0.004409584599077135,131492.8682182229
3.0675103664398193,-0.0022047922995385677,131491.5813964006
3.167445182800293,-0.0023885249911667814,131493.22325676054
3.267225742340088,-0.0018373269162821396,131493.40093108447
3.3680460453033447,-0.0011023961497692838,131492.46083797602
3.467280149459839,-0.0023885249911667814,131493.21475417842
3.5674901008605957,9.186634581410698e-05,131492.99327876058
3.6676995754241943,-0.004501450944891242,131492.79395088452
3.7680728435516357,-0.0038583865241924933,131492.51455579605
3.867809295654297,-0.0018373269162821396,131492.16310021645
3.9677679538726807,-0.0014698615330257117,131491.8467901948
4.067498207092285,-0.0010105298039551768,131491.6621111753
4.1673455238342285,-0.00018373269162821396,131492.0959000578
4.268022775650024,-0.00027559903744232096,131490.48631005202
4.3678669929504395,-0.0016535942246539257,131490.83767904682
4.4674224853515625,-0.0013779951872116046,131489.95391114213
4.568159341812134,-0.0031234557576796376,131490.45852002793
4.667852163314819,-0.0027559903744232093,131489.61266802513
4.76793098449707,-0.0024803913369808887,131489.9514012226
4.86791205406189,-0.0021129259537244604,131490.45626110036
4.967234134674072,-0.0034909211409360655,131490.71063499033
5.067380666732788,-0.0008267971123269628,131490.0395714913
5.1671764850616455,-0.0029397230660514234,131489.4356143422
5.267593622207642,-0.0033071884493078513,131490.79205290796
5.367983341217041,-0.0023885249911667814,131491.01284761715
5.467719554901123,-0.003399054795121958,131491.51156285545
5.567277669906616,-0.0008267971123269628,131492.3604065699
5.668027639389038,-0.0012861288413974978,131491.52436591292
5.76796817779541,-0.0018373269162821396,131492.67192932163
5.867751359939575,-0.0027559903744232093,131491.70473638945
5.967529773712158,-0.0018373269162821396,131491.03426275053
6.067772150039673,-0.0019291932620962467,131492.6308364755
6.168014287948608,-0.003399054795121958,131492.26775282796
6.267346382141113,-0.004225851907448921,131492.84097754516
6.367923974990845,-0.0024803913369808887,131492.25687979066
6.468135118484497,-0.0022966586453526745,131492.0311918116
6.567544460296631,-0.004042119215820707,131493.12807263044
6.668009042739868,-0.0019291932620962467,131493.1152653674
6.767403602600098,-0.003674653832564279,131493.70373883066
6.8677756786346436,-0.0035827874867501723,131495.0333649476
6.967931270599365,-0.0011942624955833907,131496.53002845283
7.067572832107544,-0.004501450944891242,131496.37702560757
7.168130874633789,-0.0028478567202373166,131495.43932304683
7.267318487167358,-0.0028478567202373166,131496.39539074217
7.367608308792114,-0.0020210596079103535,131495.55585166794
7.4676220417022705,-0.0038583865241924933,131495.20026650117
7.568054676055908,0.0011942624955833907,131495.28023985104
7.6680519580841064,-0.0029397230660514234,131494.95221586595
7.767911434173584,-0.0034909211409360655,131494.65699427936
7.867279767990112,-0.0008267971123269628,131494.39129485143
7.967828750610352,-0.0011023961497692838,131495.1521653663
8.06723403930664,-0.0032153221034937444,131495.1369488297
8.16783332824707,-0.0028478567202373166,131496.02325394674
8.267606496810913,0.00036746538325642793,131494.92092855205
8.368023872375488,0.0,131496.82883569686
8.46795392036438,-0.0032153221034937444,131497.3459521272
8.56721544265747,-0.0032153221034937444,131498.71135691446
8.667160511016846,-0.0031234557576796376,131499.240221223
8.767591953277588,-0.0023885249911667814,131499.3161991007
8.867238283157349,-0.0007349307665128559,131499.28457919063
8.967544794082642,-0.0011023961497692838,131500.55612127157
9.068071603775024,0.0009186634581410698,131499.3005091444
9.167566537857056,-0.0027559903744232093,131499.87045822997
9.267210245132446,0.00027559903744232096,131500.58341240697
9.367733001708984,-0.0006430644206987489,131500.72507116626
9.46790099143982,-0.0011023961497692838,131501.65256404964
9.567760705947876,-9.186634581410698e-05,131500.1873076447
9.66801643371582,-0.0025722576827949956,131499.96857688023
9.767708778381348,-0.0006430644206987489,131499.97171919222
9.867549419403076,-0.0015617278788398188,131501.374547273
9.967764377593994,-0.0018373269162821396,131501.9370925457
10.067112922668457,-0.0013779951872116046,131502.64338329114
10.167679071426392,-0.0037665201783783865,131503.97904496203
10.267555475234985,-0.0004593317290705349,131503.28114046584
10.367870092391968,-0.0004593317290705349,131504.05302641925
10.467867612838745,-0.00027559903744232096,131503.44772377732
10.567778825759888,-0.0014698615330257117,131503.0029513996
10.667907476425171,-0.0006430644206987489,131503.10265625964
10.767876386642456,-0.0008267971123269628,131503.1923906337
10.86792540550232,-0.0020210596079103535,131502.1731515703
10.967256546020508,0.0012861288413974978,131500.1558364133
11.067624568939209,-0.0005511980748846419,131499.74025277197
11.167267084121704,-0.0034909211409360655,131499.8662274948
11.268022775650024,-0.0004593317290705349,131500.2796047453
11.367170810699463,-0.0024803913369808887,131500.2516442708
11.467487812042236,-0.0013779951872116046,131499.62647984372
11.567867755889893,-0.0020210596079103535,131498.26383185934
11.667820930480957,-0.0031234557576796376,131497.93744867342
11.767889738082886,-0.0029397230660514234,131496.1437038061
11.867767810821533,-0.0029397230660514234,131495.9293334255
11.9680335521698,-0.0025722576827949956,131496.73640008297
12.067869186401367,-0.00018373269162821396,131498.2627600747
12.167961835861206,-0.0022966586453526745,131499.23648406722
12.267848014831543,-0.0022047922995385677,131500.4128356605
12.368244409561157,-0.0021129259537244604,131500.17155209446
12.468109369277954,-0.0018373269162821396,131500.35439688503
12.568026065826416,-0.0007349307665128559,131498.11895719654
12.667143106460571,-0.0012861288413974978,131499.00706147688
12.767045974731445,-0.0022966586453526745,131498.6063553292
12.8672034740448,-0.0020210596079103535,131499.84571979629
12.967634677886963,-0.004593317290705349,131500.26114781667
13.067248821258545,-0.0010105298039551768,131501.535033035
13.167473077774048,-0.0028478567202373166,131501.4815297315
13.267117977142334,-0.0035827874867501723,131502.43337675836
13.368115663528442,-0.0021129259537244604,131502.49003908254
13.467158555984497,-0.004685183636519456,131502.8410351743
13.568162202835083,-0.0021129259537244604,131502.25693165688
13.667547702789307,-0.0025722576827949956,131501.9312384912
13.767199516296387,-0.0006430644206987489,131500.03811464208
13.867049932479858,-0.0022047922995385677,131499.83430317786
13.96731424331665,-0.005695713440474633,131500.9508728601
14.06798791885376,-0.004042119215820707,131500.65578557408
14.168072700500488,-0.0023885249911667814,131500.2902070167
14.267163515090942,-0.006614376898615703,131500.26118631504
14.367455959320068,-0.0024803913369808887,131499.93506768355
14.467438220977783,0.0027559903744232093,131500.7415609152
14.567141771316528,0.0034909211409360655,131500.56740482367
14.667243242263794,-0.0007349307665128559,131500.4106643413
14.767310619354248,-0.005420114403032312,131499.66959790717
14.867496013641357,-0.011115827843506945,131498.10263811646
14.967391729354858,-0.0038583865241924933,131497.79237430482
15.067226648330688,-0.0028478567202373166,131498.01313687433
15.167695999145508,0.0006430644206987489,131496.9118231869
15.267318487167358,-0.0018373269162821396,131496.62064086823
15.36733627319336,-0.0031234557576796376,131497.55857678142
15.468115329742432,-0.0011942624955833907,131498.20271910328
15.567199468612671,-0.0018373269162821396,131497.38244719297
15.667737483978271,-0.0030315894118655303,131496.54420247368
15.767283916473389,-0.00027559903744232096,131497.28978222632
15.867249488830566,-0.0022966586453526745,131497.8608040037
15.96744704246521,-0.004409584599077135,131497.77472360333
16.06775689125061,-0.00027559903744232096,131495.897251243
16.167534351348877,-0.0025722576827949956,131495.7075261187
16.267802000045776,-0.0022966586453526745,131495.93677350684
16.367277145385742,-0.0031234557576796376,131495.74309615616
16.467885494232178,-0.0027559903744232093,131495.56878654056
16.567399501800537,-0.003399054795121958,131495.9119078865
16.66728448867798,-0.0032153221034937444,131496.22071709787
16.7679181098938,-0.0030315894118655303,131498.19864538807
16.86782670021057,-0.0037665201783783865,131499.17878084927
16.967629432678223,-0.0033071884493078513,131498.66090276436
17.067349433898926,-0.0030315894118655303,131498.8948124879
17.16706895828247,-0.0038583865241924933,131499.20533123912
17.267818689346313,-0.003674653832564279,131497.18479811522
17.36807417869568,-0.0018373269162821396,131496.96631830372
17.467870235443115,-0.005971312477916954,131497.76968647336
17.567888975143433,-0.0034909211409360655,131498.69271782602
17.668028354644775,-0.004593317290705349,131498.02344604343
17.768140077590942,-0.00946223361885302,131497.9211014391
17.867597103118896,-0.0078086393941990935,131498.0289912952
17.96775984764099,-0.007073708627686238,131498.4260921657
18.067678451538086,-0.008359837469083736,131497.68348294913
18.16759419441223,-0.008727302852340163,131496.9151346542
18.267761707305908,-0.006430644206987489,131495.22362118878
18.367777585983276,-0.003674653832564279,131496.8012590699
18.467716455459595,-0.004042119215820707,131496.02113316293
18.56813621520996,-0.0037665201783783865,131495.11901984664
18.667280912399292,-0.004409584599077135,131495.20711786198
18.76801371574402,-0.0022966586453526745,131496.08640607577
18.868107557296753,-0.004960782673961777,131496.6777654682
18.968319416046143,-0.0072574413193144515,131495.80998892136
19.0681414604187,-0.004409584599077135,131497.5289900292
19.167897939682007,-0.004685183636519456,131498.17609102628
19.267275094985962,-0.0020210596079103535,131497.95848192365
19.367059469223022,-0.004960782673961777,131497.7626337313
19.46790599822998,-0.007533040356756773,131498.88637035817
19.567970275878906,-0.007073708627686238,131499.59773332236
19.66812539100647,-0.0055119807488464186,131500.93795999011
19.767053365707397,-0.004409584599077135,131501.2441639911
19.867048501968384,-0.0030315894118655303,131501.41974759198
19.96777081489563,-0.003399054795121958,131501.57777283277
20.06789803504944,-0.0035827874867501723,131502.2199955495
20.16802954673767,-0.0022047922995385677,131502.29799599454
20.26806664466858,-0.0016535942246539257,131502.0681963951
20.368343114852905,-0.0025722576827949956,131501.66137675557
20.4682195186615,-0.007073708627686238,131500.99523908002
20.56721329689026,-0.004777049982333563,131500.39571517202
20.66801404953003,-0.005328248057218205,131499.35614365482
20.76718544960022,-0.005328248057218205,131499.42052928935
20.868056058883667,-0.0013779951872116046,131498.9784763604
20.96809673309326,-0.004593317290705349,131499.48062872438
21.067583322525024,-0.004133985561634814,131500.13256585193
21.16799783706665,-0.0037665201783783865,131500.01930926673
21.26767635345459,-0.005052649019775884,131499.01737834007
21.367309093475342,-0.004960782673961777,131498.31564050607
21.467498064041138,-0.004501450944891242,131499.08407645547
21.56727123260498,-0.008451703814897842,131498.57566880994
21.667873859405518,-0.004501450944891242,131498.71810192894
21.76738142967224,-0.0039502528700066,131498.14629173605
21.868171453475952,-0.006063178823731061,131498.53166256245
21.967541217803955,-0.0023885249911667814,131499.37849630622
22.068302869796753,-0.005971312477916954,131499.6406466756
22.167243003845215,-0.0018373269162821396,131498.17658200805
22.267775774002075,-0.0072574413193144515,131498.55892380726
22.367389678955078,-0.004685183636519456,131498.50303142652
22.467612504959106,-0.0022966586453526745,131497.85272828388
22.567514657974243,-0.003399054795121958,131498.2674554555
22.667678594589233,-0.0055119807488464186,131498.24070990994
22.76756477355957,-0.0033071884493078513,131497.31663891894
22.868141651153564,-0.004685183636519456,131497.68497502705
22.96724772453308,-0.0027559903744232093,131497.21647752434
23.067375898361206,-0.003674653832564279,131496.89482977192
23.167436599731445,-0.004593317290705349,131496.40534679472
23.26749348640442,-0.005603847094660526,131497.16481211525
23.367156744003296,-0.006614376898615703,131497.44833090372
23.4680655002594,-0.0014698615330257117,131497.90349781336
23.56747579574585,-0.004225851907448921,131497.11314803202
23.6677029132843,-0.0022966586453526745,131496.80183322882
23.76746678352356,-0.00486891632814767,131496.72164990593
23.86749839782715,-0.0024803913369808887,131497.24948491534
23.967427015304565,-0.005695713440474633,131497.6245364238
24.06742286682129,-0.004960782673961777,131497.6620827814
24.167447090148926,-9.186634581410698e-05,131497.09587450328
24.267643213272095,-0.004409584599077135,131496.58628705295
24.36762499809265,-0.004593317290705349,131495.02765834765
24.467549562454224,-0.004225851907448921,131494.7248925129
24.567721843719482,-0.004777049982333563,131494.3524032616
24.66757822036743,-0.0029397230660514234,131494.41716293545
24.767675399780273,-0.0037665201783783865,131494.67544664192
24.867841005325317,-0.005052649019775884,131496.40790197774
24.968005657196045,-0.006338777861173382,131496.86711177998
25.067540407180786,-0.0028478567202373166,131496.78040060197
25.168026447296143,-0.004042119215820707,131496.40236054178
25.267493724822998,-0.004042119215820707,131496.96212448762
25.36758017539978,-0.0032153221034937444,131496.36591203886
25.467421531677246,-0.0067062432444298095,131497.42932083498
25.56779718399048,-0.004685183636519456,131497.2863887515
25.667818784713745,-0.0024803913369808887,131497.95774987634
25.767640113830566,-0.00486891632814767,131497.6619748887
25.867902755737305,-0.0028478567202373166,131497.49577739983
25.9672908782959,-0.00486891632814767,131497.34619965986
26.06741738319397,-0.0043177182532630285,131498.61157969388
26.1676082611084,-0.0015617278788398188,131499.3504217245
26.2673921585083,-0.00486891632814767,131499.41537955205
26.367711782455444,-0.0043177182532630285,131498.37384159685
26.467697620391846,-0.0032153221034937444,131498.13645743718
26.56787610054016,-0.005971312477916954,131497.32281169348
26.667705297470093,-0.004042119215820707,131497.99053052414
26.7669620513916,-0.005695713440474633,131497.89147747174
26.867844581604004,-0.005236381711404098,131497.10232972458
26.967918157577515,-0.0011942624955833907,131496.99209675213
27.06805682182312,-0.0026641240286091024,131497.09288707693
27.168025970458984,-0.004042119215820707,131497.78359836925
27.26772427558899,-0.004133985561634814,131498.40523853232
27.367915630340576,-0.0029397230660514234,131499.5647146791
27.467596292495728,-0.005971312477916954,131499.80824321118
27.567586183547974,-0.005695713440474633,131499.42741889006
27.667868614196777,-0.00578757978628874,131498.68467700106
27.767956018447876,-0.0020210596079103535,131498.81620930095
27.868176460266113,-0.0031234557576796376,131498.73458837086
27.967782258987427,-0.004777049982333563,131499.56112953377
28.06800365447998,-0.0029397230660514234,131500.2050165804
28.168129920959473,-0.0037665201783783865,131501.18451492238
28.267939805984497,-0.00486891632814767,131500.66606343014
28.36724615097046,-0.0026641240286091024,131499.5994570871
28.4680814743042,-0.004133985561634814,131500.13951137842
28.567285537719727,-0.0029397230660514234,131500.3255602406
28.667875051498413,-0.004685183636519456,131500.39300421654
28.767236948013306,-0.0026641240286091024,131499.7537037949
28.867297887802124,-0.0038583865241924933,131499.97833341543
28.96784496307373,-0.0061550451695451674,131499.0805000739
29.06792902946472,-0.00486891632814767,131498.87245006653
29.16743016242981,-0.004225851907448921,131500.18520505988
29.26686978340149,-0.004225851907448921,131501.3666845539
29.36743688583374,-0.0031234557576796376,131501.63001609853
29.46718955039978,-0.004133985561634814,131501.6670144887
29.567376136779785,-0.005603847094660526,131502.70031303982
29.668007612228394,-0.0030315894118655303,131503.03028173585
29.76782751083374,-0.0027559903744232093,131501.92725356226
29.86773705482483,-0.004133985561634814,131501.83452820603
29.967612504959106,-0.005144515365589991,131502.45107538544
30.06750226020813,-0.005328248057218205,131502.2059678469
30.16723656654358,-0.007165574973500345,131503.98537106224
30.267473459243774,-0.004042119215820707,131505.086833956
30.367323398590088,-0.0061550451695451674,131505.5781505604
30.4680073261261,-0.004133985561634814,131504.82033550437
30.568013191223145,-0.0032153221034937444,131506.33830195392
30.667551517486572,-0.0043177182532630285,131507.00447175853
30.76745843887329,-0.004501450944891242,131506.20402458266
30.86758255958557,-0.0039502528700066,131505.88362212438
30.96823811531067,-0.0072574413193144515,131506.19525991194
31.06785225868225,-0.003399054795121958,131505.17573392074
31.16769027709961,-0.0039502528700066,131505.15816052866
31.267346143722534,-0.0025722576827949956,131504.7423444758
31.368086576461792,-0.006246911515359275,131505.0681100282
31.46766757965088,-0.003674653832564279,131505.16129902538
31.567220449447632,-0.0031234557576796376,131503.74516912285
31.668158531188965,-0.003399054795121958,131503.57065221056
31.768104314804077,-0.004593317290705349,131504.01358698952
31.86756157875061,-0.0037665201783783865,131503.91222829057
31.968095541000366,-0.006246911515359275,131505.72100546153
32.0682053565979,-0.004501450944891242,131505.74890491538
32.167511224746704,-0.004593317290705349,131505.57401442385
32.26726770401001,-0.0030315894118655303,131505.41661298147
32.367435932159424,-0.004501450944891242,131505.27495168333
32.467695474624634,-0.004133985561634814,131505.047456515
32.56745886802673,-0.004685183636519456,131506.34271086348
32.667752742767334,-0.0039502528700066,131505.80843977715
32.76766324043274,-0.00486891632814767,131504.62759579942
32.86739158630371,-0.00486891632814767,131504.3648362195
32.96725416183472,-0.004777049982333563,131504.32835259754
33.06767654418945,-0.004685183636519456,131503.5955173378
33.16807579994202,-0.0034909211409360655,131502.63596560401
33.26743769645691,-0.005328248057218205,131502.7723690436
33.36817407608032,-0.005236381711404098,131502.19513213926
33.46783924102783,-0.004133985561634814,131502.77561892534
33.567444801330566,-0.0037665201783783865,131502.99805703282
33.66799783706665,-0.0023885249911667814,131503.99825132953
33.767220973968506,-0.003674653832564279,131504.69842619658
33.867939949035645,-0.0039502528700066,131504.62858357694
33.96724247932434,-0.0037665201783783865,131505.06572521926
34.067959785461426,-0.004042119215820707,131505.05915269733
34.1679413318634,-0.0038583865241924933,131504.9532374276
34.2679238319397,-0.004501450944891242,131505.55791368484
34.368093729019165,-0.0034909211409360655,131505.50212231636
34.46775841712952,-0.005144515365589991,131505.2519100847
34.567437410354614,-0.004042119215820707,131505.12671907624
34.667983293533325,-0.005420114403032312,131504.81404716862
34.76788067817688,-0.003399054795121958,131504.03264245176
34.868101596832275,-0.004225851907448921,131503.82937820657
34.96746850013733,-0.003674653832564279,131503.44644038592
35.067495822906494,-0.003674653832564279,131502.80179634734
35.16738748550415,-0.005420114403032312,131502.7216167126
35.268120765686035,-0.0037665201783783865,131502.04945504136
35.367666244506836,-0.0020210596079103535,131501.54450953723
35.467700719833374,-0.0055119807488464186,131500.79005858352
35.56811475753784,-0.0033071884493078513,131498.91105272516
35.66800856590271,-0.0028478567202373166,131499.91994745264
35.76767706871033,-0.0034909211409360655,131500.3279527074
35.86782908439636,-0.004777049982333563,131500.59515743665
35.9672737121582,-0.005052649019775884,131499.43564169298
36.067604541778564,-0.0031234557576796376,131498.99207752367
36.168111085891724,-0.004593317290705349,131497.49286977132
36.267295122146606,-0.0055119807488464186,131495.9435827942
36.367733001708984,-0.0025722576827949956,131495.2492245148
36.467326164245605,-0.0017454605704680327,131494.72430206332
36.5679407119751,-0.004409584599077135,131494.651871857
36.66764760017395,-0.0038583865241924933,131495.2866846713
36.7681040763855,-0.003674653832564279,131494.75801620417
36.867313861846924,-0.0039502528700066,131495.58221458376
36.96735429763794,-0.005052649019775884,131496.1239931254
37.06736779212952,-0.006338777861173382,131496.51159381284
37.16714262962341,-0.0038583865241924933,131496.86043443158
37.267231702804565,-0.0038583865241924933,131495.77439098843
37.368194341659546,-0.005144515365589991,131496.3969518896
37.467318058013916,-0.006430644206987489,131496.85725670063
37.56727862358093,-0.0029397230660514234,131496.77153103056
37.667388916015625,-0.005971312477916954,131496.8943779275
37.76754069328308,-0.005603847094660526,131496.50494013474
37.86725068092346,-0.005236381711404098,131495.85444612126
37.96727752685547,-0.005603847094660526,131496.76900150912
38.06741809844971,-0.005695713440474633,131498.39210135821
38.167359352111816,-0.0035827874867501723,131499.3528912224
38.26755428314209,-0.004225851907448921,131498.81760210017
38.3674099445343,-0.005052649019775884,131499.53584189015
38.46717691421509,-0.005236381711404098,131499.88225770113
38.56775379180908,-0.00578757978628874,131501.394031931
38.66792845726013,-0.0033071884493078513,131502.75462873792
38.76810145378113,-0.007165574973500345,131503.37916586414
38.868186950683594,-0.004593317290705349,131503.64124927772
38.9679856300354,-0.004593317290705349,131503.17712434995
39.0680775642395,-0.0031234557576796376,131503.05941191496
39.16741895675659,-0.004685183636519456,131501.85347072346
39.26795291900635,-0.009829699002109447,131502.56812365112
39.368000984191895,-0.00486891632814767,131502.311311286
39.468177795410156,-0.0033071884493078513,131501.2801801574
39.5673303604126,-0.006246911515359275,131501.35216214167
39.66767644882202,-0.0055119807488464186,131501.3169459275
39.76801085472107,-0.005236381711404098,131499.68525133474
39.867547035217285,-0.004685183636519456,131499.71672620127
39.96731185913086,-0.004409584599077135,131498.34505358114
40.068206548690796,-0.004777049982333563,131498.71054822303
40.167739391326904,-0.005144515365589991,131499.8394934007
40.267303705215454,-0.004225851907448921,131498.65554406063
40.36728024482727,-0.006614376898615703,131498.98998965457
40.46806025505066,-0.00762490670257088,131500.29099068913
40.56773781776428,-0.011115827843506945,131500.56189162022
40.66802763938904,-0.004593317290705349,131500.20570245822
40.767568588256836,-0.0038583865241924933,131500.1851322124
40.86769509315491,-0.005971312477916954,131500.46661899117
40.96796154975891,-0.004777049982333563,131500.81995709206
41.06767225265503,-0.0037665201783783865,131501.53796138286
41.16723299026489,-0.0019291932620962467,131501.38416524458
41.268094062805176,-0.0019291932620962467,131501.84574872014
41.36742162704468,-0.007073708627686238,131502.36117384813
41.46820402145386,-0.004685183636519456,131502.82505646333
41.567758560180664,-0.006246911515359275,131502.942550817
41.667222023010254,-0.006522510552801596,131503.1482957353
41.76772928237915,-0.004409584599077135,131503.03346616178
41.86793327331543,-0.003399054795121958,131503.0301195456
41.96788716316223,-0.006614376898615703,131503.32710759106
42.067991495132446,-0.005236381711404098,131503.29439683195
42.16814661026001,-0.005695713440474633,131502.46495714877
42.26814270019531,-0.005328248057218205,131503.11846143389
42.36821126937866,-0.0067062432444298095,131502.5066152905
42.467219829559326,-0.005236381711404098,131501.65595376145
42.56730818748474,-0.004225851907448921,131501.8903583853
42.667391777038574,-0.004133985561634814,131502.20132254678
42.76745653152466,-0.0055119807488464186,131503.18119029212
42.86783695220947,-0.0039502528700066,131503.1630712629
42.968883991241455,-0.005420114403032312,131503.94676413664
43.068174600601196,-0.0035827874867501723,131502.15208772296
43.16776895523071,-0.005328248057218205,131502.93687895068
43.26798176765442,-0.0031234557576796376,131503.2431910556
43.368014097213745,-0.0039502528700066,131503.21887195006
43.46818447113037,-0.006246911515359275,131501.99698475504
43.56759548187256,-0.007441174010942665,131502.59728627955
43.66768550872803,-0.004777049982333563,131501.7375576516
43.767757177352905,-0.005420114403032312,131501.36380188644
43.86812734603882,-0.004501450944891242,131501.7274216978
43.96749758720398,-0.00486891632814767,131501.55467952805
44.06756854057312,-0.004593317290705349,131502.59921157526
44.167314291000366,-0.005971312477916954,131502.83929041773
44.267348289489746,-0.005328248057218205,131503.45536137596
44.36733603477478,-0.003399054795121958,131504.60982523835
44.46737504005432,-0.007349307665128558,131504.64884271452
44.567113399505615,-0.006246911515359275,131503.88395844307
44.66726613044739,-0.006063178823731061,131502.79556259877
44.767277002334595,-0.006063178823731061,131502.4160063389
44.8674099445343,-0.003399054795121958,131501.174405705
44.967421770095825,-0.00486891632814767,131502.0569651345
45.067726850509644,-0.006430644206987489,131502.95126862105
45.16759967803955,-0.005052649019775884,131503.25614175896
45.267791986465454,-0.004685183636519456,131502.53052758306
45.36726117134094,-0.004501450944891242,131503.27747482475
45.46772885322571,-0.005695713440474633,131503.34972734228
45.567736864089966,-0.007533040356756773,131503.21475460805
45.66775035858154,-0.0055119807488464186,131503.39327914725
45.767932176589966,-0.004960782673961777,131503.05395123252
45.86767935752869,-0.006614376898615703,131502.74855610926
45.96748971939087,-0.004225851907448921,131502.27370049834
46.06760597229004,-0.005420114403032312,131501.7463304485
46.16739320755005,-0.00486891632814767,131501.27169740366
46.2676944732666,-0.005420114403032312,131501.0445276633
46.368013858795166,-0.005879446132102847,131501.74007489695
46.46772813796997,-0.005971312477916954,131502.06606740726
46.567986488342285,-0.00578757978628874,131501.75946066654
46.66772770881653,-0.005328248057218205,131501.0835145999
46.767595529556274,-0.005144515365589991,131502.0751631399
46.86784362792969,-0.008635436506526057,131501.9676468259
46.9672646522522,-0.006798109590243916,131501.6708821433
47.06776809692383,-0.005420114403032312,131501.803793929
47.16755700111389,-0.005236381711404098,131501.1234145361
47.2681188583374,-0.004042119215820707,131500.41107308248
47.367974042892456,-0.004685183636519456,131500.86996577424
47.467774391174316,-0.0038583865241924933,131500.78296919682
47.56800079345703,-0.006063178823731061,131501.00467227714
47.6677463054657,-0.005695713440474633,131500.20420504943
47.7679877281189,-0.005420114403032312,131500.7837845445
47.86737537384033,-0.0016535942246539257,131501.60540609006
47.96811318397522,-0.007073708627686238,131502.34486548105
48.0678026676178,-0.005420114403032312,131501.71037893294
48.1672945022583,-0.006430644206987489,131501.63934103964
48.26773715019226,-0.005603847094660526,131503.17540693568
48.36809825897217,-0.0034909211409360655,131503.75786624211
48.46802496910095,-0.004777049982333563,131504.6820796179
48.567363262176514,-0.005052649019775884,131505.3138716561
48.66813373565674,-0.005879446132102847,131506.1824844905
48.767844438552856,-0.0039502528700066,131506.06423604145
48.86792588233948,-0.005695713440474633,131504.95781243732
48.96802997589111,-0.005052649019775884,131503.7620311936
49.06721639633179,-0.006889975936058024,131503.28582807424
49.16785430908203,-0.003399054795121958,131502.45724526682
49.26806950569153,-0.004777049982333563,131501.91152074013
49.36723065376282,-0.006798109590243916,131500.62036866613
49.467209577560425,-0.0055119807488464186,131501.05833179952
49.56796860694885,-0.00578757978628874,131500.95249861956
49.66809105873108,-0.00578757978628874,131501.5572487576
49.767948627471924,-0.004593317290705349,131501.80152388185
49.867472887039185,-0.005695713440474633,131501.12137149367
49.96766948699951,-0.0067062432444298095,131501.1092343443
50.06721568107605,-0.005420114403032312,131499.79831090986
50.16804385185242,-0.005328248057218205,131501.11847981886
50.267322063446045,-0.003674653832564279,131501.30663183698
50.3671600818634,-0.0072574413193144515,131501.47596865328
50.467342138290405,-0.005420114403032312,131502.02837178795
50.56717038154602,-0.007992372085827308,131501.92553460915
50.667295932769775,-0.006889975936058024,131502.33298114824
50.76719045639038,-0.007349307665128558,131503.4996830334
50.868189334869385,-0.006338777861173382,131503.24971473007
50.96775269508362,-0.007349307665128558,131503.32474325708
51.068021297454834,-0.007073708627686238,131502.19226893137
51.1678409576416,-0.00762490670257088,131501.57304203822
51.26814866065979,-0.0079005057400132,131500.2157378344
51.367804527282715,-0.006063178823731061,131499.29416405095
51.4675235748291,-0.006889975936058024,131499.16474764585
51.56779623031616,-0.005236381711404098,131499.44827288127
51.66813945770264,-0.005420114403032312,131499.50344559315
51.76720976829529,-0.006430644206987489,131500.05310103385
51.867459297180176,-0.007533040356756773,131500.64779093047
51.9679057598114,-0.0039502528700066,131501.78301183743
52.06810164451599,-0.0067062432444298095,131502.40471065367
52.16738557815552,-0.0038583865241924933,131503.9642395883
52.26739740371704,-0.00881916919815427,131503.96781562947
52.367897033691406,-0.0072574413193144515,131504.3710340665
52.467517375946045,-0.004960782673961777,131504.73393065986
52.56745934486389,-0.007533040356756773,131505.16053759388
52.668004751205444,-0.0034909211409360655,131505.1444838345
52.76792621612549,-0.007073708627686238,131505.63003545106
52.86757683753967,-0.004685183636519456,131506.56703190596
52.967411041259766,-0.008451703814897842,131505.71032871536
53.06729555130005,-0.006246911515359275,131504.53929584383
53.16737222671509,-0.005328248057218205,131503.88536625943
53.268250703811646,-0.004593317290705349,131503.3968296335
53.36747646331787,-0.005879446132102847,131504.05714667018
53.46768641471863,-0.006614376898615703,131503.1514320032
53.56748104095459,-0.005879446132102847,131502.43628880286
53.66818308830261,-0.007533040356756773,131502.49265992257
53.767637729644775,-0.006522510552801596,131501.74339393032
53.86772918701172,-0.0032153221034937444,131502.9690545373
53.967474699020386,-0.0079005057400132,131503.8721490836
54.0677649974823,-0.006338777861173382,131503.28493417523
54.16768932342529,-0.004777049982333563,131503.0564407577
54.267504930496216,-0.006338777861173382,131502.95079668195
54.36760663986206,-0.005603847094660526,131503.75571701376
54.46765851974487,-0.005052649019775884,131502.6801453124
54.567774534225464,-0.005971312477916954,131502.41213078116
54.66769623756409,-0.006798109590243916,131501.97091770303
54.767638206481934,-0.004042119215820707,131502.67382593272
54.86775064468384,-0.004777049982333563,131502.40644333945
54.967795610427856,-0.006522510552801596,131502.4657990055
55.06771206855774,-0.0072574413193144515,131502.61921910496
55.16735100746155,-0.006338777861173382,131503.05729719446
55.267600774765015,-0.004685183636519456,131501.851567475
55.367838859558105,-0.006981842281872131,131502.26641072752
55.46809005737305,-0.0061550451695451674,131502.03976965477
55.56781601905823,-0.0043177182532630285,131502.13579268928
55.66792559623718,-0.0023885249911667814,131502.12221342037
55.76818656921387,-0.005695713440474633,131504.40999207832
55.867677211761475,-0.0067062432444298095,131504.1689928705
55.967621088027954,-0.004225851907448921,131505.15209358346
56.0680468082428,-0.004225851907448921,131504.9368842251
56.167662382125854,-0.004777049982333563,131504.5431958026
56.282334089279175,-0.006798109590243916,131505.48887622234
56.36998701095581,-0.0032153221034937444,131506.0399886001
56.46980857849121,-0.004133985561634814,131505.03598974008
56.57043218612671,-0.006522510552801596,131504.03239076608
56.668195486068726,-0.006522510552801596,131504.42915168946
56.768341064453125,-0.004777049982333563,131505.3862365205
56.86845016479492,-0.0067062432444298095,131504.64761286846
56.97154688835144,-0.0027559903744232093,131504.7828515816
57.07056498527527,-0.008727302852340163,131505.10456642346
57.170135736465454,-0.00909476823559659,131503.9941097811
57.270419120788574,-0.00909476823559659,131503.094698803
57.36701941490173,-0.010289030731179982,131503.5852289227
57.46773314476013,-0.00762490670257088,131504.02670603042
57.56819033622742,-0.009278500927224806,131502.92403542736
57.667481422424316,-0.0078086393941990935,131502.83163188465
57.76806592941284,-0.00881916919815427,131503.44846869618
57.868096351623535,-0.003674653832564279,131504.00362182656
57.96720743179321,-0.00762490670257088,131503.6032596439
58.06737947463989,-0.0028478567202373166,131503.7429336795
58.16701316833496,-0.009645966310481233,131504.16864031155
58.26760506629944,-0.0033071884493078513,131504.4517762804
58.36732530593872,-0.0027559903744232093,131503.40659865236
58.46790289878845,-0.0028478567202373166,131502.86593878712
58.56718707084656,-0.0025722576827949956,131502.6793449084
58.667317628860474,-0.010289030731179982,131499.91141041755
58.76728582382202,-0.004501450944891242,131498.7202693758
58.867615699768066,-0.006889975936058024,131499.54824243824
58.967113971710205,-0.0006430644206987489,131498.79341819443
59.06723618507385,-0.004593317290705349,131498.914076375
59.16738438606262,-0.0078086393941990935,131498.1226687375
59.26748490333557,-0.014514882638628903,131496.41040186374
59.36727738380432,-0.016811541283981577,131494.56936167736
59.467318058013916,-0.01433114994700069,131492.51242550963
59.56762433052063,-0.014698615330257117,131491.16118295866
59.6674690246582,-0.010472763422808196,131490.4450646628
59.767704248428345,-0.007073708627686238,131490.40055819653
59.86752271652222,-0.0078086393941990935,131490.86050237686
59.96747708320618,-0.0011942624955833907,131492.57445213918
60.06773900985718,-0.0023885249911667814,131493.81700692527
60.167274951934814,-0.011758892264205694,131493.93530623274
60.267297983169556,-0.012218223993276229,131493.24177560947
60.367653608322144,-0.010932095151878731,131493.8175980485
60.46752715110779,-0.005695713440474633,131494.23583824365
60.56808376312256,-0.004960782673961777,131495.21225441928
60.66777992248535,-0.010748362460250517,131495.09102897736
60.767322063446045,-0.008451703814897842,131496.68192607962
60.86763644218445,-0.006430644206987489,131498.41373347165
60.96747088432312,-0.012218223993276229,131498.9723601245
61.067683935165405,-0.010840228806064623,131499.77512411206
61.167646408081055,-0.011483293226763372,131500.99761170085
61.26811504364014,-0.01276942206816087,131500.49785053075
61.36745762825012,-0.012034491301648015,131501.0480654777
61.467549085617065,-0.010380897076994088,131501.54325892992
61.56778407096863,-0.010289030731179982,131501.88893303694
61.6678524017334,-0.00854357016071195,131501.70003973326
61.76725435256958,-0.010472763422808196,131501.93003575993
61.8677122592926,-0.010289030731179982,131502.13703218393
61.96816062927246,-0.008635436506526057,131503.52332896553
62.06759738922119,-0.00909476823559659,131504.27099606898
62.167585611343384,-0.009002901889782484,131504.64389646208
62.26794767379761,-0.007716773048384987,131505.67950681585
62.3675491809845,-0.008359837469083736,131506.01155613427
62.46721887588501,-0.006430644206987489,131506.31040052086
62.56754183769226,-0.00762490670257088,131505.87936046877
62.66757845878601,-0.007533040356756773,131506.8914244219
62.767658710479736,-0.00854357016071195,131507.0022819797
62.867830991744995,-0.005879446132102847,131507.40205378173
62.96724891662598,-0.008911035543968377,131506.96184840356
63.0673348903656,-0.00973783265629534,131507.3656635632
63.16740322113037,-0.008911035543968377,131506.12909720687
63.2677788734436,-0.006430644206987489,131505.91618748617
63.36750912666321,-0.008727302852340163,131505.42456873757
63.46732234954834,-0.008176104777455522,131504.48211186382
63.56801176071167,-0.008727302852340163,131501.93390067745
63.66763687133789,-0.01065649611443641,131501.64051060972
63.767263889312744,-0.009921565347923555,131501.37645954874
63.867353200912476,-0.008176104777455522,131501.33881359387
63.9677038192749,-0.009554099964667126,131500.9049322345
64.06761312484741,-0.006981842281872131,131502.01443901105
64.16751384735107,-0.008176104777455522,131501.31299510994
64.26738214492798,-0.00946223361885302,131502.58169559896
64.36734461784363,-0.008635436506526057,131502.32352603908
64.46741318702698,-0.007992372085827308,131502.99117343518
64.56760215759277,-0.0078086393941990935,131503.19205609168
64.6677725315094,-0.007073708627686238,131502.37285048253
64.76740670204163,-0.007073708627686238,131503.43556543428
64.8679986000061,-0.005603847094660526,131504.49200889087
64.96718907356262,-0.009645966310481233,131503.5428080018
65.06733655929565,-0.0061550451695451674,131503.38852720163
65.16808223724365,-0.006522510552801596,131502.54967448147
65.26798152923584,-0.005971312477916954,131502.39470703332
65.36717700958252,-0.005144515365589991,131502.15523633
65.4673855304718,-0.008084238431641414,131502.539712697
65.56822943687439,-0.005971312477916954,131502.3857414273
65.66713428497314,-0.00578757978628874,131503.64716728457
65.76778817176819,-0.007441174010942665,131503.5824505561
65.86731624603271,-0.004501450944891242,131502.32420550048
65.9672200679779,-0.0072574413193144515,131501.99178495043
66.06710696220398,-0.007992372085827308,131502.9926064554
66.16728568077087,-0.007073708627686238,131502.99334580987
66.26747632026672,-0.006614376898615703,131502.6940112289
66.36735439300537,-0.007716773048384987,131502.224610106
66.46809482574463,-0.009645966310481233,131503.10214909542
66.56725096702576,-0.01065649611443641,131503.7919341859
66.66738271713257,-0.006522510552801596,131503.0127407673
66.76741695404053,-0.006981842281872131,131503.21146669058
66.86781907081604,-0.005695713440474633,131502.19032002153
66.96747708320618,-0.006246911515359275,131500.6712880194
67.06750893592834,-0.005052649019775884,131500.40415921746
67.1674280166626,-0.004685183636519456,131500.1637432957
67.26734805107117,-0.0067062432444298095,131500.94736896612
67.36769533157349,-0.00762490670257088,131502.4526320695
67.46768307685852,-0.005328248057218205,131502.60736886255
67.5673451423645,-0.00762490670257088,131503.1466319763
67.66729164123535,-0.009370367273038912,131502.3319687787
67.76743221282959,-0.014790481676071224,131500.39877190083
67.86764454841614,-0.016903407629795683,131499.25889471074
67.96764039993286,-0.01883260089189193,131499.7330052397
68.06753444671631,-0.019383798966776573,131499.5597047157
68.16778588294983,-0.02039432877073175,131498.80373424414
68.26727104187012,-0.012310090339090335,131498.62336081974
68.36736822128296,-0.00909476823559659,131497.36102473777
68.4679388999939,-0.0079005057400132,131497.52492226398
68.5672996044159,-0.006889975936058024,131497.57243003757
68.66734647750854,-0.007073708627686238,131497.6151870338
68.76747035980225,-0.006614376898615703,131498.3536683304
68.86820769309998,-0.006522510552801596,131498.5183014974
68.96746873855591,-0.004593317290705349,131499.06647134764
69.06794881820679,-0.0061550451695451674,131499.95982421288
69.16741299629211,-0.00486891632814767,131500.5638417916
69.2674241065979,-0.004685183636519456,131502.10745761244
69.36750626564026,-0.006246911515359275,131502.2967118512
69.46741557121277,-0.006063178823731061,131503.26704066608
69.56732439994812,-0.005603847094660526,131503.74033659947
69.66730952262878,-0.004960782673961777,131504.26630293953
69.76758694648743,-0.0061550451695451674,131504.13967264557
69.86740279197693,-0.005603847094660526,131503.525705381
69.96761584281921,-0.00486891632814767,131502.8731348429
70.06763911247253,-0.0072574413193144515,131501.88582135862
70.16745448112488,-0.0022047922995385677,131500.59723922276
70.2675244808197,-0.003674653832564279,131500.5375153005
70.36729550361633,-0.004960782673961777,131499.98376377043
70.4675543308258,-0.004409584599077135,131499.38538739338
70.56742143630981,-0.0021129259537244604,131499.14684865405
70.66742539405823,-0.0043177182532630285,131499.43216378865
70.7681336402893,-0.0037665201783783865,131499.38894740978
70.867112159729,-0.0043177182532630285,131499.0500526688
70.96725535392761,-0.006522510552801596,131498.44504740194
71.06744575500488,-0.004501450944891242,131498.80054266175
71.16814255714417,-0.004133985561634814,131498.52048839556
71.2676374912262,-0.006798109590243916,131498.568439556
71.36813569068909,-0.0039502528700066,131498.8115956004
71.46738958358765,-0.004409584599077135,131500.73043604035
71.56743478775024,-0.004133985561634814,131501.5573924363
71.6678855419159,-0.005420114403032312,131503.4016531927
71.76753950119019,-0.004409584599077135,131503.76148787345
71.86779499053955,-0.004685183636519456,131503.88533908612
71.96808218955994,-0.006430644206987489,131505.7968051775
72.06816387176514,-0.005603847094660526,131506.61712465974
72.1673493385315,-0.004409584599077135,131507.35541219378
72.26718950271606,-0.0034909211409360655,131507.0198709744
72.36808633804321,-0.0061550451695451674,131506.51788387698
72.46735692024231,-0.00578757978628874,131506.96609548928
72.56796646118164,-0.005236381711404098,131506.96948594035
72.66738486289978,-0.0022047922995385677,131507.1725373463
72.76756882667542,-0.0039502528700066,131506.95528361166
72.86822414398193,-0.005236381711404098,131506.95975525051
72.96816062927246,-0.005695713440474633,131507.76377972547
73.0671706199646,-0.004960782673961777,131507.38740175293
73.16716814041138,-0.005420114403032312,131507.04866157763
73.2672758102417,-0.005420114403032312,131507.84379541987
73.3677990436554,-0.007441174010942665,131507.35941587787
73.46720767021179,-0.003674653832564279,131508.5234742901
73.5674192905426,-0.0028478567202373166,131509.67112686107
73.6672191619873,-0.0028478567202373166,131509.20401417496
73.77815675735474,-0.006430644206987489,131510.08361275747
73.86778593063354,-0.005879446132102847,131511.37525148172
73.96866750717163,-0.01736273935886622,131514.13772633355
74.06998991966248,-0.018740734546077824,131517.12395370018
74.16828227043152,-0.01910819992933425,131519.71155833016
74.27061486244202,0.1261324928027689,131497.24040249715
74.37213468551636,0.3473466535231385,131439.61636224744
74.46861600875854,0.5211577798034289,131356.7547260227
74.56889200210571,0.6791678946036929,131247.77925342042
74.66839933395386,0.8414957276572199,131118.0013280784
74.77073979377747,1.0076819472349394,130967.80119527056
74.8680772781372,1.0627098883775896,130825.6210757435
74.96765398979187,1.04929740188873,130699.15896816915
75.06745648384094,1.0437854211398836,130584.64307135224
75.16743421554565,1.0402026336531334,130481.77876421703
75.26782059669495,1.0372629105870819,130389.80088779533
75.36756730079651,1.0352418509791717,130307.1207990158
75.46771335601807,1.0306485336884663,130234.30871911423
75.56748604774475,1.029546137538697,130169.0778472028
75.66748666763306,1.0299136029219533,130111.77006248254
75.7680275440216,1.025320285631248,130059.89305623429
75.86770367622375,1.026238949089389,130013.60375061086
75.96781897544861,1.0233910923691518,129972.24337554978
76.06759428977966,1.0231154933317095,129935.8190379948
76.16752672195435,1.021921230836126,129903.73713419533
76.2675268650055,1.0222886962193825,129874.6634207758
76.36783957481384,1.0199001712282156,129847.49707869823
76.46758770942688,1.0190733741158888,129822.84737082841
76.56779170036316,1.0212781664154273,129801.86263374558
76.66751194000244,1.0169604481621644,129782.57637037101
76.76782488822937,1.016684849124722,129765.51873333391
76.86760187149048,1.017511646237049,129750.16686000052
76.96791195869446,1.0172360471996067,129736.25017400048
77.06802082061768,1.0130101952921577,129723.62515660044
77.16731333732605,1.0171441808537924,129712.1626409404
77.26757860183716,1.0179709779661195,129703.24637684636
77.36797833442688,1.015858052012395,129695.32173916174
77.46811318397522,1.0127345962547154,129688.48956524556
77.567458152771,1.0131020616379718,129683.540608721
77.66791582107544,1.0132857943296,129678.58654784891
77.76796412467957,1.011632200104946,129674.32789306404
77.86814188957214,1.0108972693384333,129669.69510375764
77.9672966003418,1.0095192741512216,129665.72559338188
78.06729555130005,1.0087843433847088,129662.1530340437
78.16819071769714,1.009794873188664,129659.13773063933
78.26724123954773,1.007222615505869,129656.72395757539
78.36746549606323,1.009794873188664,129654.55156181786
78.46819257736206,1.008968076076337,129653.29640563608
78.56816339492798,1.0096111404970358,129652.36676507248
78.6681740283966,1.0087843433847088,129649.03008856523
78.76815557479858,1.0086006106930805,129647.8270797087
78.8681583404541,1.0087843433847088,129646.04437173784
78.96815371513367,1.0074982145433113,129645.33993456405
79.06794047355652,1.0084168780014524,129645.00594110765
79.16784906387329,1.006395818393542,129643.90534699688
79.26795148849487,1.0062120857019137,129643.31481229719
79.3680648803711,1.0069470164684267,129641.98333106747
79.46790623664856,1.0077738135807537,129641.98499796072
79.56778478622437,1.0074982145433113,129642.78649816466
79.66793966293335,1.0065795510851703,129642.6078483482
79.76770520210266,1.006303952047728,129643.14706351339
79.86747932434082,1.0075900808891254,129643.23235716205
79.96774435043335,1.0042828924398175,129643.40912144585
80.06801414489746,1.0052015558979586,129643.96820930127
80.16828274726868,1.0052015558979586,129643.07138837114
80.26782441139221,1.0047422241688881,129643.36424953403
80.36795973777771,1.0049259568605162,129642.72782458062
80.46794986724854,1.0052015558979586,129644.55504212256
80.56809520721436,1.0048340905147022,129644.79953791031
80.66800332069397,1.00299676359842,129644.81958411928
80.76781511306763,1.0050178232063305,129645.63762570736
80.86826825141907,1.0048340905147022,129645.27386313662
80.96739721298218,1.0052934222437726,129645.34647682298
81.06730771064758,1.0034560953274905,129646.41182914069
81.16747450828552,1.0046503578230739,129646.57064622662
81.26788449287415,1.0033642289816764,129646.71358160397
81.36821961402893,1.00299676359842,129646.44222344356
81.4678111076355,1.0022618328319073,129646.0980010992
81.56785869598389,1.0014350357195803,129646.0882009893
81.66808605194092,1.0041910260940035,129646.47938089036
81.76796054840088,1.0006082386072532,129646.73144280133
81.86775588989258,1.0026292982151637,129646.85829852121
81.96786332130432,1.0017106347570226,129646.87246866908
82.06754612922668,1.0006082386072532,129647.08522180218
82.16772079467773,1.0013431693737662,129647.77669962196
82.26749515533447,1.0000570405323685,129647.99902965977
82.36805820465088,0.9995977088032981,129648.2991266938
82.46788477897644,1.0023536991777213,129648.86921402442
82.56769466400146,1.0009757039905096,129647.98229262198
82.66726088523865,0.9989546443825993,129646.98406335979
82.76727819442749,1.0010675703363239,129648.78565702382
82.86815762519836,1.0026292982151637,129649.30709132145
82.96774125099182,1.0025374318693494,129649.2763821893
83.06764221191406,1.001251303027952,129648.04874397037
83.16781449317932,0.9997814414949263,129647.64386957334
83.26765131950378,0.9994139761116698,129647.579482616
83.36781883239746,1.0005163722614392,129647.6215343544
83.46778011322021,1.0008838376446956,129647.55938091896
83.56736373901367,1.0003326395698109,129648.90344282707
83.6676459312439,0.9989546443825993,129650.81309854437
83.76793813705444,0.9982197136160865,129652.13178868993
83.86806464195251,1.0007919712988815,129652.51860982095
83.96802926063538,0.9989546443825993,129652.36674883886
84.06800603866577,0.9988627780367852,129651.73007395498
84.1677553653717,1.0006082386072532,129651.9570665595
84.26767778396606,0.9983115799619006,129652.06135990356
84.3673460483551,0.9984034463077147,129651.2552239132
84.46800589561462,0.9983115799619006,129652.2297015219
84.56740403175354,0.9971173174663172,129652.0067313697
84.66816544532776,0.9976685155412018,129653.00605823274
84.76796460151672,0.9988627780367852,129654.40545240947
84.86791729927063,0.9974847828495736,129655.46490716853
84.96756744384766,0.9966579857372466,129656.21841645168
85.06796312332153,0.9961986540081761,129655.59657480652
85.16738200187683,0.9973929165037595,129656.13691732587
85.26814436912537,0.9973010501579453,129656.42322559329
85.36756801605225,0.9988627780367852,129657.38090303396
85.46778345108032,0.9982197136160865,129658.14281273057
85.5679202079773,0.9961986540081761,129658.92853145752
85.66740012168884,0.9953718568958492,129659.63567831178
85.76758933067322,0.9970254511205031,129661.0721104806
85.86752915382385,0.9956474559332915,129661.76489943254
85.96812438964844,0.9984034463077147,129660.9884094893
86.0681824684143,0.9976685155412018,129661.18956854039
86.1680040359497,0.9973929165037595,129661.87061168635
86.26727032661438,0.9991383770742276,129661.88355051771
86.36806774139404,0.9961986540081761,129662.49519546595
86.46795439720154,0.996106787662362,129662.64567591937
86.5673520565033,0.9961986540081761,129662.68110832744
86.66790080070496,0.9949125251667786,129662.4129974947
86.76824998855591,0.9973010501579453,129662.77169774524
86.8678822517395,0.9967498520830608,129662.49452797072
86.96785426139832,0.9973929165037595,129662.04507517365
87.06765818595886,0.9960149213165479,129662.24056765629
87.1681637763977,0.9950962578584068,129662.71651089066
87.26770520210266,0.9974847828495736,129663.04485980161
87.36803817749023,0.9964742530456184,129663.84037382145
87.46775102615356,0.9958311886249197,129663.35633643932
87.5678288936615,0.9965661193914326,129662.22070279538
87.66771483421326,0.994361327091894,129662.09863251586
87.76742815971375,0.9970254511205031,129661.78876926427
87.86764740943909,0.9942694607460799,129662.60989233784
87.96794629096985,0.9950043915125927,129662.64890310407
88.06786894798279,0.9940857280544516,129661.68401279367
88.16767692565918,0.9958311886249197,129661.0156115143
88.26791143417358,0.9968417184288748,129660.11405036287
88.3679506778717,0.9941775944002658,129660.90264532658
88.46811079978943,0.9948206588209645,129660.31238079393
88.56769442558289,0.994361327091894,129660.18114271454
88.66744780540466,0.9964742530456184,129661.46302844309
88.76776099205017,0.9941775944002658,129662.01672559878
88.8679747581482,0.9960149213165479,129662.4150530389
88.96785068511963,0.9936263963253811,129662.27354773502
89.06786298751831,0.996106787662362,129662.14619296153
89.16787338256836,0.995188124204221,129661.93157366538
89.26759576797485,0.9958311886249197,129662.53841629885
89.3678846359253,0.9945450597835221,129662.58457466897
89.467782497406,0.9936263963253811,129661.42611720208
89.56786108016968,0.995188124204221,129661.38350548188
89.6676139831543,0.9965661193914326,129661.3451549337
89.76764035224915,0.9980359809244582,129660.51063944034
89.86813879013062,0.9950962578584068,129661.1595754963
89.96749234199524,0.995279990550035,129662.14361794668
90.06779432296753,0.9937182626711952,129663.72925615202
90.16787004470825,0.9953718568958492,129664.25633053682
90.26780295372009,0.994361327091894,129665.43069748316
90.36791062355042,0.9941775944002658,129666.18762773485
90.46786618232727,0.9939938617086376,129666.96886496138
90.5678858757019,0.9950043915125927,129666.37197846525
90.66793274879456,0.994361327091894,129667.33478061874
90.76788473129272,0.9931670645963105,129668.40130255687
90.86768841743469,0.995188124204221,129668.56117230118
90.96792984008789,0.9938101290170094,129669.70505507107
91.06802272796631,0.9942694607460799,129670.33454956397
91.16769742965698,0.9956474559332915,129670.40109460757
91.26771545410156,0.995279990550035,129671.06098514682
91.36769318580627,0.9948206588209645,129671.15488663214
91.46777892112732,0.9942694607460799,129671.93939796893
91.56809377670288,0.9954637232416632,129672.14545817205
91.66794300079346,0.9950962578584068,129672.13091235484
91.76754307746887,0.9956474559332915,129671.71782111937
91.86748719215393,0.9957393222791056,129670.54603900743
91.96776151657104,0.9939019953628234,129670.79143510669
92.06746363639832,0.9915134703716567,129670.41229159602
92.16780352592468,0.9949125251667786,129668.67106243642
92.26753211021423,0.9921565347923554,129666.80395619279
92.36734962463379,0.9958311886249197,129666.92356057352
92.4676423072815,0.9914216040258426,129667.03120451617
92.56751728057861,0.9947287924751504,129667.42808406457
92.66732668876648,0.9934426636337529,129667.3852756581
92.76753067970276,0.9954637232416632,129668.6467480923
92.86796522140503,0.9931670645963105,129670.48207328307
92.96806836128235,0.9957393222791056,129672.13386595476
93.06789922714233,0.9948206588209645,129672.5204793593
93.16792750358582,0.9949125251667786,129673.06843142338
93.26771879196167,0.9918809357549131,129673.96158828105
93.36776232719421,0.9963823866998043,129674.56542945294
93.46764016151428,0.9930751982504965,129673.30888650764
93.56793165206909,0.992615866521426,129673.57799785689
93.66793751716614,0.9907785396051438,129675.1201980712
93.7679033279419,0.993534529979567,129675.40817826409
93.86784815788269,0.9942694607460799,129675.56736043768
93.96749997138977,0.993534529979567,129675.9106243939
94.06761407852173,0.9938101290170094,129675.41956195452
94.16745638847351,0.9922484011381695,129674.47760575908
94.26735281944275,0.9920646684465413,129675.42984518319
94.36723208427429,0.993534529979567,129675.88686066488
94.467120885849,0.993534529979567,129675.89817459839
94.56717824935913,0.9920646684465413,129676.00835713855
94.66763353347778,0.9934426636337529,129676.2075214247
94.767902135849,0.9934426636337529,129675.88676928224
94.86717629432678,0.9936263963253811,129675.29809235402
94.96748042106628,0.9922484011381695,129676.06828311861
95.06750559806824,0.991789069409099,129675.76145480675
95.16738796234131,0.9933507972879388,129675.48530932608
95.2674674987793,0.9919728021007272,129674.83677839348
95.36749601364136,0.9916972030632849,129673.45310055414
95.46744918823242,0.9927995992130542,129672.70779049872
95.56795120239258,0.9916053367174708,129672.53701144886
95.66736197471619,0.9928914655588683,129672.48331030397
95.76753997802734,0.9907785396051438,129672.03497927358
95.86813545227051,0.991789069409099,129672.53148134622
95.96771836280823,0.9927995992130542,129673.1783332116
96.06771564483643,0.9911460049884002,129672.86049989045
96.16725516319275,0.9912378713342144,129672.37444990141
96.26743841171265,0.9906866732593297,129672.93700491128
96.36753273010254,0.9914216040258426,129673.34330442015
96.46751308441162,0.993534529979567,129671.70897397814
96.56790971755981,0.9946369261293363,129671.63807658033
96.66727566719055,0.9931670645963105,129673.6742689223
96.76727771759033,0.9914216040258426,129673.30684203007
96.86806082725525,0.9936263963253811,129672.47615782707
96.96823406219482,0.9924321338297978,129673.02854204437
97.06769227981567,0.99270773286724,129673.12568783993
97.16809105873108,0.9916972030632849,129673.01311905593
97.26816439628601,0.990043608838631,129672.61180715033
97.36807942390442,0.9899517424928168,129674.0506264353
97.46724677085876,0.9919728021007272,129673.74556379177
97.56799674034119,0.9925240001756118,129673.5710074126
97.6679584980011,0.9916972030632849,129673.41390667134
97.76803278923035,0.9925240001756118,129671.37251600421
97.86798667907715,0.9906866732593297,129670.73526440379
97.96778464317322,0.9911460049884002,129671.5617379634
98.06775307655334,0.9916972030632849,129671.60556416707
98.1677188873291,0.9921565347923554,129671.84500775035
98.26780343055725,0.9903192078760733,129672.66050697531
98.36802816390991,0.9910541386425862,129673.1944562778
98.4680016040802,0.9905948069135155,129673.07501065002
98.56794857978821,0.9906866732593297,129673.86750958502
98.66721367835999,0.9913297376800284,129674.18075862652
98.7672028541565,0.9890330790346757,129673.76268276387
98.86719107627869,0.9898598761470028,129672.78641448749
98.96782636642456,0.990043608838631,129672.70777303874
99.06792426109314,0.9913297376800284,129672.93699573487
99.1673789024353,0.9908704059509579,129672.9432961614
99.26802492141724,0.9894005444179322,129672.84896654525
99.36786556243896,0.9907785396051438,129673.26406989072
99.4681568145752,0.9897680098011886,129674.13766290164
99.56812357902527,0.9919728021007272,129674.22389661148
99.66817617416382,0.9907785396051438,129674.50150695033
99.76721096038818,0.9915134703716567,129674.3513562553
99.86708068847656,0.9913297376800284,129675.41622062978
99.96703767776489,0.9907785396051438,129674.8745985668
100.06714010238647,0.9905029405677015,129674.68713871013
100.16697406768799,0.9910541386425862,129674.01842483912
100.2670488357544,0.9911460049884002,129673.4165823552
100.36807012557983,0.990962272296772,129673.27492411969
100.46788167953491,0.9906866732593297,129673.04743170773
100.56786441802979,0.9898598761470028,129671.94268853696
100.66816186904907,0.9904110742218873,129670.84841968327
100.76793456077576,0.9910541386425862,129672.06357771494
100.86777758598328,0.9888493463430476,129672.45721994346
100.96833181381226,0.990135475184445,129673.31149794912
101.06744599342346,0.9908704059509579,129674.08034815422
101.1677393913269,0.9931670645963105,129673.4723133388
101.26782441139221,0.9892168117263039,129672.22508200494
101.36818146705627,0.9887574799972334,129672.30257380445
101.46725463867188,0.9897680098011886,129673.072316424
101.56763553619385,0.9914216040258426,129672.96508478161
101.66748523712158,0.9896761434553745,129673.56857630346
101.76739168167114,0.992615866521426,129672.41171867312
101.86802172660828,0.9898598761470028,129673.0705468058
101.96766757965088,0.9902273415302592,129674.36349212522
102.06744837760925,0.9910541386425862,129675.6271429127
102.16721153259277,0.9905029405677015,129675.86442862143
102.26744079589844,0.9908704059509579,129676.57798575929
102.367258310318,0.9916972030632849,129677.92018718336
102.4673502445221,0.991789069409099,129679.52816846504
102.56726741790771,0.9894005444179322,129678.77535161853
102.66741633415222,0.9873794848100218,129677.59781645668
102.76819801330566,0.9902273415302592,129677.43803481101
102.8677077293396,0.9905029405677015,129677.09423132992
102.96824836730957,0.986644554043509,129674.98480819694
103.06755495071411,0.9905948069135155,129674.58632737726
103.16896104812622,1.0748362460250518,129657.72769463954
103.26829862594604,1.269960364534215,129606.4549251756
103.3702871799469,1.42888914279262,129526.90943265804
103.46806859970093,1.5693527855423897,129430.01848939224
103.56859087944031,1.6927292879707352,129318.41664045301
103.66880083084106,1.8158301913616386,129194.17497640772
103.76842927932739,1.9465560014551129,129057.05747876696
103.86846709251404,2.0836205894097604,128908.75173089028
103.96872615814209,2.220409578326966,128748.87655780125
104.06894135475159,2.3608732210767354,128579.78890202113
104.16773653030396,2.441256273664079,128415.61001181902
104.26776814460754,2.4081843891710006,128270.54901063713
104.36752963066101,2.400008284393545,128141.59410957343
104.46770024299622,2.391372847887019,128026.4346986161
104.56757235527039,2.3865957979046852,127923.09122875449
104.66788601875305,2.3818187479223516,127831.78210587904
104.7676055431366,2.3772254306316465,127748.10389529115
104.86769104003906,2.3750206383321077,127674.29350576203
104.96763777732849,2.3739182421823384,127607.56415518583
105.06780004501343,2.371897182574428,127548.10773966725
105.16774368286133,2.36813066239605,127494.29696570053
105.26797103881836,2.3649153402925562,127447.76726913048
105.36768007278442,2.3650990729841843,127405.99054221743
105.46801114082336,2.361791884534876,127367.59148799568
105.56798434257507,2.3628942806846456,127334.63233919612
105.66798496246338,2.362159349918133,127305.76910527651
105.76784086227417,2.3592196268520813,127279.39219474886
105.8678789138794,2.3563717701318443,127255.05297527398
105.96786165237427,2.3566473691692864,127233.74767774658
106.06780076026917,2.355269373982075,127215.37290997192
106.16794300079346,2.355544973019517,127198.13561897473
106.26803708076477,2.3544425768697477,127182.92205707726
106.3678777217865,2.3518703191869528,127168.42985136954
106.46714377403259,2.3515947201495107,127155.78686623258
106.56791734695435,2.35113538842044,127145.60817960932
106.66803193092346,2.350859789382998,127135.5473616484
106.7679672241211,2.349206195158344,127127.09262548356
106.86824655532837,2.3481956653543885,127118.98336293522
106.96778464317322,2.3473688682420617,127113.2850266417
107.06785178184509,2.3488387297750872,127108.05652397753
107.1678409576416,2.3472770018962477,127103.45087157977
107.26805067062378,2.346817670167177,127099.3057844218
107.36759734153748,2.346633937475549,127095.67520597963
107.4678282737732,2.3440616797927536,127092.90768538167
107.56717157363892,2.3436023480636834,127090.6169168435
107.66724705696106,2.3429592836429847,127089.15522515916
107.76730155944824,2.3456234076715936,127087.63970264324
107.86807513237,2.342683684605542,127084.87573237892
107.96775531768799,2.34286741729717,127083.78815914103
108.06780219078064,2.3413056894183306,127081.80934322692
108.16770505905151,2.34084635768926,127080.52840890424
108.26809644699097,2.3411219567267025,127079.07556801382
108.36744284629822,2.3422243528764715,127078.46801121245
108.46756029129028,2.3397439615394906,127077.92121009121
108.56748270988464,2.339192763464606,127076.7290890821
108.66724967956543,2.3395602288478625,127076.3561801739
108.7672746181488,2.3371717038566957,127074.82056215651
108.86747646331787,2.339100897118792,127073.83850594086
108.96735334396362,2.3361611740527404,127071.95465534678
109.06763362884521,2.3361611740527404,127071.85918981211
109.16762638092041,2.3369879711650676,127071.57327083091
109.26816248893738,2.3369879711650676,127071.31594374782
109.36749577522278,2.3368961048192536,127072.08434937304
109.46720743179321,2.3359774413611123,127071.77591443574
109.56732606887817,2.3361611740527404,127071.79832299217
109.66797089576721,2.336620505781811,127071.41849069296
109.76745319366455,2.3360693077069263,127071.47664162367
109.86791729927063,2.3372635702025097,127071.72897746132
109.96732759475708,2.333956381753202,127071.9560797152
110.06787133216858,2.334691312519715,127072.26047174368
110.16742038726807,2.334048248099016,127072.63442456932
110.2675518989563,2.3327621192576187,127072.87098211239
110.36792325973511,2.3318434557994774,127073.78388390115
110.46777391433716,2.33211905483692,127075.00549551104
110.56755781173706,2.3327621192576187,127075.00494595994
110.66795611381531,2.332486520220176,127074.70445136394
110.76773190498352,2.3316597231078493,127074.13400622754
110.86783719062805,2.3308329259955225,127074.52060560479
110.96738648414612,2.3314759904162212,127075.26854504431
111.06815075874329,2.332302787528548,127076.34169053989
111.16759729385376,2.3353343769404136,127076.60752148592
111.26791858673096,2.330465460612266,127077.54676933734
111.36766815185547,2.328260668312727,127078.9920924036
111.46764397621155,2.332027188491106,127080.29288316323
111.5677719116211,2.3315678567620353,127081.1635948469
111.66783595085144,2.3291793317708684,127081.64723536222
111.7676203250885,2.3327621192576187,127082.182511826
111.86767792701721,2.3292711981166825,127082.8642606434
111.96795320510864,2.327801336583657,127082.07783457906
112.06796455383301,2.3292711981166825,127082.97005112116
112.16796326637268,2.329730529845753,127083.77304600905
112.26774048805237,2.3289037327334263,127083.79574140816
112.36775946617126,2.327066405817144,127084.81616726736
112.46770238876343,2.327985069275285,127085.13455054064
112.5675356388092,2.3294549308083106,127086.32109548656
112.66757988929749,2.3301898615748238,127087.38898593791
112.76802849769592,2.327709470237843,127087.05008734413
112.86783409118652,2.328720000041798,127087.54507860972
112.96762466430664,2.3274338712004004,127088.29057074875
113.06795859336853,2.327985069275285,127088.66151367387
113.16812920570374,2.3292711981166825,127089.79536230648
113.26788997650146,2.3290874654250544,127090.11582607584
113.36800003051758,2.3268826731255157,127091.70424346827
113.46777081489563,2.3269745394713297,127093.03381912144
113.56791424751282,2.3266989404338876,127092.73043720929
113.66731429100037,2.326423341396445,127091.55739348837
113.76806855201721,2.3268826731255157,127091.40165413954
113.86768984794617,2.327066405817144,127090.3614887256
113.96788311004639,2.3291793317708684,127090.12533985304
114.06807899475098,2.3274338712004004,127090.91280586775
114.16743040084839,2.32385108371365,127089.52152528097
114.26734972000122,2.3265152077422595,127088.76937275287
114.36733150482178,2.324586014480163,127088.19243547758
114.4678111076355,2.3250453462092335,127089.37319192983
114.56807971000671,2.3272501385087723,127089.13587273685
114.6674873828888,2.3284444010043557,127089.22228546317
114.7670967578888,2.3256884106299323,127089.70005691686
114.86724376678467,2.3250453462092335,127090.33005122519
114.96733331680298,2.3243104154427208,127091.09704610267
115.06736183166504,2.3241266827510927,127091.3873414924
115.16822385787964,2.3257802769757463,127091.84860734317
115.26746869087219,2.323759217367836,127092.86374660885
115.36734175682068,2.323942950059464,127094.57737194798
115.46728777885437,2.326147742359003,127096.11963475318
115.56707310676575,2.324586014480163,127096.80767127787
115.66726231575012,2.3232998856387654,127096.1269041501
115.76729726791382,2.3233917519845795,127096.91421373509
115.86727523803711,2.3249534798634195,127098.1227923616
115.9674563407898,2.324402281788535,127098.21051312544
116.06748652458191,2.321921890451554,127098.3894618129
116.16760778427124,2.325504677938304,127097.7505156316
116.26759886741638,2.3228405539096952,127098.07546406845
116.36695647239685,2.323667351022022,127099.56791766161
116.46745467185974,2.3232998856387654,127100.21112589545
116.5672824382782,2.324586014480163,127100.09001330592
116.66731238365173,2.3246778808259774,127099.88101197533
116.7670669555664,2.3221974894889965,127099.1929107778
116.86758518218994,2.323942950059464,127098.77361970002
116.9674780368805,2.323667351022022,127098.39625773003
117.06724500656128,2.3214625587224833,127098.85663195702
117.16791534423828,2.3227486875638808,127098.17096876132
117.2676157951355,2.321738157759926,127099.35387188519
117.36767101287842,2.321646291414112,127100.91848469668
117.46756076812744,2.321186959685041,127100.72663622702
117.56726598739624,2.3225649548722527,127100.65397260431
117.66804623603821,2.323575484676208,127101.48857534389
117.76803493499756,2.3233917519845795,127101.43971780951
117.86805701255798,2.322013756797368,127101.59574602856
117.96819519996643,2.3243104154427208,127102.03617142572
118.0682225227356,2.319533365460387,127102.13255428315
118.16799092292786,2.3232080192929514,127101.91929885483
118.26810622215271,2.3229324202555093,127103.62736896935
118.36737298965454,2.3227486875638808,127104.96463207241
118.46826720237732,2.3232080192929514,127105.06816886518
118.56785345077515,2.3233917519845795,127105.56135197867
118.6672945022583,2.3247697471717914,127105.40521678081
118.76746129989624,2.322013756797368,127105.46469510274
118.86803150177002,2.3215544250682973,127104.31822559246
118.96789479255676,2.3206357616101565,127104.98640303322
119.06746530532837,2.3232080192929514,127105.9877627299
119.16812205314636,2.321003226993413,127105.0889864569
119.26803803443909,2.321646291414112,127105.08008781122
119.36805081367493,2.320084563535272,127104.0720790301
119.46803212165833,2.321186959685041,127103.7648711271
119.56781673431396,2.3213706923766693,127103.1883840144
119.66738867759705,2.3205438952643425,127103.66954561297
119.767817735672,2.3199008308436437,127104.90259105168
119.86724352836609,2.3187984346938744,127105.61233194651
119.96818685531616,2.321646291414112,127106.75109875186
120.0675618648529,2.3207276279559705,127106.97598887669
120.16811800003052,2.32183002410574,127107.57838998902
120.26807475090027,2.3214625587224833,127107.42055099012
120.36805820465088,2.3215544250682973,127107.37849589111
120.46817207336426,2.3199926971894578,127109.14064630201
120.56732630729675,2.319257766422945,127110.22658167181
120.66771793365479,2.3204520289185284,127109.20392350464
120.76734924316406,2.320084563535272,127110.08353115417
120.86817574501038,2.3209113606475986,127109.97517803876
120.96823596954346,2.3199926971894578,127109.67766023488
121.0678448677063,2.3184309693106178,127109.90989421139
121.1678671836853,2.320084563535272,127110.51890479027
121.26791858673096,2.3205438952643425,127110.86701431125
121.36789917945862,2.321095093339227,127110.48031288013
121.46818709373474,2.316869241431778,127111.23228159212
121.56734919548035,2.3203601625727144,127112.30905343291
121.66727805137634,2.3189821673855024,127113.07814808963
121.767991065979,2.317604172198291,127112.17033328066
121.86806440353394,2.3166855087401497,127112.7532999526
121.96738982200623,2.319165900077131,127112.47796995734
122.06746983528137,2.319165900077131,127112.93017296161
122.1674735546112,2.3170529741234063,127113.23715566545
122.26816201210022,2.320176429881086,127112.41344009891
122.36726808547974,2.317787904889919,127112.77209608903
122.46723484992981,2.3182472366189897,127112.49488648013
122.56739568710327,2.3182472366189897,127113.54539783212
122.6673972606659,2.317879771235733,127113.29085804892
122.76728081703186,2.3170529741234063,127113.36177224404
122.86749935150146,2.317787904889919,127113.92559501965
122.96775531768799,2.3165017760485216,127113.53303551768
123.06759667396545,2.3163180433568935,127113.27973196593
123.16753101348877,2.3179716375815476,127111.55175876935
123.26739358901978,2.315674978936195,127110.89658289241
123.36727213859558,2.317879771235733,127109.40692460317
123.46743559837341,2.3182472366189897,127108.36623214287
123.56742191314697,2.316869241431778,127109.42960892859
123.66802787780762,2.3181553702731756,127109.98664803573
123.76763391494751,2.318522835656432,127111.68798323216
123.86742734909058,2.3180635039273616,127111.71918490894
123.96809077262878,2.3170529741234063,127112.54726641806
124.0676498413086,2.3190740337313165,127112.39253977627
124.16817021369934,2.319165900077131,127111.45328579865
124.26818823814392,2.3180635039273616,127112.70795721878
124.36726355552673,2.317787904889919,127112.1371614969
124.46804714202881,2.316777375085964,127111.9234453472
124.56732773780823,2.318522835656432,127111.63110081249
124.66764044761658,2.319165900077131,127111.46799073124
124.76733922958374,2.3154912462445667,127110.92119165813
124.86781525611877,2.3187984346938744,127110.72907249231
124.96730375289917,2.315215647207124,127112.15616524308
125.06730604171753,2.317604172198291,127111.84054871878
125.16729831695557,2.3183391029648037,127112.3564938469
125.26774835586548,2.378695292164672,127100.82084446221
125.36726260185242,2.5800663221891944,127065.538760016
125.4680769443512,2.5448815117423917,127034.8848840144
125.56827044487,2.535603010815167,127008.39639561297
125.66759324073792,2.525589579121429,126985.35675605168
125.76728892326355,2.5240278512425895,126963.92108044653
125.86752223968506,2.5207206627932814,126945.52897240188
125.9679822921753,2.5157598801193197,126928.87607516171
126.06773948669434,2.511717760903499,126915.48846764554
126.1679139137268,2.5069407109211657,126903.539620881
126.26794862747192,2.5051952503506976,126892.8856587929
126.36793732643127,2.4999588686392933,126884.9970929136
126.46776628494263,2.4984890071062678,126877.79738362225
126.56798553466797,2.497845942685569,126869.81764526003
126.66784739494324,2.492885160011607,126863.13588073403
126.76804757118225,2.4930688927032354,126858.72229266062
126.86732530593872,2.4949062196195175,126854.75006339457
126.96815538406372,2.496559813844171,126849.77505705511
127.06726884841919,2.4983971407604533,126846.89755134961
127.16818761825562,2.494446887890447,126843.20779621466
127.2681655883789,2.4929770263574214,126838.9870165932
127.3672981262207,2.4863626494588056,126836.98831493387
127.46819424629211,2.4866382484962477,126834.8894834405
127.56803822517395,2.487648778300203,126833.70053509645
127.6681649684906,2.484157857159267,126833.6304815868
127.76807880401611,2.480023871597632,126832.46743342813
127.86804842948914,2.4794726735227473,126832.72069008532
127.9681749343872,2.4804832033267026,126833.4486210768
128.06795144081116,2.4788296091020485,126833.30375896911
128.16788959503174,2.4762573514192536,126833.1733830722
128.2672679424286,2.4760736187276255,126833.75604476497
128.3680272102356,2.4767166831483243,126833.78044028848
128.46782898902893,2.474695623540414,126833.50239625965
128.56815481185913,2.4742362918113434,126834.15215663369
128.66806387901306,2.473960692773901,126835.73694097032
128.76729369163513,2.4735013610448306,126835.6632468733
128.86761355400085,2.47506308892367,126834.69692218598
128.96811151504517,2.4746037571945996,126835.92722996738
129.06703543663025,2.47304202931576,126837.23450697065
129.167245388031,2.472950162969946,126838.21105627359
129.26752305030823,2.473225762007388,126839.28995064623
129.36764526367188,2.473960692773901,126839.5609555816
129.46730637550354,2.4734094946990166,126839.00486002344
129.56758165359497,2.4726745639325034,126838.3043740211
129.66814708709717,2.4707453706704072,126838.27393661899
129.767995595932,2.4737769600822728,126837.6465429571
129.8679642677307,2.4718477668201766,126837.4818886614
129.96818232536316,2.4721233658576187,126838.43369979525
130.0682671070099,2.4717559004743626,126838.19032981573
130.16792249679565,2.4675300485669136,126838.47129683416
130.26767349243164,2.469734840866452,126837.92416715075
130.36779975891113,2.4684487120250544,126838.13175043567
130.4677541255951,2.468908043754125,126837.9185753921
130.56750202178955,2.4693673754831957,126838.6267178529
130.66784167289734,2.4684487120250544,126839.36404606761
130.76757788658142,2.4664276524171442,126840.22764146085
130.8671998977661,2.4664276524171442,126839.50487731477
130.96763586997986,2.464498459155048,126840.3543895833
131.06818675994873,2.4678056476043557,126841.71895062499
131.16798543930054,2.466152053379702,126841.74705556249
131.2679398059845,2.4660601870338876,126841.87235000625
131.3675880432129,2.4675300485669136,126842.48511500563
131.4679400920868,2.468999910099939,126843.13660350509
131.5675253868103,2.46633578607133,126844.12294315458
131.6681866645813,2.4678975139501698,126845.51064883913
131.7681486606598,2.4639472610801634,126846.55958395523
131.86742687225342,2.4675300485669136,126846.50362555971
131.96810221672058,2.4658764543422595,126846.55326300373
132.06805753707886,2.4681731129876123,126846.39793670336
132.1681125164032,2.467162583183657,126847.35814303304
132.2681519985199,2.466243919725516,126846.62232872973
132.3678994178772,2.4666113851087723,126845.96009585676
132.46791219711304,2.465325256267375,126845.16408627109
132.5672743320465,2.4680812466417983,126845.84767764398
132.6672887802124,2.4681731129876123,126846.96290987958
132.76813435554504,2.4677137812585417,126847.86661889164
132.86820101737976,2.4642228601176055,126848.87995700249
132.9674196243286,2.466152053379702,126849.69196130223
133.06758737564087,2.465325256267375,126849.82276517202
133.16788578033447,2.4665195187629583,126849.34048865482
133.26817893981934,2.465325256267375,126851.40643978934
133.3673436641693,2.4673463158752855,126853.36579581042
133.4673445224762,2.4640391274259774,126853.42921622939
133.56763863563538,2.467162583183657,126853.08629460644
133.66728472709656,2.4650496572299327,126853.4776651458
133.7679922580719,2.467070716837843,126854.62989863122
133.86809611320496,2.464682191846676,126853.06690876809
133.96734499931335,2.4638553947343493,126852.76021789128
134.06811904907227,2.462844864930394,126852.78419610216
134.16736340522766,2.4665195187629583,126853.30577649195
134.26804184913635,2.465325256267375,126853.77519884276
134.3673791885376,2.462844864930394,126855.49767895849
134.46811747550964,2.4633960630052787,126855.04791106265
134.5681653022766,2.4633041966594647,126854.24311995639
134.66818976402283,2.46431472646342,126853.81880796075
134.76808714866638,2.4632123303136506,126853.73692716467
134.868150472641,2.4635797956969068,126854.76323444821
134.96819925308228,2.462018067818067,126855.5869110034
135.0673155784607,2.4631204639678366,126855.52821990306
135.16803741455078,2.4621099341638812,126854.07539791276
135.2673168182373,2.4621099341638812,126853.0678581215
135.3671977519989,2.4616506024348106,126853.06107230936
135.46803092956543,2.4617424687806246,126852.55496507842
135.5680959224701,2.4590783447520157,126851.49946857058
135.66741108894348,2.4599051418643425,126851.94952171353
135.76737785339355,2.4613750033973685,126852.65456954218
135.86789846420288,2.4597214091727144,126853.38911258796
135.9679365158081,2.4605482062850412,126854.25020132917
136.06721711158752,2.4595376764810863,126854.22518119626
136.16789412498474,2.460823805322484,126853.60266307664
136.26791071891785,2.458619013022945,126854.34239676899
136.3678252696991,2.460180740901785,126855.7081570921
136.46749830245972,2.4579759486022463,126856.3373413829
136.5681643486023,2.460272607247599,126856.00360724461
136.66814160346985,2.4595376764810863,126855.50324652015
136.76812314987183,2.458619013022945,126855.15292186814
136.8673369884491,2.4605482062850412,126854.83762968132
136.96728944778442,2.4590783447520157,126855.55386671319
137.06825733184814,2.4595376764810863,126855.69848004187
137.16738533973694,2.4599051418643425,126856.02863203769
137.268212556839,2.458527146677131,126856.62576883392
137.36740922927856,2.4573328841815476,126856.56319195054
137.46814727783203,2.458619013022945,126856.00687275549
137.56749081611633,2.4573328841815476,126856.30618547995
137.66772484779358,2.4598132755185285,126857.17556693195
137.76821112632751,2.456506087069221,126858.85801023876
137.86740279197693,2.4574247505273616,126857.5722092149
137.96712946891785,2.4570572851441055,126856.41498829341
138.06783628463745,2.4572410178357336,126856.37348946408
138.1680257320404,2.458343413985503,126856.83614051768
138.2673680782318,2.4588027457145736,126857.15252646591
138.36810946464539,2.456506087069221,126856.43727381932
138.46736097335815,2.4572410178357336,126857.3935464374
138.56729221343994,2.4546687601529387,126856.55419179366
138.66813325881958,2.455863022648522,126856.1987726143
138.7676305770874,2.455954888994336,126856.17889535287
138.8679177761078,2.456873552452477,126855.26100581759
138.96818208694458,2.4554955572652655,126855.03490523584
139.0674705505371,2.4573328841815476,126855.33141471226
139.1681067943573,2.456873552452477,126856.29827324103
139.26746821403503,2.455036225536195,126857.96844591694
139.36747217178345,2.4574247505273616,126858.37160132524
139.46797919273376,2.4552199582278234,126858.33444119272
139.56774592399597,2.4573328841815476,126858.60099707346
139.6678590774536,2.4556792899568936,126860.04089736613
139.76804494857788,2.455036225536195,126861.4368076295
139.86738324165344,2.4546687601529387,126860.49312686655
139.96769642829895,2.4528314332366565,126860.2438141799
140.06800866127014,2.454301294769682,126860.21943276192
140.16806077957153,2.4553118245736374,126859.69748948573
140.26788592338562,2.454393161115496,126858.82774053716
140.3678047657013,2.4529232995824706,126859.14496648345
140.46790099143982,2.453933829386426,126859.9304698351
140.56799507141113,2.454209428423868,126861.2374228516
140.66797018051147,2.454393161115496,126860.81368056644
140.76787209510803,2.452647700545028,126861.63231250981
140.8679554462433,2.4531988986199127,126861.66908125883
140.96784114837646,2.452647700545028,126860.60217313295
141.0678174495697,2.454301294769682,126860.44195581967
141.16785502433777,2.451545304395259,126857.7977602377
141.26788806915283,2.452555834199214,126857.71798421393
141.36792635917664,2.4552199582278234,126857.64618579253
141.46778988838196,2.452280235161772,126858.88156721328
141.56775164604187,2.4534744976573553,126859.69341049195
141.6678488254547,2.450810373628746,126860.02406944276
141.76766729354858,2.4531988986199127,126860.52166249849
141.86777782440186,2.453382631311541,126861.46949624864
141.96776795387268,2.449983576516419,126861.62254662378
142.06778812408447,2.4534744976573553,126861.16029196141
142.16733479499817,2.4520965024701438,126860.84426276527
142.2677185535431,2.456138621685964,126861.05983648874
142.36724090576172,2.4529232995824706,126860.95385283987
142.46771955490112,2.4519127697785152,126861.15846755588
142.56794428825378,2.45402569573224,126862.94262080031
142.6678867340088,2.4519127697785152,126864.74835872029
142.76774835586548,2.4510859726661884,126866.07352284827
142.86786127090454,2.451820903432701,126866.46617056344
142.96769547462463,2.451545304395259,126866.4195535071
143.067636013031,2.453382631311541,126866.3775981564
143.16781973838806,2.4520965024701438,126865.93983834075
143.26727104187012,2.4534744976573553,126865.34585450668
143.3675844669342,2.451545304395259,126866.11126905603
143.46803760528564,2.451637170741073,126865.90014215044
143.5677146911621,2.4536582303489833,126865.1101279354
143.6676561832428,2.450810373628746,126865.39911514187
143.76791501045227,2.453933829386426,126865.05920362768
143.86763191223145,2.451820903432701,126864.35328326492
143.96769618988037,2.452555834199214,126863.81795493842
144.0677273273468,2.4520046361243293,126863.73615944458
144.1674726009369,2.451453438049445,126863.36254350013
144.26763224601746,2.4504429082454897,126862.42628915011
144.3680226802826,2.4511778390120025,126862.18366023511
144.46773147583008,2.4509022399745604,126861.56529421161
144.56777906417847,2.449707977478977,126862.00876479046
144.66793751716614,2.451820903432701,126862.40788831143
144.76800155639648,2.4527395668908425,126861.96709948029
144.8672592639923,2.4512697053578165,126862.67038953226
144.96809196472168,2.450718507282932,126862.30335057902
145.0673544406891,2.4535663640031693,126862.47301552113
145.16801500320435,2.449983576516419,126862.12571396903
145.26764631271362,2.450626640937118,126862.71314257213
145.36746525764465,2.4502591755538616,126863.24182831492
145.46724224090576,2.4512697053578165,126862.71764548343
145.56770133972168,2.4509022399745604,126862.2458809351
145.667307138443,2.450167309208047,126862.22129284158
145.7676646709442,2.4505347745913038,126862.19916355742
145.86792945861816,2.4512697053578165,126862.97924720169
145.96790170669556,2.4509941063203744,126862.88132248151
146.06794571876526,2.4505347745913038,126863.49319023336
146.16783595085144,2.4503510418996757,126865.44387121004
146.2681028842926,2.449891710170605,126864.69948408904
146.36801171302795,2.4491567794040923,126865.72953568013
146.46806693077087,2.451820903432701,126865.75658211212
146.56796050071716,2.448054383254323,126866.18092390092
146.66791915893555,2.450718507282932,126865.16283151084
146.7681188583374,2.4495242447873484,126866.14654835976
146.86773419380188,2.4512697053578165,126864.53189352379
146.96820759773254,2.4490649130582782,126864.4787041714
147.06735801696777,2.452555834199214,126864.83083375427
147.1678500175476,2.4495242447873484,126866.14775037885
147.26739072799683,2.447227586141996,126867.03297534096
147.368145942688,2.4495242447873484,126868.52967780686
147.468181848526,2.450075442862233,126868.37671002618
147.56759762763977,2.448054383254323,126868.83903902356
147.66797256469727,2.4487893140208357,126869.35513512121
147.76805448532104,2.4492486457499063,126869.11962160909
147.86797332763672,2.447503185179438,126869.90765944817
147.96807169914246,2.4494323784415344,126869.01689350336
148.06731939315796,2.4488811803666497,126869.01520415302
148.16814351081848,2.449891710170605,126868.61368373773
148.2680540084839,2.4486055813292076,126869.35231536397
148.36814165115356,2.4490649130582782,126869.61708382757
148.46740341186523,2.4486974476750216,126869.15537544481
148.56800365447998,2.4486055813292076,126869.63983790032
148.66747283935547,2.448329982291765,126869.5758541103
148.76808762550354,2.4485137149833935,126869.51826869926
148.86741971969604,2.4493405120957203,126868.96644182934
148.96811032295227,2.447411318833624,126867.76979764641
149.06750106811523,2.447870650562695,126866.99281788178
149.16733813285828,2.448329982291765,126866.29353609361
149.26727318763733,2.4491567794040923,126866.46418248425
149.36806678771973,2.4460333236464127,126866.41776423584
149.46732020378113,2.445941457300598,126867.37598781227
149.56722927093506,2.4475950515252523,126867.83838903104
149.66817474365234,2.4486055813292076,126867.95455012794
149.7681167125702,2.447870650562695,126867.55909511514
149.8681924343109,2.4467682544129254,126868.20318560363
149.96741104125977,2.4476869178710663,126868.78286704328
150.06792664527893,2.447962516908509,126869.00458033897
150.1673424243927,2.4449309274966433,126869.40412230507
150.2673900127411,2.445665858263156,126870.76371007458
150.36747312545776,2.4470438534503676,126870.98733906713
150.46793580055237,2.44731945248781,126870.98860516043
150.56732177734375,2.445941457300598,126871.18974464439
150.6677975654602,2.44373666500106,126869.67077017996
150.76733446121216,2.4465845217212974,126870.60369316197
150.86729288101196,2.4461251899922267,126870.34332384578
150.9675271511078,2.445390259225714,126871.5089914612
151.06744647026062,2.4451146601882714,126872.65809231509
151.1681308746338,2.44731945248781,126873.19228308358
151.26743006706238,2.447962516908509,126873.47305477523
151.3676564693451,2.4445634621133867,126873.6257492977
151.4681749343872,2.446400789029669,126872.56317436794
151.5676145553589,2.4476869178710663,126871.50685693114
151.66732549667358,2.4466763880671114,126872.45617123804
151.7674596309662,2.447227586141996,126872.11055411425
151.86800980567932,2.4460333236464127,126872.89949870283
151.9675588607788,2.4452065265340854,126871.40954883255
152.06745409965515,2.4470438534503676,126870.66859394929
152.16737151145935,2.448238115945951,126869.80173455436
152.26751732826233,2.445941457300598,126869.22156109894
152.36726665496826,2.44731945248781,126868.89940498905
152.4673662185669,2.446308922683855,126869.60946449015
152.56763315200806,2.447227586141996,126869.04851804115
152.66736388206482,2.4469519871045535,126868.54366623703
152.76733374595642,2.445665858263156,126868.78929961335
152.8676609992981,2.4460333236464127,126869.01036965202
152.96742367744446,2.447227586141996,126869.00933268684
153.06756210327148,2.445573991917342,126870.60839941815
153.16736364364624,2.444012264038502,126871.54755947634
153.2673840522766,2.4452065265340854,126872.0928035287
153.36815977096558,2.4451146601882714,126871.08352317584
153.46776390075684,2.446400789029669,126872.97517085826
153.56743812561035,2.44575772460897,126873.27765377244
153.6680269241333,2.4467682544129254,126872.8498883952
153.76736903190613,2.4465845217212974,126872.76489955568
153.8674337863922,2.4475950515252523,126872.98840960012
153.96810960769653,2.445665858263156,126873.38956864011
154.06754732131958,2.4452983928798995,126874.3506117761
154.1675226688385,2.4449309274966433,126874.9155505985
154.26798629760742,2.4460333236464127,126874.92399553864
154.36774015426636,2.4445634621133867,126874.13159598479
154.4676275253296,2.4448390611508293,126872.81843638631
154.56754732131958,2.4443797294217586,126872.83659274768
154.66814732551575,2.44575772460897,126872.35293347292
154.7678554058075,2.4452983928798995,126872.41764012564
154.86754989624023,2.4460333236464127,126873.07587611309
154.96749258041382,2.4434610659636173,126872.36828850179
155.06813168525696,2.444104130384316,126872.33145965161
155.16727256774902,2.4434610659636173,126871.69831368646
155.26747107505798,2.4449309274966433,126869.9284823178
155.367981672287,2.447411318833624,126869.83563408602
155.46794199943542,2.444012264038502,126869.45207067742
155.56790375709534,2.4432773332719893,126870.30686360969
155.66774559020996,2.447227586141996,126870.27617724871
155.76771020889282,2.4432773332719893,126871.24855952384
155.8676574230194,2.4452983928798995,126869.82370357146
155.96754217147827,2.44575772460897,126870.44133321432
156.06758093833923,2.4444715957675727,126869.9971998929
156.1675066947937,2.4433691996178033,126869.49747990361
156.26745080947876,2.4451146601882714,126869.84773191325
156.36801099777222,2.445482125571528,126869.66295872194
156.4677278995514,2.4425424025054765,126870.79666284975
156.56799602508545,2.443001734234547,126871.01699656478
156.66763758659363,2.4418074717389637,126871.71529690831
156.7678141593933,2.4444715957675727,126873.6437672175
156.8679223060608,2.4449309274966433,126873.67939049576
156.96780633926392,2.4418074717389637,126874.4114514462
157.06780076026917,2.443001734234547,126874.17030630157
157.16758489608765,2.4452983928798995,126874.45327567142
157.26764512062073,2.4423586698138484,126874.30794810428
157.36751413345337,2.4423586698138484,126875.07715329385
157.4679765701294,2.4429098678887327,126874.66943796448
157.5678870677948,2.444104130384316,126875.90249416803
157.668053150177,2.4468601207587395,126876.51224475123
157.76737356185913,2.4434610659636173,126877.16102027611
157.86798739433289,2.4442878630759446,126875.8449182485
157.9682013988495,2.4424505361596625,126876.16042642365
158.0681347846985,2.4434610659636173,126874.8443837813
158.16729521751404,2.4452065265340854,126874.25994540317
158.26789617538452,2.443920397692688,126875.03395086285
158.36745858192444,2.4448390611508293,126875.03055577657
158.4676730632782,2.444104130384316,126875.32750019891
158.56779193878174,2.443920397692688,126875.99475017902
158.66814184188843,2.4429098678887327,126876.19527516112
158.76800227165222,2.4424505361596625,126876.67574764501
158.86736941337585,2.4441959967301305,126876.7081728805
158.96798419952393,2.4448390611508293,126875.73735559246
159.06762290000916,2.443185466926175,126876.76362003322
159.16741180419922,2.4446553284592007,126877.2872580299
159.26801109313965,2.44373666500106,126876.95853222691
159.36806464195251,2.4427261351971046,126876.76267900423
159.46802926063538,2.444104130384316,126877.58641110381
159.5674307346344,2.4427261351971046,126877.62776999343
159.66799092292786,2.443920397692688,126877.56499299408
159.7672610282898,2.443920397692688,126876.40849369469
159.86800909042358,2.443001734234547,126876.26764432523
159.96812987327576,2.443920397692688,126877.1408798927
160.0680592060089,2.4428180015429186,126876.12679190343
160.1671266555786,2.442266803468034,126876.6141127131
160.26775765419006,2.444104130384316,126877.35270144179
160.36773991584778,2.4398782784768676,126876.81743129762
160.46817135810852,2.441164407318265,126877.33568816786
160.56765270233154,2.4428180015429186,126878.70211935109
160.6678957939148,2.444012264038502,126879.63190741598
160.76768517494202,2.442266803468034,126879.86871667439
160.8677613735199,2.4434610659636173,126880.28184500695
160.96780157089233,2.44373666500106,126880.75366050625
161.0679054260254,2.4417156053931497,126880.67829445563
161.1679675579071,2.443644798655246,126881.81046501007
161.26797318458557,2.4418993380847778,126882.92941850907
161.3681137561798,2.443828531346874,126882.83647665817
161.4680097103119,2.4407050755891944,126883.25282899235
161.56773710250854,2.4418074717389637,126882.72754609313
161.6676983833313,2.443093600580361,126882.85479148381
161.76757860183716,2.442083070776406,126882.96931233542
161.86783933639526,2.44373666500106,126883.2723811019
161.96761393547058,2.442083070776406,126884.24514299171
162.0677616596222,2.4433691996178033,126883.92062869255
162.16806745529175,2.4425424025054765,126884.32856582329
162.26765131950378,2.442083070776406,126883.39570924097
162.36810898780823,2.443828531346874,126884.45613831686
162.4678864479065,2.4406132092433803,126884.21052448517
162.5674352645874,2.441440006355707,126884.28947203666
162.66790056228638,2.4403376102059378,126883.660524833
162.76786041259766,2.443093600580361,126884.59447234971
162.86772894859314,2.4407969419350084,126884.03502511475
162.9679388999939,2.442266803468034,126884.53152260327
163.06811833381653,2.443001734234547,126884.47837034296
163.1672384738922,2.443093600580361,126885.13053330866
163.26724529266357,2.443552932309432,126886.0174799778
163.3679759502411,2.441623739047335,126887.11573198003
163.46753549575806,2.4424505361596625,126887.00415878203
163.5679783821106,2.441440006355707,126886.50374290382
163.6678659915924,2.4408888082808224,126885.75336861346
163.76719617843628,2.441991204430592,126884.17803175212
163.8672070503235,2.439327080401983,126885.16022857692
163.96714663505554,2.441164407318265,126885.94420571924
164.0671603679657,2.441256273664079,126885.74978514732
164.16709637641907,2.4407969419350084,126886.97480663258
164.2672119140625,2.439786412131053,126886.87732596934
164.36709928512573,2.4429098678887327,126886.98959337242
164.46716499328613,2.4446553284592007,126886.99063403517
164.567724943161,2.441531872701521,126886.49157063165
164.66762161254883,2.4399701448226816,126885.6424135685
164.76721906661987,2.441256273664079,126885.47817221165
164.8673541545868,2.4407969419350084,126884.8303549905
164.96722841262817,2.4427261351971046,126884.94731949146
165.06743836402893,2.443001734234547,126885.15258754231
165.16749739646912,2.4410725409724505,126884.73732878809
165.2672278881073,2.439418946747797,126885.26359590929
165.36719799041748,2.4400620111684956,126886.03723631837
165.46743249893188,2.4407969419350084,126885.33351268654
165.5672731399536,2.4427261351971046,126886.70016141789
165.667236328125,2.443185466926175,126887.13014527611
165.76733374595642,2.4423586698138484,126886.21713074851
165.8676130771637,2.439786412131053,126886.09541767366
165.98325753211975,2.388892456550038,126896.48587590629
166.08112025260925,2.3207276279559705,126917.53728831567
166.1791331768036,2.2302392773290753,126948.18355948411
166.275461435318,2.1738333409992134,126988.16520353571
166.37313389778137,2.0876627086255812,127034.24868318214
166.4719593524933,2.026479722313386,127088.02381486393
166.57122802734375,1.9387473620609137,127150.52143337755
166.66852569580078,1.8754514497949941,127217.7692900398
166.78779220581055,1.7912100106834579,127293.19236103582
166.88445210456848,1.720840389789852,127377.47312493225
166.98357963562012,1.6533186256164834,127464.12581243902
167.08098697662354,1.586715524901256,127557.21323119511
167.17971897125244,1.5240626770560348,127652.29190807561
167.27783966064453,1.4567246455742944,127752.26271726805
167.3748037815094,1.39958377847792,127853.23644554125
167.47382402420044,1.3381251931282823,127959.91280098712
167.573096036911,1.2791469991156257,128063.12152088841
167.67133331298828,1.2145649580083084,128169.80936879957
167.76912689208984,1.156597293799607,128277.5284319196
167.86721324920654,1.1066220016767327,128387.77558872764
167.9871106147766,1.0402944999989474,128499.59802985488
168.08297109603882,0.9785603156118676,128613.0382268694
168.1810553073883,0.9284931571431793,128722.33440418246
168.27995204925537,0.8752106765709973,128831.80096376421
168.37788367271423,0.8297368353930142,128935.92086738779
168.47436046600342,0.7784754144287426,129041.02878064901
168.57334327697754,0.7302455828763365,129141.12590258411
168.6728756427765,0.6806377561367186,129240.51331232571
168.77271580696106,0.6460041437648003,129334.76198109315
168.8707959651947,0.6007140352784456,129427.38578298384
168.96923899650574,0.5746239930672392,129514.64720468546
169.08734965324402,0.5601091104286102,129596.38248421691
169.18433094024658,0.5490851489309174,129670.24423579522
169.28420329093933,0.5471559556688211,129738.8198122157
169.38294959068298,0.5412765095367184,129802.53783099414
169.4808406829834,0.5373262566667117,129859.38404789474
169.58033514022827,0.5336516028341475,129911.44564310527
169.6778049468994,0.5297013499641409,129957.60107879475
169.77447128295898,0.5264860278606471,130002.04097091527
169.87267017364502,0.5264860278606471,130041.53687382374
169.97082924842834,0.5245568345985508,130077.18318644137
170.0869402885437,0.520422849036916,130108.46486779723
170.183043718338,0.5184936557748198,130137.11838101751
170.28092741966248,0.5174831259708647,130164.70654291577
170.38012051582336,0.5172993932792365,130189.93588862418
170.4817271232605,0.5148190019422555,130213.04229976177
170.5805299282074,0.5125223432969028,130233.7380697856
170.67864060401917,0.5133491404092299,130253.56426280703
170.7768907546997,0.5094907538850373,130271.40783652633
170.87448453903198,0.5094907538850373,130286.76705287369
170.97300696372986,0.5087558231185245,130299.99034758634
171.0724549293518,0.5071022288938706,130313.99131282771
171.17206406593323,0.5098582192682938,130325.09218154494
171.27209067344666,0.5047137039027038,130335.48296339044
171.37215113639832,0.5041625058278191,130345.4346670514
171.47196412086487,0.5030601096780498,130354.09120034626
171.5719611644745,0.5025089116031652,130362.38208031163
171.67349433898926,0.503151976023864,130370.34387228046
171.7696886062622,0.500579718341069,130379.5094850524
171.8684105873108,0.4393967320288737,130396.05853654716
171.9864706993103,0.3893295735601854,130420.85268289244
172.08267450332642,0.34413133141964475,130448.8674146032
172.17873239517212,0.30453693637376467,130484.88067314288
172.27882862091064,0.27311864610534003,130520.9926058286
172.37697839736938,0.2393118308457487,130563.49334524575
172.47414922714233,0.20210596079103535,130608.14401072118
172.5718400478363,0.16535942246539256,130654.62960964907
172.6690537929535,0.13173633989742942,130704.36664868417
172.78698754310608,0.08800795928991449,130758.92998381576
172.88537883758545,0.058335129591957934,130812.23698543418
172.981858253479,0.019291932620962467,130869.71328689076
173.08030438423157,-0.00578757978628874,130925.54195820169
173.1769618988037,-0.039502528700066,130984.58776238153
173.2737946510315,-0.06945095743546488,131041.72898614338
173.37269401550293,-0.10307404000342803,131100.65608752903
173.47233080863953,-0.12429516588648674,131158.59047877614
173.5721583366394,-0.1619603676702706,131217.43143089852
173.67200922966003,-0.18207909740356004,131274.08828780867
173.769300699234,-0.21487538285919622,131331.5794590278
173.86830401420593,-0.23361611740527405,131386.921513125
173.98450875282288,-0.2697195913102181,131444.4293618125
174.08277869224548,-0.28496940471535986,131500.58642563125
174.16763734817505,-0.28717419701489844,131550.62778306814
174.26796436309814,-0.2759665028255774,131595.96500476132
174.36817359924316,-0.26944399227277577,131634.9685042852
174.467298746109,-0.2659530711318397,131670.5716538567
174.5677092075348,-0.26135975384113436,131702.31448847102
174.66785764694214,-0.25722576827949956,131729.08303962392
174.76779079437256,-0.25612337212973024,131753.77473566151
174.86777925491333,-0.2526324509887942,131775.19726209537
174.96805024147034,-0.2529080500262365,131794.27753588583
175.06744647026062,-0.25116258945576847,131810.54978229725
175.16811299324036,-0.24822286638971708,131825.29480406753
175.2677116394043,-0.24813100004390296,131839.66532366077
175.367981672287,-0.24675300485669135,131850.8987912947
175.4678876399994,-0.2471204702399478,131861.90891216524
175.5677456855774,-0.24491567794040922,131871.51802094872
175.66788268089294,-0.24519127697785154,131878.46621885384
175.768075466156,-0.24271088564087065,131885.11959696846
175.86754536628723,-0.2419759548743578,131891.50763727163
175.96781182289124,-0.2394036971915628,131897.75687354448
176.0677831172943,-0.24050609334133208,131903.68118619005
176.1678111553192,-0.23949556353737692,131908.41306757103
176.2677140235901,-0.23921996449993457,131911.57176081394
176.36758971214294,-0.23912809815412048,131915.01458473253
176.46763467788696,-0.23903623180830635,131917.51312625926
176.56765294075012,-0.23453478086341512,131919.66181363334
176.66755437850952,-0.2382094346959794,131922.29563227002
176.76780557632446,-0.23655584047132547,131924.066069043
176.86809015274048,-0.23618837508806906,131925.7594621387
176.96782159805298,-0.2328811866387612,131926.28351592482
177.0679018497467,-0.23490224624667155,131929.75516433234
177.16764569282532,-0.235269711629928,131931.5796478991
177.2674560546875,-0.2329730529845753,131932.9216831092
177.36752104759216,-0.23334051836783173,131933.92951479828
177.46751594543457,-0.23242185490969067,131934.53656331846
177.5672309398651,-0.23435104817178692,131935.3829069866
177.6680202484131,-0.23251372125550476,131936.44461628795
177.76764941215515,-0.230125196264338,131936.30015465914
177.86810398101807,-0.2339835827885305,131934.87013919323
177.9673125743866,-0.22939026549782512,131934.5831252739
178.06804728507996,-0.23370798375108817,131934.82481274652
178.1674234867096,-0.230125196264338,131935.34233147185
178.26808714866638,-0.23003332991852388,131935.3080983247
178.36726808547974,-0.2303089289559662,131935.27728849225
178.46738052368164,-0.2274610722357289,131935.54955964303
178.5675184726715,-0.22801227031061352,131935.59460367874
178.66725325584412,-0.23141132510573548,131936.53514331084
178.76791882514954,-0.22681800781503014,131935.58162897977
178.8675184249878,-0.22920653280619693,131934.6234660818
178.96755576133728,-0.22690987416084424,131934.86111947361
179.06826424598694,-0.22764480492735711,131936.57500752626
179.16763377189636,-0.22709360685247246,131937.51750677364
179.26721477508545,-0.22736920588991477,131936.8657560963
179.3681833744049,-0.22654240877758783,131937.67918048665
179.46761775016785,-0.22562374531944676,131937.71126243798
179.56819534301758,-0.22488881455293389,131938.7401361942
179.6676688194275,-0.2261749433943314,131938.46612257478
179.7674515247345,-0.22424575013223513,131938.6195103173
179.86812472343445,-0.22828786934805584,131937.9575592856
179.96772456169128,-0.22571561166526086,131937.36180335705
180.06819701194763,-0.22424575013223513,131938.02562302136
180.16759371757507,-0.224980680898748,131937.8230607192
180.26817560195923,-0.22525627993619032,131938.44075464728
180.36765217781067,-0.22415388378642104,131938.99667918254
180.46738624572754,-0.22387828474897872,131938.9970112643
180.567617893219,-0.22415388378642104,131939.59731013788
180.66746544837952,-0.2250725472445621,131939.63757912407
180.7674582004547,-0.22277588859920944,131938.77382121165
180.86750411987305,-0.222408423215953,131938.3964390905
180.96764469146729,-0.22268402225339531,131938.15679518145
181.0671260356903,-0.22259215590758122,131938.3411156633
181.1677360534668,-0.22424575013223513,131938.70700409697
181.26786947250366,-0.22158162610362603,131937.83630368728
181.3677544593811,-0.2220409578326966,131937.45267331856
181.46818566322327,-0.2250725472445621,131938.70740598673
181.56769728660583,-0.22332708667409407,131937.63666538807
181.66756439208984,-0.2236945520573505,131937.47299884926
181.76771807670593,-0.2234189530199082,131937.02569896434
181.86782598495483,-0.22314335398246585,131936.8231290679
181.9676640033722,-0.22222469052432478,131937.7408161611
182.06791853904724,-0.22259215590758122,131937.666734545
182.16765999794006,-0.22194909148688247,131936.2000610905
182.26763677597046,-0.21919310111245927,131935.88005498145
182.36758756637573,-0.22387828474897872,131934.7920494833
182.46766090393066,-0.22277588859920944,131935.71284453498
182.56789708137512,-0.2220409578326966,131935.2415600815
182.6677029132843,-0.2210304280287414,131933.81740407334
182.76741409301758,-0.22047922995385677,131933.735663666
182.86806917190552,-0.21956056649571568,131933.0620972994
182.96751379966736,-0.22066296264548496,131933.05588756947
183.0681471824646,-0.2199280318789721,131933.45029881253
183.16756224632263,-0.21873376938338873,131933.50526893127
183.2673065662384,-0.21928496745827336,131932.55474203816
183.36732244491577,-0.2200198982247862,131932.29926783434
183.46776795387268,-0.22075482899129908,131932.06934105093
183.56725454330444,-0.22011176457060033,131931.36240694585
183.66770100593567,-0.22011176457060033,131932.32616625127
183.76808094978333,-0.21873376938338873,131932.19354962613
183.8678333759308,-0.22020363091641443,131931.57419466352
183.96774768829346,-0.21928496745827336,131930.51677519717
184.0678424835205,-0.2199280318789721,131930.36509767745
184.16740536689758,-0.22084669533711318,131930.3285879097
184.26774883270264,-0.22084669533711318,131931.49572911873
184.3671190738678,-0.2209385616829273,131930.24615620685
184.4678909778595,-0.21790697227106176,131929.92154058616
184.56735944747925,-0.2182744376543182,131930.12938652755
184.66812109947205,-0.21790697227106176,131927.9164478748
184.7675383090973,-0.21873376938338873,131927.62480308732
184.8681309223175,-0.21772323957943354,131926.6623227786
184.96791410446167,-0.2199280318789721,131926.19609050074
185.0675139427185,-0.2199280318789721,131926.27648145068
185.1681706905365,-0.21735577419617713,131925.34883330562
185.26761674880981,-0.2182744376543182,131923.81394997507
185.36746430397034,-0.21496724920501034,131923.93255497757
185.4675796031952,-0.21882563572920283,131923.5392994798
185.56819772720337,-0.21616151170059372,131923.08536953182
185.667622089386,-0.21799883861687586,131923.07683257863
185.76748752593994,-0.21799883861687586,131923.26914932078
185.86720538139343,-0.21358925401779874,131922.6422343887
185.96752071380615,-0.217263907850363,131923.77801094984
186.06778764724731,-0.21753950688780532,131923.10020985486
186.1677222251892,-0.21763137323361945,131922.09018886936
186.26740908622742,-0.2169883088129207,131921.88116998243
186.36732053756714,-0.2157021799715232,131921.3930529842
186.46742486953735,-0.2156103136257091,131921.55374768577
186.5676953792572,-0.2159777790089655,131921.59837291721
186.66741800308228,-0.2169883088129207,131921.0385356255
186.76743459701538,-0.21744764054199123,131919.53468206295
186.86787343025208,-0.21900936842083105,131919.48121385666
186.96749138832092,-0.2170801751587348,131919.833092471
187.06743383407593,-0.21533471458826678,131919.4497832239
187.16744351387024,-0.2169883088129207,131919.70480490153
187.267582654953,-0.2145079174759398,131918.83432441138
187.3675730228424,-0.21395671940105515,131917.45089197025
187.46760392189026,-0.2156103136257091,131916.00580277323
187.56766772270203,-0.21496724920501034,131917.20522249592
187.66742515563965,-0.2157021799715232,131917.38470024633
187.76755809783936,-0.21524284824245266,131917.7462302217
187.8674337863922,-0.21625337804640785,131917.27160719954
187.96766066551208,-0.21496724920501034,131916.34444647958
188.06760263442993,-0.21680457612129247,131915.81000183162
188.1677758693695,-0.21680457612129247,131915.62900164846
188.2677664756775,-0.21735577419617713,131915.46610148362
188.3677318096161,-0.2168964424671066,131915.11949133527
188.46789121627808,-0.2115681944098884,131916.90754220175
188.56764841079712,-0.21505911555082444,131916.91678798158
188.6675021648407,-0.21505911555082444,131918.7251091834
188.76787853240967,-0.21331365498035643,131918.35259826505
188.8676052093506,-0.21248685786802946,131917.51733843854
188.96767687797546,-0.21230312517640124,131917.1656045947
189.0676188468933,-0.21395671940105515,131916.64904413524
189.16814923286438,-0.21414045209268337,131917.0841397217
189.2676031589508,-0.2145997838217539,131917.47572574954
189.36783361434937,-0.2142323184384975,131918.22815317457
189.4677186012268,-0.21221125883058714,131918.8053378571
189.56774520874023,-0.2132217886345423,131919.0248040714
189.66793251037598,-0.2131299222887282,131918.42232366427
189.76791262626648,-0.21505911555082444,131918.98009129785
189.8678755760193,-0.21404858574686927,131918.38208216807
189.9679672718048,-0.21386485305524106,131917.44387395127
190.06720566749573,-0.21515098189663856,131917.29948655615
190.1678740978241,-0.2145079174759398,131915.86953790052
190.26774883270264,-0.21230312517640124,131914.4825841105
190.3679804801941,-0.21257872421384355,131913.63432569944
190.46795201301575,-0.21340552132617052,131913.5708931295
190.56728601455688,-0.21276245690547177,131914.71380381656
190.66807675361633,-0.21257872421384355,131913.9424234349
190.76803374290466,-0.21211939248477302,131913.4481810914
190.86797976493835,-0.21358925401779874,131913.00336298227
190.96797156333923,-0.2129461895971,131913.20302668406
191.06808972358704,-0.2132217886345423,131913.08272401567
191.16794419288635,-0.21358925401779874,131913.8744516141
191.2675223350525,-0.21331365498035643,131912.5870064527
191.36793875694275,-0.21239499152221533,131913.72830580742
191.46729159355164,-0.21221125883058714,131913.5554752267
191.56736087799072,-0.2131299222887282,131913.79992770404
191.66785335540771,-0.21331365498035643,131915.01993493363
191.76723098754883,-0.21239499152221533,131914.61794144026
191.86796021461487,-0.21414045209268337,131915.35614729623
191.96791410446167,-0.21267059055965767,131915.1205325666
192.0677411556244,-0.2117519271015166,131914.00847930994
192.16767191886902,-0.21377298670942696,131914.40763137894
192.2753710746765,-0.21092512998918964,131914.16686824107
192.3688371181488,-0.05998872381661186,131890.05018141697
192.46758198738098,-0.03077522584772584,131865.9451632753
192.56730914115906,-0.0249876460614371,131845.15064694776
192.66720461845398,-0.023609650874225493,131826.235582253
192.76737213134766,-0.021956056649571568,131809.0120240277
192.8674111366272,-0.019291932620962467,131793.31082162494
192.9672133922577,-0.017179006667238005,131779.47973946243
193.06764602661133,-0.017730204742122647,131766.0317655162
193.16753792762756,-0.016995273975609793,131754.7285889646
193.2679078578949,-0.014790481676071224,131743.05573006812
193.36796402931213,-0.013504352834673727,131732.9501570613
193.46802926063538,-0.016535942246539256,131724.45514135517
193.5678186416626,-0.015984744171654616,131716.60962721964
193.66763138771057,-0.014147417255372476,131708.7486644977
193.7680594921112,-0.013504352834673727,131700.97379804793
193.86780405044556,-0.012953154759789084,131695.57641824314
193.96787285804749,-0.013228753797231405,131690.11877641882
194.06754970550537,-0.009278500927224806,131685.70689877693
194.16737532615662,-0.010197164385365875,131682.43620889925
194.26812767982483,-0.011115827843506945,131679.09258800934
194.36784982681274,-0.010564629768622304,131675.4833292084
194.46785020828247,-0.011299560535135159,131671.93499628757
194.56767320632935,-0.009921565347923555,131668.74149665883
194.6672327518463,-0.012861288413974978,131665.96734699295
194.76818108558655,-0.00881916919815427,131663.87061229366
194.86753058433533,-0.011299560535135159,131661.2835510643
194.96744108200073,-0.010289030731179982,131660.05519595786
195.06753516197205,-0.00946223361885302,131657.04967636208
195.16807961463928,-0.010197164385365875,131655.64470872586
195.2675940990448,-0.01001343169373766,131654.38023785327
195.36737084388733,-0.008635436506526057,131652.24221406796
195.46726989746094,-0.010380897076994088,131651.51799266116
195.56807231903076,-0.007441174010942665,131650.26619339504
195.66797995567322,-0.010748362460250517,131648.83957405554
195.76749110221863,-0.010105298039551769,131646.95561665
195.86721324920654,-0.009278500927224806,131646.96005498501
195.96823358535767,-0.006063178823731061,131645.5640494865
196.06755137443542,-0.008359837469083736,131645.20764453788
196.16740560531616,-0.0055119807488464186,131643.3868800841
196.26752018928528,-0.009278500927224806,131643.2481920757
196.36769104003906,-0.006981842281872131,131643.32337286812
196.46732378005981,-0.00854357016071195,131642.79103558132
196.56804037094116,-0.008635436506526057,131640.91193202318
196.66783618927002,-0.007716773048384987,131639.52073882087
196.76765060424805,-0.007073708627686238,131639.0686649388
196.8676736354828,-0.006522510552801596,131638.2617984449
196.96758341789246,-0.0039502528700066,131637.83561860042
197.06744980812073,-0.005420114403032312,131637.2520567404
197.1673882007599,-0.005052649019775884,131635.72685106637
197.2681589126587,-0.004409584599077135,131634.35416595975
197.3676176071167,-0.006338777861173382,131633.3187493638
197.46752429008484,-0.0043177182532630285,131633.08687442742
197.56742405891418,-0.004685183636519456,131632.67818698467
197.6673460006714,-0.005052649019775884,131633.9103682862
197.76793122291565,-0.006798109590243916,131633.41933145758
197.86795616149902,-0.0038583865241924933,131633.27739831182
197.96814227104187,-0.00486891632814767,131631.84965848064
198.06773138046265,-0.005144515365589991,131631.0646926326
198.1675305366516,-0.0033071884493078513,131631.35822336935
198.26746940612793,-0.005420114403032312,131630.62240103242
198.3673450946808,-0.005603847094660526,131629.26016092917
198.46785759925842,-0.004409584599077135,131628.83414483626
198.56741547584534,-0.006889975936058024,131628.45073035263
198.66742634773254,-0.0055119807488464186,131627.80565731737
198.76820158958435,-0.004501450944891242,131627.32509158563
198.8678424358368,-0.0038583865241924933,131628.09258242708
198.96764731407166,-0.0038583865241924933,131627.48332418437
199.06780219078064,-0.004225851907448921,131627.83499176594
199.16764283180237,-0.0039502528700066,131627.15149258936
199.26765537261963,-0.0029397230660514234,131628.2363433304
199.36755108833313,-0.0024803913369808887,131628.41270899738
199.46729946136475,-0.0038583865241924933,131628.97143809765
199.5673999786377,-0.004593317290705349,131629.37429428787
199.66737174987793,-0.0030315894118655303,131628.7368648591
199.76755666732788,-0.0038583865241924933,131628.8631783732
199.8674919605255,-0.0012861288413974978,131628.47686053588
199.96730828285217,-0.0034909211409360655,131628.5291744823
200.06744813919067,-0.0027559903744232093,131628.0762570341
200.16733479499817,-0.0035827874867501723,131628.1686313307
200.2678804397583,-0.0018373269162821396,131628.15176819763
200.36728024482727,-0.005420114403032312,131627.83659137785
200.46787858009338,-0.0022047922995385677,131628.15293224007
200.56790471076965,-0.0014698615330257117,131629.23763901606
200.66766548156738,-0.0022047922995385677,131630.11387511445
200.76756501197815,-0.0032153221034937444,131629.502487603
200.8674614429474,-0.0022047922995385677,131630.5522388427
200.9676640033722,-0.0039502528700066,131630.19701495845
201.06761646270752,-0.0018373269162821396,131630.2773134626
201.16729044914246,-0.0022966586453526745,131629.84958211635
201.26727604866028,-0.0022966586453526745,131630.6646239047
201.3677840232849,-0.0024803913369808887,131628.89816151423
201.4678988456726,-0.0025722576827949956,131627.7083453628
201.5677728652954,-0.0025722576827949956,131628.4375108265
201.6676528453827,0.00036746538325642793,131628.39375974386
201.7674481868744,-0.0026641240286091024,131628.35438376947
201.86752581596375,-0.0008267971123269628,131626.91894539254
201.96759295463562,-0.0008267971123269628,131626.52705085327
202.06820583343506,-0.0010105298039551768,131624.57434576796
202.16750144958496,-0.0029397230660514234,131624.71691119118
202.26749658584595,-0.0019291932620962467,131624.24522007204
202.36749529838562,-0.0018373269162821396,131622.42069806485
202.46756887435913,-0.0027559903744232093,131621.17862825835
202.56762313842773,9.186634581410698e-05,131622.66076543252
202.6680166721344,-0.0023885249911667814,131621.59468888928
202.76778483390808,-0.0015617278788398188,131621.63522000035
202.86765694618225,-0.0030315894118655303,131621.5716980003
202.96761202812195,-0.0017454605704680327,131621.11452820027
203.06767678260803,-0.0011942624955833907,131620.20307538024
203.16775584220886,0.00027559903744232096,131620.1827678422
203.26770162582397,-0.00018373269162821396,131620.96449105797
203.36778616905212,-0.0005511980748846419,131620.36804195217
203.46758341789246,-0.0005511980748846419,131619.63123775696
203.56752514839172,-0.0010105298039551768,131619.36811398127
203.66728949546814,0.0008267971123269628,131619.53130258314
203.7679009437561,-0.0009186634581410698,131619.07817232484
203.86792302131653,-0.00027559903744232096,131618.07035509235
203.96781063079834,-0.0005511980748846419,131618.36331958312
204.06870579719543,0.0005511980748846419,131617.02698762482
204.16797065734863,0.0009186634581410698,131616.92428886233
204.2677025794983,0.00027559903744232096,131616.73185997608
204.3679482936859,-0.0007349307665128559,131616.9586739785
204.46788358688354,-0.0004593317290705349,131616.96280658065
204.56790971755981,-0.0009186634581410698,131616.4665259226
204.66767144203186,0.00036746538325642793,131616.61987333032
204.7680013179779,-0.0004593317290705349,131614.95788599728
204.86803364753723,-9.186634581410698e-05,131614.06209739755
204.9673888683319,-0.0017454605704680327,131613.3558876578
205.06750631332397,-0.0006430644206987489,131613.620298892
205.16808152198792,-0.0010105298039551768,131613.3582690028
205.26720428466797,-0.0022966586453526745,131613.12244210253
205.36802077293396,0.0,131614.41019789228
205.46731162071228,0.0011023961497692838,131615.26917810304
205.5672197341919,0.00036746538325642793,131616.24226029275
205.6680769920349,-0.0027559903744232093,131616.51803426348
205.76717042922974,-0.00018373269162821396,131616.56623083714
205.86777114868164,0.0004593317290705349,131617.90960775345
205.9680256843567,-0.0011023961497692838,131616.71864697812
206.06732606887817,0.0016535942246539257,131616.3467822803
206.16800689697266,0.0019291932620962467,131616.81210405228
206.26737213134766,0.0009186634581410698,131617.53089364705
206.3671259880066,0.0033071884493078513,131616.67780428234
206.46733927726746,-0.0013779951872116046,131615.5100238541
206.5671079158783,-0.00018373269162821396,131615.05902146868
206.6673502922058,0.0022047922995385677,131615.75311932183
206.76719546318054,0.0011023961497692838,131615.67780738964
206.8673861026764,-0.0009186634581410698,131615.8100266507
206.96719884872437,0.0030315894118655303,131616.0290239856
207.06734466552734,0.0022966586453526745,131616.82612158704
207.16713786125183,0.0011023961497692838,131617.24350942834
207.26742267608643,0.0011942624955833907,131617.2191584855
207.36744689941406,0.0011023961497692838,131617.79724263694
207.46735072135925,0.0012861288413974978,131618.41751837326
207.5680980682373,0.0026641240286091024,131618.97576653594
207.6674554347992,0.0018373269162821396,131619.37818988235
207.7681634426117,0.0027559903744232093,131618.64037089414
207.86743640899658,0.0021129259537244604,131617.17633380473
207.9672453403473,0.0017454605704680327,131616.85870042426
208.06753754615784,0.0006430644206987489,131616.97283038183
208.16725778579712,0.0014698615330257117,131616.77554734366
208.2681188583374,0.00027559903744232096,131616.6979926093
208.36783385276794,-0.0004593317290705349,131615.82819334837
208.46781206130981,0.00018373269162821396,131615.44537401354
208.56764364242554,0.0004593317290705349,131615.40083661219
208.66818022727966,0.0028478567202373166,131616.76075295097
208.76767873764038,0.0010105298039551768,131616.98467765588
208.86728715896606,0.00027559903744232096,131616.8862098903
208.96815490722656,0.0004593317290705349,131618.39758890128
209.0677285194397,9.186634581410698e-05,131618.55783001115
209.16741180419922,0.00018373269162821396,131616.20204701004
209.2680299282074,0.0021129259537244604,131615.98184230903
209.367849111557,-0.00036746538325642793,131616.08365807813
209.46782612800598,0.0016535942246539257,131615.0752922703
209.5677363872528,0.0018373269162821396,131615.06776304328
209.6677360534668,-9.186634581410698e-05,131614.96098673897
209.76751899719238,0.0010105298039551768,131615.16488806508
209.8678584098816,0.0035827874867501723,131615.54839925858
209.96759343147278,0.0004593317290705349,131614.89355933273
210.06773138046265,0.0011942624955833907,131614.90420339946
210.1675865650177,-0.00036746538325642793,131616.8137830595
210.26754593849182,0.0022966586453526745,131616.03240475355
210.36806440353394,0.0018373269162821396,131615.2291642782
210.4671528339386,0.0,131615.60624785037
210.5673747062683,0.0025722576827949956,131616.04562306532
210.66722083091736,0.0023885249911667814,131616.44106075878
210.7674217224121,-0.00027559903744232096,131616.4969546829
210.86773037910461,0.0026641240286091024,131617.1472592146
210.96706366539001,0.00018373269162821396,131616.83253329314
211.0676212310791,0.0024803913369808887,131616.74927996384
211.16731595993042,0.0024803913369808887,131617.67435196746
211.268723487854,0.0019291932620962467,131617.60691677072
211.36799550056458,0.0019291932620962467,131616.94622509365
211.4673206806183,0.0029397230660514234,131616.7516025843
211.56732153892517,-9.186634581410698e-05,131617.97644232586
211.6675238609314,0.003674653832564279,131617.97879809327
211.76742267608643,0.0030315894118655303,131617.08091828396
211.8676941394806,0.0024803913369808887,131615.67282645556
211.96775698661804,0.0,131614.50554381
212.06767320632935,0.0024803913369808887,131614.154989429
212.1677360534668,0.0022966586453526745,131614.1394904861
212.26759600639343,0.003399054795121958,131615.12554143748
212.36756896972656,0.003674653832564279,131614.81298729373
212.46763515472412,0.0026641240286091024,131615.83168856436
212.56797313690186,0.0020210596079103535,131615.94851970792
212.66772532463074,0.0033071884493078513,131615.55366773714
212.76736116409302,0.00036746538325642793,131614.79830096342
212.86768889427185,0.004409584599077135,131614.11847086708
212.96774196624756,0.00486891632814767,131614.10662378036
213.0680708885193,0.004409584599077135,131613.79596140233
213.1681046485901,0.0011942624955833907,131613.9163652621
213.2674367427826,0.0032153221034937444,131614.7247287359
213.36807656288147,0.005052649019775884,131615.9522558623
213.46804118156433,0.0026641240286091024,131616.7570302761
213.56801438331604,0.004409584599077135,131617.08132724848
213.6682198047638,0.0023885249911667814,131616.37319452362
213.76721453666687,0.0015617278788398188,131616.13587507125
213.86828541755676,0.0011023961497692838,131616.62228756413
213.96746706962585,0.0021129259537244604,131617.96005880772
214.0673224925995,0.0033071884493078513,131618.16405292694
214.16729092597961,0.0037665201783783865,131616.94764763425
214.26750540733337,0.00486891632814767,131616.55288287083
214.36786222457886,0.003399054795121958,131616.99759458375
214.4679765701294,0.0028478567202373166,131616.9978351254
214.5677375793457,0.0020210596079103535,131615.99805161287
214.66734862327576,0.0027559903744232093,131615.6982464516
214.7681872844696,0.0022966586453526745,131615.42842180643
214.86806511878967,0.004685183636519456,131615.88557962578
214.96800088882446,0.0022966586453526745,131615.3970216632
215.0681436061859,0.005236381711404098,131616.15731949688
215.1670482158661,0.0024803913369808887,131615.34158754718
215.28685975074768,0.0067062432444298095,131613.80742879247
215.37017464637756,-0.0025722576827949956,131612.32668591323
215.47044706344604,-0.0037665201783783865,131610.69401732192
215.5699553489685,-0.0055119807488464186,131609.82461558972
215.66788053512573,-0.0034909211409360655,131610.34215403075
215.76930737495422,-0.003674653832564279,131609.10793862768
215.8711211681366,-0.007073708627686238,131610.5971447649
215.9684703350067,0.04464704406565599,131597.53743028842
216.06860089302063,0.27716076532116074,131548.58368725958
216.1674883365631,0.460250392528676,131471.32531853364
216.26950812339783,0.6476577379894543,131363.99278668026
216.36845088005066,0.8392909353576814,131229.29350801226
216.46974658966064,1.0186140423868182,131070.96415721104
216.56693148612976,1.1908634407882688,130897.26774148995
216.67052745819092,1.3684410872469377,130703.24096734096
216.76914978027344,1.5437220750602538,130493.71687060686
216.8708565235138,1.7167982705740312,130273.24518354618
216.970050573349,1.887485941096642,130044.22066519158
217.06852984428406,2.064328656788798,129807.29859867242
217.169362783432,2.2414469715183962,129557.6687388052
217.26831436157227,2.41443130068636,129302.20186492467
217.36734461784363,2.4614668697431825,129066.1816784322
217.46820974349976,2.4418993380847778,128856.26351058898
217.56739377975464,2.430783510241271,128667.83715953009
217.66792154312134,2.4261901929505654,128498.25344357708
217.7677092552185,2.4196676823977636,128347.02809921937
217.86772894859314,2.4148906324154304,128211.42528929745
217.96797823905945,2.412134642041007,128089.9827603677
218.0679488182068,2.403591071880295,127979.58448433093
218.16806292533875,2.401753744964013,127881.52603589784
218.26788473129272,2.4010188141975,127792.57343230805
218.36782670021057,2.3980790911314487,127712.01608907725
218.46733927726746,2.3970685613274934,127639.31448016953
218.56775426864624,2.391556580578647,127575.78303215257
218.6690056324005,2.3892599219332946,127517.10472893732
218.76722955703735,2.544422180013321,127443.0942560436
218.86723828315735,2.5419417886763402,127359.28483043924
218.9710714817047,2.6933375265779884,127259.35634739531
219.07225227355957,2.8306777135700782,127144.22071265579
219.1684455871582,2.9818897187800983,127014.29864139021
219.2675678730011,3.1130748606026435,126875.4687772512
219.3712499141693,3.2524361072026435,126722.72189952608
219.47200894355774,3.3983198643554453,126557.04970957348
219.57100772857666,3.538691640759401,126381.84473861613
219.671156167984,3.689168715202908,126195.66026475452
219.77049922943115,3.8362467348512936,126000.89423827907
219.87103390693665,3.9846108833410763,125796.70481445116
219.97105884552002,4.151991365414379,125580.33433300606
220.07060050964355,4.322035971516291,125351.10089970546
220.17108964920044,4.497225092983793,125109.49080973491
220.2712435722351,4.67140368464734,124852.84172876143
220.37030696868896,4.856422505116951,124585.05755588529
220.46735644340515,5.053292084196583,124305.45180029675
220.57132744789124,5.265870808410426,124003.50662026709
220.6709225177765,5.493974945066854,123684.05595824038
220.7676522731781,5.5134506103794445,123399.35036241634
220.86779189109802,5.499303193124073,123143.21532617472
220.96730875968933,5.492137618150572,122912.89379355725
221.06752562522888,5.485063909522886,122707.20441420154
221.1675329208374,5.481848587419392,122521.38397278139
221.26717448234558,5.475417943212404,122355.74557550326
221.3676402568817,5.4728456855296095,122207.27101795294
221.46719360351562,5.4698140961177435,122073.14391615766
221.56719374656677,5.467884902855648,121952.4295245419
221.6674554347992,5.466506907668436,121844.78657208772
221.76734828948975,5.462556654798429,121748.50791487894
221.86723566055298,5.460259996153077,121662.65712339105
221.96720790863037,5.45989253076982,121584.59141105195
222.0675811767578,5.456860941357955,121514.33226994675
222.16740942001343,5.455023614441672,121450.79904295207
222.26781177520752,5.455023614441672,121394.41913865687
222.36756348609924,5.451716425992365,121343.0772247912
222.46754384040833,5.449511633692826,121298.26950231208
222.56742930412292,5.449511633692826,121257.64255208087
222.66789770126343,5.450246564459339,121220.87829687279
222.76730489730835,5.447031242355846,121188.09046718551
222.86739683151245,5.444918316402121,121158.68142046695
222.9671356678009,5.446296311589332,121133.01327842026
223.0681276321411,5.445653247168634,121109.71195057823
223.16767621040344,5.444275251981422,121088.34075552042
223.26750373840332,5.441427395261185,121069.00667996838
223.36750268936157,5.440141266419787,121052.90601197156
223.46731519699097,5.440692464494672,121037.51541077442
223.56794476509094,5.439406335653274,121023.76386969698
223.66678500175476,5.437385276045364,121011.68748272728
223.76820254325867,5.439038870270018,120999.51873445456
223.86799430847168,5.439406335653274,120989.56686100911
223.96771955490112,5.436007280858153,120980.4101749082
224.0674443244934,5.435639815474896,120972.76915741738
224.16818976402283,5.43573168182071,120965.49224167565
224.2676568031311,5.433894354904428,120959.54301750808
224.36803603172302,5.433986221250242,120953.48871575727
224.4680516719818,5.433618755866986,120947.93984418154
224.56761741638184,5.433435023175358,120943.64585976339
224.6677258014679,5.43058716645512,120939.08127378706
224.7676646709442,5.430219701071864,120934.77314640836
224.86789298057556,5.43012783472605,120932.29583176752
224.96788024902344,5.430219701071864,120928.66624859077
225.07111930847168,5.430862765492562,120922.3996237317
225.1712453365326,5.697550767390915,120864.25966135855
225.27001523971558,5.950458817417152,120759.1336952227
225.36902832984924,6.1899543809545285,120611.32032570044
225.46971797943115,6.427245152192366,120428.0882931304
225.56899189949036,6.651490902324602,120213.67946381736
225.66811776161194,6.660310071522757,120022.81151743562
225.7679591178894,6.6485511792585505,119851.23036569206
225.8679518699646,6.640834406210166,119698.20732912286
225.96712613105774,6.634311895657364,119559.88659621058
226.06818079948425,6.631280306245499,119435.89793658952
226.16721892356873,6.62751378606712,119324.20814293058
226.2678782939911,6.6225530033931586,119223.58732863753
226.3680717945099,6.619980745710364,119134.62859577377
226.46728777885437,6.617500354373383,119053.56573619641
226.56739926338196,6.613733834195004,118981.90916257678
226.6672384738922,6.611712774587094,118917.11824631909
226.76797771453857,6.6107022447831385,118859.10642168719
226.8678011894226,6.608129987100344,118806.09577951848
226.9682080745697,6.607303189988016,118759.58620156664
227.06738567352295,6.604547199613593,118716.72758140998
227.16819429397583,6.603628536155452,118679.95482326898
227.26748752593994,6.603628536155452,118645.65934094209
227.36794137954712,6.60335293711801,118615.69340684789
227.46723628044128,6.60022948136033,118586.6240661631
227.56785035133362,6.597106025602651,118562.86165954679
227.6674098968506,6.5989433525189325,118540.17549359212
227.76730346679688,6.596738560219394,118522.3579442329
227.86716294288635,6.594993099648926,118506.12214980961
227.9671549797058,6.594350035228228,118490.20993482866
228.06725192070007,6.593615104461715,118476.0889413458
228.16729593276978,6.594809366957298,118463.78004721123
228.26719641685486,6.59150217850799,118452.8020424901
228.3670883178711,6.590950980433106,118443.4218382411
228.46746373176575,6.592328975620317,118434.279654417
228.56716132164001,6.590859114087292,118426.55168897529
228.66744804382324,6.589664851591708,118418.79652007777
228.76714992523193,6.588746188133567,118414.01686807
228.86763215065002,6.588838054479381,118408.915181263
228.96761894226074,6.587184460254727,118403.8236631367
229.06727600097656,6.585438999684259,118399.54129682304
229.16726756095886,6.5874600592921695,118395.38716714074
229.2676706314087,6.58589833141333,118391.94845042667
229.367595911026,6.5863576631424,118388.153605384
229.46720457077026,6.584152870842861,118384.23824484559
229.56779718399048,6.583785405459605,118382.51442036103
229.66799783706665,6.583326073730534,118380.16297832492
229.76786398887634,6.58323420738472,118377.84668049242
229.86810564994812,6.583050474693092,118376.26201244319
229.98658752441406,6.564034141109572,118383.13581119887
230.08167147636414,6.4771285779694265,118401.02223007898
230.17951226234436,6.362754977430864,118432.82000707107
230.2765235900879,6.295049480565867,118473.43800636398
230.37205529212952,6.185269197318009,118524.79420572758
230.4720652103424,6.118390497565339,118584.31478515483
230.57093906402588,6.01439779410377,118653.58330663934
230.6677851676941,5.948162158771799,118727.9249759754
230.78406023979187,5.844812519730929,118812.03247837786
230.88151931762695,5.7749022305663935,118904.32923054008
230.9799199104309,5.687078003968107,119003.19630748608
231.0766134262085,5.619648106140552,119105.77667673747
231.17192959785461,5.541745444890189,119212.09900906374
231.27003502845764,5.476979671091244,119322.68910815737
231.3678982257843,5.388144914689002,119437.62019734163
231.48339915275574,5.306567599606076,119561.75817760747
231.58081603050232,5.229216136430598,119685.68235984673
231.67783737182617,5.151589074217677,119816.21412386207
231.77656269073486,5.077820398528949,119946.39271147587
231.87185430526733,5.009012505514184,120079.45344032829
231.96852350234985,4.935151963479641,120212.70809629546
232.06702780723572,4.8575249012667205,120350.13728666592
232.1833975315094,4.7762231852212365,120490.62355799934
232.28033185005188,4.6917980134180715,120635.66120219941
232.3788812160492,4.634565279975883,120776.79508197946
232.47654151916504,4.548578380293879,120923.41557378152
232.57290196418762,4.491253780505876,121066.37401640337
232.67128467559814,4.409952064460391,121211.93661476304
232.7682068347931,4.347207350269357,121355.34295328674
232.8687460422516,4.2660893669155,121502.10865795807
232.96735215187073,4.202425989266324,121648.29779216228
233.0834197998047,4.112029504985243,121798.96801294606
233.18046402931213,4.051213984056304,121947.67121165147
233.27875924110413,3.9668806785989537,122100.70409048632
233.37633085250854,3.9178240499342203,122250.7336814377
233.47237014770508,3.83349074447687,122400.76031329394
233.57089734077454,3.7770848081470088,122548.88428196455
233.66819763183594,3.693118968072915,122696.8958537681
233.78366804122925,3.625505337553732,122847.5062683913
233.88028502464294,3.5491644041822092,122997.05564155217
233.97595286369324,3.4965249880307256,123146.15007739696
234.07425212860107,3.4166012671724526,123294.63506965728
234.17192935943604,3.3570718750849116,123441.07156269156
234.27054953575134,3.28367066477944,123585.86440642242
234.36815667152405,3.225427401533296,123730.3779657802
234.48684310913086,3.137878773972452,123873.74016920218
234.58208417892456,3.0798192434179366,124014.66615228196
234.68004059791565,3.0167070638436453,124152.59953705376
234.7785120010376,2.954605414073309,124289.93958334839
234.8761625289917,2.897923878706005,124423.24562501356
234.97197771072388,2.8367408923938093,124558.4210625122
235.0700125694275,2.774363643586031,124689.47895626098
235.16797256469727,2.7163959793773294,124821.43106063487
235.26895904541016,2.651630205578384,124950.7879545714
235.36705899238586,2.5964185317441055,125081.00915911426
235.48365259170532,2.532387688711673,125210.20824320284
235.58038353919983,2.464498459155048,125340.98741888256
235.67923045158386,2.4174628900982253,125468.7886769943
235.77654361724854,2.3576578989732417,125597.40980929487
235.87262606620789,2.3147563154780535,125721.46882836538
235.9711995124817,2.2531139974367878,125848.62194552885
236.06801795959473,2.2049760322301957,125971.65975097596
236.18372774124146,2.138097332477526,126097.49377587836
236.28041648864746,2.09859480377746,126218.94439829052
236.3789622783661,2.03529889151154,126340.84995846148
236.47817015647888,1.9984604868400833,126458.86496261533
236.57260656356812,1.9426976149309203,126576.6784663538
236.66989827156067,1.9083396015964444,126690.31061971842
236.76811695098877,1.8502800710419287,126805.27955774659
236.88683462142944,1.8030607692934777,126919.85160197194
236.9831166267395,1.7589649233027065,127031.86644177475
237.08031702041626,1.7238719792017174,127141.67979759727
237.17870235443115,1.6743560188079138,127249.71181783754
237.2762415409088,1.6446831891099574,127355.64063605378
237.3724067211151,1.5996686796610449,127458.87657244841
237.47109150886536,1.5661374634388958,127559.58891520358
237.5681812763214,1.518183230923932,127660.03002368324
237.66839742660522,1.4853869454682957,127759.12702131493
237.78263092041016,1.4372489802617037,127856.61431918343
237.88030123710632,1.3924182035044195,127954.55288726509
237.97558975219727,1.3602649824694821,128050.29759853859
238.07208681106567,1.316444735516153,128146.26783868473
238.17116022109985,1.281168058723536,128238.84105481625
238.26819491386414,1.2354186185081106,128330.45694933462
238.38375759124756,1.193527564816878,128422.61125440116
238.4803445339203,1.1459407976851705,128515.15012896105
238.57849764823914,1.1157167699123294,128607.33511606495
238.67666029930115,1.0703347950801605,128700.00160445846
238.77252459526062,1.0369873115496395,128790.20144401262
238.87275552749634,0.9895842771095604,128881.58129961137
238.97186708450317,0.957431056074623,128969.62316965024
239.06828832626343,0.9034136447359281,129059.46085268522
239.18735694885254,0.8630843189235351,129148.41476741672
239.2829430103302,0.8196315373534625,129239.97329067506
239.38022232055664,0.7879376480475956,129327.77596160756
239.47847652435303,0.7423719405237985,129417.6983654468
239.57628798484802,0.71444457139631,129503.82852890212
239.6723210811615,0.6867009349604497,129586.4456760119
239.77058815956116,0.6737477802006606,129664.10110841072
239.8679234981537,0.6664903388813461,129735.19099756965
239.98496389389038,0.6584979667955189,129801.47189781269
240.08336329460144,0.6556501100752815,129863.92470803142
240.17825388908386,0.6528941197008583,129917.13223722829
240.2758390903473,0.6518835898969031,129967.81901350548
240.37129759788513,0.6501381293264351,130014.33711215493
240.46831631660461,0.6477496043352683,130056.90340093944
240.58657908439636,0.6448098812692169,130094.8130608455
240.68159937858582,0.6450854803066592,130129.83175476095
240.7795205116272,0.641410826474095,130161.34857928485
240.87628769874573,0.6399409649410692,130191.71372135637
240.9715394973755,0.6406758957075821,130218.54234922073
241.06710863113403,0.639757232249441,130242.58811429868
241.18448901176453,0.6390223014829282,130265.12930286881
241.28294610977173,0.6355313803419921,130286.41637258194
241.37796592712402,0.6376443062957166,130305.37473532376
241.47556495666504,0.6361744447626908,130322.2372617914
241.571870803833,0.6358988457252486,130338.41353561226
241.66939878463745,0.6374605736040884,130351.87218205104
241.76701736450195,0.6335103207340818,130363.38496384594
241.88228917121887,0.6358988457252486,130373.44646746136
241.97982001304626,0.6343371178464087,130382.80182071522
242.07648849487305,0.6324997909301265,130391.22163864369
242.17142701148987,0.6333265880424536,130399.69947477934
242.26811861991882,0.6332347216966394,130406.7295273014
242.38636255264282,0.6318567265094278,130414.15657457127
242.48307156562805,0.6282739390226777,130423.74091711415
242.57792949676514,0.5634162988779181,130440.96682540273
242.67579674720764,0.5218008442241276,130464.37014286246
242.77156901359558,0.47017195787659954,130494.73312857622
242.86831617355347,0.4372838060751492,130529.2598157186
242.9873309135437,0.4024664610116027,130568.83383414675
243.0843710899353,0.3723342995845756,130610.95045073207
243.1804747581482,0.34201840546592027,130654.05540565886
243.27886819839478,0.3106919815433098,130699.64986509297
243.3762195110321,0.2840507412572188,130746.78487858368
243.47234869003296,0.25189752022228135,130795.50639072532
243.5709249973297,0.22847160203968406,130844.55575165279
243.6682209968567,0.19530785120079144,130896.60017648751
243.7674343585968,0.17316806185959166,130947.54015883876
243.8849651813507,0.13752391968371816,131001.0861429549
243.9819574356079,0.11547599668833247,131053.37752865942
244.0798201560974,0.08212851315781164,131108.23977579348
244.17789602279663,0.062009783424522215,131161.21579821414
244.2758719921112,0.032336953726565656,131215.19421839272
244.37221217155457,0.01157515957257748,131266.37479655346
244.47032070159912,-0.020210596079103537,131318.53731689812
244.5678436756134,-0.03591974121331583,131370.5835852083
244.68500542640686,-0.06724616513592631,131423.5252266875
244.78178358078003,-0.08295531027013861,131474.37270401875
244.87970638275146,-0.1093209515187873,131525.63543361687
244.97585248947144,-0.11758892264205693,131576.3718902552
245.0713300704956,-0.1421172369744235,131625.03470122968
245.16841459274292,-0.1512120052100201,131674.03123110672
245.2871379852295,-0.16398142727818096,131720.92810799606
245.38200521469116,-0.17289246282214935,131767.43529719647
245.4797055721283,-0.1841920233572845,131812.69176747682
245.57656359672546,-0.19696144542544536,131857.12259072915
245.67188096046448,-0.20973086749360625,131900.61033165624
245.7699429988861,-0.22011176457060033,131943.6492984906
245.8677909374237,-0.2289309337687546,131985.28436864156
245.98336696624756,-0.24666113851087726,132026.1559317774
246.08041214942932,-0.25208125291390954,132065.54033859968
246.17909908294678,-0.2658612047860256,132105.48630473972
246.27639937400818,-0.27293491341371184,132144.43767426576
246.3715512752533,-0.28772539508978306,132182.19390683918
246.4681396484375,-0.30086228254120034,132218.27451615527
246.5866630077362,-0.31482596710494465,132255.14706453975
246.68234944343567,-0.325482463219381,132291.03235808577
246.77565598487854,-0.3407322766245228,132326.0291222772
246.8712396621704,-0.3448662621861576,132359.1262100495
246.96816182136536,-0.36526059095688934,132393.71358904455
247.0842034816742,-0.37444722553830007,132426.4422301401
247.1812334060669,-0.38997263798088416,132458.59800712607
247.27959060668945,-0.3931879600843779,132491.13820641348
247.367445230484,-0.3851955879985506,132519.32438577214
247.4681432247162,-0.37858121109993487,132542.39194719493
247.56728863716125,-0.37031323997666526,132563.65275247546
247.6678056716919,-0.36911897748108186,132581.28747722792
247.76728987693787,-0.36654671979828685,132597.45872950513
247.86747431755066,-0.36232086789083795,132612.2128565546
247.96802639961243,-0.36112660539525454,132624.79157089913
248.06800508499146,-0.3592892784789724,132635.41241380922
248.16725730895996,-0.35708448617943384,132644.7711724283
248.2680332660675,-0.35616582272129277,132652.59405518547
248.36736750602722,-0.354604094842453,132659.23464966693
248.46767139434814,-0.35304236696361313,132665.31118470023
248.56762599945068,-0.3526749015803567,132671.1800662302
248.66807770729065,-0.3531342333094272,132676.6620596072
248.7677972316742,-0.35065384197244637,132680.29585364647
248.86742615699768,-0.3490921140936065,132683.76626828185
248.96754956245422,-0.34798971794383726,132688.18964145367
249.06780815124512,-0.34743851986895263,132691.3706773083
249.1676480770111,-0.3472547871773244,132693.63360957746
249.26808667182922,-0.34679545544825385,132695.27024861972
249.36780977249146,-0.3449581285319717,132696.54322375776
249.46792793273926,-0.344315064111273,132698.488901382
249.56790685653687,-0.3445906631487153,132699.5400112438
249.66805386543274,-0.3433045343073178,132700.18601011942
249.7678165435791,-0.343488266998946,132701.26740910747
249.86769104003906,-0.34146720739103564,132701.94066819674
249.96768140792847,-0.34275333623243315,132701.84660137707
250.06747007369995,-0.3418346727742921,132702.26194123935
250.1678900718689,-0.33990547951219585,132702.03574711544
250.26752924919128,-0.343488266998946,132702.7321724039
250.3675422668457,-0.3419265391201062,132702.7589551635
250.4673101902008,-0.3381600189417278,132703.58305964715
250.56731724739075,-0.3390786823998689,132703.22475368244
250.66753888130188,-0.3397217468205676,132704.1022783142
250.76809859275818,-0.3395380141289394,132702.7920504828
250.86779928207397,-0.33751695452102903,132702.3128454345
250.9675772190094,-0.3389868160540548,132702.08156089106
251.06742644309998,-0.3381600189417278,132701.07340480195
251.16801118850708,-0.3369657564461444,132700.26606432177
251.2674491405487,-0.33586336029637515,132699.23945788958
251.36765837669373,-0.33531216222149046,132698.71551210064
251.46761512756348,-0.3366901574087021,132698.64396089056
251.5674023628235,-0.335771493950561,132697.5795648015
251.6676025390625,-0.33595522664218924,132697.62160832135
251.7677993774414,-0.3341178997259071,132697.3594474892
251.86800122261047,-0.33476096414660583,132696.42350274028
251.96786522865295,-0.3330155035761378,132694.38115246626
252.06777954101562,-0.3335667016510225,132694.24303721962
252.1679482460022,-0.3349446968382341,132694.01873349768
252.26815009117126,-0.33384230068846477,132693.0168601479
252.36772179603577,-0.3330155035761378,132692.3151741331
252.46773076057434,-0.33182124108055444,132691.9836567198
252.56744074821472,-0.33319923626776604,132692.3852910478
252.66791129112244,-0.33255617184706726,132693.54676194303
252.76764249801636,-0.33182124108055444,132692.79208574872
252.86771202087402,-0.3343934987633494,132692.61287717384
252.96763801574707,-0.3329236372303237,132691.55158945647
253.06780076026917,-0.3317293747347403,132690.99643051083
253.16747069358826,-0.3321887064638108,132690.69678745975
253.268061876297,-0.32980018147264406,132689.92710871377
253.3678162097931,-0.33108631031404157,132688.7343978424
253.46783590316772,-0.33329110261358014,132688.86095805815
253.56759881973267,-0.3301676468559005,132687.77486225235
253.66766119003296,-0.3294327160893876,132687.9973760271
253.7677116394043,-0.3267685920607785,132686.9976384244
253.86740255355835,-0.32915711705194534,132686.29787458194
253.96768450737,-0.32833031993961836,132685.86808712376
254.0676145553589,-0.32860591897706065,132685.1812784114
254.16734147071838,-0.3279628545563619,132684.76315057024
254.26741766929626,-0.32851405263124656,132684.0868355132
254.36748719215393,-0.3273197901356632,132684.3781519619
254.46749997138977,-0.3293408497435735,132684.2403367657
254.56757736206055,-0.32640112667752214,132682.81630308914
254.66759324073792,-0.32842218628543246,132683.23467278024
254.76768040657043,-0.3275953891731055,132682.6112055022
254.86734461784363,-0.3267685920607785,132683.550084952
254.96729803085327,-0.32640112667752214,132683.9950764568
255.06802344322205,-0.3253905968735669,132683.99556881114
255.16804099082947,-0.32704419109822086,132684.59601193003
255.2680962085724,-0.32686045840659267,132685.33641073704
255.36779880523682,-0.32686045840659267,132686.20276966333
255.46793723106384,-0.326309260331708,132686.482492697
255.56734776496887,-0.32640112667752214,132686.3342434273
255.6674771308899,-0.3248393987986823,132686.30081908457
255.76773834228516,-0.32640112667752214,132686.9707371761
255.86752653121948,-0.3260336612942657,132685.5736634585
255.96761965751648,-0.32438006706961175,132683.91629711265
256.0681800842285,-0.3267685920607785,132683.5246674014
256.16765308380127,-0.32686045840659267,132683.77220066125
256.2677001953125,-0.32438006706961175,132684.19498059512
256.36812472343445,-0.325482463219381,132683.4754825356
256.4672734737396,-0.3241044680321694,132684.02793428206
256.56776237487793,-0.32428820072379766,132684.22514085384
256.6676881313324,-0.32456379976123995,132685.10262676846
256.76792430877686,-0.3253905968735669,132684.5923640916
256.8681101799011,-0.3252987305277528,132683.73312768244
256.96731305122375,-0.3260336612942657,132683.8598149142
257.0675759315491,-0.3238288689947271,132683.77383342278
257.1678249835968,-0.3233695372656566,132683.6964500805
257.2679326534271,-0.3252987305277528,132683.52680507244
257.3680555820465,-0.3226346064991437,132682.3741245652
257.4674355983734,-0.3221752747700732,132681.93671210867
257.56815123558044,-0.3236451363030989,132681.5430408978
257.6677768230438,-0.32281833919077196,132681.68873680802
257.76764273643494,-0.32511499783612463,132680.81986312722
257.86773657798767,-0.32281833919077196,132680.8378768145
257.9679868221283,-0.32162407669518855,132681.15408913305
258.0680284500122,-0.32300207188240015,132681.13868021974
258.1675136089325,-0.3239207353405412,132680.12481219776
258.2681062221527,-0.3220834084242591,132680.21233097799
258.3680582046509,-0.32033794785379105,132678.8910978802
258.46729135513306,-0.3220834084242591,132679.60198809218
258.5678813457489,-0.3238288689947271,132679.34178928297
258.66821002960205,-0.32015421516216286,132678.70761035467
258.7676727771759,-0.32281833919077196,132679.0368493192
258.8674085140228,-0.3222671411158873,132678.3331643873
258.9677724838257,-0.32300207188240015,132676.29984794857
259.0674772262573,-0.3220834084242591,132675.9698631537
259.1676969528198,-0.32162407669518855,132675.97287683832
259.26783418655396,-0.3220834084242591,132675.9755891545
259.3672938346863,-0.3222671411158873,132675.17803023904
259.467821598053,-0.32162407669518855,132674.86022721513
259.5679786205292,-0.32189967573263084,132674.47420449363
259.6672914028168,-0.32180780938681675,132672.32678404427
259.76796078681946,-0.32042981419960515,132672.69410563985
259.8678774833679,-0.3207054132370475,132672.92469507587
259.9680881500244,-0.3208891459286757,132673.53222556828
260.06750679016113,-0.3195111507414641,132674.27900301147
260.16743659973145,-0.3208891459286757,132674.35110271032
260.2678439617157,-0.3206135468912334,132674.9159924393
260.36728835105896,-0.31923555170402174,132675.62439319538
260.4674367904663,-0.3193274180498359,132677.66195387585
260.5679371356964,-0.3206135468912334,132678.09575848829
260.66799306869507,-0.3212566113119321,132678.38618263946
260.76807165145874,-0.3196948834330923,132679.6475643755
260.8680057525635,-0.32024608150797695,132678.58280793796
260.96761202812195,-0.31831688824588067,132678.02452714415
261.0681767463684,-0.3185006209375089,132677.32207442974
261.16750264167786,-0.3199704824705346,132676.28986698677
261.26764845848083,-0.31895995266657945,132676.7608802881
261.367892742157,-0.31905181901239354,132676.18479225927
261.4672317504883,-0.3210728786203039,132675.06631303334
261.56804180145264,-0.31914368535820764,132676.15968173
261.6673984527588,-0.3173982247877396,132677.043713557
261.76758766174316,-0.31785755651681014,132677.23934220133
261.86803460121155,-0.3193274180498359,132677.3154079812
261.9672110080719,-0.3187762199749512,132677.68386718308
262.0678939819336,-0.31886808632076535,132677.61548046477
262.16816544532776,-0.31831688824588067,132678.35393241828
262.2678554058075,-0.31905181901239354,132678.91853917646
262.36732721328735,-0.31785755651681014,132679.02668525884
262.46766471862793,-0.3196948834330923,132679.32401673295
262.5679566860199,-0.31749009113355375,132678.59161505967
262.6677634716034,-0.316847026712855,132677.93245355372
262.76759099960327,-0.31556089787145747,132678.83920819836
262.86722016334534,-0.3143666353758741,132678.65528737853
262.96807384490967,-0.31647956132959854,132676.88975864067
263.0677173137665,-0.3184087545916948,132677.0007827766
263.1677358150482,-0.31785755651681014,132675.00070449893
263.26799511909485,-0.3170307594044832,132674.00063404904
263.3675694465637,-0.3195111507414641,132672.40057064412
263.4673011302948,-0.3154690315256434,132672.8605135797
263.56798458099365,-0.3158364969088998,132672.97446222175
263.6681180000305,-0.3173982247877396,132673.5770159996
263.7673704624176,-0.3154690315256434,132673.51931439963
263.8677463531494,-0.316847026712855,132671.86738295967
263.9672155380249,-0.31776569017099604,132672.4806446637
264.0676953792572,-0.31767382382518194,132673.53258019732
264.167268037796,-0.31629582863797034,132674.1793221776
264.26774430274963,-0.31767382382518194,132673.76138995984
264.3676414489746,-0.3171226257502973,132674.28525096385
264.467814207077,-0.3159283632547139,132673.55672586747
264.5673360824585,-0.3171226257502973,132674.10105328073
264.6679265499115,-0.31556089787145747,132675.59094795265
264.7673292160034,-0.3145503680675023,132675.33185315738
264.8680534362793,-0.31638769498378444,132675.39866784163
264.96760630607605,-0.31519343248820103,132674.95880105745
265.06791400909424,-0.3152852988340152,132673.7629209517
265.1672086715698,-0.3165714276754127,132674.48662885654
265.26801776885986,-0.3126211748054061,132674.13796597088
265.36739015579224,-0.31344797191773305,132673.2241693738
265.4678153991699,-0.31491783345075874,132673.50175243642
265.56726264953613,-0.3166632940212268,132673.35157719278
265.668066740036,-0.31629582863797034,132672.8164194735
265.76722049713135,-0.3154690315256434,132672.43477752616
265.8679859638214,-0.3167551603670409,132671.19129977355
265.96728706359863,-0.3166632940212268,132670.8721697962
266.0676007270813,-0.3145503680675023,132670.08495281657
266.16724920272827,-0.31372357095517533,132669.67645753492
266.2673316001892,-0.31510156614238694,132669.60881178142
266.36742424964905,-0.3159283632547139,132670.4479306033
266.46815252304077,-0.3173982247877396,132670.00313754295
266.5679805278778,-0.3157446305630857,132670.50282378867
266.66815996170044,-0.316847026712855,132670.45254140982
266.76736521720886,-0.3147341007591305,132671.00728726885
266.86820816993713,-0.3157446305630857,132671.10655854197
266.9679505825043,-0.31620396229215625,132670.89590268777
267.0676131248474,-0.3144585017216882,132671.106312419
267.16795802116394,-0.3129886401886625,132671.4956811771
267.26800537109375,-0.31510156614238694,132671.5461130594
267.36822509765625,-0.31510156614238694,132672.09150175346
267.46812629699707,-0.3154690315256434,132673.28235157812
267.5672595500946,-0.31510156614238694,132673.5541164203
267.6678297519684,-0.31363170460936124,132672.3987047783
267.76739168167114,-0.31519343248820103,132672.65883430047
267.8672695159912,-0.3133561055719189,132671.49295087042
267.9681680202484,-0.31519343248820103,132671.3436557834
268.06751775741577,-0.31289677384284836,132671.20929020504
268.1679515838623,-0.31491783345075874,132671.18836118453
268.2677586078644,-0.31519343248820103,132670.66952506607
268.3672730922699,-0.31418290268424587,132670.80257255948
268.46793603897095,-0.31500969979657284,132670.82231530352
268.5673906803131,-0.31427476903005996,132670.74008377315
268.66804933547974,-0.3157446305630857,132669.16607539583
268.767774105072,-0.3139991699926177,132668.14946785624
268.8675091266632,-0.31225370942214964,132666.7345210706
268.9681963920593,-0.31243744211377783,132666.16106896356
269.0676727294922,-0.31344797191773305,132666.1449620672
269.16813588142395,-0.31243744211377783,132666.03046586047
269.2668948173523,-0.31234557576796373,132666.52741927444
269.3673632144928,-0.3131723728802907,132666.674677347
269.4681062698364,-0.31381543730098943,132667.4072096123
269.5674376487732,-0.31372357095517533,132667.9664886511
269.6681489944458,-0.3131723728802907,132667.96983978598
269.768208026886,-0.3144585017216882,132667.3728558074
269.8677053451538,-0.31344797191773305,132667.43557022666
269.9672110080719,-0.31353983826354714,132667.292013204
270.0680282115936,-0.3139073036468036,132668.16281188358
270.1675662994385,-0.3120699767305214,132668.74653069524
270.26738810539246,-0.31353983826354714,132669.17187762572
270.3679368495941,-0.31096758058075213,132668.55468986314
270.46761679649353,-0.3139073036468036,132667.59922087684
270.5675845146179,-0.3120699767305214,132668.23929878915
270.6679048538208,-0.31142691230982267,132666.81536891023
270.76751041412354,-0.31225370942214964,132667.13383201923
270.8672857284546,-0.31225370942214964,132666.7204488173
270.96822905540466,-0.31151877865563676,132665.04840393557
271.06727480888367,-0.31372357095517533,132664.14356354202
271.16726565361023,-0.3132642392261048,132662.52920718782
271.267783164978,-0.31216184307633554,132661.37628646905
271.367470741272,-0.31096758058075213,132660.93865782215
271.467280626297,-0.311702511347265,132660.44479203993
271.5672492980957,-0.311702511347265,132660.20031283592
271.66761326789856,-0.31161064500145086,132659.98028155233
271.7675266265869,-0.31096758058075213,132660.5822533971
271.86742663383484,-0.3104163825058675,132660.3240280574
271.96725368499756,-0.3120699767305214,132659.39162525165
272.0672724246979,-0.312529308459592,132659.2524627265
272.1679449081421,-0.3097733180851687,132659.42721645386
272.26753211021423,-0.30885465462702766,132659.98449480848
272.36736011505127,-0.3098651844309829,132660.48604532762
272.46736097335815,-0.31096758058075213,132660.23744079485
272.56780195236206,-0.30995705077679697,132660.21369671536
272.66738963127136,-0.31161064500145086,132660.29232704383
272.7681415081024,-0.3104163825058675,132659.16309433946
272.8676300048828,-0.31105944692656623,132659.3467849055
272.9673571586609,-0.31133504596400857,132658.51210641494
273.06815552711487,-0.31014078346842516,132657.76089577345
273.1675260066986,-0.30913025366447,132657.1848061961
273.26753854751587,-0.30968145173935463,132657.7663255765
273.3673527240753,-0.30949771904772644,132657.58969301885
273.46816539764404,-0.31014078346842516,132655.83072371696
273.56773018836975,-0.31004891712261107,132655.74765134527
273.6674118041992,-0.30867092193539947,132655.57288621075
273.7682194709778,-0.30968145173935463,132655.81559758968
273.86754989624023,-0.31096758058075213,132656.53403783072
273.9673864841461,-0.3078441248230725,132656.48063404765
274.0674412250519,-0.3104163825058675,132658.1325706429
274.1674418449402,-0.30747665943981606,132658.5193135786
274.267293214798,-0.31087571423493804,132659.06738222076
274.3679449558258,-0.31096758058075213,132658.26064399868
274.46755027770996,-0.3106919815433098,132658.0345795988
274.5680904388428,-0.30949771904772644,132658.73112163894
274.667382478714,-0.30885465462702766,132658.75800947504
274.7672929763794,-0.31004891712261107,132659.38220852753
274.86764669418335,-0.3080278575147007,132659.74398767477
274.9677212238312,-0.3084871892437712,132660.86958890728
275.06768584251404,-0.30821159020632893,132662.18263001656
275.168151140213,-0.30958958539354053,132662.2643670149
275.2677192687988,-0.30867092193539947,132661.9379303134
275.367399930954,-0.30913025366447,132661.44413728206
275.4675192832947,-0.30894652097284175,132662.19972355384
275.5675323009491,-0.31014078346842516,132662.67975119848
275.66790533065796,-0.30958958539354053,132663.61177607864
275.7676787376404,-0.31004891712261107,132663.35059847077
275.8677680492401,-0.3080278575147007,132663.7155386237
275.9677355289459,-0.30968145173935463,132663.34398476133
276.06764221191406,-0.3103245161600534,132663.7095862852
276.1678810119629,-0.3093139863560982,132663.4386276567
276.2676649093628,-0.3078441248230725,132662.29476489103
276.36758637428284,-0.30867092193539947,132662.76528840195
276.4676320552826,-0.3077522584772584,132661.78875956175
276.56766176223755,-0.3066498623274891,132662.90988360558
276.66747856140137,-0.30876278828121356,132663.418895245
276.76724076271057,-0.3098651844309829,132663.2770057205
276.86780428886414,-0.30867092193539947,132663.64930514846
276.9676938056946,-0.3078441248230725,132661.58437463362
277.0679247379303,-0.30821159020632893,132661.22593717027
277.1678075790405,-0.30747665943981606,132660.40334345325
277.2677409648895,-0.3077522584772584,132659.86300910794
277.36755633354187,-0.30738479309400196,132660.67670819713
277.4676969051361,-0.305731198869348,132660.30903737742
277.56750082969666,-0.3078441248230725,132659.97813363967
277.6674540042877,-0.3076603921314443,132660.2803202757
277.7672197818756,-0.3084871892437712,132660.05228824812
277.8672306537628,-0.30582306521516217,132659.9470594233
277.9673309326172,-0.30885465462702766,132660.15235348098
278.0673727989197,-0.3092221200102841,132660.1371181329
278.16728258132935,-0.3070173277107455,132659.0234063196
278.26742482185364,-0.3090383873186559,132659.72106568766
278.3675570487976,-0.3083953228979571,132660.0489591189
278.4677474498749,-0.30683359501911733,132658.94406320702
278.56760597229004,-0.3083953228979571,132659.04965688632
278.6677768230438,-0.30949771904772644,132660.24469119767
278.7678303718567,-0.30885465462702766,132660.82022207792
278.8678698539734,-0.3077522584772584,132659.93819987014
278.96798276901245,-0.3093139863560982,132659.54437988313
279.0677285194397,-0.3076603921314443,132660.28994189482
279.1675612926483,-0.3092221200102841,132662.06094770535
279.267657995224,-0.30747665943981606,132660.85485293483
279.3677136898041,-0.3084871892437712,132660.26936764136
279.4678409099579,-0.30683359501911733,132658.74243087723
279.56809735298157,-0.30821159020632893,132658.6681877895
279.66797614097595,-0.3076603921314443,132659.00136901057
279.7680160999298,-0.30747665943981606,132657.80123210952
279.8673119544983,-0.30830345655214303,132658.02110889857
279.96759271621704,-0.30738479309400196,132657.51899800872
280.0672707557678,-0.30940585270191234,132657.66709820784
280.1673197746277,-0.30747665943981606,132658.80038838706
280.2678940296173,-0.31004891712261107,132658.12034954835
280.36812925338745,-0.30720106040237377,132659.20831459353
280.4680247306824,-0.30609866425260446,132658.58748313418
280.56811022758484,-0.30591493156097627,132658.32873482077
280.66768407821655,-0.305731198869348,132658.0958613387
280.768105506897,-0.30913025366447,132657.48627520484
280.8673748970032,-0.3079359911688866,132656.33764768436
280.96799778938293,-0.30747665943981606,132655.80388291593
281.0680205821991,-0.30692546136493143,132654.82349462435
281.16744327545166,-0.305731198869348,132655.54114516193
281.26760149002075,-0.3062823969442327,132656.08703064575
281.36784505844116,-0.3078441248230725,132655.77832758118
281.46795892715454,-0.30940585270191234,132655.70049482305
281.5681121349335,-0.306557995981675,132655.93044534075
281.6677358150482,-0.30683359501911733,132656.63740080668
281.76779103279114,-0.3078441248230725,132656.273660726
281.86739802360535,-0.30729292674818787,132656.14629465342
281.9680140018463,-0.3079359911688866,132656.43166518808
282.06727361679077,-0.3064661296358609,132656.08849866927
282.1676425933838,-0.30490440175702105,132655.27964880233
282.2674524784088,-0.3078441248230725,132654.7516839221
282.36813735961914,-0.30462880271957876,132655.2765155299
282.468013048172,-0.30619053059841855,132655.7488639769
282.5675115585327,-0.306557995981675,132656.4739775792
282.66791009902954,-0.306557995981675,132656.62657982128
282.76763010025024,-0.30720106040237377,132655.96392183914
282.867458820343,-0.30756852578563015,132657.06752965524
282.9673743247986,-0.30720106040237377,132657.06077668973
283.06777000427246,-0.30554746617771983,132656.35469902074
283.1674017906189,-0.30582306521516217,132654.31922911867
283.2673010826111,-0.30683359501911733,132654.8873062068
283.3672618865967,-0.30867092193539947,132654.39857558612
283.46805810928345,-0.3051800007944634,132656.05871802752
283.5676543712616,-0.305731198869348,132656.15284622478
283.6681487560272,-0.3052718671402775,132655.5375616023
283.76730728149414,-0.30591493156097627,132656.88380544208
283.86760807037354,-0.3053637334860916,132657.39542489787
283.96734857559204,-0.3049962681028352,132656.95588240807
284.06727957725525,-0.30729292674818787,132657.76029416727
284.16812109947205,-0.30692546136493143,132657.88426475055
284.2678074836731,-0.30600679790679036,132658.29583827552
284.36745047569275,-0.30674172867330324,132658.16625444798
284.46735763549805,-0.3051800007944634,132658.74962900317
284.56749629974365,-0.30591493156097627,132658.17466610286
284.6672899723053,-0.3043532036821364,132657.55719949258
284.7673797607422,-0.3050881344486493,132657.10147954331
284.8676574230194,-0.30407760464469413,132657.19133158898
284.9674937725067,-0.30619053059841855,132655.8721984301
285.0676600933075,-0.30462880271957876,132654.9849785871
285.1678001880646,-0.3051800007944634,132655.0864807284
285.2677631378174,-0.30729292674818787,132654.47783265557
285.3676161766052,-0.3044450700279505,132654.63004939002
285.46770429611206,-0.30554746617771983,132653.56704445102
285.5679044723511,-0.305731198869348,132652.9103400059
285.66719675064087,-0.30582306521516217,132652.7193060053
285.768098115921,-0.30481253541120695,132653.04737540477
285.86751675605774,-0.30187281234515556,132651.7426378643
285.968120098114,-0.30407760464469413,132651.66837407788
286.06731939315796,-0.30481253541120695,132651.3015366701
286.1680612564087,-0.3036182729156236,132650.5713830031
286.2681977748871,-0.3064661296358609,132650.21424470277
286.3675756454468,-0.30269960945748253,132649.69282023248
286.4679548740387,-0.3052718671402775,132649.02353820924
286.5677332878113,-0.3062823969442327,132650.02118438832
286.6678235530853,-0.30490440175702105,132649.31906594947
286.76757049560547,-0.30674172867330324,132650.28715935454
286.8676407337189,-0.30416947099050823,132651.6584434191
286.96752190589905,-0.30214841138259785,132652.59259907718
287.06746220588684,-0.30554746617771983,132652.63333916946
287.1681923866272,-0.3024240104200402,132653.07000525252
287.2672827243805,-0.3037101392614377,132654.16300472728
287.36810088157654,-0.3049962681028352,132653.24670425453
287.4679093360901,-0.30279147580329663,132652.02203382907
287.5674567222595,-0.3051800007944634,132651.71983044618
287.6681339740753,-0.30343454022399535,132651.74784740157
287.7675850391388,-0.30334267387818126,132651.6730626614
287.86788392066956,-0.30343454022399535,132651.70575639527
287.9672381877899,-0.30453693637376467,132651.53518075575
288.0676486492157,-0.30472066906539286,132651.58166268017
288.16785192489624,-0.30481253541120695,132652.12349641215
288.2680597305298,-0.3053637334860916,132651.91114677093
288.368093252182,-0.30462880271957876,132652.32003209385
288.4681942462921,-0.3051800007944634,132652.08802888446
288.56789565086365,-0.30554746617771983,132651.979225996
288.66814708709717,-0.30407760464469413,132651.4813033964
288.76755809783936,-0.30462880271957876,132652.43317305675
288.867311000824,-0.30269960945748253,132653.88985575107
288.96731328964233,-0.30398573829888,132654.80087017597
289.06808161735535,-0.3038020056072518,132654.12078315837
289.1680552959442,-0.3056393325235339,132653.50870484253
289.2678632736206,-0.30325080753236716,132652.8578343583
289.36776876449585,-0.30545559983190573,132654.07205092246
289.4681086540222,-0.3042613373363223,132653.16484583024
289.5677981376648,-0.30462880271957876,132652.7483612472
289.66822504997253,-0.3037101392614377,132652.1735251225
289.7681829929352,-0.3038938719530659,132651.75617261024
289.867374420166,-0.3026077431116684,132651.18055534922
289.96732807159424,-0.30407760464469413,132651.7624998143
290.0678827762604,-0.3017809459993414,132652.38624983287
290.16746068000793,-0.3042613373363223,132651.3476248496
290.2680313587189,-0.3044450700279505,132650.31286236463
290.36757159233093,-0.30214841138259785,132650.18157612818
290.4674324989319,-0.3017809459993414,132650.46341851537
290.5673966407776,-0.30462880271957876,132649.71707666383
290.6676161289215,-0.30472066906539286,132648.74536899745
290.76726937294006,-0.3015053469618991,132648.6708320977
290.86727595329285,-0.3030670748407389,132647.50374888795
290.9677891731262,-0.3023321440742261,132647.45337399916
291.0672912597656,-0.3016890796535273,132647.90803659926
291.1677987575531,-0.3026077431116684,132647.71723293932
291.26733016967773,-0.3023321440742261,132648.1455096454
291.3680226802826,-0.3024240104200402,132647.73095868086
291.4678099155426,-0.30352640656980945,132648.15786281278
291.56793785095215,-0.30315894118655307,132648.9420765315
291.66721057891846,-0.30416947099050823,132649.34786887834
291.76819705963135,-0.3043532036821364,132649.5130819905
291.8681375980377,-0.30334267387818126,132650.06177379144
291.9677929878235,-0.3026077431116684,132651.25559641232
292.0681712627411,-0.30343454022399535,132651.7300367711
292.1672775745392,-0.30407760464469413,132652.157033094
292.2679913043976,-0.30334267387818126,132653.3413297846
292.3673481941223,-0.3026077431116684,132654.00719680614
292.46757650375366,-0.3012297479244568,132655.40647712554
292.5672917366028,-0.3038020056072518,132654.56582941298
292.6680555343628,-0.301413480616085,132655.5092464717
292.7673587799072,-0.301413480616085,132655.35832182452
292.86732387542725,-0.301413480616085,132655.62248964206
292.96750140190125,-0.3003110844663157,132656.76024067786
293.06811356544495,-0.30490440175702105,132657.08421661006
293.16737365722656,-0.3038938719530659,132657.77579494906
293.26728534698486,-0.3024240104200402,132658.89821545416
293.3680477142334,-0.30398573829888,132659.10839390874
293.46736907958984,-0.30269960945748253,132658.29755451786
293.56800961494446,-0.3036182729156236,132658.16779906608
293.66723108291626,-0.30343454022399535,132658.25101915948
293.7680730819702,-0.3038938719530659,132658.22591724352
293.867826461792,-0.3043532036821364,132657.40332551918
293.96756744384766,-0.30205654503678375,132656.66299296726
294.0672776699066,-0.30352640656980945,132656.09669367055
294.16819643974304,-0.30352640656980945,132654.78702430348
294.26767086982727,-0.2998517527372452,132654.20832187313
294.3672800064087,-0.3024240104200402,132653.38748968582
294.46771025657654,-0.3002192181205016,132653.94874071723
294.5679759979248,-0.3017809459993414,132653.95386664552
294.6680238246918,-0.3015972133077132,132654.25847998098
294.76742148399353,-0.3012297479244568,132655.3326319829
294.8678481578827,-0.30343454022399535,132655.3993687846
294.9679653644562,-0.3010460152328286,132655.15943190613
295.0679428577423,-0.3036182729156236,132654.84348871553
295.1679916381836,-0.3004029508121298,132653.75913984398
295.2680389881134,-0.30049481715794396,132654.48322585959
295.3679463863373,-0.3016890796535273,132654.13490327363
295.4680161476135,-0.3026077431116684,132654.72141294627
295.56810760498047,-0.30269960945748253,132654.94927165165
295.6679527759552,-0.3011378815786427,132653.9543444865
295.7676877975464,-0.3026077431116684,132654.15891003786
295.86795949935913,-0.3024240104200402,132653.2430190341
295.9673237800598,-0.2995761536998029,132652.51871713068
296.0678541660309,-0.30269960945748253,132651.86684541762
296.1678366661072,-0.3025158767658543,132651.18016087587
296.26794695854187,-0.2997598863914311,132652.06214478827
296.36800050735474,-0.30269960945748253,132652.85593030945
296.46818375587463,-0.29930055466236055,132652.6703372785
296.5679371356964,-0.3013216142702709,132652.90330355067
296.667950630188,-0.3015972133077132,132651.5129731956
296.7677731513977,-0.30058668350375806,132651.56167587606
296.86820578575134,-0.29911682197073236,132652.20550828846
296.9677712917328,-0.2998517527372452,132651.3849574596
297.06800723075867,-0.30205654503678375,132651.14646171365
297.16790771484375,-0.30205654503678375,132650.1318155423
297.26820397377014,-0.29948428735398874,132650.31863398806
297.36767411231995,-0.3025158767658543,132650.88677058925
297.46728563308716,-0.3016890796535273,132650.79809353032
297.56793117523193,-0.30269960945748253,132651.91828417729
297.6672384738922,-0.302240277728412,132653.72645575955
297.7681338787079,-0.3017809459993414,132653.1538101836
297.8673150539398,-0.30187281234515556,132652.93842916525
297.9679217338562,-0.30269960945748253,132652.84458624874
298.067759513855,-0.301413480616085,132651.06012762387
298.1672565937042,-0.30279147580329663,132650.8541148615
298.26794505119324,-0.30058668350375806,132650.96870337534
298.3676829338074,-0.301413480616085,132651.87183303782
298.4680132865906,-0.3028833421491107,132652.38464973404
298.56818318367004,-0.2999436190830593,132651.64618476064
298.6680784225464,-0.30325080753236716,132650.98156628458
298.76792907714844,-0.3011378815786427,132649.88340965612
298.86729526519775,-0.3010460152328286,132650.9950686905
298.9678361415863,-0.3009541488870145,132650.69556182146
299.06793570518494,-0.3024240104200402,132650.52600563932
299.1673390865326,-0.3012297479244568,132650.57340507538
299.2676923274994,-0.3003110844663157,132650.01606456784
299.36787843704224,-0.2985656238958477,132649.91445811107
299.4673500061035,-0.30058668350375806,132649.9230123
299.56803250312805,-0.30196467869096966,132649.43071107
299.66793417930603,-0.3004029508121298,132649.28763996297
299.76726245880127,-0.30086228254120034,132649.55887596667
299.8681218624115,-0.3011378815786427,132649.00298837002
299.96735429763794,-0.2998517527372452,132649.10268953303
300.0673089027405,-0.2976469604377066,132648.29242057973
300.16799807548523,-0.30269960945748253,132647.36317852177
300.26781368255615,-0.29948428735398874,132646.8268606696
300.3681411743164,-0.2990249556249182,132646.44417460263
300.4679880142212,-0.3004029508121298,132647.59975714236
300.567342042923,-0.3024240104200402,132646.33978142813
300.667249917984,-0.2995761536998029,132646.30580328533
300.767991065979,-0.3004029508121298,132645.8752229568
300.86778354644775,-0.3004029508121298,132646.1877006611
300.9673342704773,-0.3017809459993414,132645.968930595
301.06816244125366,-0.2998517527372452,132646.1720375355
301.1679198741913,-0.3012297479244568,132647.25483378195
301.2678020000458,-0.2998517527372452,132647.72935040377
301.36775040626526,-0.3001273517746875,132647.6564153634
301.46775341033936,-0.3013216142702709,132648.69077382705
301.5675640106201,-0.301413480616085,132648.32169644436
301.6672513484955,-0.2999436190830593,132647.38952679993
301.76810932159424,-0.3012297479244568,132649.25057411994
301.867746591568,-0.30279147580329663,132649.52551670794
301.96778655052185,-0.3012297479244568,132650.77296503715
302.06784081459045,-0.29948428735398874,132649.89566853343
302.1677870750427,-0.3012297479244568,132650.10610168008
302.2675676345825,-0.2995761536998029,132650.29549151208
302.36771965026855,-0.30205654503678375,132649.76594236086
302.4676787853241,-0.29819815851259124,132649.78934812476
302.56745529174805,-0.3017809459993414,132650.21041331228
302.66802644729614,-0.2998517527372452,132650.08937198104
302.7678496837616,-0.2999436190830593,132649.18043478293
302.8681962490082,-0.30214841138259785,132649.66239130465
302.9680860042572,-0.2987493565874759,132649.9961521742
303.0678482055664,-0.3015053469618991,132649.99653695678
303.1679382324219,-0.302240277728412,132650.2968832611
303.26792430877686,-0.30315894118655307,132650.467194935
303.368045091629,-0.30187281234515556,132649.4204754415
303.4672589302063,-0.3015972133077132,132650.27842789734
303.5674343109131,-0.2995761536998029,132650.55058510762
303.66756987571716,-0.30077041619538625,132650.29552659686
303.76755809783936,-0.30067854984957215,132650.56597393716
303.8675880432129,-0.3000354854288734,132651.20937654344
303.9672591686249,-0.30086228254120034,132651.2884388891
304.0676476955414,-0.30058668350375806,132650.5595950002
304.16787362098694,-0.3015053469618991,132650.80363550017
304.267263174057,-0.29948428735398874,132650.42327195016
304.3674144744873,-0.2984737575500336,132650.08094475514
304.4675121307373,-0.30187281234515556,132652.27285027964
304.56798791885376,-0.3026077431116684,132652.3455652517
304.6678156852722,-0.3009541488870145,132652.01100872652
304.768105506897,-0.30086228254120034,132652.10990785385
304.867378950119,-0.29819815851259124,132651.39891706847
304.9676797389984,-0.30196467869096966,132651.45902536163
305.06775760650635,-0.30049481715794396,132651.61312282548
305.16791462898254,-0.30086228254120034,132652.95181054293
305.267893075943,-0.3009541488870145,132653.15662948863
305.3675582408905,-0.30077041619538625,132653.54096653976
305.4681649208069,-0.2999436190830593,132653.68686988577
305.5676543712616,-0.30067854984957215,132653.0181828972
305.6682503223419,-0.30058668350375806,132653.9163646075
305.7674481868744,-0.3003110844663157,132654.42472814675
305.86769795417786,-0.2990249556249182,132653.1822553321
305.96787786483765,-0.29884122293329,132652.66402979888
306.06774520874023,-0.3003110844663157,132652.297626819
306.16769528388977,-0.29810629216677714,132652.2678641371
306.2676947116852,-0.30077041619538625,132651.9410777234
306.367294549942,-0.3002192181205016,132652.34696995106
306.46730971336365,-0.3023321440742261,132652.61227295594
306.5675473213196,-0.30049481715794396,132651.65104566034
306.66762042045593,-0.3004029508121298,132651.2859410943
306.76767230033875,-0.2986574902416618,132651.75734698487
306.86791586875916,-0.3003110844663157,132651.1816122864
306.96759843826294,-0.29884122293329,132650.76345105778
307.06756019592285,-0.2999436190830593,132650.587105952
307.1675944328308,-0.30067854984957215,132650.52839535679
307.26724338531494,-0.30058668350375806,132651.4755558211
307.3679106235504,-0.3015053469618991,132650.928000239
307.4679310321808,-0.3012297479244568,132651.3352002151
307.5672595500946,-0.2995761536998029,132651.50168019359
307.6672275066376,-0.29727949505445017,132651.05151217422
307.7678270339966,-0.2984737575500336,132651.3463609568
307.8680543899536,-0.29920868831654646,132652.01172486114
307.9679250717163,-0.2985656238958477,132650.91055237502
308.0677366256714,-0.2990249556249182,132651.51949713752
308.1674470901489,-0.3015972133077132,132651.06754742377
308.26810789108276,-0.29884122293329,132650.3607926814
308.36782598495483,-0.29911682197073236,132650.02471341327
308.46726846694946,-0.3000354854288734,132648.92224207195
308.56726717948914,-0.3013216142702709,132648.03001786477
308.6681716442108,-0.30187281234515556,132647.0270160783
308.76750111579895,-0.2995761536998029,132645.82431447046
308.8675603866577,-0.3001273517746875,132644.54188302343
308.9677438735962,-0.299668020045617,132643.7876947211
309.06766963005066,-0.30067854984957215,132643.208925249
309.1673905849457,-0.2995761536998029,132643.6880327241
309.26741671562195,-0.29948428735398874,132643.4192294517
309.36726236343384,-0.3009541488870145,132644.47730650654
309.4673480987549,-0.2985656238958477,132645.12957585588
309.56787753105164,-0.2984737575500336,132645.8166182703
309.6676697731018,-0.2997598863914311,132644.93495644326
309.7679708003998,-0.2984737575500336,132645.34146079895
309.8680031299591,-0.29948428735398874,132645.90731471905
309.9680886268616,-0.2984737575500336,132645.61658324715
310.0679292678833,-0.29948428735398874,132645.15492492242
310.16777777671814,-0.297095762362822,132644.7394324302
310.26744508743286,-0.29682016332537964,132644.96548918716
310.3681378364563,-0.29792255947514895,132644.36894026844
310.46806049346924,-0.3001273517746875,132643.6320462416
310.5673179626465,-0.29819815851259124,132642.86884161746
310.66769576072693,-0.299668020045617,132642.6819574557
310.7675838470459,-0.2970038960170079,132643.21376171013
310.8671796321869,-0.2985656238958477,132643.09238553912
310.96794056892395,-0.29884122293329,132642.0831469852
311.06742119789124,-0.30049481715794396,132640.2748322867
311.1679618358612,-0.299668020045617,132640.54734905803
311.26755475997925,-0.3004029508121298,132640.39261415222
311.36752104759216,-0.2977388267835207,132640.253352737
311.4674541950226,-0.2989330892791041,132640.8280174633
311.56744599342346,-0.2987493565874759,132640.945215717
311.6673767566681,-0.2989330892791041,132640.2506941453
311.767450094223,-0.29911682197073236,132640.02562473077
311.86734342575073,-0.29911682197073236,132640.9230622577
311.9672496318817,-0.29672829697956554,132640.63075603193
312.06814527511597,-0.30058668350375806,132640.66768042874
312.16808009147644,-0.296268965250495,132642.40091238587
312.26765537261963,-0.29810629216677714,132643.0608211473
312.3680946826935,-0.2973713614002643,132643.15473903256
312.4677782058716,-0.3003110844663157,132643.1392651293
312.5680899620056,-0.29930055466236055,132642.5253386164
312.6672205924988,-0.29939242100817465,132642.47280475477
312.7681083679199,-0.2986574902416618,132642.12552427928
312.86734771728516,-0.29590149986723857,132641.11297185137
312.96781611442566,-0.29810629216677714,132641.70167466623
313.0682029724121,-0.2984737575500336,132643.0315071996
313.1672110557556,-0.2989330892791041,132643.52835647963
313.2678396701813,-0.29663643063375145,132643.37552083167
313.3678169250488,-0.2982900248584054,132642.9379687485
313.46736550331116,-0.3002192181205016,132643.24417187367
313.5675935745239,-0.2990249556249182,132642.7197546863
313.6682403087616,-0.2989330892791041,132644.14777921766
313.76769495010376,-0.29819815851259124,132642.73300129588
313.86750626564026,-0.296268965250495,132642.5597011663
313.96745109558105,-0.2986574902416618,132641.60373104966
314.06784105300903,-0.2982900248584054,132642.6433579447
314.1674048900604,-0.29930055466236055,132643.57902215025
314.267373085022,-0.2990249556249182,132645.02111993523
314.36760544776917,-0.2982900248584054,132644.6190079417
314.46793246269226,-0.29801442582096305,132644.65710714756
314.5677013397217,-0.29920868831654646,132645.29139643282
314.6680591106415,-0.29672829697956554,132645.46225678956
314.7674813270569,-0.2959933662130527,132644.0160311106
314.867794752121,-0.2960852325588668,132643.91442799955
314.96742844581604,-0.2956259008297963,132643.2229851996
315.06730127334595,-0.2963608315963091,132642.20068667963
315.1680152416229,-0.2975550940918925,132641.48061801167
315.267462015152,-0.2976469604377066,132641.1325562105
315.3681719303131,-0.29663643063375145,132641.71930058947
315.467732667923,-0.2975550940918925,132641.54737053052
315.56726002693176,-0.29544216813816804,132640.99263347746
315.6673192977905,-0.297095762362822,132640.09337012973
315.76767921447754,-0.296268965250495,132639.28403311677
315.86786699295044,-0.29810629216677714,132640.5556298051
315.9681923389435,-0.2957177671756104,132639.6000668246
316.06737327575684,-0.29783069312933486,132640.64006014215
316.16796255111694,-0.2955340344839822,132639.97605412794
316.26727080345154,-0.2982900248584054,132640.07844871515
316.36789298057556,-0.29645269794212326,132640.57060384366
316.4672932624817,-0.2969120296711938,132639.81354345928
316.56819772720337,-0.2921349796888602,132640.13218911336
316.66767930984497,-0.29727949505445017,132640.31897020203
316.7678210735321,-0.2956259008297963,132640.28707318183
316.86747193336487,-0.2956259008297963,132638.55836586363
316.96758460998535,-0.297095762362822,132637.10252927727
317.0676808357239,-0.2957177671756104,132636.79227634956
317.16743326187134,-0.2976469604377066,132636.7130487146
317.26723980903625,-0.2986574902416618,132637.14174384312
317.36804699897766,-0.2975550940918925,132636.9275694588
317.4672272205353,-0.297095762362822,132636.43481251295
317.56724429130554,-0.29801442582096305,132636.19133126165
317.6672840118408,-0.2949828364090975,132635.5721981355
317.7674307823181,-0.29663643063375145,132634.41497832193
317.86778569221497,-0.2973713614002643,132633.27348048973
317.96729373931885,-0.29682016332537964,132632.64613244077
318.06749749183655,-0.2956259008297963,132632.3815191967
318.1680929660797,-0.29590149986723857,132632.24336727703
318.2675132751465,-0.29663643063375145,132631.61903054934
318.367267370224,-0.2955340344839822,132631.1571274944
318.4673388004303,-0.29516656910072575,132630.94141474497
318.56806564331055,-0.29590149986723857,132631.5472732705
318.6674430370331,-0.29645269794212326,132631.59254594345
318.767911195755,-0.2974632277460784,132630.5332913491
318.8674781322479,-0.29792255947514895,132629.87996221418
318.96740913391113,-0.29682016332537964,132629.29196599277
319.06737875938416,-0.296268965250495,132627.36276939348
319.1680841445923,-0.29819815851259124,132628.92649245413
319.2673680782318,-0.29663643063375145,132627.73384320873
319.3673267364502,-0.2963608315963091,132627.66045888787
319.4679756164551,-0.2959933662130527,132629.1944129991
319.5681474208832,-0.29535030179235394,132629.47497169918
319.6680393218994,-0.2949828364090975,132630.02747452928
319.76737427711487,-0.2957177671756104,132631.32472707637
319.86814975738525,-0.29682016332537964,132633.19225436874
319.9673001766205,-0.2943397719883988,132634.37302893185
320.0673179626465,-0.2974632277460784,132635.13572603866
320.1673958301544,-0.29535030179235394,132636.7221534348
320.2677457332611,-0.29682016332537964,132638.8499380913
320.3681628704071,-0.29792255947514895,132638.76494428216
320.4680700302124,-0.2957177671756104,132639.18844985394
320.56765031814575,-0.2977388267835207,132638.66960486854
320.6672546863556,-0.2960852325588668,132640.3026443817
320.76812624931335,-0.2984737575500336,132640.37237994352
320.8681902885437,-0.29663643063375145,132640.63514194917
320.96767711639404,-0.2959933662130527,132641.67162775426
321.06736278533936,-0.29544216813816804,132641.70446497883
321.1679847240448,-0.29645269794212326,132641.73401848096
321.26766085624695,-0.2949828364090975,132641.86061663285
321.367627620697,-0.2955340344839822,132641.5745549696
321.4676399230957,-0.2973713614002643,132642.21709947262
321.5673727989197,-0.2942479056425847,132641.79538952536
321.66730427742004,-0.2959933662130527,132642.4158505728
321.7675995826721,-0.29516656910072575,132641.67426551552
321.86729311943054,-0.296268965250495,132642.50683896398
321.96741771698,-0.2955340344839822,132643.8561550676
322.06740736961365,-0.29461537102584107,132644.37053956083
322.167245388031,-0.2958096335214245,132645.13348560475
322.2674331665039,-0.296268965250495,132644.72013704426
322.36724877357483,-0.29544216813816804,132644.74812333984
322.4680790901184,-0.2959933662130527,132644.47331100586
322.56727480888367,-0.2969120296711938,132645.42597990527
322.6680212020874,-0.2955340344839822,132645.58338191474
322.767245054245,-0.2949828364090975,132646.12504372327
322.86727380752563,-0.29801442582096305,132646.41253935095
322.9672589302063,-0.2960852325588668,132646.97128541587
323.06724667549133,-0.2969120296711938,132646.5741568743
323.1676950454712,-0.2959933662130527,132646.31674118686
323.26739168167114,-0.2936048412218859,132645.78506706818
323.3674008846283,-0.29516656910072575,132643.70656036137
323.4677014350891,-0.2958096335214245,132642.73590432524
323.5674834251404,-0.29516656910072575,132642.46231389273
323.66747879981995,-0.29672829697956554,132642.51608250345
323.76746010780334,-0.29268617776374484,132642.7644742531
323.8677010536194,-0.29654456428793735,132643.0880268278
323.9677429199219,-0.2963608315963091,132643.67922414505
324.0678267478943,-0.29682016332537964,132642.71130173054
324.1677007675171,-0.2963608315963091,132642.54017155748
324.26751494407654,-0.2936967075677,132641.98615440173
324.36766958236694,-0.29645269794212326,132640.68753896156
324.4677724838257,-0.29544216813816804,132640.7187850654
324.5680887699127,-0.2942479056425847,132640.84690655887
324.66774582862854,-0.29654456428793735,132640.562215903
324.76765275001526,-0.29314550949281537,132640.6059943127
324.867440700531,-0.29516656910072575,132640.44539488145
324.9675180912018,-0.2947991037174693,132639.80085539332
325.0677192211151,-0.29314550949281537,132640.520769854
325.16757822036743,-0.2957177671756104,132640.2686928686
325.2676193714142,-0.2970038960170079,132640.74182358175
325.36743450164795,-0.2947072373716552,132639.36764122357
325.46765542030334,-0.29314550949281537,132637.73087710122
325.5675799846649,-0.2949828364090975,132637.2577893911
325.6676895618439,-0.2971876287086361,132637.63201045198
325.76777362823486,-0.2943397719883988,132638.0688094068
325.86784529685974,-0.29544216813816804,132637.96192846613
325.9678065776825,-0.2947072373716552,132638.86573561953
326.06816816329956,-0.29535030179235394,132637.7791620576
326.16800570487976,-0.2947072373716552,132637.40124585183
326.2676820755005,-0.296268965250495,132637.06112126666
326.36728167533875,-0.29268617776374484,132636.35500913998
326.4676249027252,-0.29277804410955893,132636.619508226
326.5679044723511,-0.29672829697956554,132636.25755740338
326.6680407524109,-0.2955340344839822,132635.23180166306
326.7678601741791,-0.29535030179235394,132636.20862149674
326.86774039268494,-0.2961770989046809,132636.08775934705
326.96734642982483,-0.29378857391351415,132634.87898341235
327.0674180984497,-0.2947072373716552,132634.3910850711
327.16776037216187,-0.2947991037174693,132634.451976564
327.26740765571594,-0.29590149986723857,132634.8067789076
327.36784172058105,-0.29397230660514234,132635.02610101685
327.4676342010498,-0.2942479056425847,132634.62349091517
327.5673735141754,-0.2961770989046809,132635.06114182365
327.6676495075226,-0.29378857391351415,132635.65502764127
327.7678985595703,-0.2947072373716552,132634.98952487716
327.86771750450134,-0.2922268460346743,132635.49057238945
327.9675724506378,-0.2936048412218859,132635.8415151505
328.0680067539215,-0.29397230660514234,132635.95736363545
328.16768050193787,-0.2963608315963091,132635.5616272719
328.2678999900818,-0.2936048412218859,132634.8054645447
328.3673572540283,-0.2921349796888602,132635.12491809024
328.4675636291504,-0.2935129748760718,132634.7124262812
328.5678000450134,-0.29415603929677053,132634.8411836531
328.66784024238586,-0.29323737583862947,132636.65706528779
328.7675356864929,-0.2957177671756104,132636.591358759
328.86741614341736,-0.29415603929677053,132636.6322228831
328.96733355522156,-0.2947072373716552,132636.8690005948
329.0673315525055,-0.2923187123804884,132636.28210053532
329.16813135147095,-0.29516656910072575,132636.4538904818
329.2677538394928,-0.2933292421844436,132636.00850143362
329.3674170970917,-0.2950747027549116,132635.80765129026
329.4678635597229,-0.2950747027549116,132636.12688616125
329.56772899627686,-0.2923187123804884,132635.61419754513
329.6675953865051,-0.2950747027549116,132635.75277779062
329.76778054237366,-0.2958096335214245,132636.27750001155
329.8678162097931,-0.29268617776374484,132636.3497500104
329.9675643444061,-0.29452350468002697,132635.71477500937
330.06776881217957,-0.29544216813816804,132636.44329750843
330.1675841808319,-0.29176751430560377,132637.2989677576
330.26793599128723,-0.2957177671756104,132636.76907098186
330.367928981781,-0.2942479056425847,132637.29216388369
330.46784567832947,-0.29323737583862947,132636.4629474953
330.56791853904724,-0.2909407171932768,132636.51665274578
330.66693663597107,-0.29241057872630255,132636.8649874712
330.7673246860504,-0.29544216813816804,132637.17848872408
330.867981672287,-0.29535030179235394,132637.56063985167
330.96819281578064,-0.2921349796888602,132636.20457586652
331.0677034854889,-0.2921349796888602,132634.98411827988
331.16795206069946,-0.29406417295095644,132633.1857064519
331.26727533340454,-0.29452350468002697,132632.4671358067
331.36739897727966,-0.2942479056425847,132632.92042222605
331.4680619239807,-0.29544216813816804,132632.52838000344
331.5674560070038,-0.2957177671756104,132633.2755420031
331.66805386543274,-0.2936967075677,132633.5479878028
331.7676112651825,-0.2942479056425847,132633.99318902253
331.8680443763733,-0.2929617768011872,132633.29387012028
331.96753787994385,-0.29130818257653324,132634.26448310824
332.0673608779907,-0.29277804410955893,132635.3380347974
332.1681532859802,-0.2958096335214245,132636.30423131766
332.26778745651245,-0.2921349796888602,132635.8738081859
332.3677108287811,-0.2936048412218859,132634.7864273673
332.4676134586334,-0.29323737583862947,132634.90778463057
332.5676305294037,-0.29461537102584107,132636.81700616752
332.66779708862305,-0.2923187123804884,132636.73530555077
332.76772141456604,-0.2934211085302577,132637.4617749957
332.8674261569977,-0.2956259008297963,132637.51559749612
332.96769762039185,-0.296268965250495,132637.76403774653
333.0677671432495,-0.2942479056425847,132637.38763397187
333.16814374923706,-0.29415603929677053,132636.8488705747
333.267653465271,-0.2934211085302577,132636.76398351724
333.36746287345886,-0.2910325835390909,132635.08758516551
333.46759581565857,-0.29461537102584107,132633.67882664897
333.56769132614136,-0.2959933662130527,132631.91094398408
333.66762471199036,-0.29149191526816143,132630.31984958568
333.767431974411,-0.2949828364090975,132629.98786462712
333.8672602176666,-0.29406417295095644,132629.18907816443
333.96744418144226,-0.29268617776374484,132628.770170348
334.0678951740265,-0.2949828364090975,132628.7931533132
334.1675503253937,-0.29241057872630255,132628.51383798188
334.26728415489197,-0.29268617776374484,132629.9624541837
334.3681437969208,-0.2916756479597897,132631.26620876533
334.4681305885315,-0.2942479056425847,132631.3395878888
334.56820034980774,-0.29378857391351415,132631.5056290999
334.6676290035248,-0.2934211085302577,132632.25506618991
334.7676327228546,-0.29535030179235394,132631.82955957094
334.86782217025757,-0.29397230660514234,132631.94660361385
334.9678964614868,-0.2933292421844436,132632.25194325246
335.0673530101776,-0.29378857391351415,132632.2267489272
335.16788148880005,-0.2942479056425847,132632.00407403448
335.2677791118622,-0.2933292421844436,132631.40366663103
335.36784529685974,-0.29388044025932825,132630.16329996794
335.4675295352936,-0.2944316383342129,132631.54696997115
335.5673859119415,-0.29406417295095644,132632.09227297406
335.66740322113037,-0.29461537102584107,132632.78304567665
335.76811027526855,-0.29415603929677053,132632.704741109
335.8671998977661,-0.29452350468002697,132632.6342669981
335.96805024147034,-0.29057325181002036,132632.3708402983
336.06747007369995,-0.29388044025932825,132632.43375626847
336.1678190231323,-0.2948909700632834,132632.39038064162
336.26818895339966,-0.2942479056425847,132633.55134257747
336.36741733551025,-0.2915837816139756,132633.29620831972
336.46799302101135,-0.29241057872630255,132633.16658748777
336.56808376312256,-0.29452350468002697,132633.049928739
336.66795682907104,-0.29544216813816804,132633.7449358651
336.767281293869,-0.2948909700632834,132633.3704422786
336.8679211139679,-0.29415603929677053,132632.33339805075
336.96802377700806,-0.2923187123804884,132633.20005824568
337.0679552555084,-0.2929617768011872,132633.1800524211
337.16779375076294,-0.2922268460346743,132633.86204717902
337.2673840522766,-0.29176751430560377,132634.17584246112
337.367347240448,-0.2922268460346743,132634.858258215
337.4680848121643,-0.29378857391351415,132635.1724323935
337.5674514770508,-0.2943397719883988,132635.75518915415
337.6678023338318,-0.29663643063375145,132635.57967023875
337.76762413978577,-0.29544216813816804,132635.42170321487
337.8674762248993,-0.29323737583862947,132634.5795328934
337.968044757843,-0.29277804410955893,132635.72157960405
338.0673141479492,-0.29378857391351415,132635.64942164364
338.1678247451782,-0.2935129748760718,132636.38447947928
338.26790046691895,-0.2947991037174693,132635.24603153137
338.3673253059387,-0.29250244507211665,132634.12142837825
338.46730160713196,-0.2933292421844436,132633.5092855404
338.5676860809326,-0.2947072373716552,132632.85835698637
338.6678214073181,-0.29397230660514234,132633.47252128774
338.76806473731995,-0.2948909700632834,132634.22526915895
338.86730456352234,-0.2942479056425847,132634.20274224307
338.96748328208923,-0.29250244507211665,132634.98246801877
339.06802344322205,-0.29259431141793074,132634.4842212169
339.16733860969543,-0.2929617768011872,132633.6357990952
339.2674889564514,-0.29406417295095644,132634.07221918568
339.3675618171692,-0.2936048412218859,132635.16499726713
339.4676113128662,-0.29176751430560377,132635.74849754042
339.5675616264343,-0.2934211085302577,132635.67364778637
339.667605638504,-0.2921349796888602,132636.60628300774
339.76761198043823,-0.2936967075677,132636.74565470696
339.86818265914917,-0.29388044025932825,132635.87108923626
339.9677140712738,-0.2942479056425847,132635.58398031263
340.06733441352844,-0.2950747027549116,132634.72558228136
340.16731309890747,-0.2947072373716552,132634.55302405322
340.2679805755615,-0.29397230660514234,132633.9977216479
340.36776304244995,-0.2920431133430461,132633.5979494831
340.46746015548706,-0.29277804410955893,132634.3381545348
340.5672833919525,-0.2947991037174693,132634.20433908133
340.66782093048096,-0.2944316383342129,132632.1839051732
340.76751232147217,-0.29277804410955893,132632.76551465588
340.8680782318115,-0.2947991037174693,132633.4889631903
340.9681282043457,-0.29406417295095644,132633.34006687126
341.0672605037689,-0.29406417295095644,132633.80606018414
341.16768193244934,-0.29388044025932825,132633.92545416573
341.2673530578613,-0.29121631623071914,132635.03290874916
341.36779403686523,-0.2947072373716552,132635.22961787425
341.468065738678,-0.29397230660514234,132634.60665608683
341.56799483299255,-0.2936967075677,132635.34599047815
341.6679172515869,-0.2960852325588668,132635.71139143035
341.76743841171265,-0.2930536431470013,132636.14025228732
341.8677444458008,-0.2920431133430461,132636.2262270586
341.9680173397064,-0.2934211085302577,132636.20360435275
342.0681474208832,-0.29250244507211665,132636.68324391748
342.16740131378174,-0.29406417295095644,132636.31491952573
342.26777362823486,-0.29241057872630255,132633.58342757315
342.3682441711426,-0.2934211085302577,132633.12508481584
342.4675796031952,-0.2916756479597897,132633.01257633427
342.5682270526886,-0.2936048412218859,132632.41131870085
342.6678283214569,-0.29314550949281537,132632.27018683078
342.76753520965576,-0.2936967075677,132632.3431681477
342.867470741272,-0.29314550949281537,132631.10885133292
342.96756315231323,-0.29452350468002697,132631.79796619964
343.06772780418396,-0.2920431133430461,132631.01816957968
343.1677575111389,-0.29268617776374484,132630.7163526217
343.26754999160767,-0.2935129748760718,132631.44471735953
343.3675582408905,-0.29516656910072575,132632.00024562358
343.46786069869995,-0.2948909700632834,132631.80022106122
343.56775546073914,-0.29406417295095644,132632.0201989551
343.66763973236084,-0.2943397719883988,132631.6181790596
343.7672965526581,-0.29149191526816143,132631.65636115364
343.8681936264038,-0.2959933662130527,132630.39072503828
343.96722388267517,-0.29259431141793074,132630.15165253443
344.06779766082764,-0.2942479056425847,132630.636487281
344.167831659317,-0.2943397719883988,132630.0728385529
344.26771569252014,-0.29388044025932825,132630.3655546976
344.36769914627075,-0.29185938065141787,132631.12899922783
344.46733570098877,-0.2910325835390909,132630.91609930506
344.5679314136505,-0.2916756479597897,132631.92448937456
344.6678640842438,-0.29277804410955893,132632.1320404371
344.76758909225464,-0.29185938065141787,132632.1188363934
344.8673357963562,-0.2935129748760718,132632.00695275408
344.9672272205353,-0.2915837816139756,132631.50625747867
345.06750655174255,-0.2948909700632834,132630.2556317308
345.167729139328,-0.2947072373716552,132629.33006855773
345.2678725719452,-0.2928699104553731,132628.79706170195
345.36816215515137,-0.29140004892234733,132629.31735553176
345.4674651622772,-0.29268617776374484,132630.0856199786
345.5674674510956,-0.29130818257653324,132629.77705798074
345.6680805683136,-0.28974645469769345,132630.29935218266
345.7675344944,-0.2936048412218859,132630.8694169644
345.86768436431885,-0.29185938065141787,132632.68247526794
345.96767830848694,-0.29048138546420627,132632.51422774114
346.0678160190582,-0.29314550949281537,132632.56280496702
346.16760540008545,-0.29259431141793074,132633.4065244703
346.26799845695496,-0.29452350468002697,132634.76587202327
346.36732029914856,-0.29002205373513573,132634.68928482095
346.4676191806793,-0.29241057872630255,132635.22035633886
346.56757616996765,-0.29176751430560377,132635.09832070497
346.6679673194885,-0.29268617776374484,132635.18848863448
346.76765608787537,-0.29176751430560377,132634.16963977105
346.86814618110657,-0.29140004892234733,132634.85267579395
346.9673345088959,-0.29140004892234733,132634.86740821454
347.06760573387146,-0.2933292421844436,132633.9806673931
347.1679799556732,-0.29241057872630255,132634.6826006538
347.2673132419586,-0.29323737583862947,132633.71434058843
347.3679015636444,-0.2930536431470013,132633.8429065296
347.46807980537415,-0.29185938065141787,132633.45861587665
347.5673544406891,-0.29259431141793074,132632.512754289
347.66790533065796,-0.2909407171932768,132631.96147886012
347.76721811294556,-0.2910325835390909,132631.8653309741
347.8674256801605,-0.29176751430560377,132631.97879787668
347.967764377594,-0.2934211085302577,132631.68091808903
348.0681221485138,-0.2907569845016486,132633.01282628014
348.16811776161194,-0.29002205373513573,132632.31154365212
348.2672996520996,-0.29268617776374484,132632.08038928692
348.3677718639374,-0.2934211085302577,132631.87235035823
348.46813344955444,-0.2943397719883988,132630.88511532242
348.5675220489502,-0.2935129748760718,132631.2966037902
348.66812443733215,-0.29038951911839217,132632.76694341117
348.76759028434753,-0.29268617776374484,132631.39024907007
348.86816000938416,-0.29149191526816143,132630.35122416305
348.9679822921753,-0.28993018738932164,132630.91610174676
349.0678279399872,-0.2933292421844436,132631.42449157208
349.16803884506226,-0.2930536431470013,132631.38204241486
349.26816296577454,-0.2921349796888602,132631.7438381734
349.3680477142334,-0.2910325835390909,132631.66945435604
349.46806740760803,-0.29057325181002036,132632.50250892044
349.5678367614746,-0.2936048412218859,132631.8522580284
349.66740012168884,-0.2906651181558345,132632.16703222558
349.7679889202118,-0.2915837816139756,132631.85032900303
349.8677341938019,-0.29140004892234733,132632.66529610273
349.9672932624817,-0.29112444988490505,132632.89876649246
350.06749653816223,-0.29241057872630255,132634.4088898432
350.16784262657166,-0.291951246997232,132633.9680008589
350.26748967170715,-0.2909407171932768,132633.27120077302
350.36772751808167,-0.29149191526816143,132633.14408069573
350.4672894477844,-0.291951246997232,132634.12967262615
350.5678288936615,-0.29057325181002036,132633.41670536355
350.6680235862732,-0.2920431133430461,132634.5750348272
350.7678813934326,-0.2916756479597897,132633.71753134447
350.86794900894165,-0.2906651181558345,132635.34577821003
350.9680337905884,-0.29176751430560377,132634.41120038903
351.0676782131195,-0.29038951911839217,132634.57008035012
351.1676859855652,-0.29185938065141787,132634.31307231513
351.2674226760864,-0.28855219220211004,132633.58176508363
351.3678135871887,-0.29130818257653324,132633.22358857526
351.4678828716278,-0.290205786426764,132632.30122971773
351.567866563797,-0.29259431141793074,132631.57110674598
351.66775822639465,-0.2916756479597897,132632.1139960714
351.76779079437256,-0.2910325835390909,132631.30259646426
351.86788296699524,-0.2902976527725781,132631.67233681784
351.96794533729553,-0.2928699104553731,132631.60510313604
352.0677762031555,-0.2929617768011872,132630.74459282245
352.1676504611969,-0.2909407171932768,132631.2701335402
352.26810479164124,-0.289378989314437,132632.14312018617
352.36757946014404,-0.28919525662280876,132633.12880816756
352.46740198135376,-0.29048138546420627,132634.01592735082
352.5680561065674,-0.291951246997232,132633.71433461574
352.66744923591614,-0.29112444988490505,132633.14290115418
352.7678346633911,-0.28919525662280876,132633.72861103876
352.86791920661926,-0.28983832104350754,132633.0557499349
352.9678156375885,-0.2916756479597897,132632.95017494142
353.06807923316956,-0.29121631623071914,132632.5551574473
353.1678683757782,-0.29149191526816143,132632.69964170258
353.26793217658997,-0.2896545883518793,132632.72967753233
353.3679895401001,-0.29038951911839217,132632.1567097791
353.4679138660431,-0.2909407171932768,132632.1410388012
353.567688703537,-0.2906651181558345,132632.92693492107
353.66743063926697,-0.29038951911839217,132634.43424142897
353.7673454284668,-0.29048138546420627,132635.09081728608
353.8672733306885,-0.2901139200809498,132636.08173555747
353.9672820568085,-0.29112444988490505,132635.37356200174
354.0673441886902,-0.2935129748760718,132636.23620580157
354.1673495769501,-0.2906651181558345,132636.61258522142
354.2674674987793,-0.2901139200809498,132635.9513266993
354.36739206314087,-0.29185938065141787,132635.25619402935
354.4674394130707,-0.28919525662280876,132634.83057462642
354.56768107414246,-0.29002205373513573,132634.24751716378
354.6673662662506,-0.29241057872630255,132634.2227654474
354.76798725128174,-0.28855219220211004,132634.60048890265
354.86776757240295,-0.28781726143559716,132635.04044001238
354.9690351486206,-0.29002205373513573,132633.73639601114
355.0677156448364,-0.2916756479597897,132633.56275641004
355.16813945770264,-0.2916756479597897,132632.80648076904
355.26734828948975,-0.2902976527725781,132631.62583269214
355.3679258823395,-0.2901139200809498,132632.06324942294
355.4680018424988,-0.2895627220060652,132632.55692448065
355.56731820106506,-0.29140004892234733,132632.3012320326
355.6680099964142,-0.289378989314437,132632.47110882934
355.76754546165466,-0.29048138546420627,132631.22399794642
355.8672983646393,-0.2910325835390909,132630.3015981518
355.9679675102234,-0.290205786426764,132630.67143833663
356.0674340724945,-0.2889196575853665,132630.104294503
356.1677074432373,-0.29176751430560377,132629.4938650527
356.2680974006653,-0.2895627220060652,132629.44447854743
356.36789655685425,-0.2882765931646677,132629.1000306927
356.46791887283325,-0.2901139200809498,132629.49002762343
356.56805872917175,-0.290205786426764,132629.0410248611
356.6679048538208,-0.29038951911839217,132628.73692237498
356.76792907714844,-0.28983832104350754,132629.5632301375
356.8676047325134,-0.2908488508474627,132631.00690712375
356.96772027015686,-0.28993018738932164,132630.70621641137
357.0680673122406,-0.2908488508474627,132629.73559477023
357.1672430038452,-0.2916756479597897,132630.36203529322
357.26791310310364,-0.28919525662280876,132631.5258317639
357.367315530777,-0.290205786426764,132631.1732485875
357.4672703742981,-0.29038951911839217,132629.55592372874
357.56815338134766,-0.2896545883518793,132628.80033135586
357.6676073074341,-0.2882765931646677,132628.92029822027
357.767373085022,-0.291951246997232,132628.82826839824
357.8671987056732,-0.29149191526816143,132627.84544155843
357.96722054481506,-0.29241057872630255,132627.86089740257
358.06816148757935,-0.29149191526816143,132628.9748076623
358.16793990135193,-0.2889196575853665,132629.17732689608
358.2673306465149,-0.29176751430560377,132630.25959420647
358.36810517311096,-0.290205786426764,132631.03363478582
358.46743297576904,-0.29057325181002036,132630.53027130725
358.56810784339905,-0.28910339027699467,132628.97724417652
358.66783118247986,-0.29038951911839217,132627.97951975887
358.7676045894623,-0.2901139200809498,132627.88156778298
358.8673746585846,-0.29057325181002036,132628.0934110047
358.96808218955994,-0.2895627220060652,132627.88406990422
359.0677647590637,-0.2906651181558345,132628.0956629138
359.16763281822205,-0.29038951911839217,132627.58609662243
359.26727771759033,-0.2896545883518793,132628.5274869602
359.3677179813385,-0.29112444988490505,132629.77473826418
359.46744680404663,-0.29121631623071914,132628.79726443777
359.5673689842224,-0.29057325181002036,132629.217537994
359.6681411266327,-0.2920431133430461,132629.6957841946
359.768182516098,-0.2923187123804884,132628.92620577515
359.86722135543823,-0.28864405854792413,132627.83358519763
359.9681746959686,-0.2881847268188536,132627.95022667787
360.06775069236755,-0.2916756479597897,132627.15520401008
360.16768646240234,-0.28919525662280876,132627.83968360908
360.26739406585693,-0.2892871229686229,132628.65571524817
360.36732292175293,-0.2910325835390909,132628.69014372336
360.4680449962616,-0.2873579297065266,132628.62112935103
360.56745076179504,-0.29002205373513573,132629.25901641592
360.66810941696167,-0.28974645469769345,132629.23311477434
360.76803493499756,-0.28993018738932164,132630.20980329692
360.8672544956207,-0.289378989314437,132630.98882296722
360.9672658443451,-0.28974645469769345,132631.5899406705
361.0679860115051,-0.28864405854792413,132632.33094660344
361.1681616306305,-0.29149191526816143,132632.8978519431
361.2678999900818,-0.2909407171932768,132633.80806674878
361.3672218322754,-0.29038951911839217,132633.2272600739
361.4680116176605,-0.2896545883518793,132633.60453406652
361.5676016807556,-0.28790912778141126,132633.44408065986
361.66816687583923,-0.2916756479597897,132633.59967259387
361.76810908317566,-0.28836845951048184,132633.9397053345
361.86748242378235,-0.2896545883518793,132633.94573480103
361.96795320510864,-0.28901152393118057,132632.95116132093
362.06766533851624,-0.28836845951048184,132634.05604518883
362.1672065258026,-0.2892871229686229,132633.85044066995
362.26736855506897,-0.2906651181558345,132635.36539660295
362.368013381958,-0.29185938065141787,132635.82885694265
362.4675235748291,-0.289378989314437,132636.44597124838
362.56806349754333,-0.28910339027699467,132635.90137412355
362.6680443286896,-0.2895627220060652,132636.31123671122
362.76822304725647,-0.28855219220211004,132636.7801130401
362.86768794059753,-0.29121631623071914,132636.7021017361
362.9680209159851,-0.28864405854792413,132636.4318915625
363.06785011291504,-0.2908488508474627,132637.48870240626
363.1678819656372,-0.28901152393118057,132637.13983216565
363.2675368785858,-0.2882765931646677,132636.9258489491
363.3681170940399,-0.2894708556602511,132636.43326405418
363.4682276248932,-0.28993018738932164,132634.78993764875
363.56736040115356,-0.29002205373513573,132633.61094388386
363.6674790382385,-0.2880009941272254,132632.9498494955
363.7677140235901,-0.2887359248937382,132632.85486454595
363.8679099082947,-0.2901139200809498,132632.16937809135
363.967410326004,-0.28974645469769345,132631.3524402822
364.06744599342346,-0.2894708556602511,132630.81719625398
364.16811871528625,-0.2894708556602511,132629.7354766286
364.2681362628937,-0.2896545883518793,132629.46192896573
364.36796736717224,-0.2895627220060652,132628.21573606916
364.4678852558136,-0.28790912778141126,132628.79416246226
364.56717681884766,-0.28993018738932164,132628.31474621603
364.668160200119,-0.2874497960523407,132628.2832715944
364.76775574684143,-0.28919525662280876,132628.15494443497
364.86791014671326,-0.29038951911839217,132628.23944999147
364.9671733379364,-0.28836845951048184,132628.31550499232
365.06790471076965,-0.290205786426764,132627.68395449308
365.16807079315186,-0.29048138546420627,132627.51555904376
365.26817631721497,-0.2895627220060652,132628.8640031394
365.3679783344269,-0.28836845951048184,132630.67760282548
365.46775484085083,-0.28790912778141126,132631.30984254295
365.5673899650574,-0.2895627220060652,132631.17885828865
365.66789197921753,-0.2901139200809498,132632.0609724598
365.7678258419037,-0.28993018738932164,132631.7548752138
365.8676083087921,-0.28901152393118057,132632.87938769243
365.96764874458313,-0.2882765931646677,132631.39144892318
366.0678553581238,-0.28790912778141126,132630.75230403087
366.1679449081421,-0.2906651181558345,132630.27707362777
366.26739025115967,-0.2895627220060652,132629.54936626498
366.36776852607727,-0.2909407171932768,132629.29442963848
366.4681484699249,-0.2892871229686229,132627.76498667465
366.5680627822876,-0.2888277912395524,132627.3884880072
366.6681230068207,-0.28993018738932164,132626.84963920648
366.7677299976349,-0.28781726143559716,132627.56467528583
366.86728405952454,-0.289378989314437,132626.70820775724
366.96814131736755,-0.28855219220211004,132628.03738698154
367.0681662559509,-0.28864405854792413,132629.7336482834
367.1673729419708,-0.28855219220211004,132630.96028345506
367.26743507385254,-0.28836845951048184,132632.56425510955
367.36820363998413,-0.289378989314437,132632.50782959862
367.4677472114563,-0.289378989314437,132632.15704663875
367.5680572986603,-0.28855219220211004,132632.54134197487
367.66774129867554,-0.2875416623981549,132632.88720777738
367.76785802841187,-0.28919525662280876,132633.29848699964
367.8674464225769,-0.28855219220211004,132632.56863829968
367.9674232006073,-0.2895627220060652,132633.3117744697
368.0674979686737,-0.28763352874396897,132633.88059702274
368.1678318977356,-0.28919525662280876,132634.79253732046
368.26727080345154,-0.28726606336071253,132635.2132835884
368.3679230213165,-0.28864405854792413,132635.59195522958
368.4682400226593,-0.29057325181002036,132636.73275970662
368.5679671764374,-0.28781726143559716,132637.65948373594
368.66767930984497,-0.2882765931646677,132636.29353536235
368.7677161693573,-0.28901152393118057,132635.76418182612
368.8679790496826,-0.28993018738932164,132634.28776364352
368.96751403808594,-0.28901152393118057,132635.95898727915
369.0674090385437,-0.28496940471535986,132634.56308855125
369.1679437160492,-0.2882765931646677,132634.30677969614
369.2677915096283,-0.2910325835390909,132634.67610172654
369.36735558509827,-0.28836845951048184,132635.40849155388
369.4679915904999,-0.2888277912395524,132634.6676423985
369.56779646873474,-0.2901139200809498,132633.30087815865
369.66813468933105,-0.2880928604730395,132633.1707903428
369.7676475048065,-0.2888277912395524,132632.3537113085
369.86780405044556,-0.285979934519315,132631.61834017764
369.967796087265,-0.28910339027699467,132632.15650615987
370.06762981414795,-0.28901152393118057,132632.84085554388
370.1680197715759,-0.289378989314437,132633.35676998948
370.26759672164917,-0.2860718008651291,132632.52109299053
370.3672926425934,-0.28708233066908434,132632.96898369148
370.4676847457886,-0.2868985979774561,132633.47208532234
370.5679728984833,-0.28790912778141126,132634.1248767901
370.6681776046753,-0.2880009941272254,132634.2123891111
370.7678654193878,-0.28993018738932164,132634.2911502
370.8678457736969,-0.28910339027699467,132635.26203518
370.9680573940277,-0.28726606336071253,132635.23583166202
371.0678629875183,-0.2887359248937382,132636.11224849583
371.167307138443,-0.2873579297065266,132636.50102364627
371.2678554058075,-0.28790912778141126,132636.35092128164
371.36771035194397,-0.29176751430560377,132636.01582915348
371.46799993515015,-0.28855219220211004,132636.71424623812
371.56773686408997,-0.2869904643232702,132637.24282161432
371.6680233478546,-0.28708233066908434,132637.11853945287
371.7676796913147,-0.28726606336071253,132638.4066855076
371.8680646419525,-0.28974645469769345,132638.36601695683
371.9678246974945,-0.28772539508978306,132636.62941526115
372.06737422943115,-0.2880009941272254,132635.66647373504
372.1680598258972,-0.2874497960523407,132634.29982636153
372.2679920196533,-0.28781726143559716,132634.86984372538
372.3672225475311,-0.28634739990257146,132633.48285935284
372.467812538147,-0.28588806817350093,132634.03457341756
372.56773614883423,-0.28708233066908434,132633.7311160758
372.6676776409149,-0.2873579297065266,132632.65800446822
372.7679398059845,-0.2887359248937382,132633.69220402138
372.86796617507935,-0.2868985979774561,132633.22298361926
372.96785974502563,-0.28643926624838556,132632.90068525734
373.06760931015015,-0.2873579297065266,132632.31061673161
373.16793632507324,-0.28588806817350093,132633.17955505845
373.2676320075989,-0.2860718008651291,132633.5615995526
373.36770272254944,-0.28763352874396897,132632.60543959733
373.46778678894043,-0.28974645469769345,132632.24489563762
373.56790494918823,-0.2881847268188536,132632.12040607387
373.6679458618164,-0.28910339027699467,132631.6083654665
373.7680115699768,-0.2889196575853665,132631.34752891984
373.8682713508606,-0.2894708556602511,132632.11277602785
373.9679021835327,-0.29130818257653324,132631.60149842507
374.0680170059204,-0.28836845951048184,132630.64134858258
374.1675841808319,-0.2868985979774561,132629.8772137243
374.26730370521545,-0.28836845951048184,132629.4894923519
374.36811900138855,-0.28634739990257146,132629.3405431167
374.4673845767975,-0.28653113259419966,132629.20648880504
374.56746673583984,-0.2880928604730395,132629.18583992452
374.6674168109894,-0.285979934519315,132629.7672559321
374.76711416244507,-0.2880928604730395,132630.09053033887
374.86811780929565,-0.28974645469769345,132630.481477305
374.96748065948486,-0.2832239441448918,132630.6333295745
375.0674388408661,-0.28836845951048184,132629.36999661705
375.1673457622528,-0.28790912778141126,132629.33299695535
375.2675049304962,-0.28772539508978306,132629.9996972598
375.3678185939789,-0.28993018738932164,132630.59972753382
375.46722435951233,-0.2880928604730395,132630.53975478042
375.5676600933075,-0.28846032585629594,132631.08577930238
375.6679162979126,-0.286806731631642,132632.47720137215
375.767982006073,-0.28772539508978306,132632.62948123494
375.86805963516235,-0.28717419701489844,132631.76653311145
375.96782755851746,-0.28974645469769345,132631.38987980032
376.0677263736725,-0.28864405854792413,132630.6508918203
376.167320728302,-0.28717419701489844,132630.38580263825
376.26747965812683,-0.2892871229686229,132631.04722237444
376.36817502975464,-0.28515313740698806,132630.642500137
376.4676444530487,-0.2889196575853665,132630.4782501233
376.5675411224365,-0.28653113259419966,132630.43042511097
376.6673803329468,-0.2869904643232702,132631.0873825999
376.76802468299866,-0.28772539508978306,132632.1786443399
376.86787700653076,-0.2866229989400138,132631.1607799059
376.96759009361267,-0.2873579297065266,132631.24470191533
377.06764006614685,-0.286806731631642,132631.3202317238
377.16770124435425,-0.2867148652858279,132630.88820855142
377.26786184310913,-0.2866229989400138,132630.3993876963
377.36786699295044,-0.2895627220060652,132629.95944892667
377.4675040245056,-0.2889196575853665,132630.463504034
377.56759119033813,-0.2875416623981549,132630.2171536306
377.6677677631378,-0.28579620182768684,132628.99543826754
377.7677209377289,-0.28781726143559716,132629.7958944408
377.86793088912964,-0.2868985979774561,132629.71630499672
377.9678087234497,-0.2880928604730395,132629.04467449704
378.0676326751709,-0.28864405854792413,132629.64020704734
378.16767024993896,-0.28726606336071253,132629.0761863426
378.26734614372253,-0.2860718008651291,132628.06856770834
378.36736154556274,-0.2861636672109433,132628.5617109375
378.4681465625763,-0.28790912778141126,132627.50553984375
378.5679204463959,-0.2856124691360586,132627.4549858594
378.66804027557373,-0.28717419701489844,132627.10948727347
378.7677721977234,-0.28836845951048184,132627.49853854612
378.8680498600006,-0.28772539508978306,132627.54868469152
378.96798849105835,-0.28588806817350093,132627.69381622237
379.06763219833374,-0.28588806817350093,132628.22443460012
379.1679198741913,-0.2868985979774561,132628.20199114011
379.26744532585144,-0.28726606336071253,132627.8817920261
379.36806297302246,-0.28653113259419966,132627.8936128235
379.46790885925293,-0.2875416623981549,132627.20425154114
379.5681746006012,-0.28772539508978306,132627.18382638704
379.66761660575867,-0.286806731631642,132626.56544374835
379.7679316997528,-0.286806731631642,132627.10889937353
379.8680558204651,-0.28634739990257146,132627.19800943616
379.96742582321167,-0.28901152393118057,132627.47820849257
380.0676715373993,-0.2889196575853665,132626.4303876433
380.16802763938904,-0.2880009941272254,132626.68734887897
380.2675566673279,-0.2868985979774561,132626.71861399108
380.3674819469452,-0.28790912778141126,132627.14675259197
380.4680440425873,-0.28910339027699467,132627.03207733278
380.5676341056824,-0.28846032585629594,132626.72886959952
380.6677508354187,-0.28919525662280876,132624.95598263957
380.7680969238281,-0.28643926624838556,132625.46038437562
380.867472410202,-0.29002205373513573,132624.61434593805
380.9674799442291,-0.2868985979774561,132625.25291134426
381.06746530532837,-0.28910339027699467,132625.22762020983
381.1672716140747,-0.28772539508978306,132626.30485818884
381.26729941368103,-0.28846032585629594,132626.27437236995
381.36719250679016,-0.2852450037528022,132625.74693513295
381.4672358036041,-0.2882765931646677,132625.97224161966
381.5680148601532,-0.2874497960523407,132625.3750174577
381.66763710975647,-0.28588806817350093,132624.63751571192
381.76738238334656,-0.2846019393321034,132624.27376414073
381.8680748939514,-0.28634739990257146,132624.84638772666
381.9673020839691,-0.2880928604730395,132625.361748954
382.06764245033264,-0.2888277912395524,132625.1255740586
382.1676445007324,-0.28634739990257146,132625.51301665272
382.26807165145874,-0.2892871229686229,132624.76171498746
382.3676540851593,-0.28653113259419966,132624.28554348872
382.4680676460266,-0.2881847268188536,132624.85698913987
382.5681531429291,-0.28625553355675737,132625.0712902259
382.66790318489075,-0.28653113259419966,132624.8641612033
382.76799845695496,-0.2882765931646677,132625.47774508296
382.8679184913635,-0.28901152393118057,132625.22997057467
382.96762347221375,-0.2866229989400138,132627.10697351722
383.06762647628784,-0.2867148652858279,132627.4962761655
383.1678249835968,-0.2880928604730395,132627.84664854896
383.2675881385803,-0.2873579297065266,132628.86198369408
383.3678650856018,-0.28717419701489844,132628.47578532467
383.4674508571625,-0.28763352874396897,132629.3282067922
383.5676007270813,-0.28708233066908434,132628.595386113
383.66737818717957,-0.28790912778141126,132630.13584750172
383.7679109573364,-0.28790912778141126,132631.22226275154
383.8673539161682,-0.28763352874396897,132632.6000364764
383.9677324295044,-0.28763352874396897,132632.74003282876
384.0678970813751,-0.28910339027699467,132633.1660295459
384.167528629303,-0.2901139200809498,132633.04942659131
384.2675054073334,-0.2889196575853665,132633.74448393218
384.3677661418915,-0.29038951911839217,132634.77003553897
384.4679160118103,-0.2881847268188536,132634.59303198507
384.5672562122345,-0.2880009941272254,132634.43372878656
384.66738629341125,-0.28708233066908434,132635.2903559079
384.7675356864929,-0.28772539508978306,132634.96132031712
384.86782002449036,-0.2869904643232702,132635.6651882854
384.9689612388611,-0.28919525662280876,132635.89866945686
385.06751537323,-0.28653113259419966,132636.7088025112
385.16776943206787,-0.2874497960523407,132637.13792226007
385.2678439617157,-0.28855219220211004,132635.82413003407
385.36789774894714,-0.2854287364444304,132634.44171703068
385.4675374031067,-0.28570433548187274,132633.69754532762
385.56754207611084,-0.2880009941272254,132632.92779079487
385.6678717136383,-0.2868985979774561,132634.1350117154
385.76765537261963,-0.28726606336071253,132633.92151054388
385.8676836490631,-0.28919525662280876,132634.2293594895
385.96758556365967,-0.2868985979774561,132634.40642354055
386.06813287734985,-0.2853368700986163,132634.5657811865
386.1677601337433,-0.2861636672109433,132634.50920306786
386.2674355506897,-0.28653113259419966,132634.45828276107
386.36761951446533,-0.28634739990257146,132633.91245448496
386.4675486087799,-0.2880009941272254,132633.22120903648
386.5677044391632,-0.2881847268188536,132633.69908813282
386.6676263809204,-0.2894708556602511,132633.32917931955
386.7678427696228,-0.28864405854792413,132634.0962613876
386.867671251297,-0.286806731631642,132635.18663524883
386.9679505825043,-0.286806731631642,132635.26797172395
387.06747937202454,-0.2881847268188536,132635.44117455155
387.1674988269806,-0.28772539508978306,132634.7970570964
387.26754212379456,-0.2882765931646677,132634.91735138677
387.3677809238434,-0.28625553355675737,132633.9256162481
387.4680709838867,-0.28772539508978306,132633.9330546233
387.5678942203522,-0.28570433548187274,132634.539749161
387.66726183891296,-0.28901152393118057,132634.7857742449
387.76801323890686,-0.28790912778141126,132634.50719682043
387.8680613040924,-0.2881847268188536,132633.0564771384
387.9675757884979,-0.2855206027902445,132632.65082942456
388.06788659095764,-0.2874497960523407,132632.0857464821
388.16740369796753,-0.29002205373513573,132630.5771718339
388.26758337020874,-0.28634739990257146,132630.3194546505
388.3672697544098,-0.28588806817350093,132629.58750918545
388.4675545692444,-0.2866229989400138,132627.9287582669
388.567675113678,-0.28846032585629594,132626.6358824402
388.66770815849304,-0.28717419701489844,132626.07229419617
388.76727318763733,-0.28836845951048184,132627.46506477654
388.8677191734314,-0.2892871229686229,132628.4185582989
388.9675464630127,-0.2874497960523407,132627.276702469
389.0678536891937,-0.28588806817350093,132628.04903222213
389.16769909858704,-0.28836845951048184,132627.44412899992
389.26785588264465,-0.28579620182768684,132627.49971609993
389.3681366443634,-0.29002205373513573,132628.64974448996
389.4675750732422,-0.28772539508978306,132629.08477004096
389.56758999824524,-0.2873579297065266,132630.07629303687
389.66748213768005,-0.28708233066908434,132631.26866373318
389.7674946784973,-0.28901152393118057,132631.34179735987
389.86743545532227,-0.286806731631642,132632.7076176239
389.9673855304718,-0.28846032585629594,132633.03685586152
390.0676701068878,-0.2866229989400138,132633.53317027536
390.16743659973145,-0.2873579297065266,132631.27985324783
390.2675702571869,-0.2869904643232702,132630.45186792305
390.36777997016907,-0.28855219220211004,132630.40668113076
390.4674985408783,-0.28625553355675737,132629.66601301768
390.56751799583435,-0.28643926624838556,132628.6994117159
390.6677508354187,-0.29112444988490505,132628.72947054432
390.76740646362305,-0.2901139200809498,132627.1565234899
390.8681859970093,-0.29323737583862947,132627.3408711409
390.9675600528717,-0.29241057872630255,132628.60678402684
391.0679862499237,-0.29176751430560377,132628.64610562415
391.1678421497345,-0.290205786426764,132628.28149506176
391.2672927379608,-0.2902976527725781,132629.45334555558
391.36737632751465,-0.2881847268188536,132628.90801100002
391.46736764907837,-0.2930536431470013,132628.21720990003
391.5674948692322,-0.2986574902416618,132627.59548891004
391.6673560142517,-0.30747665943981606,132626.83594001905
391.76756739616394,-0.30857905558958537,132625.45234601715
391.8672857284546,-0.31234557576796373,132624.20711141542
391.96786665916443,-0.3106919815433098,132623.78640027388
392.0673110485077,-0.3106919815433098,132622.2077602465
392.16783833503723,-0.30729292674818787,132620.58698422185
392.2673907279968,-0.2961770989046809,132620.42828579966
392.36785888671875,-0.29038951911839217,132619.3854572197
392.4676170349121,-0.28726606336071253,132620.94691149774
392.5682361125946,-0.2910325835390909,132620.45222034797
392.6672627925873,-0.2986574902416618,132620.20699831317
392.76774287223816,-0.2995761536998029,132620.38629848187
392.8680455684662,-0.28993018738932164,132618.9476686337
392.967830657959,-0.28864405854792413,132619.6529017703
393.06742429733276,-0.28625553355675737,132620.2876115933
393.1676824092865,-0.2861636672109433,132620.85885043396
393.26813673973083,-0.2909407171932768,132621.17296539058
393.3672504425049,-0.2916756479597897,132620.95566885153
393.46789598464966,-0.2868985979774561,132621.66010196638
393.5675027370453,-0.2873579297065266,132621.49409176974
393.6679172515869,-0.2910325835390909,132621.14468259277
393.7673246860504,-0.29149191526816143,132620.9302143335
393.86751985549927,-0.2935129748760718,132620.13719290015
393.96771574020386,-0.29535030179235394,132620.42347361014
394.06819462776184,-0.2944316383342129,132620.78112624912
394.1678555011749,-0.29920868831654646,132620.5030136242
394.2673728466034,-0.30582306521516217,132619.75271226178
394.3681676387787,-0.30490440175702105,132618.97744103562
394.46808981895447,-0.3079359911688866,132619.27969693206
394.5673041343689,-0.30995705077679697,132619.15172723884
394.6673231124878,-0.3070173277107455,132620.93655451498
394.76784467697144,-0.2973713614002643,132622.0428990635
394.8678216934204,-0.28790912778141126,132622.83860915713
394.96822214126587,-0.2888277912395524,132622.85474824143
395.0677525997162,-0.2874497960523407,132622.0692734173
395.167387008667,-0.28634739990257146,132621.96234607557
395.26797747612,-0.28726606336071253,132621.366111468
395.3677706718445,-0.28506127106117396,132622.5295003212
395.4676744937897,-0.2853368700986163,132621.27655028907
395.56748056411743,-0.2880009941272254,132620.74889526016
395.667916059494,-0.28901152393118057,132620.87400573413
395.76748847961426,-0.28910339027699467,132620.38660516072
395.86817502975464,-0.2869904643232702,132621.74794464465
395.9678227901459,-0.2882765931646677,132621.9731501802
396.06740832328796,-0.2882765931646677,132622.07583516216
396.16777896881104,-0.2880009941272254,132622.06825164595
396.26740765571594,-0.28781726143559716,132621.96142648134
396.36786580085754,-0.28855219220211004,132621.56528383322
396.4673306941986,-0.28570433548187274,132621.9087554499
396.5677373409271,-0.28653113259419966,132623.4178799049
396.6675612926483,-0.2860718008651291,132623.57609191444
396.768141746521,-0.29038951911839217,132624.218482723
396.867516040802,-0.28846032585629594,132624.4966344507
396.96805143356323,-0.28643926624838556,132623.74697100566
397.06811261177063,-0.2889196575853665,132623.8722739051
397.1676459312439,-0.2880009941272254,132623.8850465146
397.2675530910492,-0.28855219220211004,132624.19654186314
397.36784386634827,-0.28790912778141126,132624.57688767684
397.4678089618683,-0.290205786426764,132624.91919890916
397.5676348209381,-0.2888277912395524,132626.02727901825
397.6677098274231,-0.28708233066908434,132626.72455111644
397.7672629356384,-0.28579620182768684,132627.4520960048
397.8679382801056,-0.28919525662280876,132627.80688640432
397.96745777130127,-0.286806731631642,132628.42619776388
398.06819224357605,-0.2908488508474627,132629.4835779875
398.16797065734863,-0.28643926624838556,132629.33522018875
398.2677147388458,-0.29112444988490505,132629.30169816987
398.36765599250793,-0.2880928604730395,132627.6715283529
398.4677655696869,-0.2873579297065266,132627.0043755176
398.56762504577637,-0.2907569845016486,132627.00393796584
398.66767144203186,-0.28864405854792413,132626.50354416927
398.7676022052765,-0.28864405854792413,132626.65318975234
398.8681049346924,-0.28570433548187274,132627.2878707771
398.9676778316498,-0.28726606336071253,132626.7590836994
399.06777262687683,-0.2888277912395524,132626.98317532946
399.1676208972931,-0.28974645469769345,132626.98485779652
399.2682387828827,-0.2855206027902445,132627.18637201688
399.36777424812317,-0.2875416623981549,132627.56773481518
399.46774554252625,-0.2860718008651291,132628.11096133367
399.56777787208557,-0.28993018738932164,132628.69986520032
399.66789150238037,-0.2881847268188536,132629.7298786803
399.7679228782654,-0.2881847268188536,132630.95689081226
399.86814856529236,-0.28772539508978306,132631.76120173105
399.96792483329773,-0.2860718008651291,132632.28508155796
400.0678403377533,-0.28910339027699467,132631.75657340218
400.1676824092865,-0.2860718008651291,132630.98091606196
400.267462015152,-0.2901139200809498,132631.18282445575
400.36723804473877,-0.2895627220060652,132631.16454201017
400.4680645465851,-0.2868985979774561,132631.44808780917
400.56769275665283,-0.28781726143559716,132632.00327902826
400.6676547527313,-0.28717419701489844,132631.40295112543
400.76792645454407,-0.28910339027699467,132631.7626560129
400.8680491447449,-0.28910339027699467,132631.88639041162
400.96763157844543,-0.2874497960523407,132631.39775137047
401.06745195388794,-0.28781726143559716,132631.85797623344
401.1673991680145,-0.2860718008651291,132631.5721786101
401.26747608184814,-0.28910339027699467,132631.5149607491
401.3681147098541,-0.2875416623981549,132630.2634646742
401.46771574020386,-0.28772539508978306,132631.0371182068
401.56820249557495,-0.2861636672109433,132629.7334063861
401.66785621643066,-0.2881847268188536,132629.9600657475
401.76827120780945,-0.28846032585629594,132629.26405917274
401.8677155971527,-0.28717419701489844,132628.53765325548
401.9675626754761,-0.28901152393118057,132627.78388792992
402.0681667327881,-0.28781726143559716,132628.90549913695
402.16780400276184,-0.2880928604730395,132629.21494922327
402.2673604488373,-0.2887359248937382,132628.19345430096
402.3675036430359,-0.2882765931646677,132628.37410887086
402.46813201904297,-0.28717419701489844,132628.5366979838
402.5674285888672,-0.285979934519315,132628.38302818543
402.66726326942444,-0.28717419701489844,132628.1447253669
402.7677278518677,-0.2868985979774561,132627.23025283022
402.86770153045654,-0.28717419701489844,132625.9072275472
402.967693567276,-0.28763352874396897,132624.0165047925
403.0678503513336,-0.28910339027699467,132623.01485431325
403.16776156425476,-0.28846032585629594,132622.41336888194
403.267555475235,-0.2881847268188536,132622.17203199374
403.3681514263153,-0.28790912778141126,132621.45482879438
403.4675323963165,-0.2867148652858279,132620.70934591495
403.56813311576843,-0.2867148652858279,132621.33841132346
403.6673755645752,-0.286806731631642,132621.20457019113
403.7681839466095,-0.290205786426764,132621.58411317202
403.8676998615265,-0.2855206027902445,132622.0257018548
403.9676067829132,-0.2880928604730395,132621.52313166935
404.0682113170624,-0.28919525662280876,132622.2708185024
404.1673777103424,-0.28790912778141126,132621.94373665217
404.26759099960327,-0.2868985979774561,132622.24936298694
404.3674817085266,-0.2882765931646677,132621.82442668825
404.4679229259491,-0.2881847268188536,132621.44198401942
404.56754183769226,-0.2922268460346743,132621.39778561748
404.66808676719666,-0.28772539508978306,132620.95800705574
404.767587184906,-0.2866229989400138,132621.56220635018
404.86763525009155,-0.2907569845016486,132622.00598571516
404.9674184322357,-0.2880009941272254,132621.50538714367
405.06805992126465,-0.28901152393118057,132620.2548484293
405.16766262054443,-0.28836845951048184,132621.12936358637
405.26759934425354,-0.28772539508978306,132622.41642722773
405.36771035194397,-0.286806731631642,132622.87478450497
405.4677302837372,-0.28570433548187274,132621.58730605448
405.5676076412201,-0.2866229989400138,132622.02857544905
405.66749358177185,-0.2867148652858279,132621.82571790414
405.7672679424286,-0.2881847268188536,132621.24314611373
405.86822175979614,-0.2868985979774561,132621.71883150237
405.96802616119385,-0.2880928604730395,132621.44694835212
406.06785464286804,-0.2869904643232702,132621.30225351691
406.16757917404175,-0.284234473948847,132621.07202816522
406.26752185821533,-0.28643926624838556,132620.26482534868
406.36810207366943,-0.28901152393118057,132619.7383428138
406.4677166938782,-0.2875416623981549,132620.0645085324
406.56738018989563,-0.28781726143559716,132619.55805767915
406.6676709651947,-0.28726606336071253,132618.80225191126
406.7674548625946,-0.2895627220060652,132619.32202672012
406.8680980205536,-0.28717419701489844,132619.1898240481
406.9676823616028,-0.28864405854792413,132619.3708416433
407.06766080856323,-0.2873579297065266,132618.73375747897
407.1675081253052,-0.2874497960523407,132618.56038173108
407.26786518096924,-0.28910339027699467,132618.10434355796
407.36782598495483,-0.28717419701489844,132618.09390920217
407.4675302505493,-0.285979934519315,132619.08451828195
407.56741976737976,-0.28790912778141126,132619.37606645375
407.6677813529968,-0.2882765931646677,132619.43845980839
407.7673108577728,-0.28717419701489844,132618.59461382756
407.8678033351898,-0.28708233066908434,132619.2351524448
407.96742844581604,-0.2866229989400138,132619.21163720032
408.06726336479187,-0.28846032585629594,132620.2904734803
408.1679582595825,-0.28588806817350093,132621.66142613228
408.26753520965576,-0.2873579297065266,132622.49528351906
408.3675956726074,-0.28708233066908434,132622.44575516717
408.4679272174835,-0.285979934519315,132622.40117965045
408.5672597885132,-0.2843263402946611,132622.4610616854
408.6673014163971,-0.28836845951048184,132623.21495551686
408.76735162734985,-0.286806731631642,132624.09345996517
408.86808013916016,-0.28772539508978306,132623.08411396865
408.96772146224976,-0.28790912778141126,132622.17570257178
409.0674867630005,-0.28708233066908434,132622.15813231462
409.16771936416626,-0.28625553355675737,132621.14231908316
409.2674014568329,-0.28790912778141126,132621.02808717484
409.3678243160248,-0.2874497960523407,132620.72527845736
409.46729016304016,-0.2874497960523407,132619.9527506116
409.56791520118713,-0.2880009941272254,132619.55747555045
409.6674885749817,-0.28588806817350093,132619.70172799542
409.7678334712982,-0.28708233066908434,132620.03155519586
409.867351770401,-0.28726606336071253,132620.22839967627
409.96767473220825,-0.2869904643232702,132619.90555970866
410.06817984580994,-0.2869904643232702,132620.1150037378
410.1674602031708,-0.28496940471535986,132619.903503364
410.2674310207367,-0.2869904643232702,132621.4131530276
410.3672881126404,-0.2846019393321034,132620.87183772484
410.4679207801819,-0.2846938056779175,132621.58465395236
410.56759309768677,-0.2875416623981549,132621.62618855713
410.6681532859802,-0.28515313740698806,132621.16356970143
410.7679560184479,-0.2874497960523407,132620.74721273128
410.8673882484436,-0.285979934519315,132621.67249145816
410.9674117565155,-0.28763352874396897,132621.60524231233
411.0678062438965,-0.28579620182768684,132622.0447180811
411.16729259490967,-0.2887359248937382,132623.340246273
411.26798248291016,-0.286806731631642,132623.2062216457
411.367436170578,-0.2852450037528022,132623.68559948113
411.46801948547363,-0.28717419701489844,132623.01703953304
411.5676951408386,-0.28625553355675737,132621.81533557974
411.6675217151642,-0.2867148652858279,132622.73380202177
411.7676978111267,-0.2887359248937382,132623.6604218196
411.86795592308044,-0.28901152393118057,132624.89437963764
411.96754360198975,-0.2866229989400138,132625.0049416739
412.0673453807831,-0.2868985979774561,132625.4044475065
412.16813015937805,-0.28864405854792413,132625.56400275585
412.26797008514404,-0.2873579297065266,132625.70760248028
412.36775040626526,-0.2895627220060652,132626.53684223225
412.46781301498413,-0.28855219220211004,132625.28315800903
412.5678553581238,-0.2868985979774561,132625.45484220813
412.66754055023193,-0.28588806817350093,132625.60935798733
412.76748991012573,-0.28910339027699467,132624.8484221886
412.86808133125305,-0.2855206027902445,132623.86357996974
412.9677731990814,-0.2880928604730395,132623.57722197275
413.06756472587585,-0.28579620182768684,132622.0194997755
413.1677031517029,-0.28625553355675737,132620.61754979793
413.2679452896118,-0.28588806817350093,132622.05579481815
413.36788988113403,-0.28643926624838556,132622.15021533633
413.4675371646881,-0.2868985979774561,132621.9351938027
413.5677635669708,-0.28451007298628933,132620.44167442244
413.66780614852905,-0.2868985979774561,132620.4975069802
413.7677938938141,-0.2856124691360586,132619.54775628218
413.8675663471222,-0.2873579297065266,132619.99298065397
413.96782207489014,-0.28634739990257146,132620.29368258858
414.06747555732727,-0.2860718008651291,132620.46431432973
414.16733980178833,-0.28515313740698806,132621.21788289674
414.26802277565,-0.28579620182768684,132621.99609460708
414.36785078048706,-0.2869904643232702,132622.59648514638
414.46778535842896,-0.2855206027902445,132621.93683663174
414.5680732727051,-0.28487753836954577,132620.7431529686
414.66739225387573,-0.2854287364444304,132619.86883767173
414.7677743434906,-0.2868985979774561,132619.68195390457
414.86792755126953,-0.2882765931646677,132620.41375851413
414.96721744537354,-0.2869904643232702,132619.57238266274
415.0677754878998,-0.28643926624838556,132620.81514439647
415.16778898239136,-0.28781726143559716,132619.13362995684
415.2679464817047,-0.2869904643232702,132619.62026696117
415.3672983646393,-0.28579620182768684,132619.75824026504
415.46818351745605,-0.2882765931646677,132620.08241623853
415.56722950935364,-0.28763352874396897,132620.37417461467
415.66742420196533,-0.28781726143559716,132620.7367571532
415.76772236824036,-0.28910339027699467,132620.5630814379
415.86812233924866,-0.2841426076030329,132621.50677329412
415.96819519996643,-0.2854287364444304,132621.65609596472
416.0677959918976,-0.2867148652858279,132620.49048636825
416.1676685810089,-0.2880009941272254,132621.14143773142
416.2677733898163,-0.28588806817350093,132621.4272939583
416.36762619018555,-0.2888277912395524,132621.18456456246
416.4672751426697,-0.28570433548187274,132621.06610810623
416.56726932525635,-0.2873579297065266,132621.9594972956
416.6679701805115,-0.28570433548187274,132620.96354756606
416.7673945426941,-0.2860718008651291,132620.96719280945
416.867892742157,-0.2860718008651291,132620.7704735285
416.9673328399658,-0.2873579297065266,132621.49342617564
417.0676574707031,-0.2852450037528022,132621.7440835581
417.16725063323975,-0.2866229989400138,132621.16967520228
417.2677710056305,-0.2866229989400138,132621.45270768207
417.3675093650818,-0.28625553355675737,132622.00743691387
417.467654466629,-0.2882765931646677,132621.8066932225
417.56751012802124,-0.28855219220211004,132622.42602390025
417.6679573059082,-0.2873579297065266,132623.48342151023
417.7674181461334,-0.2881847268188536,132623.13507935923
417.8674523830414,-0.28717419701489844,132623.9215714233
417.96816968917847,-0.2846019393321034,132623.22941428097
418.06768703460693,-0.2873579297065266,132621.90647285286
418.1679561138153,-0.2854287364444304,132623.21582556757
418.26734614372253,-0.28625553355675737,132623.59424301083
418.36762046813965,-0.2854287364444304,132622.83481870976
418.46717977523804,-0.28781726143559716,132622.15133683878
418.5680584907532,-0.2873579297065266,132621.9362031549
418.6672432422638,-0.28910339027699467,132621.84258283942
418.76737427711487,-0.285979934519315,132621.35832455548
418.86721754074097,-0.28625553355675737,132622.32249209992
418.9672465324402,-0.28643926624838556,132621.09024288994
419.0681462287903,-0.286806731631642,132621.48121860094
419.16821813583374,-0.28570433548187274,132620.83309674083
419.26794242858887,-0.28993018738932164,132620.84978706675
419.3681638240814,-0.284234473948847,132620.3648083601
419.4675118923187,-0.28974645469769345,132620.42832752407
419.56723618507385,-0.2866229989400138,132620.68549477166
419.6681752204895,-0.2875416623981549,132621.3169452945
419.76814556121826,-0.2874497960523407,132620.78525076504
419.8681972026825,-0.2866229989400138,132620.20672568853
419.9681420326233,-0.28643926624838556,132620.2860531197
420.06750202178955,-0.28643926624838556,132620.55744780772
420.167849779129,-0.28781726143559716,132621.70170302695
420.2679719924927,-0.28506127106117396,132622.03153272427
420.3680770397186,-0.28864405854792413,132621.32837945185
420.4680144786835,-0.28708233066908434,132621.09554150666
420.5677673816681,-0.28726606336071253,132620.28598735598
420.6679918766022,-0.2860718008651291,132619.9573886204
420.7677643299103,-0.28846032585629594,132618.86164975836
420.86793637275696,-0.2843263402946611,132619.87548478253
420.96804785728455,-0.28441820664047524,132619.68793630428
421.0673637390137,-0.2853368700986163,132620.51914267385
421.1672332286835,-0.2894708556602511,132621.16722840647
421.2677490711212,-0.2866229989400138,132622.45050556582
421.3672409057617,-0.2887359248937382,132623.80545500925
421.4678564071655,-0.2874497960523407,132623.7249095083
421.56807112693787,-0.28496940471535986,132623.25241855747
421.6678612232208,-0.2852450037528022,132623.52717670173
421.768030166626,-0.2867148652858279,132622.97445903154
421.8677713871002,-0.28634739990257146,132623.67701312838
421.9677720069885,-0.2861636672109433,132623.10931181555
422.0679371356964,-0.2855206027902445,132623.098380634
422.1681921482086,-0.2880928604730395,132623.48854257062
422.2675380706787,-0.28515313740698806,132622.63968831356
422.3676047325134,-0.2880009941272254,132622.5757194822
422.4674746990204,-0.28763352874396897,132621.81814753398
422.567227602005,-0.2873579297065266,132622.1363327806
422.66754841804504,-0.2874497960523407,132623.22269950254
422.7678008079529,-0.2855206027902445,132623.2004295523
422.8675799369812,-0.2861636672109433,132623.18038659706
422.96782994270325,-0.2867148652858279,132623.36234793736
423.0679831504822,-0.28487753836954577,132623.72611314364
423.1673147678375,-0.28846032585629594,132624.95350182927
423.26783084869385,-0.2880928604730395,132624.95815164634
423.36799144744873,-0.2866229989400138,132624.2623364817
423.46800994873047,-0.2867148652858279,132624.93610283354
423.5673270225525,-0.28763352874396897,132625.5424925502
423.66809010505676,-0.28570433548187274,132625.78824329516
423.76775217056274,-0.2868985979774561,132626.30941896565
423.8677077293396,-0.28487753836954577,132626.37847706908
423.9682283401489,-0.28763352874396897,132626.74062936218
424.067670583725,-0.28496940471535986,132627.96656642595
424.16789627075195,-0.28855219220211004,132626.46990978337
424.2680242061615,-0.2860718008651291,132625.22291880503
424.36802864074707,-0.28836845951048184,132625.50062692454
424.4678192138672,-0.28588806817350093,132625.3505642321
424.5681426525116,-0.2869904643232702,132625.0155078089
424.66797518730164,-0.2852450037528022,132625.613957028
424.76748728752136,-0.2869904643232702,132625.9525613252
424.868066072464,-0.28781726143559716,132625.65730519267
424.96817326545715,-0.2874497960523407,132625.3915746734
425.0676259994507,-0.2861636672109433,132625.95241720608
425.16746854782104,-0.2868985979774561,132625.55717548548
425.26781034469604,-0.2868985979774561,132625.90145793694
425.368239402771,-0.2881847268188536,132625.91131214326
425.46791672706604,-0.2861636672109433,132625.22018092894
425.56769013404846,-0.2880928604730395,132624.19816283605
425.66754055023193,-0.28726606336071253,132623.37834655246
425.7680118083954,-0.2847856720237316,132622.74051189722
425.86804938316345,-0.28708233066908434,132623.2664607075
425.967609167099,-0.2854287364444304,132623.23981463673
426.06723380088806,-0.2853368700986163,132624.21583317305
426.167307138443,-0.2874497960523407,132624.89424985574
426.2681064605713,-0.2889196575853665,132625.40482487017
426.36768102645874,-0.2866229989400138,132625.36434238317
426.46755385398865,-0.28643926624838556,132625.82790814486
426.5677363872528,-0.2875416623981549,132625.74511733037
426.66780734062195,-0.285979934519315,132626.07060559734
426.76737451553345,-0.28726606336071253,132626.5635450376
426.86793541908264,-0.2873579297065266,132627.90719053385
426.96783328056335,-0.2866229989400138,132628.41647148045
427.0681269168854,-0.2881847268188536,132628.4748243324
427.1674573421478,-0.2875416623981549,132628.02734189917
427.2675738334656,-0.28487753836954577,132627.52460770926
427.36820244789124,-0.28515313740698806,132626.67214693833
427.4673092365265,-0.28588806817350093,132626.2049322445
427.5681371688843,-0.28653113259419966,132626.38443902004
427.667439699173,-0.28506127106117396,132626.64599511804
427.76785826683044,-0.2882765931646677,132625.18139560625
427.86738085746765,-0.28790912778141126,132624.26325604564
427.9679684638977,-0.286806731631642,132624.13693044108
428.06743240356445,-0.28781726143559716,132624.82323739698
428.16742420196533,-0.28717419701489844,132625.1409136573
428.26753330230713,-0.28506127106117396,132624.32682229156
428.3673095703125,-0.2860718008651291,132623.09414006243
428.46770691871643,-0.2815703499202379,132622.3847260562
428.5676519870758,-0.28653113259419966,132621.04625345056
428.66780042648315,-0.28726606336071253,132619.74162810552
428.767201423645,-0.2854287364444304,132620.46746529496
428.8676908016205,-0.2860718008651291,132620.92071876547
428.96794152259827,-0.2854287364444304,132621.82864688893
429.0678005218506,-0.2874497960523407,132622.04578220003
429.1671931743622,-0.286806731631642,132623.94120398004
429.267826795578,-0.28653113259419966,132623.54708358203
429.3675501346588,-0.2853368700986163,132623.59237522385
429.46744298934937,-0.28377514221977646,132623.93313770148
429.5676259994507,-0.2856124691360586,132623.33982393134
429.6681475639343,-0.285979934519315,132622.5058415382
429.76784801483154,-0.2874497960523407,132622.55525738437
429.86751794815063,-0.2880928604730395,132621.99973164595
429.9678964614868,-0.285979934519315,132621.19975848135
430.0679450035095,-0.2860718008651291,132621.87978263322
430.1680052280426,-0.2856124691360586,132620.9918043699
430.26770639419556,-0.28570433548187274,132622.09262393293
430.3675789833069,-0.2856124691360586,132623.38336153963
430.4676275253296,-0.2875416623981549,132623.44502538568
430.5672998428345,-0.28588806817350093,132624.4005228471
430.66786003112793,-0.289378989314437,132625.9604705624
430.7676718235016,-0.2880928604730395,132625.26442350616
430.86746191978455,-0.28377514221977646,132624.63798115554
430.9673285484314,-0.2856124691360586,132622.77418304
431.0674328804016,-0.2853368700986163,132622.29676473598
431.16750717163086,-0.2861636672109433,132620.7670882624
431.267324924469,-0.28570433548187274,132620.49037943615
431.3673508167267,-0.2846938056779175,132620.54134149253
431.4674732685089,-0.2867148652858279,132621.38720734327
431.56738352775574,-0.28487753836954577,132621.04848660895
431.6674437522888,-0.2875416623981549,132621.64363794806
431.76722860336304,-0.286806731631642,132620.57927415325
431.8677580356598,-0.2856124691360586,132621.12134673793
431.96769428253174,-0.28515313740698806,132620.50921206415
432.0679438114166,-0.2867148652858279,132621.35829085775
432.16758608818054,-0.28625553355675737,132620.922461772
432.267858505249,-0.2855206027902445,132620.23021559478
432.36823320388794,-0.28441820664047524,132621.1071940353
432.467960357666,-0.28496940471535986,132621.19647463178
432.5674271583557,-0.28653113259419966,132620.17682716862
432.6680064201355,-0.28643926624838556,132619.85914445177
432.7678029537201,-0.28625553355675737,132619.3732300066
432.86748933792114,-0.28708233066908434,132619.23590700593
432.9678165912628,-0.2861636672109433,132618.81231630535
433.06728649139404,-0.28625553355675737,132619.93108467484
433.1681866645813,-0.2868985979774561,132620.23797620737
433.2673485279083,-0.28359140952814826,132620.81417858665
433.36741375923157,-0.2869904643232702,132621.932760728
433.4674062728882,-0.2825808797241931,132622.5394846552
433.56772685050964,-0.28506127106117396,132622.18553618967
433.6678433418274,-0.2853368700986163,132622.06698257072
433.76789951324463,-0.2861636672109433,132622.16028431364
433.8673315048218,-0.2855206027902445,132620.9442558823
433.96783995628357,-0.2869904643232702,132619.54983029407
434.0675435066223,-0.28781726143559716,132619.79484726468
434.1681237220764,-0.2856124691360586,132619.3153625382
434.26760506629944,-0.2856124691360586,132618.6838262844
434.3681275844574,-0.28496940471535986,132619.11544365596
434.4673593044281,-0.2854287364444304,132619.00389929037
434.5682110786438,-0.2846938056779175,132619.20350936134
434.66729831695557,-0.2861636672109433,132618.88315842522
434.7675983905792,-0.28506127106117396,132619.0948425827
434.8680565357208,-0.28717419701489844,132618.98535832443
434.96722412109375,-0.2843263402946611,132618.98682249198
435.0677001476288,-0.2855206027902445,132618.78814024277
435.16725993156433,-0.284234473948847,132618.9093262185
435.2681636810303,-0.2847856720237316,132619.21839359668
435.3681149482727,-0.28506127106117396,132618.596554237
435.46772742271423,-0.2866229989400138,132618.5368988133
435.56810665130615,-0.2880009941272254,132618.28320893197
435.6675384044647,-0.28579620182768684,132618.45488803877
435.7674300670624,-0.28634739990257146,132620.0093992349
435.8679304122925,-0.28781726143559716,132620.00845931142
435.96800899505615,-0.2861636672109433,132619.4076133803
436.0676803588867,-0.28634739990257146,132618.46685204224
436.16775822639465,-0.28579620182768684,132618.920166838
436.2672884464264,-0.2856124691360586,132619.52815015422
436.3681616783142,-0.28625553355675737,132620.2753351388
436.4680666923523,-0.2852450037528022,132621.24780162494
436.56755352020264,-0.28790912778141126,132621.52302146246
436.6681430339813,-0.2841426076030329,132621.97071931622
436.7671937942505,-0.2852450037528022,132620.5736473846
436.8681733608246,-0.2860718008651291,132621.21628264614
436.9674036502838,-0.2853368700986163,132622.49465438153
437.0673449039459,-0.28487753836954577,132624.44518894338
437.1672410964966,-0.28570433548187274,132625.10067004905
437.2678687572479,-0.28579620182768684,132624.09060304414
437.3678150177002,-0.28790912778141126,132623.88154273972
437.46783804893494,-0.28487753836954577,132624.19338846576
437.5676283836365,-0.2860718008651291,132624.57404961917
437.66814827919006,-0.2846938056779175,132624.31664465726
437.76819014549255,-0.2856124691360586,132624.38498019153
437.8673050403595,-0.28781726143559716,132622.34648217238
437.9681487083435,-0.2852450037528022,132623.11183395516
438.0678906440735,-0.2846019393321034,132625.00065055964
438.1674129962921,-0.2852450037528022,132625.60058550368
438.2678451538086,-0.28506127106117396,132626.3405269533
438.36763072013855,-0.286806731631642,132626.70647425798
438.46774411201477,-0.28506127106117396,132626.23582683218
438.56754875183105,-0.2846019393321034,132626.71224414898
438.6681764125824,-0.2840507412572188,132625.7410197341
438.7681529521942,-0.2861636672109433,132627.46691776067
438.86804270744324,-0.2852450037528022,132627.82022598461
438.96787428855896,-0.2854287364444304,132628.93820338615
439.06749653816223,-0.28451007298628933,132628.64438304753
439.16771507263184,-0.285979934519315,132627.7799447428
439.26794600486755,-0.28708233066908434,132626.8019502685
439.36731719970703,-0.2843263402946611,132628.12175524165
439.46783232688904,-0.2853368700986163,132628.60957971748
439.5673017501831,-0.2880928604730395,132628.64862174573
439.6674942970276,-0.285979934519315,132629.38375957115
439.76795077323914,-0.2846019393321034,132628.54538361405
439.8675570487976,-0.2853368700986163,132628.09084525265
439.9673023223877,-0.28487753836954577,132627.88176072738
440.06761479377747,-0.2843263402946611,132627.29358465466
440.16816115379333,-0.28212154799512257,132626.4642261892
440.2677233219147,-0.2867148652858279,132625.91780357028
440.36731481552124,-0.2843263402946611,132625.92602321325
440.4681987762451,-0.2856124691360586,132625.33342089193
440.56757068634033,-0.28451007298628933,132625.30007880274
440.6672966480255,-0.28515313740698806,132625.67007092247
440.7676475048065,-0.285979934519315,132625.10306383023
440.8679542541504,-0.2852450037528022,132623.69275744722
440.96819043159485,-0.2855206027902445,132623.4234817025
441.0680181980133,-0.28359140952814826,132623.88113353227
441.16813468933105,-0.28588806817350093,132624.19302017905
441.2679798603058,-0.2855206027902445,132625.47371816114
441.36779141426086,-0.2860718008651291,132625.42634634505
441.4678781032562,-0.285979934519315,132625.88371171054
441.5678195953369,-0.2846938056779175,132625.79534053948
441.6678400039673,-0.2861636672109433,132626.31580648554
441.76781702041626,-0.285979934519315,132625.88422583698
441.8678460121155,-0.28515313740698806,132625.7958032533
441.96767020225525,-0.2847856720237316,132626.116222928
442.0679256916046,-0.2867148652858279,132625.2046006352
442.1676425933838,-0.2856124691360586,132624.98414057167
442.2673842906952,-0.2866229989400138,132624.2857265145
442.3676025867462,-0.2855206027902445,132623.55715386305
442.46755838394165,-0.284234473948847,132624.90143847675
442.5679326057434,-0.2853368700986163,132623.3112946291
442.66792726516724,-0.2847856720237316,132623.9801651662
442.76807832717896,-0.28625553355675737,132624.38214864957
442.867960691452,-0.2846019393321034,132624.14393378462
442.968106508255,-0.2843263402946611,132625.42954040616
443.06735825538635,-0.28377514221977646,132625.08658636553
443.16750597953796,-0.2839588749114047,132624.877927729
443.2674298286438,-0.2856124691360586,132624.5901349561
443.36806535720825,-0.2852450037528022,132624.13112146046
443.46781754493713,-0.28441820664047524,132624.01800931443
443.5674555301666,-0.28487753836954577,132625.016208383
443.66761231422424,-0.28340767683652,132624.5145875447
443.7674973011017,-0.28386700856559055,132622.96312879023
443.8675763607025,-0.2861636672109433,132623.5668159112
443.9675440788269,-0.28588806817350093,132622.81013432008
444.0673043727875,-0.284234473948847,132622.72912088808
444.16771364212036,-0.284234473948847,132623.15620879928
444.2676944732666,-0.28386700856559055,132623.54058791936
444.36773705482483,-0.284234473948847,132623.28652912742
444.4678235054016,-0.284234473948847,132623.3578762147
444.56796646118164,-0.2853368700986163,132623.02208859322
444.66814970970154,-0.284234473948847,132622.61987973392
444.76795649528503,-0.28120288453698145,132622.55789176055
444.8679721355438,-0.28506127106117396,132622.6021025845
444.9686405658722,-0.285979934519315,132622.24189232604
445.06796646118164,-0.2853368700986163,132621.41770309344
445.167409658432,-0.284234473948847,132621.77593278408
445.268034696579,-0.2843263402946611,132622.39833950566
445.36771273612976,-0.2839588749114047,132622.1585055551
445.4680860042572,-0.28515313740698806,132622.34265499958
445.56776094436646,-0.28248901337837895,132623.20838949963
445.66722774505615,-0.2847856720237316,132623.08755054968
445.76772570610046,-0.2861636672109433,132621.57879549472
445.86732363700867,-0.28496940471535986,132620.22091594525
445.96791100502014,-0.28451007298628933,132617.9988243507
446.0679533481598,-0.28313207779907773,132617.19894191565
446.1681444644928,-0.28441820664047524,132616.7790477241
446.2677352428436,-0.2852450037528022,132616.90114295168
446.3678307533264,-0.2853368700986163,132617.81102865652
446.46764397621155,-0.28515313740698806,132618.7299257909
446.56799936294556,-0.2833158104907059,132618.5569332118
446.66775846481323,-0.2867148652858279,132620.10123989062
446.76753854751587,-0.2846019393321034,132621.69111590154
446.8673918247223,-0.2828564787616354,132621.9220043114
446.96799206733704,-0.2820296816493084,132622.32980388027
447.068097114563,-0.28496940471535986,132623.99682349226
447.16814947128296,-0.2826727460700072,132625.09714114305
447.2681293487549,-0.284234473948847,132624.28742702876
447.3675043582916,-0.28359140952814826,132623.65868432587
447.46817779541016,-0.28359140952814826,132624.1928158933
447.56749415397644,-0.28506127106117396,132623.07353430396
447.6675398349762,-0.28634739990257146,132622.86618087356
447.7672665119171,-0.2812947508827956,132622.77956278622
447.86751341819763,-0.2832239441448918,132623.20160650762
447.967307806015,-0.2843263402946611,132622.88144585685
448.0673065185547,-0.2861636672109433,132621.2933012712
448.16753363609314,-0.2853368700986163,132621.46397114405
448.2672760486603,-0.28304021145326363,132621.81757402967
448.3675756454468,-0.2860718008651291,132621.5358166267
448.4674711227417,-0.2846938056779175,132621.78223496405
448.5673930644989,-0.2846019393321034,132621.40401146765
448.66785287857056,-0.28340767683652,132621.76361032086
448.7672646045685,-0.28487753836954577,132622.5872492888
448.86766624450684,-0.28579620182768684,132622.8285243599
448.96745228767395,-0.28451007298628933,132623.1456719239
449.0674855709076,-0.28221341434093666,132622.4311047315
449.16811871528625,-0.2826727460700072,132621.48799425835
449.26804518699646,-0.2853368700986163,132622.2391948325
449.3679943084717,-0.28368327587396236,132621.71527534927
449.4672679901123,-0.2841426076030329,132621.94374781434
449.5679144859314,-0.28230528068675076,132623.2493730329
449.66784715652466,-0.2841426076030329,132623.0244357296
449.76809525489807,-0.2840507412572188,132623.52199215663
449.86815547943115,-0.28506127106117396,132622.96979294097
449.96806740760803,-0.28221341434093666,132622.87281364689
450.06786823272705,-0.2828564787616354,132623.6855322822
450.16764307022095,-0.2825808797241931,132623.61697905397
450.2674090862274,-0.2833158104907059,132624.05528114858
450.36765146255493,-0.2839588749114047,132624.44975303372
450.4678809642792,-0.28313207779907773,132623.80477773034
450.5678470134735,-0.2847856720237316,132624.12429995733
450.66748309135437,-0.2841426076030329,132623.0118699616
450.7674763202667,-0.2827646124158213,132622.31068296544
450.867573261261,-0.28304021145326363,132621.9796146689
450.9677495956421,-0.2829483451074495,132620.581653202
451.06731271743774,-0.2814784835744238,132619.12348788182
451.1678795814514,-0.28506127106117396,132619.01113909364
451.26735186576843,-0.2833158104907059,132618.91002518428
451.3672077655792,-0.28230528068675076,132617.81902266585
451.46800327301025,-0.2839588749114047,132619.23712039928
451.56794023513794,-0.2833158104907059,132620.11340835935
451.6680760383606,-0.2853368700986163,132620.30206752341
451.7677972316742,-0.28377514221977646,132620.87186077106
451.8675801753998,-0.2828564787616354,132620.08467469396
451.9679605960846,-0.2812947508827956,132619.27620722458
452.0674579143524,-0.2828564787616354,132620.04858650212
452.1675980091095,-0.28221341434093666,132620.64372785192
452.2679133415222,-0.28230528068675076,132621.47935506672
452.36778712272644,-0.2846019393321034,132621.43141956005
452.4675643444061,-0.2829483451074495,132620.38827760404
452.567631483078,-0.2819378153034943,132619.64944984362
452.66771936416626,-0.28386700856559055,132621.28450485927
452.7677276134491,-0.28349954318233417,132620.45605437335
452.867791891098,-0.2832239441448918,132620.01044893602
452.9676425457001,-0.28386700856559055,132618.60940404242
453.06789660453796,-0.2828564787616354,132618.24846363819
453.1679103374481,-0.28349954318233417,132618.02361727436
453.2672383785248,-0.2827646124158213,132617.82125554694
453.3680143356323,-0.2820296816493084,132617.53912999225
453.4677243232727,-0.28506127106117396,132618.08521699303
453.5681164264679,-0.2839588749114047,132618.5766952937
453.6681034564972,-0.2847856720237316,132618.11902576435
453.76767802238464,-0.28313207779907773,132618.20712318792
453.86813735961914,-0.2814784835744238,132619.08641086915
453.9680781364441,-0.285979934519315,132618.77776978223
454.0673930644989,-0.28377514221977646,132618.99999280402
454.1675515174866,-0.28451007298628933,132619.4999935236
454.2674174308777,-0.2861636672109433,132619.14999417125
454.3674373626709,-0.2846938056779175,132618.93499475415
454.46751403808594,-0.2820296816493084,132618.24149527875
454.56763887405396,-0.2839588749114047,132618.11734575088
454.66749715805054,-0.2805598201162827,132618.1056111758
454.7681448459625,-0.28248901337837895,132618.0950500582
454.8680591583252,-0.2826727460700072,132618.5855450524
454.96784925460815,-0.28441820664047524,132619.22699054715
455.06723952293396,-0.28368327587396236,132619.30429149244
455.16730976104736,-0.28487753836954577,132619.5738623432
455.26789689064026,-0.2819378153034943,132618.81647610888
455.367636680603,-0.2846938056779175,132617.934828498
455.46778440475464,-0.2815703499202379,132616.3413456482
455.5676474571228,-0.2840507412572188,132616.20721108338
455.6677188873291,-0.28248901337837895,132614.28648997506
455.7675607204437,-0.28377514221977646,132614.45784097756
455.86764121055603,-0.2827646124158213,132613.4120568798
455.96789836883545,-0.28230528068675076,132611.87085119184
456.0680329799652,-0.2841426076030329,132611.58376607267
456.16758489608765,-0.2820296816493084,132610.02538946542
456.26754927635193,-0.2861636672109433,132610.92285051887
456.3680639266968,-0.2815703499202379,132611.83056546698
456.46812677383423,-0.2827646124158213,132612.44750892028
456.56809282302856,-0.28340767683652,132612.90275802824
456.667760848999,-0.28313207779907773,132613.6124822254
456.7678825855255,-0.28349954318233417,132613.95123400286
456.8674349784851,-0.2814784835744238,132614.35611060256
456.96755957603455,-0.2827646124158213,132614.5204995423
457.0680441856384,-0.28230528068675076,132615.96844958808
457.167343378067,-0.2827646124158213,132616.97160462927
457.2675278186798,-0.28304021145326363,132617.17444416636
457.3681130409241,-0.28441820664047524,132617.25699974972
457.4680290222168,-0.28083541915372506,132618.03129977477
457.5674970149994,-0.2840507412572188,132618.22816979728
457.6672604084015,-0.28037608742465453,132618.40535281756
457.76774859428406,-0.2813866172286097,132619.0648175358
457.8675994873047,-0.28212154799512257,132619.65833578224
457.96748876571655,-0.2818459489576802,132619.39250220402
458.067476272583,-0.28175408261186613,132619.55325198363
458.1679265499115,-0.28368327587396236,132620.69792678527
458.2674608230591,-0.2818459489576802,132621.72813410676
458.36740732192993,-0.2820296816493084,132621.85532069608
458.4677703380585,-0.2813866172286097,132622.36978862647
458.56766176223755,-0.2826727460700072,132622.03280976383
458.6681044101715,-0.28166221626605203,132621.52952878745
458.7681300640106,-0.2827646124158213,132621.6765759087
458.8679540157318,-0.2840507412572188,132622.70891831783
458.96808791160583,-0.2846019393321034,132623.33802648605
459.0681176185608,-0.28340767683652,132624.10422383744
459.1675682067871,-0.28111101819116735,132624.4938014537
459.268132686615,-0.28230528068675076,132624.04442130832
459.3674244880676,-0.2829483451074495,132624.1399791775
459.467289686203,-0.2832239441448918,132623.62598125977
459.5681960582733,-0.28083541915372506,132622.7633831338
459.66734647750854,-0.2818459489576802,132623.18704482043
459.76734232902527,-0.2801004883872122,132621.7683403384
459.86724972724915,-0.28349954318233417,132621.19150630457
459.96807193756104,-0.28451007298628933,132619.3723556741
460.06732654571533,-0.28120288453698145,132619.53512010668
460.16816806793213,-0.28221341434093666,132619.18160809603
460.2680368423462,-0.28175408261186613,132618.46344728643
460.3673846721649,-0.2828564787616354,132617.91710255778
460.467236995697,-0.28239714703256485,132617.125392302
460.56820940971375,-0.28451007298628933,132617.91285307182
460.66804552078247,-0.28212154799512257,132616.62156776464
460.76790285110474,-0.28359140952814826,132617.45941098817
460.86726999282837,-0.28386700856559055,132616.61346988936
460.96753001213074,-0.28212154799512257,132618.05212290044
461.06780314445496,-0.28230528068675076,132619.6469106104
461.1676149368286,-0.2833158104907059,132619.18221954937
461.26782751083374,-0.2820296816493084,132619.56399759444
461.3675274848938,-0.2825808797241931,132619.407597835
461.46759247779846,-0.28570433548187274,132619.4668380515
461.5674424171448,-0.28212154799512257,132618.82015424635
461.6673209667206,-0.27964115665814165,132618.53813882172
461.7673771381378,-0.2812947508827956,132617.98432493955
461.8677067756653,-0.2833158104907059,132617.0858924456
461.9680769443512,-0.28349954318233417,132616.07730320105
462.0681838989258,-0.28248901337837895,132616.86957288094
462.1672053337097,-0.2814784835744238,132616.28261559285
462.26781582832336,-0.28111101819116735,132614.85435403357
462.3681218624115,-0.2819378153034943,132615.9689186302
462.46789813041687,-0.2825808797241931,132615.1720267672
462.5680260658264,-0.28368327587396236,132614.65482409048
462.6675434112549,-0.28248901337837895,132614.48934168144
462.76795530319214,-0.2852450037528022,132614.3404075133
462.86753821372986,-0.2818459489576802,132613.80636676197
462.9681553840637,-0.2843263402946611,132613.62573008577
463.06801295280457,-0.2846019393321034,132614.4631570772
463.1677930355072,-0.28083541915372506,132615.0168413695
463.26776576042175,-0.2832239441448918,132615.81515723254
463.3681643009186,-0.2805598201162827,132616.3336415093
463.468222618103,-0.2839588749114047,132616.00027735837
463.567645072937,-0.2825808797241931,132616.30024962252
463.66787981987,-0.2805598201162827,132617.2702246603
463.7675292491913,-0.2832239441448918,132618.44320219426
463.86786675453186,-0.28386700856559055,132617.39888197483
463.96820068359375,-0.28349954318233417,132616.15899377735
464.0675506591797,-0.2828564787616354,132616.14309439962
464.1680941581726,-0.28248901337837895,132616.82878495965
464.2676475048065,-0.2825808797241931,132616.24590646368
464.36738681793213,-0.28101915184535325,132617.32131581733
464.46751260757446,-0.28377514221977646,132618.5891842356
464.56741666793823,-0.2829483451074495,132617.33026581205
464.6672365665436,-0.28083541915372506,132616.49723923084
464.76739382743835,-0.2812947508827956,132616.24751530777
464.86811113357544,-0.2846019393321034,132614.62276377698
464.967924118042,-0.28212154799512257,132614.16048739926
465.06722927093506,-0.2843263402946611,132614.94443865935
465.16789627075195,-0.28175408261186613,132616.04999479343
465.2673020362854,-0.2815703499202379,132616.6449953141
465.36721205711365,-0.2847856720237316,132615.78049578267
465.46791768074036,-0.2846019393321034,132617.8024462044
465.56740951538086,-0.28221341434093666,132619.02220158395
465.6673936843872,-0.2826727460700072,132619.21998142556
465.76776480674744,-0.28092728549953916,132618.197983283
465.86728620529175,-0.2820296816493084,132619.3781849547
465.9675450325012,-0.2846938056779175,132619.94036645922
466.06720995903015,-0.28101915184535325,132619.64632981332
466.1679229736328,-0.28166221626605203,132619.981696832
466.26750016212463,-0.28083541915372506,132619.1835271488
466.36806559562683,-0.28304021145326363,132616.86517443391
466.46799182891846,-0.2819378153034943,132615.67865699052
466.5681266784668,-0.28221341434093666,132614.71079129147
466.6672263145447,-0.2841426076030329,132613.83971216233
466.76782178878784,-0.28248901337837895,132614.5557409461
466.86808705329895,-0.2829483451074495,132615.00016685147
466.9677803516388,-0.28230528068675076,132614.80015016632
467.06813502311707,-0.2828564787616354,132614.5201351497
467.1680746078491,-0.28304021145326363,132614.26812163476
467.2682099342346,-0.28175408261186613,132614.4413094713
467.36738085746765,-0.2825808797241931,132615.09717852416
467.4678461551666,-0.2804679537704686,132615.18746067173
467.5681231021881,-0.2828564787616354,132615.46871460456
467.6674311161041,-0.28083541915372506,132614.8218431441
467.76741003990173,-0.2828564787616354,132616.4396588297
467.8673620223999,-0.28386700856559055,132617.29569294676
467.9675750732422,-0.2846019393321034,132616.66612365207
468.0679748058319,-0.2833158104907059,132615.79951128687
468.16732120513916,-0.2847856720237316,132615.21956015818
468.26749873161316,-0.28359140952814826,132616.69760414236
468.36806535720825,-0.2854287364444304,132615.72784372812
468.46780490875244,-0.28304021145326363,132615.25505935532
468.5675811767578,-0.28166221626605203,132616.1295534198
468.6681091785431,-0.28313207779907773,132616.81659807783
468.76760053634644,-0.2860718008651291,132617.63493827003
468.8680567741394,-0.28340767683652,132618.57144444302
468.96723222732544,-0.2833158104907059,132618.81429999872
469.0675539970398,-0.28340767683652,132620.03286999886
469.1678533554077,-0.2819378153034943,132620.42958299897
469.2676737308502,-0.28120288453698145,132621.18662469907
469.367689371109,-0.28359140952814826,132620.56796222916
469.46737599372864,-0.2818459489576802,132619.91116600626
469.567599773407,-0.28175408261186613,132619.32004940565
469.6674499511719,-0.28377514221977646,132619.58804446508
469.76725363731384,-0.2820296816493084,132619.72924001858
469.8680305480957,-0.2833158104907059,132619.45631601673
469.9673538208008,-0.28441820664047524,132621.01068441506
470.06723833084106,-0.28230528068675076,132621.10961597355
470.16783332824707,-0.2828564787616354,132621.1986543762
470.26752161979675,-0.28515313740698806,132621.57878893858
470.36773657798767,-0.2820296816493084,132622.22091004474
470.4677059650421,-0.28248901337837895,132623.19881904026
470.5676555633545,-0.28496940471535986,132622.87893713624
470.66784143447876,-0.28368327587396236,132622.29104342262
470.7679035663605,-0.28212154799512257,132622.06193908036
470.8676526546478,-0.28212154799512257,132622.65574517232
470.9679834842682,-0.28377514221977646,132623.69017065509
471.06795358657837,-0.28349954318233417,132624.72115358958
471.16792392730713,-0.2812947508827956,132625.24903823063
471.26731610298157,-0.2825808797241931,132624.92413440757
471.36816787719727,-0.28175408261186613,132625.93172096682
471.4678063392639,-0.28175408261186613,132626.73854887014
471.5678791999817,-0.2814784835744238,132626.86469398314
471.66797280311584,-0.28175408261186613,132627.57822458484
471.76809191703796,-0.28083541915372506,132626.62040212634
471.868070602417,-0.2807435528079109,132625.7583619137
471.9680006504059,-0.2827646124158213,132624.88252572235
472.0674457550049,-0.2802842210788404,132625.89427315013
472.1678397655487,-0.28368327587396236,132626.10484583513
472.26735949516296,-0.2807435528079109,132625.49436125162
472.3676755428314,-0.2791818249290711,132625.14492512646
472.4674470424652,-0.2814784835744238,132624.2304326138
472.567809343338,-0.28101915184535325,132624.70738935244
472.667902469635,-0.28304021145326363,132625.4366504172
472.7675471305847,-0.28349954318233417,132624.5929853755
472.86772418022156,-0.28037608742465453,132625.93368683793
472.9675579071045,-0.28212154799512257,132625.84031815414
473.06755208969116,-0.28340767683652,132624.35628633873
473.16749930381775,-0.28248901337837895,132622.72065770486
473.2679605484009,-0.2814784835744238,132622.04859193438
473.3678638935089,-0.2819378153034943,132622.44373274094
473.46767711639404,-0.27973302300395575,132621.39935946686
473.5677788257599,-0.28092728549953916,132621.15942352018
473.66787457466125,-0.28340767683652,132619.64348116817
473.7676365375519,-0.2818459489576802,132618.47913305135
473.8680920600891,-0.27945742396651346,132618.4312197462
473.9675443172455,-0.28304021145326363,132618.5880977716
474.0677709579468,-0.2833158104907059,132618.62928799444
474.1673882007599,-0.28166221626605203,132617.866359195
474.2681019306183,-0.28313207779907773,132617.8797232755
474.36746430397034,-0.284234473948847,132617.69175094794
474.4678089618683,-0.2829483451074495,132618.12257585317
474.56724977493286,-0.28212154799512257,132618.41031826785
474.668093919754,-0.28120288453698145,132619.16928644106
474.76750135421753,-0.28340767683652,132620.55235779696
474.86748600006104,-0.28166221626605203,132619.09712201727
474.9673054218292,-0.2828564787616354,132619.78740981553
475.0681035518646,-0.2825808797241931,132621.20866883398
475.16765809059143,-0.27973302300395575,132621.98780195057
475.2677254676819,-0.28230528068675076,132621.98902175552
475.3676493167877,-0.2788143595458147,132621.39011957997
475.4673454761505,-0.2825808797241931,132620.151107622
475.56731700897217,-0.2814784835744238,132620.0359968598
475.66768741607666,-0.28239714703256485,132619.0323971738
475.76786041259766,-0.28166221626605203,132618.72915745643
475.8676173686981,-0.2800086220413981,132619.5562417108
475.967999458313,-0.28340767683652,132618.60061753972
476.0676772594452,-0.2815703499202379,132618.04055578576
476.1680636405945,-0.28221341434093666,132619.2365002072
476.2672245502472,-0.2815703499202379,132619.81285018648
476.36812829971313,-0.28368327587396236,132620.53156516785
476.46762681007385,-0.28166221626605203,132619.97840865108
476.5674521923065,-0.2826727460700072,132621.68056778598
476.66745710372925,-0.28239714703256485,132621.8125110074
476.76815152168274,-0.2819378153034943,132622.93125990665
476.86774158477783,-0.28166221626605203,132622.338133916
476.967325925827,-0.27964115665814165,132623.30432052442
477.06779766082764,-0.2825808797241931,132624.073888472
477.16777634620667,-0.2828564787616354,132622.8664996248
477.26785159111023,-0.28120288453698145,132622.8798496623
477.36730337142944,-0.2827646124158213,132622.59186469606
477.46733832359314,-0.28212154799512257,132622.73267822646
477.5673472881317,-0.2805598201162827,132622.35941040382
477.66820311546326,-0.28239714703256485,132622.12346936343
477.7680540084839,-0.28239714703256485,132620.21112242708
477.8672995567322,-0.28304021145326363,132621.39001018438
477.96720147132874,-0.28101915184535325,132620.35100916593
478.0681359767914,-0.28101915184535325,132621.41590824933
478.167644739151,-0.2826727460700072,132621.07431742438
478.2675998210907,-0.2807435528079109,132621.06688568194
478.368136882782,-0.28313207779907773,132619.56019711375
478.4680109024048,-0.2806516864620968,132618.40417740238
478.56815218925476,-0.2826727460700072,132617.16375966213
478.66816568374634,-0.2814784835744238,132616.2473836959
478.768105506897,-0.27826316147093005,132616.32264532632
478.8673982620239,-0.2805598201162827,132615.8903807937
478.96800470352173,-0.2825808797241931,132615.7013427143
479.06757044792175,-0.2820296816493084,132614.93120844287
479.16730761528015,-0.28313207779907773,132615.03808759857
479.26789021492004,-0.2804679537704686,132614.23427883873
479.3673765659332,-0.2825808797241931,132613.81085095485
479.4678349494934,-0.2820296816493084,132613.9297658594
479.5679557323456,-0.2819378153034943,132614.73678927345
479.6674151420593,-0.2807435528079109,132614.6631103461
479.76796674728394,-0.27982488934976985,132614.0967993115
479.8673508167267,-0.28230528068675076,132613.68711938034
479.96789598464966,-0.28377514221977646,132612.1184074423
480.0673222541809,-0.2818459489576802,132612.30656669807
480.1677005290985,-0.2806516864620968,132611.77591002826
480.2681586742401,-0.2833158104907059,132613.09831902542
480.3673846721649,-0.2813866172286097,132612.08848712288
480.4680018424988,-0.28120288453698145,132610.2796384106
480.56792402267456,-0.2832239441448918,132609.55167456955
480.66721749305725,-0.28239714703256485,132609.3965071126
480.76779866218567,-0.2819378153034943,132608.65685640136
480.86758184432983,-0.2829483451074495,132608.29117076122
480.96810603141785,-0.2806516864620968,132607.4620536851
481.0680558681488,-0.2820296816493084,132607.7158483166
481.16806054115295,-0.2820296816493084,132607.24426348496
481.26794958114624,-0.2826727460700072,132606.21983713648
481.3680934906006,-0.28496940471535986,132607.99785342283
481.46766114234924,-0.2841426076030329,132608.69806808053
481.5679247379303,-0.28166221626605203,132608.72826127248
481.6677756309509,-0.2828564787616354,132608.35543514523
481.76787853240967,-0.28239714703256485,132607.21989163072
481.8672037124634,-0.2804679537704686,132607.09790246765
481.9679534435272,-0.2843263402946611,132606.9881122209
482.06820273399353,-0.28212154799512257,132606.3893009988
482.1679675579071,-0.28111101819116735,132606.85037089893
482.26781249046326,-0.2818459489576802,132607.96533380903
482.36793518066406,-0.2801004883872122,132607.76880042814
482.4673902988434,-0.28349954318233417,132608.79192038532
482.5677888393402,-0.28212154799512257,132609.9127283468
482.66745615005493,-0.2814784835744238,132609.62145551213
482.767578125,-0.2805598201162827,132610.1593099609
482.8680007457733,-0.2832239441448918,132611.1433789648
482.9674143791199,-0.28166221626605203,132612.22904106832
483.0681662559509,-0.2801004883872122,132612.00613696149
483.1677417755127,-0.28248901337837895,132610.90552326533
483.2673673629761,-0.2843263402946611,132611.01497093882
483.3677885532379,-0.28377514221977646,132611.71347384492
483.4679934978485,-0.28221341434093666,132613.04212646044
483.56804943084717,-0.2843263402946611,132611.7379138144
483.6679587364197,-0.28239714703256485,132611.86412243295
483.7675733566284,-0.28101915184535325,132611.17771018966
483.8676154613495,-0.28120288453698145,132612.1599391707
483.9676468372345,-0.2819378153034943,132612.24394525363
484.0676407814026,-0.2818459489576802,132613.61955072827
484.16789650917053,-0.28175408261186613,132614.55759565544
484.2680721282959,-0.28092728549953916,132614.5018360899
484.3679132461548,-0.28175408261186613,132614.0516524809
484.46790623664856,-0.2812947508827956,132614.04648723282
484.5674192905426,-0.28111101819116735,132614.24183850954
484.6673951148987,-0.28092728549953916,132613.6176546586
484.7676320075989,-0.28248901337837895,132612.95588919273
484.86784839630127,-0.28221341434093666,132613.26030027345
484.9678716659546,-0.2833158104907059,132613.0342702461
485.0676894187927,-0.28166221626605203,132613.4308432215
485.1680233478546,-0.28239714703256485,132613.08775889935
485.26774168014526,-0.2806516864620968,132613.67898300942
485.36739230155945,-0.2801923547330263,132613.71108470848
485.46798181533813,-0.2813866172286097,132613.43997623763
485.56793093681335,-0.28083541915372506,132613.69597861386
485.66766119003296,-0.2819378153034943,132615.62638075248
485.76818323135376,-0.28111101819116735,132616.66374267722
485.86730694770813,-0.2805598201162827,132617.5973684095
485.9672336578369,-0.2801923547330263,132617.93763156855
486.0672721862793,-0.2815703499202379,132618.14386841172
486.1677601337433,-0.2827646124158213,132616.52948157056
486.2677071094513,-0.2814784835744238,132615.97653341352
486.3676543235779,-0.2818459489576802,132615.67888007217
486.4674208164215,-0.2820296816493084,132615.31099206497
486.56739807128906,-0.28221341434093666,132615.37989285847
486.66769456863403,-0.2814784835744238,132615.44190357262
486.76786971092224,-0.2813866172286097,132616.09771321536
486.86750745773315,-0.2779875624334877,132616.68794189385
486.967976808548,-0.2801923547330263,132616.71914770448
487.06771087646484,-0.28092728549953916,132616.54723293404
487.1677951812744,-0.2829483451074495,132616.49250964064
487.2680413722992,-0.2813866172286097,132615.94325867656
487.36772203445435,-0.28230528068675076,132615.1489328089
487.4680685997009,-0.2815703499202379,132614.734039528
487.5674636363983,-0.2791818249290711,132614.66063557522
487.6679525375366,-0.28175408261186613,132615.7945720177
487.7675950527191,-0.28248901337837895,132616.31511481595
487.86758732795715,-0.28175408261186613,132616.58360333435
487.9679493904114,-0.2815703499202379,132615.22524300092
488.0673325061798,-0.2818459489576802,132615.70271870084
488.16754841804504,-0.2801004883872122,132615.33244683075
488.26750898361206,-0.28037608742465453,132615.1992021477
488.36766171455383,-0.28037608742465453,132615.17928193294
488.4679002761841,-0.27982488934976985,132614.96135373964
488.56793236732483,-0.28248901337837895,132616.16521836567
488.66737508773804,-0.28166221626605203,132616.4486965291
488.7676770687103,-0.2791818249290711,132615.80382687622
488.86799144744873,-0.2805598201162827,132615.1234441886
488.96784234046936,-0.28368327587396236,132615.71109976975
489.0678086280823,-0.2805598201162827,132615.13998979278
489.16788697242737,-0.28083541915372506,132614.7259908135
489.2677478790283,-0.28083541915372506,132615.05339173213
489.3681583404541,-0.28101915184535325,132614.94805255893
489.4674496650696,-0.2820296816493084,132615.55324730303
489.5679931640625,-0.2819378153034943,132614.79792257273
489.66814136505127,-0.2806516864620968,132614.51813031547
489.76797676086426,-0.28120288453698145,132613.36631728392
489.86748933792114,-0.28221341434093666,132612.72968555553
489.96741819381714,-0.28111101819116735,132611.75671699998
490.06765842437744,-0.2818459489576802,132611.78104529998
490.16771268844604,-0.27964115665814165,132611.80294077
490.26786828041077,-0.2807435528079109,132611.822646693
490.36806988716125,-0.27964115665814165,132611.1403820237
490.4680256843567,-0.2814784835744238,132611.92634382134
490.5672390460968,-0.28248901337837895,132612.3337094392
490.66720151901245,-0.28239714703256485,132612.8003384953
490.76760053634644,-0.2827646124158213,132613.12030464577
490.86769580841064,-0.2812947508827956,132613.3082741812
490.9679534435272,-0.27982488934976985,132613.7774467631
491.06803035736084,-0.2813866172286097,132613.19970208677
491.16743898391724,-0.28166221626605203,132613.4797318781
491.2676291465759,-0.2820296816493084,132614.2317586903
491.367778301239,-0.2801004883872122,132613.70858282127
491.46803402900696,-0.2804679537704686,132614.63772453915
491.5673723220825,-0.28083541915372506,132614.67395208526
491.6672270298004,-0.28120288453698145,132615.2065568767
491.7674312591553,-0.28175408261186613,132615.18590118905
491.86781573295593,-0.2802842210788404,132615.36731107015
491.9680390357971,-0.2827646124158213,132614.83057996313
492.06736636161804,-0.28092728549953916,132615.7475219668
492.1681740283966,-0.2815703499202379,132615.37276977013
492.2672290802002,-0.28111101819116735,132614.1354927931
492.36763763427734,-0.28037608742465453,132613.72194351378
492.46791195869446,-0.28221341434093666,132613.9497491624
492.56806564331055,-0.27973302300395575,132614.15477424616
492.6681418418884,-0.2801923547330263,132614.23929682153
492.7671949863434,-0.279916755695584,132615.11536713937
492.8675847053528,-0.27899809223744293,132615.10383042542
492.96787095069885,-0.27954929031232756,132614.2934473829
493.0680069923401,-0.28111101819116735,132615.2641026446
493.1671977043152,-0.2813866172286097,132615.13769238014
493.2673125267029,-0.28092728549953916,132614.42392314214
493.36740231513977,-0.28037608742465453,132614.78153082792
493.46762681007385,-0.27945742396651346,132615.00337774513
493.56747698783875,-0.2806516864620968,132614.50303997062
493.6679594516754,-0.2807435528079109,132615.05273597356
493.76768255233765,-0.28166221626605203,132615.4474623762
493.86776399612427,-0.2806516864620968,132615.6027161386
493.9679696559906,-0.2791818249290711,132615.64244452474
494.06757402420044,-0.2804679537704686,132615.77820007227
494.16783452033997,-0.28166221626605203,132615.50038006503
494.2675278186798,-0.28212154799512257,132614.85034205852
494.3672573566437,-0.28120288453698145,132615.26530785268
494.4677333831787,-0.27973302300395575,132613.63877706742
494.5676257610321,-0.28037608742465453,132613.57489936068
494.6674437522888,-0.27945742396651346,132613.01740942462
494.7678108215332,-0.2791818249290711,132613.31566848216
494.8677022457123,-0.28120288453698145,132613.28410163394
494.96803092956543,-0.279089958583257,132613.75569147055
495.0677089691162,-0.27954929031232756,132614.68012232348
495.16773796081543,-0.27954929031232756,132614.01211009113
495.26756143569946,-0.28166221626605203,132614.31089908202
495.36742782592773,-0.2801004883872122,132614.3798091738
495.4677622318268,-0.2785387605083724,132615.64182825643
495.567715883255,-0.27964115665814165,132615.8776454308
495.66724610328674,-0.28175408261186613,132616.48988088773
495.7674722671509,-0.2806516864620968,132616.84089279897
495.8676989078522,-0.2818459489576802,132616.55680351908
495.9672405719757,-0.28239714703256485,132616.9011231672
496.067449092865,-0.2779875624334877,132618.21101085047
496.16734313964844,-0.279916755695584,132619.48990976543
496.26776218414307,-0.2812947508827956,132621.24091878888
496.3681516647339,-0.27973302300395575,132622.61682691
496.46791076660156,-0.279089958583257,132622.655144219
496.56798243522644,-0.2805598201162827,132622.38962979708
496.66721510887146,-0.27973302300395575,132622.65066681738
496.76788234710693,-0.27817129512511596,132623.18560013565
496.8675811290741,-0.27973302300395575,132622.56704012209
496.96820187568665,-0.27964115665814165,132621.71033610989
497.06788635253906,-0.28092728549953916,132620.8393024989
497.16784501075745,-0.27899809223744293,132620.65537224902
497.26808190345764,-0.2788143595458147,132619.28983502413
497.36815881729126,-0.28111101819116735,132618.96085152173
497.46737360954285,-0.27817129512511596,132618.96476636955
497.5680727958679,-0.27945742396651346,132619.4682897326
497.66766333580017,-0.2806516864620968,132620.02146075934
497.7674834728241,-0.27899809223744293,132619.1193146834
497.8675091266632,-0.2804679537704686,132619.20738321508
497.9681203365326,-0.2789062258916288,132618.38664489356
498.06785321235657,-0.2804679537704686,132617.7479804042
498.16736602783203,-0.27973302300395575,132616.87318236378
498.2680592536926,-0.2792736912748852,132617.3858641274
498.3676698207855,-0.2789062258916288,132617.24727771466
498.46740221977234,-0.2793655576206993,132617.6225499432
498.56745433807373,-0.27945742396651346,132616.66029494887
498.66773772239685,-0.2819378153034943,132616.394265454
498.7676787376404,-0.2778956960876736,132616.9548389086
498.86800622940063,-0.2815703499202379,132616.45935501775
498.9677860736847,-0.27964115665814165,132614.713419516
499.0677831172943,-0.27982488934976985,132615.0420775644
499.16770672798157,-0.27954929031232756,132613.33786980796
499.2677175998688,-0.27945742396651346,132612.60408282717
499.36796617507935,-0.2766095672462761,132612.64367454444
499.4676101207733,-0.2787224932000006,132611.87930709
499.56760144233704,-0.27578277013394914,132612.99137638102
499.6681442260742,-0.2804679537704686,132613.4922387429
499.7672963142395,-0.27807942877930186,132613.7430148686
499.8679642677307,-0.2813866172286097,132613.76871338175
499.9677143096924,-0.28083541915372506,132614.39184204358
500.0679588317871,-0.2802842210788404,132614.05265783923
500.16797614097595,-0.279089958583257,132614.1473920553
500.2672760486603,-0.27982488934976985,132616.03265284977
500.36811566352844,-0.2820296816493084,132616.1293875648
500.4680223464966,-0.2805598201162827,132617.11644880835
500.56817531585693,-0.27817129512511596,132617.40480392752
500.6680464744568,-0.28166221626605203,132617.46432353478
500.767982006073,-0.2802842210788404,132618.2178911813
500.8675057888031,-0.28037608742465453,132618.39610206318
500.9673418998718,-0.2801923547330263,132618.15649185688
501.0672986507416,-0.2791818249290711,132618.2408426712
501.16809272766113,-0.27973302300395575,132617.71675840407
501.2673325538635,-0.2801004883872122,132616.6450825637
501.36725664138794,-0.28083541915372506,132616.58057430733
501.467964887619,-0.2774363643586031,132615.9225168766
501.56729221343994,-0.2802842210788404,132616.53026518895
501.66746711730957,-0.2786306268541865,132616.67723867006
501.7674150466919,-0.2801004883872122,132616.40951480306
501.86767864227295,-0.2786306268541865,132615.76856332275
501.96792006492615,-0.2813866172286097,132616.59170699047
502.0672416687012,-0.2789062258916288,132615.2325362914
502.16776967048645,-0.2814784835744238,132614.70928266225
502.26766562461853,-0.279916755695584,132615.63835439604
502.3673641681671,-0.27954929031232756,132615.07451895642
502.46813011169434,-0.27835502781674415,132615.5670670608
502.567902803421,-0.28230528068675076,132616.91036035473
502.6673352718353,-0.27982488934976985,132617.31932431925
502.7677128314972,-0.27982488934976985,132616.3873918873
502.867959022522,-0.2788143595458147,132618.3486526986
502.96806502342224,-0.279089958583257,132620.01378742873
503.0678870677948,-0.2793655576206993,132620.41240868586
503.16753029823303,-0.27982488934976985,132620.57116781728
503.26772952079773,-0.2813866172286097,132620.41405103556
503.3674018383026,-0.2791818249290711,132621.172645932
503.4678108692169,-0.27945742396651346,132620.4553813388
503.5681908130646,-0.27844689416255824,132620.00984320493
503.6679742336273,-0.2804679537704686,132621.20885888443
503.7677266597748,-0.27973302300395575,132622.687972996
503.86743688583374,-0.28083541915372506,132623.11917569643
503.9681541919708,-0.27945742396651346,132621.7072581268
504.0675618648529,-0.2802842210788404,132620.4365323141
504.167640209198,-0.2806516864620968,132620.7928790827
504.2680628299713,-0.2802842210788404,132621.51359117441
504.3678252696991,-0.2801004883872122,132621.56223205698
504.4680256843567,-0.2800086220413981,132622.7060088513
504.56729221343994,-0.2812947508827956,132623.33540796617
504.66772174835205,-0.2807435528079109,132621.30186716956
504.76788210868835,-0.28083541915372506,132621.9716804526
504.86756205558777,-0.27826316147093005,132621.87451240735
504.9673216342926,-0.2788143595458147,132621.4870611666
505.0677969455719,-0.2785387605083724,132621.33835504996
505.16767835617065,-0.279089958583257,132620.80451954497
505.2672257423401,-0.2789062258916288,132619.82406759047
505.3673779964447,-0.28092728549953916,132620.04166083143
505.46724462509155,-0.27817129512511596,132620.4374947483
505.5675654411316,-0.2800086220413981,132621.19374527346
505.66787219047546,-0.2802842210788404,132620.2743707461
505.7680366039276,-0.2793655576206993,132619.8469336715
505.8681597709656,-0.2806516864620968,132619.66224030434
505.96801376342773,-0.27826316147093005,132618.7960162739
506.0672516822815,-0.2807435528079109,132618.01641464652
506.16759634017944,-0.2807435528079109,132617.31477318186
506.26725792884827,-0.2787224932000006,132616.48329586367
506.36760354042053,-0.28175408261186613,132616.8349662773
506.4680378437042,-0.2801923547330263,132616.65146964957
506.56738018989563,-0.2791818249290711,132616.18632268463
506.66804575920105,-0.2775282307044172,132616.06769041618
506.767217874527,-0.2793655576206993,132615.16092137457
506.86736392974854,-0.27954929031232756,132613.7448292371
506.96745920181274,-0.279916755695584,132613.9703463134
507.067506313324,-0.2815703499202379,132613.27331168207
507.16741371154785,-0.27817129512511596,132612.84598051387
507.2678279876709,-0.2801004883872122,132614.16138246248
507.3675138950348,-0.2785387605083724,132614.54524421622
507.46800684928894,-0.2792736912748852,132616.3907197946
507.56744265556335,-0.28248901337837895,132616.55164781515
507.6678330898285,-0.2800086220413981,132616.69648303365
507.7675347328186,-0.27982488934976985,132616.6268347303
507.86805510520935,-0.27954929031232756,132616.06415125728
507.9677269458771,-0.27982488934976985,132616.05773613154
508.0676302909851,-0.2767014335920902,132616.5519625184
508.16807794570923,-0.2814784835744238,132615.69676626654
508.26813793182373,-0.28111101819116735,132615.8270896399
508.3677942752838,-0.27964115665814165,132614.7443806759
508.4673800468445,-0.2827646124158213,132613.86994260832
508.5676233768463,-0.2820296816493084,132614.5829483475
508.6674301624298,-0.27945742396651346,132615.82465351274
508.768168926239,-0.2813866172286097,132616.04218816146
508.8678889274597,-0.27807942877930186,132615.23796934533
508.96791911125183,-0.28037608742465453,132615.81417241078
509.06762313842773,-0.279916755695584,132616.1327551697
509.1673631668091,-0.2815703499202379,132616.91947965274
509.2672870159149,-0.2804679537704686,132617.12753168747
509.36812949180603,-0.28092728549953916,132617.91477851872
509.4679846763611,-0.28083541915372506,132618.82330066685
509.56784081459045,-0.2789062258916288,132619.74097060016
509.6678032875061,-0.27973302300395575,132620.36687354016
509.7673716545105,-0.28037608742465453,132619.93018618613
509.86723470687866,-0.2789062258916288,132618.43716756752
509.967267036438,-0.28120288453698145,132619.49345081078
510.06729197502136,-0.2777119633960454,132618.44410572972
510.16796708106995,-0.2787224932000006,132618.09969515674
510.26755452156067,-0.279916755695584,132617.08972564107
510.3677747249603,-0.27835502781674415,132616.78075307698
510.46781301498413,-0.279089958583257,132618.1026777693
510.56774401664734,-0.2801923547330263,132617.99240999238
510.6678102016449,-0.2820296816493084,132617.49316899315
510.7673861980438,-0.2802842210788404,132617.94385209386
510.86731004714966,-0.2786306268541865,132618.24946688447
510.967622756958,-0.2812947508827956,132618.32452019604
511.0680899620056,-0.2786306268541865,132618.59206817643
511.16755270957947,-0.2813866172286097,132618.7328613588
511.267742395401,-0.2800086220413981,132619.2595752229
511.3681261539459,-0.27844689416255824,132618.3336177006
511.46727418899536,-0.28111101819116735,132618.20025593057
511.56767177581787,-0.2785387605083724,132617.18023033752
511.6674761772156,-0.27945742396651346,132618.06220730377
511.76784896850586,-0.2800086220413981,132617.1559865734
511.867707490921,-0.27964115665814165,132617.44038791605
511.967387676239,-0.2787224932000006,132617.19634912445
512.068018913269,-0.2789062258916288,132616.476714212
512.168036699295,-0.27964115665814165,132617.02904279082
512.2676239013672,-0.2807435528079109,132617.22613851173
512.3680593967438,-0.27945742396651346,132617.00352466054
512.4672381877899,-0.27954929031232756,132618.10317219447
512.5680243968964,-0.28092728549953916,132617.59285497502
512.6672492027283,-0.2789062258916288,132616.93356947752
512.7682137489319,-0.27973302300395575,132617.94021252976
512.867931842804,-0.2801923547330263,132617.94619127677
512.9681081771851,-0.27954929031232756,132617.3515721491
513.0677292346954,-0.2779875624334877,132617.11641493422
513.168039560318,-0.2791818249290711,132618.30477344082
513.2677049636841,-0.2788143595458147,132618.07429609675
513.367969751358,-0.28037608742465453,132617.76686648707
513.4681823253632,-0.279916755695584,132618.19017983836
513.5675899982452,-0.27954929031232756,132618.77116185453
513.6679511070251,-0.2804679537704686,132618.79404566908
513.7679233551025,-0.2805598201162827,132619.01464110217
513.8678388595581,-0.2807435528079109,132620.21317699197
513.9672968387604,-0.28083541915372506,132620.49185929276
514.0676038265228,-0.27982488934976985,132621.6426733635
514.1673498153687,-0.28120288453698145,132621.47840602713
514.2678694725037,-0.279089958583257,132621.23056542443
514.3673841953278,-0.2814784835744238,132621.807508882
514.4679267406464,-0.27817129512511596,132621.3267579938
514.5680689811707,-0.27964115665814165,132622.39408219443
514.6681592464447,-0.2793655576206993,132621.254673975
514.7674415111542,-0.27899809223744293,132622.6292065775
514.8673148155212,-0.27964115665814165,132622.66628591975
514.9675149917603,-0.2815703499202379,132622.2996573278
515.067312002182,-0.2789062258916288,132622.069691595
515.1679651737213,-0.27899809223744293,132622.3627224355
515.2674851417542,-0.27954929031232756,132622.62645019195
515.3680007457733,-0.2801004883872122,132622.46380517277
515.4680533409119,-0.27973302300395575,132622.0174246555
515.5675585269928,-0.2801923547330263,132622.21568218994
515.6674609184265,-0.28037608742465453,132620.99411397096
515.7680666446686,-0.27817129512511596,132621.29470257385
515.8679602146149,-0.27945742396651346,132621.26523231648
515.9673011302948,-0.2801004883872122,132620.63870908483
516.0676884651184,-0.2805598201162827,132621.27483817635
516.167811870575,-0.27964115665814165,132621.5473543587
516.2677161693573,-0.2792736912748852,132621.49261892284
516.3676900863647,-0.27954929031232756,132621.94335703057
516.4678132534027,-0.27706889897534664,132622.14902132752
516.5680611133575,-0.2801004883872122,132621.03411919478
516.6675887107849,-0.28037608742465453,132621.1307072753
516.7677364349365,-0.2788143595458147,132620.41763654776
516.867772102356,-0.2793655576206993,132620.775872893
516.9679963588715,-0.27817129512511596,132621.3982856037
517.0675599575043,-0.28083541915372506,132621.35845704333
517.1677775382996,-0.2807435528079109,132622.222611339
517.2680399417877,-0.2778956960876736,132622.3003502051
517.3674030303955,-0.2788143595458147,132621.4703151846
517.4674742221832,-0.28111101819116735,132621.42328366614
517.5676472187042,-0.2801004883872122,132621.98095529954
517.6674902439117,-0.27844689416255824,132622.3828597696
517.7680521011353,-0.279916755695584,132622.74457379265
517.8679146766663,-0.2787224932000006,132621.17011641338
517.9677546024323,-0.27899809223744293,132620.75310477204
518.0679178237915,-0.279089958583257,132620.17779429484
518.1680452823639,-0.28248901337837895,132619.86001486535
518.2675592899323,-0.2805598201162827,132618.8740133788
518.3679916858673,-0.28092728549953916,132618.38661204092
518.4677543640137,-0.2786306268541865,132617.34795083682
518.5672447681427,-0.28083541915372506,132617.01315575314
518.6679956912994,-0.27899809223744293,132617.01184017785
518.7675833702087,-0.279916755695584,132617.71065616005
518.8673093318939,-0.28083541915372506,132617.83959054406
518.9682252407074,-0.2785387605083724,132617.55563148967
519.0675783157349,-0.2801004883872122,132617.0000683407
519.168163061142,-0.2801923547330263,132617.90006150663
519.2672755718231,-0.28248901337837895,132618.31005535598
519.3679175376892,-0.2763339682088338,132618.27904982038
519.4672939777374,-0.2778956960876736,132617.65114483834
519.5678374767303,-0.27964115665814165,132618.4860303545
519.6676435470581,-0.2779875624334877,132618.43742731906
519.7676568031311,-0.2776200970502313,132618.49368458716
519.8681237697601,-0.28083541915372506,132617.94431612844
519.968202829361,-0.2820296816493084,132618.8498845156
520.0679793357849,-0.27807942877930186,132617.86489606404
520.1679303646088,-0.27964115665814165,132616.07840645764
520.2678506374359,-0.2802842210788404,132614.6705658119
520.3678753376007,-0.2801923547330263,132614.9035092307
520.4676434993744,-0.27945742396651346,132615.31315830763
520.5675981044769,-0.28101915184535325,132614.78184247686
520.6673302650452,-0.28092728549953916,132614.10365822917
520.7674281597137,-0.2813866172286097,132613.69329240627
520.8674786090851,-0.27817129512511596,132612.52396316564
520.9672381877899,-0.27973302300395575,132611.8715668491
521.0678954124451,-0.279916755695584,132611.6844101642
521.167558670044,-0.2802842210788404,132609.71596914777
521.2681038379669,-0.2793655576206993,132608.844372233
521.3677890300751,-0.279089958583257,132607.7599350097
521.4672827720642,-0.2801004883872122,132607.88394150874
521.5681738853455,-0.27899809223744293,132608.69554735787
521.6676406860352,-0.2789062258916288,132609.2259926221
521.7677445411682,-0.2800086220413981,132610.10339335987
521.8674533367157,-0.2786306268541865,132610.09305402386
521.967631816864,-0.2801004883872122,132610.98374862148
522.0672731399536,-0.27807942877930186,132610.38537375932
522.168151140213,-0.2791818249290711,132610.2468363834
522.2678742408752,-0.27826316147093005,132610.92215274507
522.3675034046173,-0.2791818249290711,132611.22993747058
522.4678900241852,-0.2791818249290711,132612.40694372353
522.5676908493042,-0.28083541915372506,132611.9662493512
522.6674883365631,-0.2775282307044172,132611.56962441606
522.7679221630096,-0.27899809223744293,132612.21266197445
522.8675351142883,-0.2801004883872122,132610.491395777
522.968090057373,-0.2778038297418595,132610.14225619932
523.0676372051239,-0.2802842210788404,132611.42803057938
523.1676518917084,-0.2800086220413981,132612.58522752143
523.2680861949921,-0.2801004883872122,132611.92670476928
523.3673751354218,-0.2785387605083724,132611.43403429235
523.4676854610443,-0.2785387605083724,132609.99063086312
523.5678741931915,-0.28037608742465453,132609.89156777682
523.6678743362427,-0.27954929031232756,132610.70241099913
523.767918586731,-0.2805598201162827,132610.83216989922
523.8677225112915,-0.27945742396651346,132611.1489529093
523.9676411151886,-0.27697703262953255,132612.1340576184
524.0678188800812,-0.2802842210788404,132612.12065185656
524.1678218841553,-0.27835502781674415,132612.7085866709
524.2676067352295,-0.2804679537704686,132612.0377280038
524.3676815032959,-0.2812947508827956,132613.03395520343
524.4676933288574,-0.2801923547330263,132614.4305596831
524.5681459903717,-0.27954929031232756,132614.68750371478
524.6679906845093,-0.2793655576206993,132615.9187533433
524.7679121494293,-0.2789062258916288,132616.72687800898
524.8676869869232,-0.27826316147093005,132616.0541902081
524.967668056488,-0.2801004883872122,132615.34877118727
525.0681035518646,-0.2775282307044172,132616.11389406855
525.1680266857147,-0.27982488934976985,132615.9025046617
525.26806807518,-0.2779875624334877,132616.01225419555
525.3677563667297,-0.27688516628371845,132615.711028776
525.4676516056061,-0.2792736912748852,132616.1399258984
525.567352771759,-0.2775282307044172,132617.12593330856
525.6672539710999,-0.2801923547330263,132617.5133399777
525.7674324512482,-0.27899809223744293,132618.96200597993
525.8679103851318,-0.2792736912748852,132618.66580538196
525.9679667949677,-0.28101915184535325,132617.89922484377
526.0679140090942,-0.27716076532116074,132617.7093023594
526.1679134368896,-0.2786306268541865,132617.93837212346
526.2678456306458,-0.2778956960876736,132618.24453491112
526.3676636219025,-0.27982488934976985,132619.42008142002
526.4675481319427,-0.2789062258916288,132618.77807327802
526.5677659511566,-0.2775282307044172,132618.70026595023
526.667638540268,-0.2785387605083724,132618.2302393552
526.7679390907288,-0.27899809223744293,132618.20721541968
526.8679988384247,-0.28101915184535325,132617.2864938777
526.9679872989655,-0.27835502781674415,132617.35784448995
527.0679404735565,-0.2793655576206993,132617.52206004097
527.1678779125214,-0.2793655576206993,132618.76985403686
527.267991065979,-0.27954929031232756,132618.29286863317
527.3680768013,-0.2814784835744238,132618.96358176984
527.4680459499359,-0.27899809223744293,132618.86722359285
527.5676500797272,-0.2787224932000006,132618.68050123358
527.6679503917694,-0.2801004883872122,132618.1124511102
527.7680625915527,-0.2779875624334877,132617.60120599918
527.8681507110596,-0.2806516864620968,132616.74108539926
527.9673292636871,-0.279916755695584,132616.76697685933
528.0676424503326,-0.2759665028255774,132616.7902791734
528.1677227020264,-0.27982488934976985,132616.61125125608
528.2680468559265,-0.2800086220413981,132616.55012613046
528.3682038784027,-0.2777119633960454,132616.59511351743
528.4677588939667,-0.2815703499202379,132616.8356021657
528.5677967071533,-0.2793655576206993,132616.45204194912
528.6677153110504,-0.2778956960876736,132615.4068377542
528.767736196518,-0.27826316147093005,132614.5661539788
528.8675138950348,-0.28037608742465453,132614.50953858093
528.9681169986725,-0.2786306268541865,132614.35858472282
529.0681755542755,-0.27973302300395575,132615.02272625055
529.1679389476776,-0.27982488934976985,132615.3204536255
529.268072605133,-0.2801004883872122,132614.88840826295
529.367301940918,-0.2785387605083724,132616.59956743667
529.4673578739166,-0.279916755695584,132616.539610693
529.568163394928,-0.2758746364797633,132617.4856496237
529.6676821708679,-0.2788143595458147,132617.43708466133
529.7680144309998,-0.2776200970502313,132616.9933761952
529.8676600456238,-0.2804679537704686,132616.39403857567
529.9677906036377,-0.27826316147093005,132617.1546347181
530.0677626132965,-0.279089958583257,132618.03917124632
530.1672759056091,-0.2778956960876736,132618.53525412167
530.267379283905,-0.2776200970502313,132618.4817287095
530.3681342601776,-0.2789062258916288,132618.63355583855
530.468090057373,-0.27817129512511596,132617.7702002547
530.5673949718475,-0.27679329993790436,132616.79318022923
530.668185710907,-0.2807435528079109,132615.9138622063
530.7681987285614,-0.2801004883872122,132615.0224759857
530.8677775859833,-0.2792736912748852,132614.72022838713
530.967768907547,-0.2800086220413981,132614.5482055484
531.0677218437195,-0.27807942877930186,132612.79338499357
531.1673238277435,-0.276517700900462,132612.21404649422
531.2677750587463,-0.2801923547330263,132611.7926418448
531.3677432537079,-0.2778956960876736,132612.21337766032
531.4678678512573,-0.2801004883872122,132612.2920398943
531.5680949687958,-0.2800086220413981,132612.96283590488
531.6678295135498,-0.27835502781674415,132612.96655231438
531.7672681808472,-0.27982488934976985,132613.56989708295
531.867826461792,-0.27964115665814165,132613.81290737467
531.9678564071655,-0.2786306268541865,132613.0316166372
532.0681066513062,-0.27679329993790436,132613.2284549735
532.1679694652557,-0.279916755695584,132612.00560947615
532.267911195755,-0.2778956960876736,132612.90504852854
532.3673679828644,-0.2776200970502313,132613.9145436757
532.4681684970856,-0.2785387605083724,132614.52308930812
532.5672428607941,-0.2785387605083724,132614.4707803773
532.6676630973816,-0.27844689416255824,132614.22370233957
532.7677657604218,-0.2791818249290711,132613.80133210562
532.8677542209625,-0.27844689416255824,132613.92119889506
532.9681439399719,-0.27945742396651346,132615.52907900556
533.0674202442169,-0.2776200970502313,132615.576171105
533.1680061817169,-0.2785387605083724,132615.4185539945
533.2681844234467,-0.2767014335920902,132615.07669859505
533.367294549942,-0.27817129512511596,132616.16902873554
533.4677963256836,-0.2812947508827956,132615.05212586198
533.5679533481598,-0.27899809223744293,132615.1469132758
533.6681008338928,-0.2812947508827956,132615.0322219482
533.7677268981934,-0.27697703262953255,132615.32899975337
533.867223739624,-0.2785387605083724,132614.89609977804
533.967972278595,-0.2777119633960454,132614.50648980023
534.0678005218506,-0.27982488934976985,132614.3558408202
534.1672561168671,-0.27826316147093005,132614.3202567382
534.2680501937866,-0.27954929031232756,132615.58823106438
534.3678615093231,-0.2807435528079109,132616.32940795794
534.4672973155975,-0.277344498012789,132615.49646716213
534.5675647258759,-0.27807942877930186,132614.8468204459
534.6675198078156,-0.28175408261186613,132614.8621384013
534.7676973342896,-0.2787224932000006,132614.1759245612
534.8675246238708,-0.2789062258916288,132614.6583321051
534.9677975177765,-0.28083541915372506,132614.59249889458
535.0679070949554,-0.27945742396651346,132615.93324900512
535.167683839798,-0.2789062258916288,132616.33992410463
535.2679443359375,-0.2791818249290711,132616.10593169418
535.367479801178,-0.27945742396651346,132615.09533852476
535.467845916748,-0.2788143595458147,132615.28580467228
535.5673742294312,-0.27954929031232756,132615.75722420507
535.667552947998,-0.2785387605083724,132615.68150178457
535.7678463459015,-0.2778956960876736,132617.11335160612
535.867753982544,-0.2758746364797633,132618.0020164455
535.9673085212708,-0.2778038297418595,132617.10181480096
536.0676183700562,-0.279916755695584,132615.79163332086
536.1676585674286,-0.27706889897534664,132615.2124699888
536.2673437595367,-0.2764258345546479,132614.49122298992
536.3678209781647,-0.2779875624334877,132613.74210069093
536.4681639671326,-0.2778956960876736,132614.76789062185
536.5678162574768,-0.27697703262953255,132614.19110155967
536.667503118515,-0.279089958583257,132613.3719914037
536.7678818702698,-0.2767014335920902,132612.43479226332
536.8680732250214,-0.2793655576206993,132611.691313037
536.9680325984955,-0.27826316147093005,132611.4221817333
537.0682625770569,-0.2764258345546479,132611.67996356
537.1674318313599,-0.27954929031232756,132611.711967204
537.2679712772369,-0.2779875624334877,132612.3407704836
537.3677837848663,-0.2762421018630197,132611.20669343523
537.4679698944092,-0.27945742396651346,132611.7860240917
537.5675194263458,-0.2777119633960454,132610.90742168252
537.6672170162201,-0.279916755695584,132611.0166795143
537.767247915268,-0.2792736912748852,132611.91501156287
537.8676555156708,-0.27688516628371845,132610.52351040658
537.967741727829,-0.27982488934976985,132611.07115936594
538.0680825710297,-0.2788143595458147,132610.56404342933
538.1673169136047,-0.27826316147093005,132610.5076390864
538.2676231861115,-0.2750478393674363,132612.45687517774
538.367467880249,-0.27817129512511596,132613.11118765996
538.467738866806,-0.2791818249290711,132612.60006889395
538.568076133728,-0.28083541915372506,132613.44006200455
538.6682085990906,-0.2787224932000006,132614.2960558041
538.7675485610962,-0.28037608742465453,132614.16645022368
538.8678948879242,-0.27817129512511596,132614.5498052013
538.9676244258881,-0.276517700900462,132615.19482468118
539.0675537586212,-0.2787224932000006,132614.87534221308
539.167492389679,-0.276517700900462,132614.18780799178
539.2674291133881,-0.2792736912748852,132613.6690271926
539.3674294948578,-0.2774363643586031,132612.80212447335
539.4681670665741,-0.2801923547330263,132612.921912026
539.5672724246979,-0.2779875624334877,132611.7297208234
539.6676161289215,-0.28037608742465453,132612.25674874109
539.7675225734711,-0.2779875624334877,132611.431073867
539.8682148456573,-0.27835502781674415,132611.7879664803
539.9676749706268,-0.27716076532116074,132610.70916983226
540.0671780109406,-0.27982488934976985,132611.43825284904
540.1675479412079,-0.2764258345546479,132612.39442756414
540.2673020362854,-0.276517700900462,132612.75498480772
540.3673996925354,-0.2785387605083724,132613.87948632694
540.4674108028412,-0.2775282307044172,132613.79153769425
540.5680809020996,-0.27973302300395575,132614.51238392483
540.6675572395325,-0.27697703262953255,132614.26114553236
540.7677931785583,-0.2788143595458147,132614.23503097912
540.8671896457672,-0.2785387605083724,132614.2115278812
540.967301607132,-0.2786306268541865,132613.9903750931
541.0675196647644,-0.2789062258916288,132613.59133758378
541.1679434776306,-0.2800086220413981,132614.2322038254
541.2679569721222,-0.27982488934976985,132613.30898344287
541.3672835826874,-0.2788143595458147,132614.47808509858
541.4680843353271,-0.2791818249290711,132615.23027658873
541.5676715373993,-0.2779875624334877,132614.40724892987
541.6671862602234,-0.27954929031232756,132615.4665240369
541.7673985958099,-0.27973302300395575,132615.11987163321
541.8673684597015,-0.2792736912748852,132614.4078844699
541.967214345932,-0.2787224932000006,132614.66709602292
542.0673425197601,-0.2775282307044172,132615.00038642064
542.1672551631927,-0.2778956960876736,132614.90034777857
542.2680571079254,-0.27899809223744293,132614.41031300073
542.3672986030579,-0.27706889897534664,132615.16928170066
542.4674179553986,-0.2772526316669749,132616.3523535306
542.5673499107361,-0.27954929031232756,132616.71711817753
542.6673834323883,-0.27716076532116074,132615.74540635978
542.7676708698273,-0.2775282307044172,132616.2708657238
542.8672971725464,-0.27973302300395575,132616.54377915143
542.9676327705383,-0.2766095672462761,132615.68940123628
543.0672776699066,-0.2772526316669749,132614.62046111264
543.1675782203674,-0.27899809223744293,132614.3584150014
543.267671585083,-0.277344498012789,132614.42257350124
543.3675065040588,-0.28037608742465453,132616.0803161511
543.4677908420563,-0.279089958583257,132616.972284536
543.5678412914276,-0.27899809223744293,132617.2750560824
543.6675350666046,-0.2775282307044172,132616.64755047415
543.7678594589233,-0.2772526316669749,132616.18279542675
543.8673794269562,-0.27835502781674415,132616.36451588408
543.9681041240692,-0.279089958583257,132616.82806429567
544.0681545734406,-0.2779875624334877,132616.8452578661
544.1674029827118,-0.277344498012789,132616.5607320795
544.2677211761475,-0.27807942877930186,132615.20465887155
544.3672511577606,-0.2759665028255774,132614.6841929844
544.4675250053406,-0.2778038297418595,132611.91577368596
544.5677609443665,-0.27844689416255824,132612.12419631737
544.6673214435577,-0.27716076532116074,132610.31177668564
544.7674272060394,-0.27697703262953255,132608.1805990171
544.8673481941223,-0.2767014335920902,132608.16253911538
544.9680774211884,-0.2791818249290711,132607.94628520386
545.0681371688843,-0.27807942877930186,132607.15165668348
545.1675276756287,-0.2789062258916288,132607.33649101513
545.2675428390503,-0.2762421018630197,132606.80284191362
545.3676588535309,-0.2793655576206993,132607.52255772226
545.4681823253632,-0.2777119633960454,132608.67030195004
545.5682642459869,-0.279089958583257,132608.00327175503
545.6676273345947,-0.2759665028255774,132608.80294457954
545.767698764801,-0.2788143595458147,132607.72265012158
545.8679339885712,-0.279089958583257,132607.65038510942
545.9679427146912,-0.2802842210788404,132607.78534659848
546.0673191547394,-0.27716076532116074,132608.10681193863
546.1672172546387,-0.27807942877930186,132607.39613074478
546.2679772377014,-0.2793655576206993,132607.65651767032
546.3679792881012,-0.2789062258916288,132607.3908659033
546.4674565792084,-0.27679329993790436,132607.35177931297
546.5676376819611,-0.2787224932000006,132607.2166013817
546.6675806045532,-0.27826316147093005,132605.99494124352
546.7672641277313,-0.27964115665814165,132605.99544711917
546.8674688339233,-0.277344498012789,132605.79590240726
546.9678218364716,-0.2774363643586031,132606.91631216655
547.067939043045,-0.2778038297418595,132607.4246809499
547.1676704883575,-0.2774363643586031,132605.0822128549
547.2672073841095,-0.27817129512511596,132605.37399156942
547.3681499958038,-0.2750478393674363,132604.53659241248
547.4677186012268,-0.27716076532116074,132605.38293317123
547.567455291748,-0.27578277013394914,132604.74463985412
547.6675405502319,-0.27697703262953255,132606.07017586872
547.7679877281189,-0.2777119633960454,132606.36315828186
547.8679640293121,-0.2759665028255774,132606.32684245368
547.9679856300354,-0.27716076532116074,132606.9941582083
548.0677852630615,-0.27716076532116074,132606.4947423875
548.167396068573,-0.277344498012789,132607.24526814875
548.2672746181488,-0.2778038297418595,132607.0207413339
548.3672683238983,-0.2772526316669749,132607.51866720052
548.4677088260651,-0.2786306268541865,132607.36680048046
548.5675566196442,-0.2764258345546479,132608.23012043242
548.667498588562,-0.2787224932000006,132607.00710838917
548.7680249214172,-0.27807942877930186,132607.60639755026
548.8672904968262,-0.2778956960876736,132608.44575779524
548.9680364131927,-0.27945742396651346,132610.10118201573
549.0679280757904,-0.2802842210788404,132611.29106381416
549.1679706573486,-0.2778956960876736,132610.76195743275
549.2679529190063,-0.27817129512511596,132611.5857616895
549.3675603866577,-0.2774363643586031,132613.02718552054
549.4677619934082,-0.2791818249290711,132612.32446696848
549.5675177574158,-0.27817129512511596,132611.99202027163
549.6675841808319,-0.27431290860092344,132612.59281824448
549.7672743797302,-0.2758746364797633,132612.73353642004
549.8673620223999,-0.2762421018630197,132612.06018277805
549.9681568145752,-0.27899809223744293,132611.75416450025
550.0678443908691,-0.2775282307044172,132611.07874805023
550.1681935787201,-0.2763339682088338,132611.67087324522
550.2676675319672,-0.2767014335920902,132611.3037859207
550.3679349422455,-0.2764258345546479,132611.87340732865
550.4680926799774,-0.2758746364797633,132612.48606659577
550.567795753479,-0.2767014335920902,132611.73745993618
550.6680474281311,-0.2785387605083724,132611.26371394258
550.7676846981049,-0.2775282307044172,132612.23734254832
550.8679800033569,-0.27550717109650685,132612.5136082935
550.9672346115112,-0.2767014335920902,132612.56224746414
551.0677688121796,-0.2793655576206993,132611.90602271774
551.1675267219543,-0.2792736912748852,132612.01542044597
551.2680587768555,-0.277344498012789,132612.41387840136
551.3681361675262,-0.27844689416255824,132613.27249056124
551.4681024551392,-0.2777119633960454,132613.14524150512
551.5680453777313,-0.27807942877930186,132612.53071735462
551.6681659221649,-0.2766095672462761,132610.67764561917
551.7675888538361,-0.2779875624334877,132609.80988105727
551.8674492835999,-0.27945742396651346,132609.42889295155
551.9673426151276,-0.2791818249290711,132608.9860036564
552.0680487155914,-0.2778956960876736,132608.28740329077
552.1680481433868,-0.27541530475069276,132608.5586629617
552.2681784629822,-0.2763339682088338,132608.60279666554
552.3680422306061,-0.27716076532116074,132608.04251699898
552.4681613445282,-0.27844689416255824,132608.1382652991
552.5680642127991,-0.27844689416255824,132607.8244387692
552.6675562858582,-0.2786306268541865,132608.34199489228
552.7677285671234,-0.27817129512511596,132608.10779540305
552.8674688339233,-0.2776200970502313,132608.49701586275
552.9677748680115,-0.27688516628371845,132608.3473142765
553.0681023597717,-0.27807942877930186,132607.01258284884
553.1672651767731,-0.27569090378813504,132606.51132456397
553.2676024436951,-0.279089958583257,132606.26019210758
553.367529630661,-0.2793655576206993,132606.63417289683
553.4675619602203,-0.27964115665814165,132606.97075560715
553.5681042671204,-0.2778038297418595,132607.47368004645
553.6681032180786,-0.2777119633960454,132607.42631204182
553.7677500247955,-0.2786306268541865,132607.98368083764
553.8680844306946,-0.2772526316669749,132608.38531275388
553.9679627418518,-0.2778038297418595,132608.9467814785
554.0677411556244,-0.2762421018630197,132609.35210333066
554.1678280830383,-0.27835502781674415,132610.5168929976
554.2673718929291,-0.27578277013394914,132609.96520369785
554.3679931163788,-0.27688516628371845,132609.96868332807
554.4673044681549,-0.27945742396651346,132609.17181499526
554.5679349899292,-0.27899809223744293,132608.45463349574
554.6680450439453,-0.2785387605083724,132609.50917014616
554.7681448459625,-0.2778956960876736,132610.15825313155
554.8675463199615,-0.2761502355172056,132611.14242781838
554.9680669307709,-0.2775282307044172,132611.12818503653
555.0675382614136,-0.2788143595458147,132612.5153665329
555.1677315235138,-0.2776200970502313,132613.46382987962
555.2678587436676,-0.27697703262953255,132614.81744689165
555.3676607608795,-0.2762421018630197,132615.63570220247
555.4676702022552,-0.28166221626605203,132616.47213198224
555.567319393158,-0.27706889897534664,132616.82491878403
555.6672103404999,-0.27835502781674415,132617.04242690562
555.7681353092194,-0.2787224932000006,132617.73818421506
555.8674821853638,-0.27706889897534664,132618.66436579358
555.9676229953766,-0.27706889897534664,132618.39792921423
556.0676383972168,-0.2789062258916288,132618.6581362928
556.1681342124939,-0.2766095672462761,132619.3923226635
556.2677567005157,-0.2762421018630197,132618.75309039716
556.3672738075256,-0.27826316147093005,132618.17778135746
556.4679017066956,-0.27697703262953255,132616.56000322173
556.5679686069489,-0.2778956960876736,132614.90400289957
556.6679856777191,-0.27807942877930186,132614.31360260962
556.7679235935211,-0.2791818249290711,132614.88224234866
556.8676934242249,-0.27807942877930186,132614.19401811378
556.9672198295593,-0.27945742396651346,132614.3746163024
557.0672986507416,-0.2778038297418595,132614.23715467216
557.1679880619049,-0.2779875624334877,132612.91343920495
557.2674286365509,-0.2812947508827956,132613.42209528445
557.3681826591492,-0.2752315720590645,132614.479885756
557.467928647995,-0.2774363643586031,132615.43189718042
557.5675973892212,-0.2776200970502313,132616.0887074624
557.6675963401794,-0.27826316147093005,132615.97983671614
557.7679209709167,-0.2759665028255774,132615.78185304452
557.8677175045013,-0.276517700900462,132614.70366774008
557.9679889678955,-0.28037608742465453,132615.13330096606
558.0680346488953,-0.277344498012789,132615.21997086945
558.1673631668091,-0.2767014335920902,132616.0979737825
558.2673444747925,-0.27973302300395575,132616.38817640426
558.3679091930389,-0.2766095672462761,132615.44935876384
558.4672853946686,-0.2786306268541865,132615.00442288746
558.5675191879272,-0.2750478393674363,132613.5039805987
558.667373418808,-0.2786306268541865,132612.05358253885
558.7672863006592,-0.27844689416255824,132612.04822428498
558.86763215065,-0.2785387605083724,132611.74340185648
558.9674556255341,-0.276517700900462,132610.96906167082
559.0673654079437,-0.277344498012789,132611.37215550375
559.1676442623138,-0.2779875624334877,132611.13493995336
559.2672946453094,-0.27835502781674415,132610.62144595804
559.3681361675262,-0.2772526316669749,132609.65930136223
559.4677245616913,-0.279089958583257,132607.09337122602
559.5680477619171,-0.2760583691713915,132607.6840341034
559.667261838913,-0.276517700900462,132605.91563069308
559.7679002285004,-0.2772526316669749,132606.32406762376
559.8673787117004,-0.2788143595458147,132605.9916608614
559.9672071933746,-0.27706889897534664,132605.99249477524
560.0675840377808,-0.27817129512511596,132606.09324529773
560.1675925254822,-0.27817129512511596,132606.58392076797
560.2679507732391,-0.27706889897534664,132606.1255286912
560.3675076961517,-0.2779875624334877,132605.71297582207
560.4677298069,-0.2787224932000006,132605.54167823985
560.5681788921356,-0.2772526316669749,132604.68751041588
560.6673455238342,-0.2777119633960454,132604.5187593743
560.7676196098328,-0.2772526316669749,132605.56688343687
560.8677949905396,-0.2776200970502313,132604.3101950932
560.9676177501678,-0.27559903744232095,132604.47917558387
561.0679593086243,-0.2777119633960454,132605.73125802548
561.1673209667206,-0.279089958583257,132607.05813222294
561.2675912380219,-0.27697703262953255,132606.25231900066
561.3677663803101,-0.27697703262953255,132605.2270871006
561.4681346416473,-0.2777119633960454,132606.10437839053
561.567868232727,-0.2761502355172056,132606.7939405515
561.6673219203949,-0.2772526316669749,132608.61454649636
561.7674040794373,-0.27982488934976985,132608.65309184673
561.8678328990936,-0.27697703262953255,132609.18778266208
561.9674019813538,-0.27973302300395575,132609.66900439587
562.0682075023651,-0.2776200970502313,132609.8021039563
562.1678359508514,-0.2778956960876736,132611.52189356065
562.2674763202667,-0.2778956960876736,132611.4697042046
562.3677423000336,-0.27807942877930186,132611.72273378415
562.4678344726562,-0.2767014335920902,132611.85046040572
562.5672032833099,-0.2775282307044172,132612.26541436516
562.6673018932343,-0.2767014335920902,132613.33887292864
562.7681856155396,-0.27688516628371845,132613.00498563578
562.8672728538513,-0.27679329993790436,132613.8044870722
562.9679598808289,-0.27899809223744293,132613.02403836497
563.0680949687958,-0.2778038297418595,132613.42163452847
563.167962551117,-0.2763339682088338,132614.17947107562
563.2678968906403,-0.27569090378813504,132614.16152396807
563.3674371242523,-0.2791818249290711,132614.04537157126
563.4679672718048,-0.2760583691713915,132613.14083441414
563.5673139095306,-0.2791818249290711,132611.12675097273
563.6681792736053,-0.2786306268541865,132609.91407587545
563.768128156662,-0.2763339682088338,132608.4226682879
563.8675463199615,-0.27569090378813504,132608.68040145913
563.9673697948456,-0.2760583691713915,132609.51236131322
564.0676348209381,-0.27899809223744293,132608.9611251819
564.1676347255707,-0.276517700900462,132608.06501266372
564.2672579288483,-0.27357797783441057,132607.55851139734
564.3681662082672,-0.27697703262953255,132607.4026602576
564.4680066108704,-0.277344498012789,132605.96239423184
564.5673713684082,-0.2764258345546479,132605.66615480866
564.6679368019104,-0.2779875624334877,132606.59953932778
564.7670314311981,-0.27559903744232095,132606.839585395
564.8673899173737,-0.2749559730216222,132607.05562685552
564.9679293632507,-0.27578277013394914,132606.75006417
565.0675141811371,-0.27697703262953255,132607.175057753
565.167810678482,-0.27578277013394914,132606.3575519777
565.2675497531891,-0.27697703262953255,132607.02179677994
565.3676910400391,-0.2775282307044172,132606.51961710196
565.4676110744476,-0.277344498012789,132606.26765539177
565.5674669742584,-0.27679329993790436,132606.2408898526
565.6681928634644,-0.2761502355172056,132606.91680086733
565.7672097682953,-0.27826316147093005,132606.5251207806
565.8680787086487,-0.2748641066758081,132605.87260870254
565.967607498169,-0.27688516628371845,132605.4853478323
566.0671887397766,-0.2767014335920902,132605.53681304905
566.1680300235748,-0.27835502781674415,132605.48313174414
566.267776966095,-0.27826316147093005,132604.93481856975
566.3673877716064,-0.2792736912748852,132605.94133671277
566.4678914546967,-0.27706889897534664,132606.0472030415
566.5678544044495,-0.2751397057132504,132606.64248273734
566.6681187152863,-0.2777119633960454,132607.7782344636
566.7680733203888,-0.27835502781674415,132608.80041101723
566.8675489425659,-0.2762421018630197,132608.52036991552
566.967381477356,-0.27679329993790436,132608.26833292397
567.067896604538,-0.279089958583257,132607.54149963157
567.1676647663116,-0.27688516628371845,132606.88734966842
567.2680492401123,-0.2764258345546479,132607.29861470158
567.3681080341339,-0.27550717109650685,132606.26875323142
567.467702627182,-0.276517700900462,132606.14187790826
567.5682134628296,-0.2778956960876736,132606.72769011743
567.6672682762146,-0.2791818249290711,132607.7549211057
567.7676329612732,-0.2767014335920902,132608.07942899512
567.8678948879242,-0.27716076532116074,132608.4714860956
567.967836856842,-0.27807942877930186,132608.52433748604
568.0677769184113,-0.27835502781674415,132608.47190373743
568.1676409244537,-0.2759665028255774,132608.22471336368
568.2679195404053,-0.27541530475069276,132608.50224202732
568.3678028583527,-0.2772526316669749,132607.8520178246
568.4679083824158,-0.2759665028255774,132608.16681604212
568.5676987171173,-0.276517700900462,132606.75013443793
568.6673874855042,-0.2758746364797633,132605.37512099414
568.7675974369049,-0.27578277013394914,132605.13760889473
568.8674664497375,-0.277344498012789,132604.42384800524
568.9679548740387,-0.277344498012789,132605.18146320473
569.0677118301392,-0.2762421018630197,132603.76331688426
569.1680850982666,-0.2777119633960454,132602.28698519582
569.2674174308777,-0.2762421018630197,132602.45828667624
569.3675944805145,-0.27716076532116074,132603.5124580086
569.4677875041962,-0.2793655576206993,132603.86121220773
569.5677485466003,-0.2767014335920902,132603.77509098695
569.6677687168121,-0.2761502355172056,132604.09758188826
569.7681007385254,-0.2786306268541865,132605.68782369944
569.8672227859497,-0.2779875624334877,132604.4190413295
569.9681859016418,-0.2779875624334877,132603.87713719654
570.0673363208771,-0.2767014335920902,132603.9894234769
570.1675684452057,-0.27844689416255824,132603.2904811292
570.2678663730621,-0.2774363643586031,132603.76143301628
570.3679416179657,-0.2779875624334877,132603.88528971467
570.4675250053406,-0.27706889897534664,132604.9967607432
570.5677194595337,-0.2758746364797633,132604.8970846689
570.6677858829498,-0.2766095672462761,132605.407376202
570.7677302360535,-0.2767014335920902,132605.26663858182
570.8677804470062,-0.2778038297418595,132604.53997472362
570.9673798084259,-0.2746803739841799,132604.98597725126
571.0678277015686,-0.2776200970502313,132605.08737952614
571.1677148342133,-0.2763339682088338,132604.67864157353
571.2678756713867,-0.2789062258916288,132603.91077741617
571.3679614067078,-0.2791818249290711,132603.71969967455
571.4678912162781,-0.27550717109650685,132603.6477297071
571.5679113864899,-0.276517700900462,132603.1829567364
571.6680138111115,-0.2758746364797633,132603.16466106274
571.7678875923157,-0.2758746364797633,132603.24819495645
571.8678705692291,-0.27679329993790436,132603.2233754608
571.9681875705719,-0.27578277013394914,132602.30103791473
572.0674250125885,-0.2793655576206993,132601.27093412325
572.1673648357391,-0.2760583691713915,132600.74384071093
572.267166852951,-0.2760583691713915,132599.66945663985
572.367271900177,-0.27835502781674415,132599.10251097588
572.4673361778259,-0.27697703262953255,132599.6922598783
572.5674023628235,-0.2774363643586031,132599.62303389047
572.6677730083466,-0.2763339682088338,132600.06073050143
572.7676613330841,-0.2778038297418595,132600.95465745128
572.8674156665802,-0.27706889897534664,132602.15919170616
572.9675984382629,-0.2766095672462761,132602.54327253555
573.0673840045929,-0.2775282307044172,132603.688945282
573.1672601699829,-0.2778038297418595,132603.8200507538
573.2679467201233,-0.2787224932000006,132604.23804567842
573.367648601532,-0.27550717109650685,132604.0142411106
573.4680027961731,-0.277344498012789,132603.61281699955
573.5677256584167,-0.276517700900462,132602.9515352996
573.6672177314758,-0.27807942877930186,132601.95638176965
573.7674152851105,-0.27706889897534664,132601.7607435927
573.868052482605,-0.2766095672462761,132602.78466923343
573.9673330783844,-0.277344498012789,132603.40620231009
574.0679869651794,-0.27688516628371845,132603.06558207909
574.1672468185425,-0.2772526316669749,132603.9590238712
574.2671957015991,-0.2751397057132504,132603.16312148407
574.3677537441254,-0.2777119633960454,132603.24680933566
574.4677309989929,-0.276517700900462,132603.6221284021
574.5679521560669,-0.2764258345546479,132602.75991556188
574.66814494133,-0.27899809223744293,132602.9839240057
574.768125295639,-0.2763339682088338,132602.48553160514
574.8678042888641,-0.27706889897534664,132601.73697844462
574.9680984020233,-0.2748641066758081,132602.46328060018
575.0676953792572,-0.2759665028255774,132603.91695254017
575.1672353744507,-0.2763339682088338,132603.52525728615
575.2680671215057,-0.2772526316669749,132603.77273155755
575.3674800395966,-0.27826316147093005,132603.9954584018
575.4676263332367,-0.27706889897534664,132604.99591256163
575.5677978992462,-0.276517700900462,132605.29632130548
575.667338848114,-0.27578277013394914,132605.26668917492
575.7674930095673,-0.2748641066758081,132602.64002025744
575.8681743144989,-0.2750478393674363,132601.7760182317
575.9680461883545,-0.27550717109650685,132602.29841640854
576.067444562912,-0.2752315720590645,132602.4685747677
576.1680085659027,-0.27688516628371845,132602.42171729094
576.2674672603607,-0.27844689416255824,132602.67954556184
576.3679256439209,-0.2777119633960454,132603.71159100565
576.4674997329712,-0.274772240329994,132604.9404319051
576.5681502819061,-0.2760583691713915,132605.04638871457
576.6679580211639,-0.27706889897534664,132605.34174984312
576.7680993080139,-0.2758746364797633,132606.70757485882
576.8675916194916,-0.2772526316669749,132606.43681737295
576.9674248695374,-0.2772526316669749,132606.19313563567
577.0676987171173,-0.2766095672462761,132606.37382207208
577.1680057048798,-0.2767014335920902,132606.33643986488
577.2681810855865,-0.2745885076383658,132606.7027958784
577.3676533699036,-0.2776200970502313,132606.63251629056
577.4675581455231,-0.2745885076383658,132607.5692646615
577.5679414272308,-0.27688516628371845,132608.01233819535
577.6680362224579,-0.2751397057132504,132606.41110437582
577.7680523395538,-0.2778038297418595,132605.86999393825
577.867623090744,-0.2753234384048786,132605.5829945444
577.9681956768036,-0.2749559730216222,132604.72469508997
578.0681569576263,-0.2745885076383658,132604.85222558098
578.1678297519684,-0.27679329993790436,132605.06700302288
578.2673583030701,-0.2777119633960454,132605.06030272058
578.3672451972961,-0.2763339682088338,132606.05427244853
578.4681978225708,-0.27541530475069276,132605.94884520367
578.5676577091217,-0.27412917590929525,132606.3539606833
578.6672101020813,-0.274772240329994,132607.41856461499
578.7681057453156,-0.2785387605083724,132607.6767081535
578.8674056529999,-0.2787224932000006,132608.00903733817
578.9681797027588,-0.27807942877930186,132606.80813360435
579.0675325393677,-0.2740373095634811,132607.32732024393
579.1677868366241,-0.27679329993790436,132606.59458821954
579.2679333686829,-0.277344498012789,132605.7351293976
579.3679316043854,-0.2763339682088338,132605.06161645785
579.4675600528717,-0.2760583691713915,132604.55545481207
579.5673735141754,-0.2767014335920902,132604.99990933086
579.6672568321228,-0.2778038297418595,132604.99991839778
579.7671961784363,-0.27716076532116074,132604.499926558
579.8673050403595,-0.27844689416255824,132604.2499339022
579.9681439399719,-0.2776200970502313,132604.024940512
580.0673174858093,-0.27559903744232095,132604.2224464608
580.1675248146057,-0.27541530475069276,132603.90020181471
580.2675824165344,-0.27807942877930186,132602.81018163325
580.3677020072937,-0.27697703262953255,132602.92916346993
580.467410326004,-0.2776200970502313,132603.43624712294
580.5672636032104,-0.2763339682088338,132603.79262241066
580.6674506664276,-0.2788143595458147,132604.0133601696
580.7673554420471,-0.2762421018630197,132603.71202415263
580.8673224449158,-0.2767014335920902,132604.24082173736
580.9673044681549,-0.2776200970502313,132604.41673956363
581.0674049854279,-0.273945443217667,132604.87506560728
581.1680123806,-0.2779875624334877,132605.58755904657
581.268171787262,-0.2766095672462761,132605.72880314192
581.3674709796906,-0.2759665028255774,132605.35592282773
581.4676113128662,-0.27706889897534664,132604.72033054495
581.5675365924835,-0.2734861114885965,132604.54829749046
581.6679751873016,-0.27578277013394914,132603.59346774142
581.7673404216766,-0.2761502355172056,132604.4341209673
581.8676152229309,-0.27688516628371845,132604.49070887058
581.9672183990479,-0.2779875624334877,132604.04163798352
582.0676348209381,-0.27807942877930186,132604.3374741852
582.1677484512329,-0.2758746364797633,132604.70372676666
582.267662525177,-0.27679329993790436,132604.63335409
582.3673729896545,-0.2760583691713915,132605.170018681
582.4674882888794,-0.27697703262953255,132606.2530168129
582.5673432350159,-0.27559903744232095,132607.0277151316
582.667454957962,-0.2767014335920902,132606.32494361844
582.7673735618591,-0.27679329993790436,132605.89244925661
582.8672935962677,-0.2759665028255774,132605.00320433095
582.9677095413208,-0.2767014335920902,132605.80288389785
583.0676050186157,-0.2777119633960454,132605.62259550806
583.1679503917694,-0.27697703262953255,132605.16033595725
583.2672646045685,-0.2767014335920902,132605.94430236152
583.3674409389496,-0.27817129512511596,132606.14987212536
583.4679791927338,-0.27688516628371845,132607.03488491283
583.56742811203,-0.27835502781674415,132608.33139642153
583.6675777435303,-0.2776200970502313,132608.19825677937
583.7681646347046,-0.27697703262953255,132607.87843110145
583.8675901889801,-0.27688516628371845,132607.4905879913
