time_s,torque,deflection
0.22683334350585938,0.0005511980748846419,132592.7
0.31522083282470703,0.0016535942246539257,132591.33000000002
0.42022037506103516,0.0021129259537244604,132589.29700000002
0.5255939960479736,0.0011023961497692838,132588.46730000002
0.6305015087127686,0.0029397230660514234,132588.52057000002
0.7356686592102051,0.0012861288413974978,132587.86851300002
0.8403158187866211,0.0019291932620962467,132588.28166170002
0.9454753398895264,0.0026641240286091024,132587.65349553002
1.0462658405303955,0.0022047922995385677,132587.688145977
1.1468310356140137,0.0010105298039551768,132586.81933137932
1.246354341506958,0.0004593317290705349,132585.0373982414
1.346839189529419,0.0006430644206987489,132584.33365841725
1.4465734958648682,0.0016535942246539257,132582.60029257555
1.5461912155151367,0.0006430644206987489,132582.240263318
1.6468417644500732,0.0020210596079103535,132581.3162369862
1.746647596359253,0.005236381711404098,132580.5846132876
1.8461921215057373,0.0024803913369808887,132581.52615195885
1.9463224411010742,0.0019291932620962467,132582.67353676297
2.0469470024108887,0.0018373269162821396,132584.30618308668
2.146982192993164,-0.00036746538325642793,132584.97556477803
2.2466914653778076,0.00036746538325642793,132584.17800830022
2.346179723739624,0.0017454605704680327,132584.0602074702
2.4469525814056396,0.0031234557576796376,132583.0541867232
2.5461995601654053,0.0025722576827949956,132583.04876805088
2.6468679904937744,0.15727518403375115,132554.7438912458
2.746347188949585,0.16003117440817435,132529.16950212122
2.846527338027954,0.1617766349786424,132504.7525519091
2.946969985961914,0.16407329362399506,132482.1772967182
3.0465757846832275,0.16361396189492453,132461.8595670464
3.146601438522339,0.16655368496097595,132444.77361034177
3.2466866970062256,0.16508382342795025,132427.4962493076
3.346116065979004,0.16783981380237345,132412.54662437682
3.4466331005096436,0.1671967493816747,132398.19196193913
3.5462913513183594,0.1671048830358606,132384.6727657452
3.6469874382019043,0.16765608111074523,132375.20548917068
3.74676251411438,0.16664555130679007,132364.9849402536
3.8463356494903564,0.16857474456888633,132355.48644622823
3.9469971656799316,0.16829914553144398,132347.63780160542
4.046676397323608,0.1698608734102838,132340.47402144488
4.146411180496216,0.16793168014818757,132334.1266193004
4.246218681335449,0.17004460610191202,132327.51395737036
4.346282243728638,0.1671048830358606,132322.7625616333
4.44617772102356,0.1709632695600531,132318.68630546998
4.546247482299805,0.17022833879354024,132313.917674923
4.646288871765137,0.16802354649400167,132309.8259074307
4.746474504470825,0.17041207148516846,132306.64331668764
4.846766471862793,0.17013647244772614,132303.47898501888
4.946102142333984,0.17050393783098255,132299.931086517
5.0467119216918945,0.1694934080270274,132297.5379778653
5.146402359008789,0.16857474456888633,132295.28418007877
5.246826171875,0.16912594264377095,132292.9557620709
5.3466796875,0.17077953686842487,132289.9601858638
5.4465155601501465,0.1722493984014506,132287.66416727743
5.546311616897583,0.17004460610191202,132285.79775054968
5.6468634605407715,0.1709632695600531,132284.1179754947
5.746149778366089,0.170871403214239,132282.60617794524
5.846492052078247,0.16866661091470042,132281.54556015073
5.9462339878082275,0.17032020513935434,132280.49100413566
6.04687237739563,0.16930967533539917,132280.1419037221
6.146137714385986,0.17261686378470703,132277.7277133499
6.246854305267334,0.17050393783098255,132277.45494201488
6.346875905990601,0.1698608734102838,132277.8094478134
6.447025299072266,0.17032020513935434,132277.42850303208
6.546877145767212,0.17041207148516846,132276.98565272888
6.646485090255737,0.1709632695600531,132276.487087456
6.746367931365967,0.17022833879354024,132276.1383787104
6.846818208694458,0.16967714071865558,132276.12454083937
6.946528434753418,0.1722493984014506,132275.31208675544
7.04665470123291,0.170871403214239,132275.6808780799
7.146890163421631,0.17270873013052113,132275.11279027193
7.2461652755737305,0.17335179455121988,132274.40151124474
7.347073554992676,0.17197379936400828,132273.36136012027
7.446169137954712,0.17013647244772614,132272.92522410824
7.54610800743103,0.17307619551377756,132271.6327016974
7.6467530727386475,0.17151446763493775,132269.86943152768
7.746256113052368,0.17344366089703397,132269.98248837492
7.846475601196289,0.17160633398075184,132269.08423953742
7.946307897567749,0.17335179455121988,132268.5758155837
8.04671597480774,0.1725249974388929,132267.81823402533
8.14644742012024,0.1723412647472647,132267.5364106228
8.246716499328613,0.17417859166354685,132266.0827695605
8.346580505371094,0.17197379936400828,132264.77449260445
8.44696307182312,0.17408672531773273,132265.49704334402
8.546655416488647,0.17325992820540576,132265.14733900962
8.647089004516602,0.17298432916796344,132265.03260510866
8.74614953994751,0.1725249974388929,132265.2293445978
8.84669804573059,0.17335179455121988,132262.90641013804
8.94659972190857,0.17555658685075845,132263.71576912425
9.046098947525024,0.17307619551377756,132262.64419221182
9.146594047546387,0.1725249974388929,132262.37977299065
9.246994495391846,0.1736273935886622,132263.0417956916
9.346818685531616,0.17509725512168792,132262.33761612244
9.446389436721802,0.1736273935886622,132261.7038545102
9.546643257141113,0.17289246282214935,132260.9334690592
9.646942377090454,0.1724331310930788,132261.84012215328
9.746662378311157,0.1724331310930788,132261.75610993797
9.84661865234375,0.17197379936400828,132260.88049894417
9.946793556213379,0.17417859166354685,132261.39244904974
10.046491861343384,0.17325992820540576,132260.05320414476
10.14661431312561,0.17436232435517504,132258.74788373028
10.246811151504517,0.17463792339261738,132257.97309535724
10.346695899963379,0.17445419070098916,132259.27578582152
10.44694185256958,0.17188193301819416,132259.24820723938
10.546772480010986,0.17472978973843148,132257.22338651546
10.646738052368164,0.17427045800936095,132256.4010478639
10.745963335037231,0.17298432916796344,132254.7609430775
10.846832752227783,0.17454605704680326,132253.68484876977
10.94581413269043,0.17399485897191863,132252.1163638928
11.046865940093994,0.17417859166354685,132251.40472750354
11.146704196929932,0.17436232435517504,132252.2642547532
11.246657133102417,0.17325992820540576,132251.53782927786
11.346337795257568,0.17592405223401486,132250.5840463501
11.446943998336792,0.1761996512714572,132249.12564171507
11.546644449234009,0.17583218588820076,132249.11307754356
11.646607160568237,0.17206566570982237,132249.70176978922
11.746456861495972,0.1738111262802904,132251.2315928103
11.846186637878418,0.1736273935886622,132251.9084335293
11.947014808654785,0.17463792339261738,132253.91759017637
12.046779155731201,0.17371925993447632,132254.02583115874
12.146847486495972,0.17463792339261738,132254.02324804288
12.246620655059814,0.1738111262802904,132254.2209232386
12.347046375274658,0.1763833839630854,132254.89883091475
12.446697235107422,0.17463792339261738,132255.6089478233
12.546456098556519,0.17528098781331614,132255.04805304098
12.646374940872192,0.17509725512168792,132255.64324773688
12.746438980102539,0.17564845319657255,132255.67892296318
12.84635329246521,0.17601591857982898,132255.11103066686
12.946587800979614,0.17463792339261738,132255.29992760016
13.046879529953003,0.17583218588820076,132253.66993484015
13.146917343139648,0.1736273935886622,132253.10294135613
13.247035026550293,0.17776137915029702,132252.09264722053
13.346515893936157,0.17537285415913023,132251.48338249847
13.446714878082275,0.1773020474212265,132252.03504424862
13.54612421989441,0.17482165608424557,132251.83153982376
13.647490978240967,0.17463792339261738,132252.4483858414
13.74603271484375,0.17445419070098916,132252.60354725725
13.846586227416992,0.17537285415913023,132251.54319253154
13.946277856826782,0.17592405223401486,132251.98887327837
14.046305179595947,0.1779451118419252,132252.38998595055
14.14652705192566,0.17702644838378415,132253.6509873555
14.24665355682373,0.17335179455121988,132254.48588861997
14.346203327178955,0.17693458203797005,132255.73729975798
14.44676947593689,0.17509725512168792,132256.3635697822
14.546794891357422,0.1735355272428481,132256.327212804
14.646509885787964,0.17665898300052774,132257.6944915236
14.746439456939697,0.17739391376704058,132257.32504237126
14.846688747406006,0.17592405223401486,132257.99253813413
14.947076797485352,0.17482165608424557,132257.2932843207
15.045845746994019,0.1779451118419252,132257.76395588866
15.146484851837158,0.1763833839630854,132257.58756029978
15.246991395950317,0.17776137915029702,132257.42880426982
15.346824407577515,0.17335179455121988,132257.08592384285
15.446314334869385,0.1762915176172713,132256.27733145858
15.546277046203613,0.17693458203797005,132256.74959831272
15.64596962928772,0.17564845319657255,132255.67463848143
15.74628758430481,0.17537285415913023,132254.8071746333
15.846395015716553,0.1761996512714572,132254.32645716995
15.946325540542603,0.17803697818773934,132254.39381145296
16.04622983932495,0.17564845319657255,132254.65443030768
16.146242141723633,0.17849630991680987,132254.58898727692
16.246625185012817,0.17849630991680987,132253.73008854923
16.346875429153442,0.17711831472959827,132253.8570796943
16.44638180732727,0.17812884453355343,132253.6713717249
16.546090364456177,0.17702644838378415,132253.8042345524
16.646525621414185,0.17592405223401486,132254.42381109716
16.746372938156128,0.1786800426084381,132254.18142998745
16.84632635116577,0.17858817626262397,132254.46328698873
16.947035312652588,0.17592405223401486,132254.31695828986
17.04620623588562,0.17877190895425218,132255.48526246086
17.146291494369507,0.1779451118419252,132254.63673621477
17.247052669525146,0.17840444357099575,132254.2730625933
17.346418857574463,0.175189121467502,132254.24575633398
17.446714401245117,0.18042550317890613,132255.12118070057
17.54665207862854,0.17748578011285468,132255.90906263053
17.646242141723633,0.17849630991680987,132255.11815636748
17.746484994888306,0.17665898300052774,132254.90634073073
17.84609603881836,0.17721018107541237,132255.41570665766
17.946860551834106,0.17776137915029702,132256.3741359919
18.04626202583313,0.17509725512168792,132255.73672239273
18.14652967453003,0.17785324549611112,132255.76305015344
18.246737480163574,0.1789556416458804,132255.4867451381
18.346587657928467,0.17528098781331614,132255.8380706243
18.446374893188477,0.1761996512714572,132255.75426356186
18.546469926834106,0.17959870606657916,132255.07883720568
18.646960258483887,0.17840444357099575,132254.17095348513
18.74671173095703,0.17776137915029702,132252.9538581366
18.84685492515564,0.17776137915029702,132252.75847232295
18.94641900062561,0.17721018107541237,132251.38262509066
19.046518564224243,0.17675084934634183,132251.74436258158
19.146801233291626,0.1750053887758738,132252.16992632343
19.246922969818115,0.17647525030889952,132251.3529336911
19.346840143203735,0.17831257722518165,132249.81764032197
19.446951389312744,0.17665898300052774,132249.83587628976
19.546618461608887,0.17684271569215593,132250.85228866077
19.646853923797607,0.1761996512714572,132251.3670597947
19.74676823616028,0.1763833839630854,132250.93035381523
19.846791744232178,0.1773020474212265,132250.2373184337
19.94677758216858,0.1788637753000663,132250.51358659033
20.04688334465027,0.17675084934634183,132249.3622279313
20.14693284034729,0.17913937433750862,132248.32600513817
20.24619746208191,0.17748578011285468,132248.19340462436
20.347012519836426,0.1763833839630854,132249.77406416193
20.446840286254883,0.17822071087936756,132249.09665774574
20.54676651954651,0.17840444357099575,132247.88699197117
20.64700412750244,0.1775776464586688,132247.59829277406
20.746887683868408,0.17803697818773934,132248.73846349664
20.846890211105347,0.17592405223401486,132249.26461714698
20.94690203666687,0.180333636833092,132249.33815543228
21.046086311340332,0.17785324549611112,132248.70433988905
21.146148443222046,0.1765671166547136,132247.83390590013
21.24630093574524,0.17812884453355343,132247.65051531012
21.346251964569092,0.17564845319657255,132246.8854637791
21.44607973098755,0.1800580377956497,132246.6969174012
21.54635977745056,0.17693458203797005,132246.9272256611
21.64616298675537,0.17978243875820737,132247.53450309497
21.746848583221436,0.1776695128044829,132248.08105278548
21.84605121612549,0.17803697818773934,132247.67294750694
21.94637131690979,0.17785324549611112,132247.00565275626
22.04698371887207,0.17877190895425218,132246.10508748062
22.146143198013306,0.1816197656744895,132245.39457873258
22.245983600616455,0.17711831472959827,132244.95512085932
22.34604287147522,0.18014990414146378,132244.9596087734
22.446197509765625,0.17785324549611112,132244.36364789607
22.545955181121826,0.17959870606657916,132244.62728310647
22.646430492401123,0.17840444357099575,132246.46455479582
22.746819496154785,0.17739391376704058,132245.81809931624
22.84648585319519,0.18051736952472022,132245.3362893846
22.94615364074707,0.1773020474212265,132245.30266044615
23.046175718307495,0.17739391376704058,132245.27239440155
23.146323680877686,0.180333636833092,132245.04515496138
23.246407985687256,0.17959870606657916,132245.54063946524
23.34637141227722,0.17969057241239325,132245.28657551872
23.446613788604736,0.1790475079916945,132244.35791796684
23.546913146972656,0.18198723105774592,132245.52212617017
23.646963596343994,0.17932310702913684,132244.46991355316
23.74689793586731,0.17812884453355343,132244.92292219785
23.853434801101685,0.1420253706286094,132255.03062997805
23.951347827911377,-0.011023961497692837,132283.22756698026
24.046931982040405,-0.06384711034080436,132310.30481028225
24.14670968055725,-0.06283658053684918,132334.47432925404
24.246673345565796,-0.06155045169545168,132356.52689632864
24.34634232521057,-0.05943752574172722,132376.7742066958
24.446547746658325,-0.06127485265800936,132394.7967860262
24.546185731887817,-0.058702594975214364,132410.81710742362
24.646398305892944,-0.05741646613381687,132426.83539668124
24.74685287475586,-0.05815139690032972,132440.35185701313
24.846394300460815,-0.05842699593777204,132451.4166713118
24.946138620376587,-0.05769206517125919,132461.47500418063
25.046985626220703,-0.05622220363823347,132470.92750376256
25.146708250045776,-0.05594660460079115,132478.5347533863
25.24665355682373,-0.055487272871720617,132486.98127804766
25.346329927444458,-0.05511980748846419,132495.8831502429
25.44667935371399,-0.057140867096374545,132503.29483521864
25.54648208618164,-0.055211673834278295,132508.46535169677
25.646545886993408,-0.053741812301252585,132514.71881652708
25.746906280517578,-0.05456860941357955,132519.94693487437
25.84664011001587,-0.05319061422636794,132524.75224138694
25.946177005767822,-0.05447674306776544,132528.17701724826
26.046908378601074,-0.0513532873100858,132530.55931552345
26.146265268325806,-0.05355807960962437,132532.0033839711
26.24667000770569,-0.05061835654357295,132534.803045574
26.346264123916626,-0.05319061422636794,132536.9227410166
26.446605682373047,-0.0526394161514833,132538.43046691496
26.547074556350708,-0.05328248057218205,132539.38742022347
26.64628839492798,-0.05484420845102187,132541.44867820112
26.74651312828064,-0.052271950768226876,132542.703810381
26.846128940582275,-0.0526394161514833,132543.6334293429
26.94705319404602,-0.053466213263810264,132544.27008640862
27.04609441757202,-0.05282314884311151,132546.24307776775
27.1460964679718,-0.05107768827264348,132548.21876999098
27.247050523757935,-0.0513532873100858,132548.99689299188
27.34631633758545,-0.052180084422412766,132548.5972036927
27.44685649871826,-0.05098582192682938,132548.33748332344
27.54659914970398,-0.05273128249729741,132549.4037349911
27.646045923233032,-0.050434623851944735,132550.16336149198
27.74705934524536,-0.05162888634752812,132550.4470253428
27.846099615097046,-0.051996351730784554,132550.7023228085
27.946886777877808,-0.05162888634752812,132551.13209052765
28.047016382217407,-0.04942409404798956,132551.2188814749
28.14693570137024,-0.05319061422636794,132551.2969933274
28.24666142463684,-0.05300688153473973,132551.26729399466
28.346701622009277,-0.051812619039156335,132550.6405645952
28.446086645126343,-0.05236381711404098,132549.97650813567
28.546945810317993,-0.05355807960962437,132552.1788573221
28.646546840667725,-0.048505430589848485,132552.8609715899
28.74627661705017,-0.050250891160316516,132553.6748744309
28.846739053726196,-0.051904485384970445,132552.90738698782
28.946306943893433,-0.0499752921228742,132551.01664828905
29.047046184539795,-0.05015902481450241,132550.21498346014
29.14626169204712,-0.05080208923520116,132550.49348511413
29.246254682540894,-0.051537020001714014,132550.64413660273
29.347048044204712,-0.05116955461845759,132548.97972294246
29.44664978981018,-0.05061835654357295,132550.4817506482
29.546191930770874,-0.04988342577706009,132550.4335755834
29.646982192993164,-0.04942409404798956,132550.59021802506
29.7463116645813,-0.0526394161514833,132550.43119622255
29.84622097015381,-0.0512614209642717,132551.2880766003
29.946888208389282,-0.05116955461845759,132552.45926894026
30.046030044555664,-0.04979155943124598,132553.71334204625
30.146552801132202,-0.04951596039380366,132554.24200784162
30.246025800704956,-0.050342757506130625,132554.51780705748
30.346625566482544,-0.05116955461845759,132556.76602635175
30.446068286895752,-0.05162888634752812,132558.28942371657
30.546469926834106,-0.04979155943124598,132558.56048134493
30.646891355514526,-0.048872895973104916,132560.10443321045
30.74626326560974,-0.05116955461845759,132561.49398988942
30.846412897109985,-0.04749490078589331,132562.2445909005
30.94645380973816,-0.04914849501054724,132562.02013181045
31.04678201675415,-0.050342757506130625,132562.1181186294
31.146799087524414,-0.04960782673961777,132562.30630676646
31.24686622619629,-0.050342757506130625,132562.57567608982
31.347079515457153,-0.04988342577706009,132561.91810848084
31.446659803390503,-0.04951596039380366,132561.72629763276
31.546170949935913,-0.050710222889387056,132561.55366786948
31.64633798599243,-0.050710222889387056,132562.29830108254
31.74631118774414,-0.0512614209642717,132561.7684709743
31.846346139907837,-0.0499752921228742,132561.59162387688
31.946352243423462,-0.04988342577706009,132561.8324614892
32.04624629020691,-0.04969969308543188,132561.64921534027
32.146440267562866,-0.04951596039380366,132561.28429380624
32.24628305435181,-0.04795423251496384,132560.85586442563
32.34625792503357,-0.048597296935662594,132560.97027798308
32.446242809295654,-0.04924036135636134,132561.37325018478
32.54622173309326,-0.04584130656123939,132560.73592516631
32.6464159488678,-0.04648437098193813,132561.6623326497
32.74644446372986,-0.05061835654357295,132561.99609938473
32.84663677215576,-0.04905662866473313,132562.29648944625
32.94654560089111,-0.048781029627290806,132562.76684050163
33.04703903198242,-0.04804609886077795,132563.89015645147
33.146082639694214,-0.048597296935662594,132563.30114080632
33.24684810638428,-0.04813796520659206,132563.6710267257
33.34714412689209,-0.051537020001714014,132563.60392405314
33.44613838195801,-0.04813796520659206,132563.74353164784
33.54657983779907,-0.04914849501054724,132562.86917848306
33.646135091781616,-0.048689163281476704,132562.38226063474
33.74665880203247,-0.04896476231891902,132561.24403457125
33.84688329696655,-0.04905662866473313,132561.71963111413
33.94610381126404,-0.050710222889387056,132561.14766800273
34.046613693237305,-0.05162888634752812,132560.83290120246
34.14666700363159,-0.04795423251496384,132560.0496110822
34.246952533721924,-0.048597296935662594,132560.64464997398
34.346882820129395,-0.05116955461845759,132560.18018497658
34.44639539718628,-0.050342757506130625,132558.96216647892
34.547001123428345,-0.05015902481450241,132557.36594983103
34.64608693122864,-0.04648437098193813,132556.42935484793
34.74647402763367,-0.048505430589848485,132557.48641936315
34.84613752365112,-0.04685183636519456,132557.73777742684
34.94661068916321,-0.047311168094265096,132556.86399968417
35.04666304588318,-0.04905662866473313,132556.87759971575
35.14664959907532,-0.04777049982333563,132558.2898397442
35.24665427207947,-0.04767863347752152,132558.96085576978
35.346688985824585,-0.04914849501054724,132559.26477019282
35.44678807258606,-0.04758676713170742,132559.13829317354
35.54674577713013,-0.05162888634752812,132558.52446385619
35.64684772491455,-0.04611690559868171,132557.47201747057
35.7461462020874,-0.0513532873100858,132557.42481572353
35.846529722213745,-0.04685183636519456,132558.28233415118
35.94681477546692,-0.04648437098193813,132557.95410073607
36.04681086540222,-0.04721930174845099,132558.05869066247
36.14675951004028,-0.04749490078589331,132559.25282159622
36.246824502944946,-0.04924036135636134,132559.3275394366
36.34620213508606,-0.04611690559868171,132559.29478549294
36.44698166847229,-0.047035569056822775,132559.56530694364
36.54707407951355,-0.047403034440079206,132559.3087762493
36.646923303604126,-0.045473841177982956,132559.17789862436
36.74615669250488,-0.04758676713170742,132557.86010876193
36.84610080718994,-0.04767863347752152,132558.57409788575
36.94609189033508,-0.04685183636519456,132558.21668809716
37.04694700241089,-0.047311168094265096,132558.29501928744
37.14684224128723,-0.04620877194449581,132556.96551735868
37.2468945980072,-0.04777049982333563,132556.46896562283
37.34639310836792,-0.04657623732775224,132556.22206906055
37.44603371620178,-0.04924036135636134,132554.4998621545
37.546860218048096,-0.048689163281476704,132553.24987593907
37.64689922332764,-0.04777049982333563,132552.42488834518
37.74608492851257,-0.04813796520659206,132552.28239951067
37.8461377620697,-0.050250891160316516,132550.95415955962
37.94641923904419,-0.04841356424403438,132550.55874360367
38.0464813709259,-0.04795423251496384,132549.6028692433
38.14627242088318,-0.048689163281476704,132549.342582319
38.246134996414185,-0.048872895973104916,132550.20832408709
38.34636998176575,-0.04813796520659206,132549.38749167838
38.44678044319153,-0.04914849501054724,132550.34874251054
38.546175956726074,-0.04620877194449581,132549.8138682595
38.64628887176514,-0.04896476231891902,132548.43248143353
38.74639821052551,-0.04988342577706009,132548.98923329017
38.846264362335205,-0.04905662866473313,132549.59030996115
38.94623422622681,-0.04758676713170742,132549.53127896503
39.04610013961792,-0.04813796520659206,132550.47815106853
39.14615845680237,-0.048781029627290806,132550.03033596167
39.246150493621826,-0.04657623732775224,132548.3273023655
39.346205949783325,-0.050342757506130625,132548.29457212894
39.446295738220215,-0.04896476231891902,132548.36511491606
39.546226501464844,-0.04832169789822027,132548.32860342445
39.64619708061218,-0.048597296935662594,132549.795743082
39.74614071846008,-0.05015902481450241,132549.9161687738
39.8462700843811,-0.04979155943124598,132550.42455189643
39.946388721466064,-0.048872895973104916,132550.98209670678
40.04691290855408,-0.04758676713170742,132551.9838870361
40.14665341377258,-0.04942409404798956,132552.58549833248
40.246625661849976,-0.04924036135636134,132551.42694849923
40.346582651138306,-0.04942409404798956,132551.58425364931
40.44672751426697,-0.050250891160316516,132552.92582828438
40.54664444923401,-0.04969969308543188,132554.03324545594
40.64645290374756,-0.04639250463612403,132552.82992091036
40.746967792510986,-0.04841356424403438,132551.64692881933
40.8467960357666,-0.05052649019775884,132551.5822359374
40.946377992630005,-0.0499752921228742,132551.9240123437
41.046210050582886,-0.04905662866473313,132552.83161110932
41.14630126953125,-0.04767863347752152,132553.04844999837
41.24701762199402,-0.04795423251496384,132554.24360499854
41.34694242477417,-0.047311168094265096,132554.1192444987
41.44621396064758,-0.047311168094265096,132554.80732004883
41.54629588127136,-0.046943702711008665,132554.32658804394
41.64633822441101,-0.04749490078589331,132553.49392923954
41.7463903427124,-0.04804609886077795,132553.9445363156
41.84635543823242,-0.046759970019380453,132553.95008268405
41.946200132369995,-0.04822983155240616,132554.05507441564
42.04631543159485,-0.04721930174845099,132555.54956697408
42.14664649963379,-0.045198242140540634,132555.99461027666
42.24628686904907,-0.04758676713170742,132556.49514924898
42.346956729888916,-0.0460250392528676,132556.04563432408
42.44677782058716,-0.04639250463612403,132555.14107089167
42.54662585258484,-0.04804609886077795,132555.6269638025
42.64664435386658,-0.04813796520659206,132555.66426742225
42.7466344833374,-0.04584130656123939,132555.19784068002
42.84640574455261,-0.04933222770217545,132553.778056612
42.94641828536987,-0.04630063829030992,132553.40025095083
43.046324014663696,-0.047127435402636884,132552.56022585573
43.1462185382843,-0.04749490078589331,132552.40420327015
43.2461621761322,-0.04777049982333563,132552.76378294313
43.346375465393066,-0.04767863347752152,132551.48740464883
43.44655728340149,-0.0460250392528676,132552.53866418396
43.54662299156189,-0.047403034440079206,132552.08479776556
43.64660120010376,-0.04574944021542528,132551.87631798902
43.746169328689575,-0.04960782673961777,132551.48868619013
43.84641456604004,-0.04896476231891902,132552.03981757112
43.946847677230835,-0.046668103673566344,132552.53583581402
44.04660773277283,-0.04767863347752152,132553.18225223263
44.146501302719116,-0.04841356424403438,132552.56402700936
44.246480226516724,-0.04648437098193813,132552.50762430843
44.34654211997986,-0.04749490078589331,132552.4568618776
44.44665050506592,-0.046759970019380453,132552.31117568986
44.54626441001892,-0.048505430589848485,132551.88005812088
44.646926403045654,-0.04685183636519456,132550.59205230878
44.74635887145996,-0.046943702711008665,132550.5328470779
44.84691524505615,-0.04749490078589331,132549.17956237012
44.94672465324402,-0.045473841177982956,132548.2616061331
45.04677486419678,-0.047403034440079206,132547.4354455198
45.146756410598755,-0.045473841177982956,132547.89190096784
45.24676990509033,-0.046668103673566344,132549.70271087106
45.34685134887695,-0.04648437098193813,132548.63243978395
45.447001695632935,-0.04657623732775224,132549.46919580555
45.54655718803406,-0.047311168094265096,132548.722276225
45.64706897735596,-0.047311168094265096,132548.45004860248
45.746323347091675,-0.04501450944891242,132549.20504374223
45.846410274505615,-0.046943702711008665,132550.084539368
45.946404218673706,-0.046668103673566344,132549.5760854312
46.04622173309326,-0.04822983155240616,132549.71847688808
46.14627552032471,-0.0460250392528676,132549.24662919928
46.246625661849976,-0.04639250463612403,132549.52196627937
46.346822023391724,-0.047035569056822775,132549.16976965143
46.44681143760681,-0.04721930174845099,132548.1527926863
46.54679203033447,-0.04777049982333563,132548.5375134177
46.646830320358276,-0.04492264310309831,132549.88376207592
46.74675178527832,-0.047127435402636884,132548.89538586832
46.84661531448364,-0.046943702711008665,132547.8058472815
46.94625926017761,-0.04685183636519456,132547.82526255335
47.046175718307495,-0.04758676713170742,132547.742736298
47.14703416824341,-0.04574944021542528,132547.7684626682
47.24691200256348,-0.04611690559868171,132547.1916164014
47.3470196723938,-0.043820246953329034,132549.57245476125
47.4462890625,-0.04813796520659206,132549.71520928512
47.546932220458984,-0.04648437098193813,132550.9436883566
47.64671874046326,-0.04483077675728421,132550.34931952093
47.74671816825867,-0.04464704406565599,132550.31438756885
47.84692406654358,-0.0460250392528676,132550.78294881198
47.94693684577942,-0.04565757386961117,132550.80465393077
48.046918869018555,-0.04685183636519456,132550.9241885377
48.14671778678894,-0.047311168094265096,132549.83176968392
48.246559619903564,-0.04721930174845099,132548.8485927155
48.34681725502014,-0.04584130656123939,132548.76373344395
48.44631743431091,-0.04593317290705349,132548.98736009956
48.546719551086426,-0.04593317290705349,132550.1886240896
48.646384477615356,-0.04584130656123939,132549.06976168064
48.74614715576172,-0.04574944021542528,132547.66278551257
48.84666681289673,-0.04841356424403438,132546.49650696132
48.94613599777222,-0.048597296935662594,132544.9468562652
49.04700708389282,-0.048505430589848485,132544.55217063866
49.14651370048523,-0.04685183636519456,132543.5969535748
49.246115922927856,-0.04584130656123939,132543.33725821733
49.34678602218628,-0.04501450944891242,132542.50353239558
49.446327686309814,-0.04437144502821367,132542.95317915603
49.54702568054199,-0.047127435402636884,132544.45786124043
49.646257162094116,-0.047127435402636884,132543.2120751164
49.74682283401489,-0.045381974832168846,132543.69086760478
49.84684371948242,-0.045290108486354744,132544.5217808443
49.9465229511261,-0.04620877194449581,132544.7696027599
50.04649806022644,-0.04804609886077795,132544.9926424839
50.14661622047424,-0.04777049982333563,132545.2933782355
50.24641442298889,-0.04611690559868171,132546.36404041195
50.34662461280823,-0.045473841177982956,132548.72763637075
50.44698619842529,-0.04611690559868171,132550.45487273368
50.5465042591095,-0.04758676713170742,132550.7093854603
50.64668297767639,-0.045565707523797065,132550.73844691427
50.74671721458435,-0.046759970019380453,132551.16460222285
50.84678339958191,-0.04630063829030992,132550.94814200056
50.946088790893555,-0.04565757386961117,132551.2533278005
51.04627585411072,-0.0460250392528676,132550.02799502047
51.14660382270813,-0.04418771233658546,132549.92519551842
51.24667930603027,-0.047311168094265096,132549.03267596656
51.346189975738525,-0.04721930174845099,132549.8294083699
51.44674515724182,-0.045381974832168846,132549.34646753292
51.54668474197388,-0.0447389104114701,132548.61182077962
51.64669466018677,-0.04565757386961117,132548.45063870167
51.74642729759216,-0.04611690559868171,132549.1055748315
51.8467493057251,-0.045473841177982956,132548.89501734838
51.9465811252594,-0.04611690559868171,132549.20551561355
52.046443700790405,-0.04584130656123939,132548.5849640522
52.14635229110718,-0.0434527815700726,132549.02646764697
52.24694108963013,-0.045565707523797065,132550.02382088228
52.34632158279419,-0.04565757386961117,132549.42143879406
52.446396350860596,-0.04657623732775224,132548.77929491465
52.54644227027893,-0.04611690559868171,132548.5013654232
52.646899461746216,-0.04832169789822027,132548.2512288809
52.74649238586426,-0.04464704406565599,132548.12610599282
52.84637427330017,-0.04574944021542528,132548.21349539355
52.94635057449341,-0.04446331137402778,132547.69214585418
53.046306133270264,-0.0460250392528676,132547.42293126875
53.14707159996033,-0.048505430589848485,132548.5806381419
53.246514081954956,-0.04721930174845099,132550.12257432772
53.34650635719299,-0.04657623732775224,132551.41031689494
53.44662547111511,-0.047311168094265096,132551.26928520546
53.54672050476074,-0.04639250463612403,132551.6423566849
53.647011518478394,-0.04795423251496384,132551.8781210164
53.7463743686676,-0.048689163281476704,132551.29030891476
53.84666180610657,-0.045565707523797065,132551.0612780233
53.94673943519592,-0.0447389104114701,132550.55515022096
54.046215534210205,-0.047035569056822775,132551.09963519886
54.14640522003174,-0.045565707523797065,132550.78967167897
54.24625277519226,-0.04584130656123939,132550.91070451107
54.34685158729553,-0.046668103673566344,132550.41963405997
54.44619107246399,-0.04483077675728421,132550.577670654
54.54625225067139,-0.04565757386961117,132550.2199035886
54.64624333381653,-0.04749490078589331,132550.49791322972
54.74623417854309,-0.04657623732775224,132550.44812190675
54.84618020057678,-0.048597296935662594,132550.20330971607
54.94650197029114,-0.04565757386961117,132549.38297874448
55.04631447792053,-0.0434527815700726,132549.54468087005
55.146700382232666,-0.04584130656123939,132549.39021278304
55.24631476402283,-0.04437144502821367,132549.55119150472
55.34642791748047,-0.045290108486354744,132549.99607235426
55.44643974304199,-0.045565707523797065,132550.39646511883
55.546340227127075,-0.046759970019380453,132550.65681860695
55.64656639099121,-0.04630063829030992,132551.49113674625
55.746851444244385,-0.04786236616914974,132551.94202307164
55.84636092185974,-0.04942409404798956,132552.14782076448
55.946125984191895,-0.04565757386961117,132553.33303868803
56.04619765281677,-0.04786236616914974,132553.49973481923
56.14641094207764,-0.046668103673566344,132554.3497613373
56.24627208709717,-0.04630063829030992,132554.91478520358
56.34698295593262,-0.043912113299143136,132554.32330668322
56.44637489318848,-0.047035569056822775,132553.8909760149
56.546499252319336,-0.047311168094265096,132552.80187841342
56.646437644958496,-0.04648437098193813,132552.12169057206
56.746970891952515,-0.04786236616914974,132551.50952151485
56.84672927856445,-0.047403034440079206,132550.95856936337
56.946831464767456,-0.04630063829030992,132550.86271242704
57.046990156173706,-0.04446331137402778,132551.07644118433
57.147077798843384,-0.046668103673566344,132552.0687970659
57.24664044380188,-0.043912113299143136,132552.46191735932
57.34656524658203,-0.04721930174845099,132551.8157256234
57.44640755653381,-0.04795423251496384,132551.23415306106
57.54690718650818,-0.043360915224258494,132551.31073775495
57.64675188064575,-0.046668103673566344,132550.07966397944
57.74647498130798,-0.04574944021542528,132550.9716975815
57.8464720249176,-0.04630063829030992,132551.17452782334
57.94674825668335,-0.04758676713170742,132550.757075041
58.046546459198,-0.047403034440079206,132551.3813675369
58.1465106010437,-0.046668103673566344,132551.44323078322
58.246622800827026,-0.04455517771984189,132551.79890770488
58.34641170501709,-0.04510637579472653,132552.3190169344
58.44654870033264,-0.04574944021542528,132553.58711524098
58.54662775993347,-0.04841356424403438,132553.82840371688
58.646573305130005,-0.04584130656123939,132553.5455633452
58.746561765670776,-0.04574944021542528,132553.6910070107
58.84654116630554,-0.047127435402636884,132553.92190630964
58.94656848907471,-0.045198242140540634,132553.92971567868
59.046799421310425,-0.0460250392528676,132554.13674411082
59.14665865898132,-0.046759970019380453,132553.52306969973
59.246602058410645,-0.046943702711008665,132553.17076272977
59.346620321273804,-0.04685183636519456,132553.3536864568
59.44658350944519,-0.045381974832168846,132553.41831781113
59.5467529296875,-0.04290158349518796,132554.77648603002
59.646870613098145,-0.044003979644957246,132554.69883742701
59.746803283691406,-0.04418771233658546,132554.52895368432
59.84675359725952,-0.0460250392528676,132554.57605831587
59.94632697105408,-0.04501450944891242,132554.01845248428
60.045942544937134,-0.04648437098193813,132554.41660723585
60.14701509475708,-0.04611690559868171,132554.37494651228
60.2461473941803,-0.04455517771984189,132553.33745186107
60.34626841545105,-0.04437144502821367,132553.30370667495
60.44697856903076,-0.04639250463612403,132551.57333600745
60.54701542854309,-0.04749490078589331,132551.8160024067
60.646559715270996,-0.04198292003704689,132551.73440216604
60.746925830841064,-0.0460250392528676,132551.86096194942
60.84620761871338,-0.04657623732775224,132552.27486575447
60.94606065750122,-0.04620877194449581,132551.84737917903
61.04632377624512,-0.04584130656123939,132551.66264126112
61.146711587905884,-0.04611690559868171,132551.796377135
61.2462956905365,-0.04648437098193813,132550.6167394215
61.34669327735901,-0.04437144502821367,132551.05506547936
61.44705009460449,-0.04437144502821367,132550.44955893143
61.54610514640808,-0.046943702711008665,132551.7046030383
61.64840793609619,-0.012861288413974978,132540.73414273447
61.74715971946716,0.1315526072058012,132514.16072846102
61.85593795776367,0.14891534656466743,132487.94465561493
61.95404624938965,0.15047707444350725,132465.25019005346
62.05167031288147,0.15295746578048813,132443.1251710481
62.15015244483948,0.15185506963071885,132424.3126539433
62.25241804122925,0.15231440135978938,132401.68138854898
62.34929299354553,0.15240626770560348,132385.61324969408
62.44596982002258,0.1552541244258408,132368.1519247247
62.552998781204224,0.1551622580800267,132354.03673225222
62.64613127708435,0.15617278788398187,132340.433059027
62.74627232551575,0.15543785711746902,132328.9897531243
62.84673857688904,0.15580532250072543,132316.49077781188
62.94621300697327,0.15589718884653955,132305.0417000307
63.04645276069641,0.1566321196130524,132294.73753002763
63.14681649208069,0.15883691191259097,132287.86377702488
63.24696588516235,0.15690771865049472,132280.6773993224
63.34608697891235,0.15755078307119347,132273.80965939016
63.44617700576782,0.1590206446042192,132269.02869345114
63.546586751937866,0.15755078307119347,132262.62582410604
63.64698767662048,0.15984744171654616,132257.96324169543
63.74614381790161,0.15892877825840507,132253.5669175259
63.84650111198425,0.15856131287514866,132250.3102257733
63.94678568840027,0.1603986397914308,132245.47920319598
64.047048330307,0.15846944652933453,132242.53128287639
64.14630889892578,0.15865317922096275,132239.97815458875
64.24649214744568,0.16094983786631542,132237.58033912987
64.34663939476013,0.1619603676702706,132234.9223052169
64.44691014289856,0.1604905061372449,132231.8300746952
64.54678297042847,0.16131730324957186,132229.14706722568
64.64687705039978,0.16159290228701417,132227.2323605031
64.74669003486633,0.16150103594120008,132226.1091244528
64.84672427177429,0.1603986397914308,132224.39821200754
64.94679522514343,0.16269529843678346,132222.65839080678
65.04679131507874,0.1617766349786424,132221.8925517261
65.14683151245117,0.16113357055794364,132221.3032965535
65.24679017066956,0.1617766349786424,132219.87296689814
65.34679579734802,0.16186850132445652,132219.58567020833
65.446861743927,0.16388956093236687,132219.8271031875
65.54669213294983,0.1620522340160847,132218.84439286875
65.64689612388611,0.16388956093236687,132218.55995358186
65.74669480323792,0.16278716478259758,132217.60395822368
65.84666275978088,0.16140916959538598,132217.64356240132
65.94612979888916,0.160582372483059,132217.9792061612
66.0461277961731,0.16122543690375776,132217.08128554508
66.14700055122375,0.16131730324957186,132217.07315699058
66.24656701087952,0.16076610517468723,132215.06584129154
66.3464047908783,0.16140916959538598,132213.1592571624
66.44659042358398,0.16094983786631542,132211.64333144616
66.54654812812805,0.16361396189492453,132211.17899830156
66.64617991447449,0.16269529843678346,132211.0610984714
66.74612784385681,0.1647163580446938,132209.95498862426
66.84610271453857,0.16416515996980918,132208.95948976185
66.94667983055115,0.16462449169887972,132208.86354078568
67.0464277267456,0.16324649651166812,132208.4771867071
67.1465175151825,0.16425702631562328,132207.4294680364
67.24641513824463,0.16398142727818096,132206.98652123276
67.34628558158875,0.16297089747422577,132206.8878691095
67.44697046279907,0.16388956093236687,132206.89908219854
67.5464870929718,0.163154630165854,132206.60917397868
67.64633631706238,0.16278716478259758,132207.1482565808
67.74628138542175,0.16535942246539256,132207.03343092272
67.8468074798584,0.16554315515702078,132208.33008783043
67.94659733772278,0.16324649651166812,132209.3970790474
68.04686403274536,0.16462449169887972,132209.35737114266
68.14667129516602,0.1645326253530656,132208.52163402838
68.24652600288391,0.16490009073632203,132208.36947062556
68.34671592712402,0.16379769458655274,132207.932523563
68.44663786888123,0.16343022920329633,132209.13927120672
68.54665875434875,0.16499195708213615,132209.32534408604
68.64632654190063,0.16499195708213615,132208.99280967744
68.7462649345398,0.16563502150283488,132206.9935287097
68.84651017189026,0.16499195708213615,132206.59417583872
68.94657969474792,0.16370582824073865,132207.33475825484
69.04654812812805,0.16591062054027722,132206.80128242937
69.14671874046326,0.16600248688609132,132205.92115418642
69.2468318939209,0.16352209554911043,132205.32903876778
69.34699034690857,0.16774794745655935,132204.596134891
69.4471116065979,0.16416515996980918,132204.4365214019
69.546133518219,0.16343022920329633,132203.3928692617
69.64623069763184,0.16738048207330292,132202.95358233553
69.74667119979858,0.16554315515702078,132203.35822410198
69.84651637077332,0.1643488926614374,132203.22240169178
69.94650959968567,0.165726887848649,132202.1001615226
70.04634737968445,0.16636995226934775,132200.89014537033
70.14686441421509,0.1643488926614374,132201.5011308333
70.24638867378235,0.16499195708213615,132201.75101774998
70.34652018547058,0.16655368496097595,132203.17591597498
70.4461088180542,0.1670130166900465,132202.65832437747
70.5470073223114,0.165726887848649,132202.8924919397
70.64682984352112,0.16655368496097595,132203.30324274575
70.74646782875061,0.16526755611957847,132203.1729184712
70.84636068344116,0.16756421476493114,132203.35562662408
70.9463460445404,0.16490009073632203,132204.42006396168
71.04686617851257,0.16600248688609132,132204.7780575655
71.14687848091125,0.1654512888112067,132204.60025180897
71.24671077728271,0.1654512888112067,132205.24022662808
71.34660363197327,0.16627808592353363,132203.4162039653
71.4462776184082,0.16692115034423238,132202.17458356876
71.5464506149292,0.1671967493816747,132202.0571252119
71.64618921279907,0.16673741765260416,132202.45141269072
71.74610900878906,0.1697690070644697,132201.90627142164
71.84617614746094,0.1658187541944631,132200.7156442795
71.94634437561035,0.16646181861516185,132199.94407985156
72.04660534858704,0.16774794745655935,132199.1496718664
72.1465699672699,0.16627808592353363,132198.3347046798
72.24670481681824,0.1684828782230722,132198.20123421183
72.34643530845642,0.16673741765260416,132198.28111079065
72.44665694236755,0.16747234841911704,132197.6529997116
72.54621839523315,0.1683910118772581,132197.28769974044
72.64638423919678,0.16591062054027722,132197.7589297664
72.74679040908813,0.16508382342795025,132197.48303678975
72.84651374816895,0.16591062054027722,132196.93473311077
72.94630169868469,0.16783981380237345,132195.9412597997
73.04628467559814,0.16517568977376434,132195.3471338197
73.14628791809082,0.1658187541944631,132195.11242043774
73.24693846702576,0.16857474456888633,132195.50117839398
73.34690523147583,0.16930967533539917,132195.25106055458
73.44671630859375,0.16903407629795686,132195.22595449912
73.5464837551117,0.1684828782230722,132196.0033590492
73.64640069007874,0.16508382342795025,132196.9030231443
73.74625420570374,0.16398142727818096,132198.51272082987
73.84658074378967,0.16591062054027722,132198.36144874687
73.94624137878418,0.16664555130679007,132198.1253038722
74.04675388336182,0.16783981380237345,132198.01277348498
74.14648246765137,0.16967714071865558,132196.81149613648
74.24639105796814,0.165726887848649,132195.83034652282
74.34639382362366,0.16554315515702078,132196.94731187055
74.44641518592834,0.16894220995214274,132196.8525806835
74.54688358306885,0.16627808592353363,132197.06732261516
74.64641380310059,0.16591062054027722,132197.76059035363
74.74642372131348,0.16591062054027722,132196.98453131827
74.84675002098083,0.16636995226934775,132197.48607818646
74.94629621505737,0.16765608111074523,132197.43747036782
75.04698204994202,0.16995273975609793,132197.59372333105
75.14629936218262,0.16811541283981576,132198.53435099794
75.24618792533875,0.16728861572748882,132199.68091589815
75.34707164764404,0.17013647244772614,132201.21282430834
75.4468469619751,0.1668292839984183,132202.4915418775
75.5465898513794,0.16747234841911704,132202.74238768977
75.6469476222992,0.16554315515702078,132202.8681489208
75.74643111228943,0.1671967493816747,132202.3813340287
75.84687924385071,0.16738048207330292,132202.24320062585
75.94663405418396,0.16655368496097595,132202.51888056326
76.04680466651917,0.16875847726051452,132201.96699250693
76.1461124420166,0.16875847726051452,132202.47029325625
76.24684405326843,0.16903407629795686,132201.72326393065
76.34635853767395,0.1668292839984183,132201.3509375376
76.44698095321655,0.16756421476493114,132202.01584378383
76.54653477668762,0.16940154168121327,132201.01425940546
76.64612746238708,0.1668292839984183,132200.9128334649
76.74650263786316,0.1682072791856299,132200.12155011843
76.8470048904419,0.1682072791856299,132201.0093951066
76.9462308883667,0.16765608111074523,132201.30845559595
77.04678750038147,0.16783981380237345,132201.27761003637
77.14629912376404,0.17004460610191202,132200.44984903274
77.24705100059509,0.16885034360632864,132199.40486412946
77.34653377532959,0.16646181861516185,132198.36437771653
77.44640755653381,0.16774794745655935,132198.92793994487
77.54698014259338,0.1682072791856299,132199.7351459504
77.64653134346008,0.1670130166900465,132199.96163135537
77.74700331687927,0.16664555130679007,132200.96546821983
77.84653830528259,0.16802354649400167,132201.16892139785
77.94636917114258,0.16765608111074523,132201.45202925807
78.04654216766357,0.1683910118772581,132200.00682633228
78.14608407020569,0.1654512888112067,132201.30614369904
78.24661898612976,0.17059580417679668,132201.37552932915
78.34693646430969,0.16829914553144398,132202.13797639625
78.44651556015015,0.16967714071865558,132202.32417875662
78.54675555229187,0.16857474456888633,132201.99176088098
78.64696025848389,0.17013647244772614,132202.2925847929
78.74637007713318,0.16995273975609793,132202.9633263136
78.84610319137573,0.16921780898958505,132202.76699368222
78.94689178466797,0.1695852743728415,132202.390294314
79.04676508903503,0.16765608111074523,132202.0512648826
79.14665818214417,0.16885034360632864,132200.64613839434
79.24634718894958,0.17050393783098255,132201.4815245549
79.3468701839447,0.16912594264377095,132202.3333720994
79.44669342041016,0.16930967533539917,132202.40003488946
79.54685854911804,0.1695852743728415,132203.2600314005
79.64670848846436,0.16747234841911704,132203.93402826047
79.74659085273743,0.1683910118772581,132204.24062543444
79.8461389541626,0.16967714071865558,132204.91656289098
79.94620275497437,0.16894220995214274,132204.52490660187
80.04684662818909,0.1710551359058672,132204.97241594168
80.1462790966034,0.16774794745655935,132204.47517434752
80.24634599685669,0.16747234841911704,132204.52765691277
80.34611535072327,0.1682072791856299,132203.6748912215
80.44621729850769,0.1712388685974954,132202.00740209938
80.54693508148193,0.16793168014818757,132201.80666188942
80.64646482467651,0.16811541283981576,132201.8259957005
80.74615025520325,0.16765608111074523,132201.24339613045
80.84613108634949,0.16829914553144398,132201.9190565174
80.94624829292297,0.1694934080270274,132200.82715086566
81.04665040969849,0.16903407629795686,132203.1444357791
81.1465368270874,0.1694934080270274,132203.5299922012
81.24638032913208,0.16738048207330292,132203.77699298106
81.3462119102478,0.1684828782230722,132202.59929368296
81.44632530212402,0.16802354649400167,132202.03936431467
81.54618239402771,0.17059580417679668,132202.2354278832
81.64679479598999,0.17022833879354024,132202.21188509488
81.74672985076904,0.17059580417679668,132201.9906965854
81.84710717201233,0.16921780898958505,132201.49162692684
81.94622921943665,0.17059580417679668,132202.14246423414
82.04609537124634,0.1709632695600531,132202.02821781073
82.14633417129517,0.16930967533539917,132202.12539602965
82.24606990814209,0.16747234841911704,132201.51285642668
82.3463830947876,0.1712388685974954,132201.961570784
82.44710993766785,0.1695852743728415,132202.96541370562
82.5462064743042,0.16940154168121327,132202.16887233505
82.64663529396057,0.17013647244772614,132202.55198510154
82.74622774124146,0.16967714071865558,132200.7967865914
82.85491251945496,0.1654512888112067,132202.01710793228
82.95549464225769,0.16940154168121327,132199.01539713907
83.0523030757904,0.16738048207330292,132199.71385742517
83.1502640247345,0.16811541283981576,132200.24247168266
83.24940824508667,0.224980680898748,132185.11822451442
83.34877181053162,0.3410997420077792,132151.30640206297
83.44645619392395,0.444816846431906,132101.5757618567
83.55516290664673,0.5417358412657889,132036.71818567102
83.65396285057068,0.6242318198068569,131963.84636710392
83.74687671661377,0.6761363051918274,131894.16173039353
83.84666705131531,0.6717267205927503,131830.64555735418
83.9467670917511,0.6711755225178656,131773.48100161875
84.04627180099487,0.6696137946390258,131722.8329014569
84.14686989784241,0.667225269647859,131677.8496113112
84.25285315513611,0.7125153781342137,131624.56465018008
84.34892559051514,0.7890400441973648,131559.20818516208
84.455970287323,0.8822843851986835,131482.18736664587
84.55267381668091,0.9677200868058029,131393.8686299813
84.64976191520691,1.051869659571525,131297.08176698317
84.74779534339905,1.1390508217491124,131193.17359028486
84.85572838783264,1.2291717069927515,131078.3562312564
84.95257019996643,1.3093710268884668,130957.72060813075
85.04930520057678,1.3915914063920927,130834.14854731767
85.146639585495,1.4739955185873466,130705.03369258592
85.24700236320496,1.495859708891104,130590.43032332734
85.34686160087585,1.4886022675717896,130487.98729099461
85.44704699516296,1.4868568070013215,130396.38856189515
85.54673266410828,1.4825390887480585,130313.84970570564
85.64694142341614,1.4764759099243274,130240.16473513507
85.74661493301392,1.4749141820454876,130173.84826162156
85.84622073173523,1.4731687214750195,130114.6634354594
85.94873428344727,1.5438139414060679,130043.89709191346
86.04923248291016,1.6373338814448288,129962.80738272212
86.14628076553345,1.7160633398075185,129871.02664444991
86.25291419029236,1.8060923587053432,129770.22398000493
86.3498330116272,1.8774725094029043,129662.00158200444
86.44621133804321,1.9575799629528057,129550.101423804
86.5540063381195,2.0490788433836564,129430.79128142359
86.65596771240234,2.1197240633147043,129307.31215328124
86.75459837913513,2.1987291207148365,129181.9809379531
86.85037040710449,2.2648728897009938,129058.6828441578
86.94687414169312,2.265332221430064,128950.61455974203
87.04673051834106,2.2556862551195827,128855.05310376783
87.14651894569397,2.250082408024922,128767.94779339104
87.24659252166748,2.2459484224632873,128691.05301405193
87.34637570381165,2.2451216253509605,128622.44771264674
87.44640612602234,2.239609644602114,128561.70294138207
87.54651117324829,2.2398852436395567,128508.13264724387
87.64697217941284,2.237772317685832,128458.41938251948
87.74663019180298,2.2380479167232745,128413.67744426754
87.84642386436462,2.235567525386293,128375.20969984078
87.94695806503296,2.2338220648158256,128339.6887298567
88.04685378074646,2.2325359359744277,128309.81985687104
88.14690113067627,2.231157940787216,128284.13787118394
88.24624109268188,2.2295962129083766,128259.82408406555
88.34618830680847,2.2280344850295366,128238.841675659
88.44634795188904,2.224911029271857,128217.85750809312
88.54636669158936,2.2285856831044213,128200.17175728381
88.64629006385803,2.226472757150697,128185.05458155542
88.74646615982056,2.22408423215953,128172.34912339988
88.84634590148926,2.223165568701389,128162.0142110599
88.94637370109558,2.2254622273467417,128152.41278995392
89.04634690284729,2.222889969663947,128143.57151095851
89.14657187461853,2.224635430234415,128136.01435986267
89.24658703804016,2.222981836009761,128129.31292387642
89.34617114067078,2.220593311018594,128124.68163148878
89.44644403457642,2.2197665139062672,128120.31346833991
89.54633641242981,2.2196746475604527,128115.98212150592
89.64684557914734,2.2200421129437093,128113.38390935533
89.74622082710266,2.2183885187190553,128110.8455184198
89.84675526618958,2.2152650629613757,128107.66096657782
89.9463119506836,2.21893971679394,128106.59486992004
90.04663395881653,2.217010523531844,128106.63538292803
90.14699697494507,2.2158162610362604,128104.17184463522
90.24613785743713,2.216643058148587,128102.85466017171
90.34690356254578,2.2160918600737025,128102.56919415454
90.4462366104126,2.216367459111145,128100.9122747391
90.54684019088745,2.2160918600737025,128101.12104726519
90.64707493782043,2.2139789341199783,128101.20894253867
90.74626231193542,2.216459325456959,128100.2880482848
90.84686923027039,2.217929186989985,128100.95924345632
90.94621419906616,2.21379520142835,128100.2633191107
91.0467414855957,2.2156325283446323,128099.23698719963
91.14632439613342,2.214530132194863,128099.91328847969
91.24687790870667,2.2139789341199783,128099.92195963171
91.34700274467468,2.2130602706618374,128100.52976366854
91.44616603851318,2.214530132194863,128100.5767873017
91.54683756828308,2.212876537970209,128100.51910857153
91.64700865745544,2.2124172062411382,128100.66719771439
91.74620199203491,2.211957874512068,128101.40047794295
91.84645438194275,2.2107636120164846,128101.16043014865
91.94653987884521,2.214438265849049,128103.3443871338
92.04706382751465,2.210120547595786,128104.60994842042
92.1462733745575,2.2116822754746255,128105.74895357838
92.24655365943909,2.2117741418204395,128107.27405822056
92.34698247909546,2.208375087025318,128107.7466523985
92.4462640285492,2.211131077399741,128108.47198715866
92.5465669631958,2.2098449485583433,128108.82478844278
92.64703726768494,2.2088344187543885,128109.54230959852
92.74630999565125,2.210396146633228,128109.18807863868
92.84674501419067,2.2098449485583433,128109.56927077481
92.94617819786072,2.211957874512068,128110.91234369733
93.04628324508667,2.2106717456706706,128111.1211093276
93.14644598960876,2.210396146633228,128110.90899839485
93.24665832519531,2.208742552408574,128113.11809855537
93.34617352485657,2.2091100177918306,128113.50628869983
93.44665288925171,2.208558819716946,128113.45565982985
93.54697227478027,2.207640156258805,128113.11009384687
93.64681601524353,2.2070889581839204,128113.29908446218
93.74704074859619,2.2063540274174076,128115.26917601597
93.84649968147278,2.206905225492292,128116.54225841437
93.94705605506897,2.2065377601090357,128117.48803257293
94.04697299003601,2.207915755296247,128118.23922931564
94.1463897228241,2.2066296264548497,128119.51530638408
94.24696516990662,2.2072726908755484,128120.16377574568
94.34704399108887,2.207732022604619,128121.14739817112
94.44668126106262,2.206905225492292,128122.632658354
94.54610538482666,2.206813359146478,128123.86939251861
94.64654636383057,2.2069970918381063,128124.78245326676
94.74693369865417,2.2064458937632216,128126.4042079401
94.84702515602112,2.2065377601090357,128127.1637871461
94.94651246070862,2.2052516312676382,128127.74740843149
95.04689168930054,2.2053434976134523,128129.17266758834
95.1463143825531,2.205986562034151,128130.55540082951
95.2464587688446,2.205159764921824,128131.39986074658
95.34611749649048,2.2052516312676382,128131.05987467192
95.44656610488892,2.205802829342523,128132.45388720473
95.54699778556824,2.2047004331927536,128133.30849848426
95.64631414413452,2.2064458937632216,128134.57764863584
95.74708604812622,2.205894695688337,128134.21988377227
95.84621810913086,2.2065377601090357,128134.09789539504
95.94636225700378,2.2064458937632216,128134.88810585554
96.04671001434326,2.2056190966508944,128134.69929527
96.14651203155518,2.204424834155311,128134.229365743
96.2468376159668,2.203414304351356,128134.3064291687
96.3467104434967,2.204057368772055,128134.97578625185
96.44697690010071,2.2038736360804263,128135.17820762665
96.54673337936401,2.205894695688337,128135.660386864
96.64692068099976,2.204332967809497,128137.3943481776
96.7461588382721,2.2048841658843816,128137.85491335983
96.84648370742798,2.2045167005011255,128138.86942202385
96.94676375389099,2.2046085668469395,128139.98247982147
97.04683017730713,2.2050678985760097,128140.28423183932
97.1469521522522,2.206078428379965,128141.25580865539
97.2462215423584,2.2047922995385676,128142.13022778985
97.34704494476318,2.203689903388798,128142.11720501086
97.4470546245575,2.203965502426241,128141.80548450976
97.54656028747559,2.2046085668469395,128140.8249360588
97.6469259262085,2.2072726908755484,128140.64244245293
97.7461564540863,2.2046085668469395,128139.37819820763
97.84653544425964,2.203598037042984,128139.44037838688
97.94663882255554,2.20148511108926,128140.4963405482
98.04683017730713,2.202495640893215,128142.54670649339
98.14622473716736,2.2031387053139135,128143.09203584406
98.24610948562622,2.203689903388798,128143.58283225966
98.34616208076477,2.2011176457060033,128144.5245490337
98.44666790962219,2.204241101463683,128145.37209413033
98.54671049118042,2.2023119082015867,128145.6348847173
98.6468710899353,2.2053434976134523,128146.37139624558
98.74691724777222,2.2037817697346123,128147.73425662103
98.84638381004333,2.2037817697346123,128148.56083095893
98.94659090042114,2.2037817697346123,128149.00474786304
99.04663300514221,2.20148511108926,128149.70427307674
99.1466600894928,2.2027712399306574,128149.23384576906
99.24693775177002,2.20194444281833,128149.21046119215
99.34709024429321,2.201576977435074,128148.58941507294
99.44630146026611,2.2026793735848433,128148.53047356565
99.54639530181885,2.2009339130143752,128148.07742620909
99.64671897888184,2.20148511108926,128149.56968358818
99.746985912323,2.2011176457060033,128149.41271522937
99.84644651412964,2.2013013783976314,128150.57144370643
99.94682025909424,2.2031387053139135,128152.71429933578
100.04703450202942,2.201852576472516,128154.4428694022
100.14660406112671,2.2024037745474008,128156.19858246199
100.24668145179749,2.2013932447434454,128158.0787242158
100.34700870513916,2.202587507239029,128159.17085179422
100.44671750068665,2.2022200418557727,128158.7537666148
100.54681515693665,2.2030468389680995,128158.57838995331
100.64599514007568,2.201576977435074,128158.72055095798
100.74640011787415,2.203689903388798,128159.74849586218
100.84691333770752,2.2006583139769327,128159.67364627597
100.94681692123413,2.2027712399306574,128158.00628164838
101.0468418598175,2.2006583139769327,128159.00565348355
101.14611506462097,2.200198982247862,128159.4050881352
101.24625992774963,2.2003827149394906,128158.96457932168
101.34661173820496,2.1990047197522786,128158.36812138952
101.44640922546387,2.199831516864606,128159.83130925057
101.54698920249939,2.201852576472516,128160.7481783255
101.64650082588196,2.1986372543690225,128160.87336049296
101.74652981758118,2.199739650518792,128161.58602444366
101.84661865234375,2.2004745812853046,128161.3274219993
101.94699263572693,2.2032305716597276,128159.69467979937
102.04623126983643,2.199280318789721,128158.12521181945
102.1467592716217,2.19992338321042,128158.2126906375
102.24675846099854,2.2009339130143752,128157.99142157377
102.34666919708252,2.2007501803227467,128157.1922794164
102.44708299636841,2.19836165533158,128157.27305147477
102.54629039764404,2.1985453880232084,128158.1457463273
102.64674544334412,2.2027712399306574,128159.33117169458
102.74699974060059,2.199831516864606,128159.29805452513
102.84613680839539,2.199647784172978,128158.66824907262
102.94646453857422,2.201668843780888,128159.20142416537
103.04660773277283,2.199831516864606,128160.48128174883
103.14705038070679,2.2003827149394906,128160.33315357394
103.2469208240509,2.197534858219253,128161.49983821655
103.3468451499939,2.199280318789721,128161.04985439489
103.44654726982117,2.197442991873439,128159.24486895541
103.5463502407074,2.199096586098093,128158.62038205987
103.64678740501404,2.1994640514813493,128159.35834385389
103.74667692184448,2.1984535216773944,128160.22250946851
103.84612846374512,2.1986372543690225,128160.50025852167
103.94637632369995,2.1978104572566957,128161.75023266951
104.04705595970154,2.199096586098093,128162.17520940257
104.14709305763245,2.199188452443907,128162.75768846233
104.24645686149597,2.1989128534064646,128163.4819196161
104.34684371948242,2.197259259181811,128164.1337276545
104.44673681259155,2.1990047197522786,128164.72035488905
104.54655742645264,2.197442991873439,128164.74831940015
104.64701652526855,2.1987291207148365,128165.37348746015
104.74675416946411,2.1985453880232084,128166.43613871414
104.84698987007141,2.1986372543690225,128167.39252484274
104.9461829662323,2.1979023236025097,128167.45327235847
105.04679107666016,2.1987291207148365,128167.60794512264
105.14615082740784,2.197626724565067,128168.64715061038
105.24679660797119,2.1970755264901825,128168.58243554935
105.34671425819397,2.1979941899483237,128168.02419199442
105.44617795944214,2.195789397648785,128167.92177279499
105.54675674438477,2.198177922639952,128167.4295955155
105.64628958702087,2.2002908485936765,128168.58663596396
105.74647212028503,2.197718590910881,128169.82797236758
105.84703755378723,2.197626724565067,128169.14517513083
105.94660258293152,2.198269788985766,128169.13065761776
106.0469217300415,2.1960649966862276,128168.91759185598
106.14628648757935,2.197351125527625,128168.52583267038
106.24628853797913,2.197718590910881,128167.57324940333
106.34636807441711,2.19836165533158,128167.115924463
106.44688177108765,2.197259259181811,128167.3043320167
106.54608654975891,2.1965243284152978,128167.27389881504
106.64627170562744,2.1985453880232084,128166.54650893353
106.74690961837769,2.1945032688073876,128166.09185804018
106.84700298309326,2.1968917937985544,128166.48267223616
106.947030544281,2.199280318789721,128166.33440501255
107.04635715484619,2.1964324620694837,128166.8009645113
107.1463053226471,2.198177922639952,128168.42086806017
107.24684143066406,2.1960649966862276,128168.07878125415
107.34639239311218,2.197718590910881,128168.07090312874
107.44684195518494,2.1967080611069263,128168.46381281587
107.54668736457825,2.195789397648785,128169.81743153428
107.64697933197021,2.1979023236025097,128169.13568838085
107.74653744697571,2.1946870014990156,128169.72211954277
107.84682631492615,2.1967080611069263,128169.5499075885
107.94627952575684,2.1971673928359965,128170.99491682966
108.04671812057495,2.1970755264901825,128171.9954251467
108.14689087867737,2.1964324620694837,128172.09588263203
108.24626159667969,2.195605664957157,128171.28629436882
108.34666776657104,2.1968917937985544,128171.05766493196
108.44672536849976,2.1967080611069263,128171.35189843876
108.54656767845154,2.1965243284152978,128172.1167085949
108.64697122573853,2.1979941899483237,128171.50503773542
108.74641132354736,2.195421932265529,128171.45453396189
108.84696388244629,2.195605664957157,128172.80908056571
108.94643020629883,2.1967080611069263,128173.02817250915
109.04633712768555,2.1967080611069263,128172.42535525824
109.14685249328613,2.195513798611343,128173.28281973243
109.24653053283691,2.1945032688073876,128172.65453775918
109.34619450569153,2.1960649966862276,128171.98908398327
109.4468936920166,2.1942276697699454,128172.19017558495
109.54661536216736,2.195605664957157,128171.67115802645
109.64701533317566,2.195605664957157,128171.2040422238
109.74644994735718,2.191563545741336,128171.08363800142
109.84697222709656,2.194135803424131,128172.97527420128
109.94646978378296,2.193309006311804,128172.87774678115
110.04681968688965,2.1965243284152978,128172.98997210304
110.14646673202515,2.19477886784483,128172.59097489275
110.24705624580383,2.19477886784483,128171.73187740348
110.34674048423767,2.194135803424131,128171.55868966313
110.44631671905518,2.193860204386689,128172.50282069683
110.54693412780762,2.1951463332280863,128172.85253862715
110.64656281471252,2.1943195361157595,128172.86728476443
110.74688673019409,2.192941540928548,128171.980556288
110.84652161598206,2.1946870014990156,128171.2825006592
110.94609546661377,2.192941540928548,128171.45425059329
111.04660034179688,2.1917472784329646,128171.70882553398
111.14711713790894,2.193125273620176,128170.33794298058
111.24661898612976,2.19321713996599,128170.30414868252
111.34697008132935,2.194135803424131,128170.97373381427
111.44699263572693,2.1934927390034322,128172.07636043284
111.54678320884705,2.195421932265529,128170.96872438956
111.64686512947083,2.1922066101620348,128169.47185195061
111.74669981002808,2.1927578082369195,128168.62466675555
111.84614300727844,2.193309006311804,128167.86220008001
111.94656586647034,2.193400872657618,128166.47598007202
112.04702258110046,2.1924822091994773,128166.62838206482
112.14683389663696,2.192298476507849,128166.26554385835
112.24660921096802,2.1924822091994773,128166.43898947252
112.34698009490967,2.19477886784483,128167.19509052526
112.44671320915222,2.194135803424131,128169.17558147274
112.54617285728455,2.1922066101620348,128169.65802332546
112.64672565460205,2.192941540928548,128170.09222099293
112.7463059425354,2.1922066101620348,128170.58299889363
112.8468565940857,2.19321713996599,128170.92469900427
112.94632601737976,2.1908286149748233,128171.93222910386
113.04687595367432,2.194870734190644,128171.53900619347
113.14678525924683,2.195789397648785,128171.48510557413
113.24705243110657,2.193952070732503,128172.63659501672
113.34622836112976,2.194043937078317,128172.97293551506
113.44606304168701,2.1919310111245927,128173.17564196356
113.54608869552612,2.193309006311804,128175.0580777672
113.6467170715332,2.192298476507849,128176.15226999049
113.74705696105957,2.191287946703894,128176.23704299144
113.84616899490356,2.1907367486290092,128176.8133386923
113.9463677406311,2.1943195361157595,128176.13200482307
114.04662275314331,2.1922066101620348,128176.51880434077
114.14622473716736,2.1936764716950607,128175.1669239067
114.24657201766968,2.1926659418911054,128175.55023151604
114.34621119499207,2.1945032688073876,128175.59520836445
114.44627285003662,2.191104214012266,128175.83568752802
114.54632115364075,2.191563545741336,128176.85211877522
114.64643478393555,2.1902774168999386,128177.8669068977
114.74649739265442,2.191563545741336,128177.18021620794
114.84660172462463,2.191287946703894,128177.96219458715
114.94651436805725,2.191563545741336,128177.06597512844
115.04650950431824,2.19119608035808,128177.8593776156
115.14631128311157,2.1928496745827335,128177.67343985406
115.24639511108398,2.190644882283195,128177.10609586866
115.34647631645203,2.1899099515166824,128176.9954862818
115.44636678695679,2.193125273620176,128176.89593765362
115.5465133190155,2.1924822091994773,128176.30634388827
115.64670395851135,2.1952381995739003,128177.37570949944
115.74634552001953,2.193400872657618,128177.03813854948
115.8465940952301,2.18963435247924,128176.23432469455
115.94612693786621,2.191104214012266,128175.9108922251
116.0462794303894,2.1903692832457526,128174.9198030026
116.14634275436401,2.190553015937381,128174.32782270235
116.24652338027954,2.1925740755452914,128173.29504043213
116.34653973579407,2.1920228774704067,128173.66553638891
116.44616723060608,2.191471679395522,128173.29898275003
116.54647517204285,2.19165541208715,128174.56908447504
116.64660573005676,2.1920228774704067,128174.81217602752
116.74683213233948,2.1922066101620348,128176.63095842478
116.84622812271118,2.1884400899836565,128177.6678625823
116.94684910774231,2.191563545741336,128178.50107632407
117.04704546928406,2.1907367486290092,128179.55096869168
117.14623737335205,2.191563545741336,128180.99587182252
117.24626040458679,2.192298476507849,128181.09628464027
117.34607672691345,2.19119608035808,128181.28665617625
117.44608354568481,2.19119608035808,128182.35799055862
117.54673910140991,2.1925740755452914,128181.12219150276
117.64618253707886,2.1921147438162207,128180.90997235247
117.74622416496277,2.1917472784329646,128179.81897511723
117.84648060798645,2.191379813049708,128180.13707760551
117.94631791114807,2.1909204813206373,128180.32336984496
118.04626369476318,2.193125273620176,128179.19103286046
118.14649653434753,2.1928496745827335,128178.17192957443
118.24690103530884,2.193952070732503,128178.95473661699
118.34644842147827,2.1893587534417978,128178.4592629553
118.44619750976562,2.1920228774704067,128178.11333665976
118.54681468009949,2.1923903428536633,128177.50200299379
118.64608693122864,2.192941540928548,128177.75180269442
118.74638819694519,2.191563545741336,128177.87662242498
118.84610104560852,2.1923903428536633,128178.08896018249
118.94665098190308,2.194043937078317,128177.98006416424
119.04636216163635,2.189083154404355,128177.88205774782
119.14627599716187,2.190644882283195,128178.09385197304
119.24689316749573,2.1927578082369195,128177.28446677575
119.34701108932495,2.1918391447787786,128177.35602009817
119.44699883460999,2.190553015937381,128178.72041808837
119.54683136940002,2.1907367486290092,128179.44837627954
119.64655351638794,2.1900936842083105,128179.70353865159
119.74662947654724,2.1909204813206373,128180.13318478645
119.84645104408264,2.191563545741336,128181.21986630782
119.94662094116211,2.1920228774704067,128181.69787967704
120.04658460617065,2.18963435247924,128182.02809170933
120.14676785469055,2.1920228774704067,128182.3252825384
120.2466230392456,2.193125273620176,128182.49275428455
120.34652709960938,2.191563545741336,128182.9434788561
120.446293592453,2.19165541208715,128182.6491309705
120.5461688041687,2.1917472784329646,128182.98421787345
120.646151304245,2.193033407274362,128183.3857960861
120.74677419662476,2.1904611495915667,128183.1472164775
120.84676098823547,2.1928496745827335,128183.33249482975
120.94612622261047,2.191563545741336,128183.09924534679
121.04695844650269,2.190644882283195,128182.4893208121
121.14703822135925,2.191471679395522,128180.4403887309
121.24627542495728,2.1880726246004003,128179.69634985781
121.3470389842987,2.189818085170868,128178.32671487203
121.4464602470398,2.1880726246004003,128179.09404338484
121.54636764526367,2.19165541208715,128178.48463904636
121.64637875556946,2.1902774168999386,128178.33617514173
121.7463595867157,2.1892668870959837,128177.00255762755
121.84636044502258,2.1875214265255156,128177.8023018648
121.94626235961914,2.188991288058541,128179.72207167832
122.0464768409729,2.191287946703894,128180.5498645105
122.14680981636047,2.1903692832457526,128180.49487805944
122.24692130088806,2.1901855505541246,128181.2453902535
122.34629774093628,2.190553015937381,128181.32085122816
122.44638323783875,2.189818085170868,128181.78876610535
122.54656910896301,2.1893587534417978,128180.30988949482
122.64675903320312,2.189542486133426,128180.07890054534
122.74645662307739,2.1900018178624965,128180.0710104908
122.84689807891846,2.1910123476664514,128180.26390944172
122.94709920883179,2.1904611495915667,128181.33751849756
123.04643964767456,2.190644882283195,128181.5037666478
123.14699816703796,2.1908286149748233,128180.65338998302
123.24700880050659,2.1908286149748233,128180.68805098473
123.34641551971436,2.188991288058541,128181.11924588625
123.44670414924622,2.189450619787612,128181.50732129763
123.54627656936646,2.1884400899836565,128181.15658916788
123.64672899246216,2.1903692832457526,128182.1409302511
123.74614930152893,2.1884400899836565,128182.726837226
123.8462266921997,2.188991288058541,128183.45415350341
123.94668388366699,2.1909204813206373,128184.50873815306
124.04654431343079,2.1893587534417978,128184.15786433776
124.14703249931335,2.1880726246004003,128184.54207790399
124.2464747428894,2.1901855505541246,128183.9878701136
124.3462643623352,2.1893587534417978,128184.78908310224
124.44607400894165,2.1899099515166824,128184.11017479202
124.54703760147095,2.1891750207501692,128183.89915731282
124.64652299880981,2.189726218825054,128185.70924158153
124.7470121383667,2.184673569805278,128184.93831742338
124.84626007080078,2.190644882283195,128184.44448568104
124.94635963439941,2.186235297684118,128183.20003711294
125.04632639884949,2.1893587534417978,128185.08003340164
125.14682078361511,2.188991288058541,128185.87203006148
125.24679923057556,2.1893587534417978,128186.58482705534
125.34679102897644,2.188991288058541,128185.72634434981
125.44702863693237,2.1900936842083105,128186.45370991483
125.54676532745361,2.188991288058541,128184.90833892336
125.64686036109924,2.1901855505541246,128184.91750503103
125.74668145179749,2.1884400899836565,128184.12575452792
125.84690284729004,2.1884400899836565,128185.01317907513
125.94695353507996,2.189450619787612,128185.71186116761
126.04698014259338,2.189542486133426,128186.14067505085
126.14651536941528,2.187980758254586,128186.72660754576
126.24669480323792,2.1867864957590024,128186.45394679118
126.34684586524963,2.1886238226752845,128186.30855211207
126.4461317062378,2.1881644909462143,128186.07769690087
126.54698443412781,2.189818085170868,128185.66992721078
126.64671301841736,2.188991288058541,128185.80293448971
126.74709820747375,2.187980758254586,128184.82264104075
126.84706234931946,2.187153961142259,128184.14037693669
126.94629955291748,2.19165541208715,128184.62633924303
127.04664945602417,2.1910123476664514,128184.36370531873
127.14688158035278,2.187980758254586,128185.22733478686
127.24637269973755,2.189726218825054,128187.00460130817
127.3461172580719,2.1899099515166824,128187.30414117736
127.44633984565735,2.1891750207501692,128186.87372705963
127.54693818092346,2.1901855505541246,128186.58635435367
127.64632439613342,2.189542486133426,128185.72771891831
127.74635744094849,2.1881644909462143,128185.75494702648
127.84701347351074,2.1859596986466756,128186.87945232383
127.9465103149414,2.1867864957590024,128186.29150709146
128.04630088806152,2.1892668870959837,128185.76235638233
128.14650654792786,2.1883482236378424,128185.8861207441
128.2462272644043,2.1908286149748233,128185.09750866969
128.34701085090637,2.1883482236378424,128184.88775780272
128.44666624069214,2.189450619787612,128185.79898202245
128.54667711257935,2.186970228450631,128185.21908382021
128.64651775360107,2.1882563572920284,128185.1971754382
128.74648189544678,2.1904611495915667,128185.07745789437
128.84649896621704,2.186235297684118,128184.86971210493
128.94651556015015,2.186878362104817,128184.08274089445
129.04681420326233,2.187337693833887,128183.574466805
129.14675116539001,2.1881644909462143,128185.31702012451
129.24695110321045,2.1859596986466756,128185.98531811206
129.34631824493408,2.185224767880163,128186.68678630085
129.44637155532837,2.188899421712727,128185.91810767076
129.5469081401825,2.186235297684118,128185.72629690368
129.64689302444458,2.1884400899836565,128185.45366721333
129.74611616134644,2.188899421712727,128185.208300492
129.84700441360474,2.1883482236378424,128184.8874704428
129.9469792842865,2.187337693833887,128186.09872339852
130.04608273506165,2.189726218825054,128186.58885105868
130.1463108062744,2.1884400899836565,128187.02996595282
130.24687433242798,2.1884400899836565,128186.62696935755
130.3463020324707,2.1901855505541246,128185.86427242181
130.44638085365295,2.191287946703894,128186.37784517964
130.54688024520874,2.18963435247924,128186.24006066167
130.6460611820221,2.1904611495915667,128186.21605459551
130.74654173851013,2.1882563572920284,128186.19444913598
130.84704399108887,2.1877970255629577,128185.87500422238
130.94609785079956,2.1877970255629577,128186.58750380015
131.04701805114746,2.1876132928713297,128186.92875342014
131.14627504348755,2.185316634225977,128187.83587807814
131.24610924720764,2.1875214265255156,128187.45229027033
131.3459963798523,2.1867864957590024,128187.1070612433
131.44701600074768,2.1850410351885348,128187.29635511898
131.54695987701416,2.189450619787612,128187.16671960709
131.64694905281067,2.1877970255629577,128186.85004764638
131.74672889709473,2.1882563572920284,128187.76504288176
131.84662890434265,2.1875214265255156,128188.18853859357
131.94643688201904,2.188807555366913,128187.46968473423
132.04628562927246,2.18963435247924,128187.12271626081
132.14669394493103,2.1883482236378424,128187.51044463474
132.24706363677979,2.187245827488073,128189.25940017127
132.3460657596588,2.1877051592171437,128189.23346015415
132.44688057899475,2.1880726246004003,128189.31011413875
132.5465030670166,2.187153961142259,128190.17910272487
132.6464021205902,2.186970228450631,128190.66119245239
132.74637031555176,2.1861434313383037,128191.29507320715
132.84685564041138,2.1859596986466756,128190.16556588643
132.9464852809906,2.1877970255629577,128190.9490092978
133.04656314849854,2.187980758254586,128189.45410836802
133.14635491371155,2.1861434313383037,128188.00869753123
133.24682569503784,2.1875214265255156,128188.40782777811
133.3463649749756,2.1866027630673743,128189.3670450003
133.44669675827026,2.1885319563294705,128189.43034050027
133.54655194282532,2.187980758254586,128189.58730645025
133.64691519737244,2.1886238226752845,128189.72857580523
133.74645376205444,2.187153961142259,128190.6557182247
133.84683299064636,2.1876132928713297,128190.99014640224
133.94676160812378,2.186970228450631,128190.69113176203
134.04665565490723,2.189450619787612,128190.22201858583
134.14697456359863,2.1882563572920284,128189.49981672726
134.2470052242279,2.186327164029932,128190.14983505454
134.34703063964844,2.1882563572920284,128189.1348515491
134.4467749595642,2.1856840996092335,128189.0213663942
134.54693937301636,2.185500366917605,128189.41922975479
134.64686346054077,2.1858678323008616,128189.57730677932
134.74691605567932,2.186327164029932,128189.31957610139
134.84647345542908,2.1866946294131884,128190.78761849125
134.94654607772827,2.1857759659550475,128191.30885664214
135.04675912857056,2.1857759659550475,128191.97797097792
135.14660334587097,2.1864190303757463,128191.08017388014
135.24704599380493,2.187888891908772,128192.27215649212
135.34610104560852,2.187153961142259,128192.84494084292
135.44667029380798,2.1865108967215603,128192.96044675863
135.5468077659607,2.186235297684118,128193.06440208276
135.6469373703003,2.1882563572920284,128191.45796187449
135.74693751335144,2.187980758254586,128191.11216568705
135.84689593315125,2.186327164029932,128191.50094911834
135.94696593284607,2.1885319563294705,128192.0508542065
136.04702186584473,2.187153961142259,128191.34576878586
136.1465036869049,2.186878362104817,128192.21119190728
136.24704027175903,2.1867864957590024,128192.89007271655
136.34627079963684,2.1866946294131884,128192.10106544489
136.4464647769928,2.184397970767836,128191.0909589004
136.54638648033142,2.187337693833887,128189.48186301037
136.64646863937378,2.186327164029932,128188.73367670934
136.7462911605835,2.187062094796445,128190.3603090384
136.84646606445312,2.187888891908772,128190.12427813456
136.9463210105896,2.1900018178624965,128189.8118503211
137.04662084579468,2.1866027630673743,128190.73066528898
137.1463406085968,2.187337693833887,128191.55759876009
137.24656462669373,2.186327164029932,128191.80183888407
137.3463590145111,2.186970228450631,128193.62165499567
137.4464771747589,2.1865108967215603,128193.65948949612
137.5464301109314,2.1860515649924896,128193.99354054651
137.64683389663696,2.1839386390387654,128195.29418649185
137.7464735507965,2.187245827488073,128195.76476784267
137.84653759002686,2.1857759659550475,128195.28829105842
137.94662356376648,2.187980758254586,128194.85946195258
138.0468475818634,2.186327164029932,128194.87351575732
138.14655876159668,2.185132901534349,128194.9861641816
138.24627447128296,2.187062094796445,128196.48754776343
138.34671711921692,2.187062094796445,128196.6387929871
138.44645810127258,2.1866027630673743,128195.5749136884
138.54703831672668,2.187888891908772,128195.31742231957
138.6523473262787,2.235108193657223,128184.78568008762
138.75072288513184,2.357933498010684,128157.10711207885
138.84841680526733,2.448054383254323,128114.89640087097
138.94605827331543,2.5289886339165513,128061.60676078388
139.04778790473938,2.5981639923145736,128000.3460847055
139.15508246421814,2.6711058708909747,127931.61147623495
139.25136995315552,2.746711873495985,127854.85032861144
139.34852957725525,2.814233637669353,127774.16529575031
139.44640469551086,2.881847268188536,127686.84876617529
139.546217918396,2.9557996765688923,127593.86388955776
139.64590454101562,2.9874935658747592,127506.777500602
139.746755361557,2.9714169553572902,127430.29975054179
139.84633350372314,2.966731771720771,127361.16977548762
139.94618320465088,2.961036058280296,127300.35279793886
140.04620265960693,2.9587393996349434,127245.21751814499
140.14647912979126,2.9551566121481936,127197.09576633049
140.24618458747864,2.954054215998424,127154.18618969744
140.3469204902649,2.9515738246614434,127115.86757072771
140.4540901184082,2.9511144929323727,127074.08081365495
140.55045175552368,3.0644775636669808,127020.07273228947
140.64827179908752,3.1339285211024457,126957.86545906053
140.75557684898376,3.217435029447469,126886.37891315448
140.85200023651123,3.2823845359380424,126809.64102183902
140.94872307777405,3.344578052054193,126726.87691965511
141.05029106140137,3.413110346031517,126639.38922768961
141.14843249320984,3.487338353449315,126545.65030492065
141.25601196289062,3.570569262756896,126447.5852744286
141.3523473739624,3.6559130980182015,126343.72674698575
141.4467418193817,3.703407998804095,126244.75407228718
141.54684281349182,3.6797983479298693,126156.87866505847
141.64618706703186,3.670244247965202,126077.59079855261
141.74672937393188,3.6651915989454262,126007.43171869736
141.84645414352417,3.660598281654721,125944.18854682763
141.9463562965393,3.6561886970556436,125886.16969214487
142.04647302627563,3.6560968307098296,125835.65272293039
142.15351486206055,3.702673068037582,125781.18745063736
142.25066947937012,3.8112590887898565,125713.06870557362
142.3501672744751,3.899542647117213,125634.86183501627
142.4483540058136,3.9926951217727176,125547.17565151466
142.54681849479675,4.0796006849128625,125450.25808636319
142.64618754386902,4.167516777856963,125343.13227772687
142.745943069458,4.255708469838506,125228.81904995418
142.85616946220398,4.356485851196581,125105.03714495877
142.95269393920898,4.45129192007674,124973.4334304629
143.05024099349976,4.533696032271994,124837.4900874166
143.14649105072021,4.57724068018788,124708.24107867495
143.24622321128845,4.553631029313655,124593.61697080746
143.3464002609253,4.543433864928289,124491.05527372671
143.44673371315002,4.53452282938432,124398.94974635405
143.54644298553467,4.5325936361222245,124316.25477171864
143.6470582485199,4.526071125569422,124242.12929454677
143.74686789512634,4.5234988678866275,124175.5163650921
143.84626293182373,4.520559144820576,124115.9647285829
143.94696593284607,4.520375412128948,124061.66825572461
144.04677486419678,4.518262486175224,124014.10143015215
144.147043466568,4.51706822367964,123972.19128713694
144.2467896938324,4.511188777547537,123933.57215842325
144.34618759155273,4.510270114089397,123898.91494258093
144.44596433639526,4.510178247743582,123868.12344832285
144.54660058021545,4.507146658331717,123840.81110349056
144.6463122367859,4.506962925640089,123815.12999314151
144.74649500846863,4.508616519864742,123793.51699382736
144.84681391716003,4.503104539115896,123772.56529444462
144.94647574424744,4.50319640546171,123754.50876500015
145.04683542251587,4.501359078545428,123739.25788850014
145.146910905838,4.499889217012402,123724.93209965013
145.24656772613525,4.499981083358216,123712.33888968511
145.34693670272827,4.495479632413325,123701.6050007166
145.44645762443542,4.5006241477789155,123691.94450064495
145.5464437007904,4.496673894908908,123683.55005058047
145.64663219451904,4.495387766067511,123675.99504552243
145.74699425697327,4.496857627600537,123669.59554097019
145.84697842597961,4.496765761254722,123662.73598687317
145.94637393951416,4.496857627600537,123657.06238818586
146.046728849411,4.4948365679926265,123653.15614936728
146.14646649360657,4.492631775693088,123649.14053443055
146.2467041015625,4.492815508384716,123646.52648098751
146.34615397453308,4.4916212458891325,123643.37383288876
146.44655919075012,4.492356176655646,123639.13644959989
146.5468020439148,4.493734171842857,123637.0228046399
146.64623594284058,4.4917131122349465,123635.12052417592
146.74635410308838,4.490335117047735,123633.30847175833
146.84639048576355,4.491437513197504,123631.3776245825
146.9464395046234,4.489875785318665,123629.63986212426
147.04624962806702,4.490794448776806,123627.97587591184
147.14618945121765,4.49088631512262,123625.07828832066
147.2463972568512,4.488681522823081,123622.77045948859
147.34627985954285,4.486384864177729,123620.49341353973
147.4464361667633,4.48730352763587,123619.74407218577
147.54651355743408,4.4889571218605235,123618.6696649672
147.64642238616943,4.4861092651402865,123617.90269847048
147.74682331085205,4.485466200719587,123616.91242862344
147.8471164703369,4.484547537261446,123616.8211857611
147.94623947143555,4.483996339186562,123616.139067185
148.04640293121338,4.484823136298889,123616.1251604665
148.14618182182312,4.484823136298889,123615.11264441986
148.2463173866272,4.485282468027959,123615.00137997788
148.34633541107178,4.483353274765863,123614.6012419801
148.44646191596985,4.48261834399935,123613.14111778208
148.54654240608215,4.484363804569818,123612.72700600387
148.64631986618042,4.4828939430367925,123612.35430540348
148.74609780311584,4.481699680541209,123612.01887486313
148.84618639945984,4.480046086316555,123611.91698737683
148.94620776176453,4.482159012270279,123612.72528863915
149.0462167263031,4.481332215157953,123613.55275977524
149.14623928070068,4.478759957475158,123614.49748379772
149.24622654914856,4.478759957475158,123614.54773541795
149.34608912467957,4.479219289204228,123614.89296187616
149.44623827934265,4.478025026708645,123613.90366568854
149.54646277427673,4.476003967100734,123614.31329911969
149.64629340171814,4.4790355565126,123614.48196920773
149.74706315994263,4.477933160362831,123614.03377228696
149.84692072868347,4.478025026708645,123614.43039505827
149.94698667526245,4.477841294017017,123613.48735555244
150.04700112342834,4.476187699792363,123612.6386199972
150.14696645736694,4.4774738286337605,123611.87475799749
150.24700927734375,4.477841294017017,123611.08728219775
150.34622764587402,4.478392492091901,123610.878553978
150.4461395740509,4.475177169988408,123611.4906985802
150.5469582080841,4.476830764213061,123610.74162872217
150.64680886268616,4.476279566138177,123611.56746584995
150.74701714515686,4.474625971913523,123612.51071926496
150.84704637527466,4.475544635371664,123612.55964733846
150.94708395004272,4.475636501717478,123612.30368260462
151.0468306541443,4.47545276902585,123612.87331434416
151.14704871177673,4.476555165175619,123614.18598290975
151.24693775177002,4.475360902680036,123614.06738461879
151.34656715393066,4.47499343729678,123613.0606461569
151.44661617279053,4.473799174801196,123614.45458154121
151.54656982421875,4.476187699792363,123615.4091233871
151.64699697494507,4.473799174801196,123614.8682110484
151.74703693389893,4.474625971913523,123614.98138994357
151.84668588638306,4.4744422392218945,123615.78325094921
151.9467179775238,4.47232931326817,123615.8049258543
152.04660081863403,4.474717838259337,123615.92443326887
152.14640617370605,4.473615442109567,123615.83198994199
152.246928691864,4.474809704605151,123617.3487909478
152.34679126739502,4.470583852697702,123616.61391185303
152.4462652206421,4.471961847884914,123618.35252066771
152.54620337486267,4.469848921931189,123618.61726860095
152.64705562591553,4.473615442109567,123618.65554174085
152.7469048500061,4.473339843072125,123619.58998756677
152.84694480895996,4.472696778651427,123619.1309888101
152.94699120521545,4.470583852697702,123619.71788992909
153.046875,4.469297723856305,123619.24610093619
153.146644115448,4.470216387314446,123620.32149084257
153.24662899971008,4.46874652578142,123620.08934175831
153.34644389152527,4.4715025161558435,123619.88040758249
153.44643473625183,4.469297723856305,123620.89236682424
153.54630708694458,4.473615442109567,123621.10313014181
153.6463303565979,4.471961847884914,123620.69281712762
153.74632453918457,4.470583852697702,123619.82353541486
153.84636330604553,4.471318783464215,123619.84118187337
153.94635701179504,4.466909198865138,123620.25706368603
154.0470507144928,4.46718479790258,123619.63135731744
154.14687538146973,4.471043184426772,123620.56822158571
154.2469837665558,4.469389590202119,123621.21139942713
154.34663891792297,4.470491986351888,123620.59025948442
154.4467589855194,4.469389590202119,123620.03123353598
154.5466763973236,4.465898669061183,123620.02811018238
154.64698815345764,4.467276664248394,123620.72529916414
154.74640607833862,4.468654659435606,123621.75276924773
154.8467242717743,4.467735995977465,123620.77749232296
154.94685053825378,4.469022124818863,123621.89974309066
155.04705166816711,4.467460396940022,123621.7097687816
155.14672017097473,4.46718479790258,123622.33879190344
155.24670886993408,4.468930258473049,123622.9049127131
155.3468668460846,4.468011595014907,123622.31442144178
155.4466791152954,4.466358000790254,123622.08297929761
155.5461869239807,4.467552263285837,123621.27468136785
155.64664435386658,4.468654659435606,123621.34721323107
155.7462661266327,4.467552263285837,123621.11249190796
155.8464548587799,4.466174268098625,123622.40124271717
155.9459753036499,4.4656230700237405,123623.56111844545
156.0465281009674,4.467092931556766,123623.20500660091
156.14636373519897,4.467827862323279,123624.18450594082
156.2468671798706,4.469389590202119,123625.06605534675
156.34700441360474,4.467644129631651,123626.55944981208
156.4463837146759,4.46718479790258,123627.00350483088
156.54654836654663,4.468103461360721,123626.70315434781
156.64691877365112,4.465347470986298,123627.13283891304
156.7463617324829,4.466541733481882,123627.01955502175
156.84665298461914,4.46672546617351,123627.61759951958
156.9471218585968,4.464980005603041,123627.15583956763
157.04612708091736,4.46516373829467,123626.84025561088
157.14621663093567,4.466541733481882,123626.35623004979
157.2466995716095,4.466541733481882,123627.32060704482
157.34708046913147,4.467552263285837,123628.48854634035
157.44640350341797,4.464980005603041,123628.63969170631
157.546954870224,4.465347470986298,123627.57572253568
157.6464364528656,4.466541733481882,123626.61815028211
157.74707126617432,4.464704406565599,123626.85633525389
157.84661388397217,4.465071871948855,123627.27070172851
157.94711065292358,4.465071871948855,123628.44363155565
158.0469708442688,4.46360201041583,123627.5992684001
158.14702033996582,4.46718479790258,123628.13934156009
158.24642515182495,4.464245074836529,123627.62540740409
158.34625911712646,4.463969475799087,123626.76286666369
158.44643831253052,4.4627752133035035,123627.38657999733
158.54674434661865,4.46672546617351,123626.9479219976
158.6470227241516,4.464336941182343,123627.25312979784
158.74641585350037,4.463510144070016,123628.42781681806
158.84692645072937,4.463326411378388,123628.58503513626
158.94640016555786,4.4629589459951315,123629.02653162264
159.04698085784912,4.463969475799087,123629.82387846037
159.1467387676239,4.4627752133035035,123630.44149061435
159.24682688713074,4.463877609453272,123631.59734155292
159.3462574481964,4.463050812340946,123630.73760739763
159.44636225700378,4.462315881574432,123629.36384665787
159.54666447639465,4.46314267868676,123629.2274619921
159.6467616558075,4.463785743107458,123628.60471579288
159.746755361557,4.462315881574432,123628.14424421359
159.84623312950134,4.463969475799087,123628.32981979223
159.94626188278198,4.460478554658151,123628.996837813
160.04656338691711,4.464061342144901,123628.6971540317
160.14679050445557,4.464061342144901,123628.32743862853
160.24625849723816,4.460202955620708,123628.69469476568
160.34648537635803,4.462132148882804,123627.62522528911
160.44628810882568,4.461764683499548,123628.2627027602
160.54659414291382,4.4629589459951315,123627.93643248419
160.64679384231567,4.4628670796493175,123627.44278923578
160.746812582016,4.462132148882804,123628.09851031221
160.84614253044128,4.4628670796493175,123628.288659281
160.94622159004211,4.461029752733035,123628.4597933529
161.04664945602417,4.460570421003965,123628.51381401761
161.14693021774292,4.460478554658151,123628.56243261584
161.24629092216492,4.4625914806118745,123627.90618935425
161.34647274017334,4.462315881574432,123628.21557041883
161.4462971687317,4.458733094087682,123628.79401337696
161.5470495223999,4.4625914806118745,123627.11461203927
161.64690399169922,4.460662287349779,123627.90315083534
161.74629068374634,4.460111089274894,123627.6128357518
161.84639286994934,4.46001922292908,123627.35155217662
161.94688987731934,4.461121619078849,123627.51639695896
162.0470416545868,4.45891682677931,123628.56475726307
162.14704585075378,4.455885237367445,123628.40828153676
162.24636483192444,4.457906296975356,123628.56745338309
162.3461811542511,4.45891682677931,123629.21070804479
162.44632935523987,4.459651757545823,123629.78963724032
162.54672718048096,4.458824960433496,123629.01067351628
162.6470308303833,4.460386688312337,123628.30960616465
162.74699068069458,4.460478554658151,123627.57864554819
162.8468587398529,4.45799816332117,123626.42078099337
162.9469850063324,4.459376158508381,123627.07870289404
163.04622507095337,4.458824960433496,123626.97083260464
163.14703750610352,4.4598354902374515,123626.57374934418
163.2461245059967,4.458273762358612,123626.01637440978
163.3462839126587,4.457814430629542,123626.1147369688
163.44620442390442,4.458733094087682,123627.60326327193
163.5462327003479,4.456436435442329,123627.64293694474
163.64642357826233,4.46001922292908,123627.77864325026
163.74649310112,4.457171366208843,123628.20077892524
163.84664249420166,4.4598354902374515,123629.38070103271
163.9468059539795,4.4570794998630285,123630.04263092946
164.0469651222229,4.458181896012798,123631.63836783652
164.1468641757965,4.459468024854195,123631.47453105287
164.24674487113953,4.456803900825586,123631.82707794759
164.34611678123474,4.458824960433496,123631.04437015284
164.44636011123657,4.457814430629542,123630.33993313755
164.54656457901,4.458273762358612,123632.1059398238
164.64681601524353,4.4597436238916375,123633.29534584141
164.7469449043274,4.4568957671714005,123632.86581125727
164.84629201889038,4.459927356583266,123632.37923013156
164.94702649116516,4.456803900825586,123632.3413071184
165.0465075969696,4.456068970059073,123633.10717640657
165.1469006538391,4.458273762358612,123632.69645876592
165.24698781967163,4.455425905638375,123632.22681288933
165.34617567062378,4.455150306600932,123630.9041316004
165.44631338119507,4.457630697937913,123631.01371844036
165.54659414291382,4.459284292162567,123631.71234659632
165.6466736793518,4.457630697937913,123632.74111193669
165.74621653556824,4.457446965246285,123632.66700074302
165.84706735610962,4.456528301788143,123634.10030066872
165.94615244865417,4.459468024854195,123633.89027060186
166.0463411808014,4.456068970059073,123632.90124354168
166.14648580551147,4.457355098900471,123633.11111918751
166.24690508842468,4.458090029666984,123632.20000726875
166.34640336036682,4.457906296975356,123632.08000654189
166.4468696117401,4.456528301788143,123631.0720058877
166.54647994041443,4.456620168133958,123632.06480529894
166.64634084701538,4.456803900825586,123632.45832476906
166.7470440864563,4.455517771984189,123633.51249229215
166.84613847732544,4.457446965246285,123634.36124306294
166.94653582572937,4.456436435442329,123634.22511875666
167.0469160079956,4.455517771984189,123634.602606881
167.14692163467407,4.456344569096515,123635.3423461929
167.24699544906616,4.4568957671714005,123635.10811157362
167.3466501235962,4.4569876335172145,123636.29730041625
167.44699478149414,4.458641227741868,123636.46757037463
167.54610443115234,4.456252702750701,123635.02081333716
167.64700317382812,4.455058440255118,123635.71873200344
167.74609112739563,4.455517771984189,123635.9468588031
167.84641671180725,4.459008693125124,123634.9521729228
167.9467167854309,4.456068970059073,123634.85695563053
168.04698872566223,4.457722564283727,123634.97126006748
168.14667415618896,4.457263232554657,123635.07413406075
168.2462158203125,4.454966573909304,123634.76672065468
168.34627985954285,4.458641227741868,123635.09004858922
168.4469714164734,4.455150306600932,123635.6810437303
168.54682660102844,4.45487470756349,123637.41293935728
168.64707350730896,4.4569876335172145,123637.47164542155
168.74650955200195,4.455701504675817,123637.6244808794
168.84637212753296,4.455885237367445,123638.26203279148
168.94703817367554,4.454690974871862,123638.83582951233
169.04702806472778,4.456528301788143,123637.85224656112
169.1465187072754,4.455977103713259,123636.66702190501
169.246972322464,4.455058440255118,123637.50031971451
169.3465497493744,4.457171366208843,123637.65028774308
169.4470090866089,4.457538831592099,123637.38525896877
169.54642748832703,4.4568957671714005,123637.74673307191
169.64641737937927,4.456068970059073,123637.87205976472
169.7469403743744,4.455058440255118,123637.68485378826
169.84648299217224,4.456620168133958,123637.91636840944
169.94641780853271,4.454507242180234,123637.1247315685
170.04699730873108,4.455425905638375,123638.11225841165
170.14648461341858,4.457538831592099,123637.5010325705
170.24626183509827,4.4540479104511626,123637.45092931345
170.34663438796997,4.455150306600932,123636.9058363821
170.44630026817322,4.456068970059073,123636.21525274389
170.5464105606079,4.457446965246285,123635.7937274695
170.646320104599,4.454507242180234,123633.81435472256
170.7462923526764,4.453496712376278,123632.9329192503
170.84635162353516,4.4540479104511626,123632.93962732528
170.9470431804657,4.454690974871862,123631.44566459276
171.04696583747864,4.455977103713259,123631.50109813348
171.14670825004578,4.455517771984189,123631.65098832014
171.24640011787415,4.4538641777595345,123632.58588948812
171.3461320400238,4.454599108526048,123632.52730053931
171.44674015045166,4.4541397767969775,123634.27457048539
171.54695796966553,4.455058440255118,123635.54711343684
171.64621710777283,4.4541397767969775,123636.39240209316
171.7468786239624,4.455885237367445,123636.15316188385
171.84703159332275,4.452302449880695,123636.73784569546
171.94621586799622,4.455609638330003,123637.76406112591
172.04703521728516,4.4540479104511626,123637.88765501333
172.14695644378662,4.455150306600932,123638.598889512
172.24618411064148,4.45533403929256,123639.2390005608
172.34606957435608,4.454599108526048,123639.51510050472
172.44676566123962,4.4540479104511626,123641.16359045426
172.5464174747467,4.453680445067906,123643.24723140884
172.64638495445251,4.457446965246285,123642.22250826797
172.74687671661377,4.4570794998630285,123641.00025744118
172.84599375724792,4.454966573909304,123641.20023169706
172.94601154327393,4.4568957671714005,123641.48020852735
173.04696679115295,4.453588578722092,123640.13218767462
173.14694786071777,4.45487470756349,123639.91896890716
173.2461175918579,4.456252702750701,123639.62707201645
173.34645628929138,4.4542316431427915,123639.8643648148
173.44638085365295,4.455242172946746,123639.17792833333
173.5460603237152,4.455242172946746,123638.66013549999
173.64639854431152,4.454966573909304,123637.59412195
173.74622011184692,4.4538641777595345,123638.234709755
173.8466305732727,4.4541397767969775,123638.31123877951
173.9462149143219,4.4540479104511626,123639.08011490158
174.04625487327576,4.4541397767969775,123639.77210341142
174.14690804481506,4.45487470756349,123640.59489307029
174.2464315891266,4.453680445067906,123641.63540376327
174.34664726257324,4.456252702750701,123642.47186338695
174.44666409492493,4.454690974871862,123642.62467704827
174.54675197601318,4.454966573909304,123642.66220934344
174.64665389060974,4.454690974871862,123642.79598840911
174.74658203125,4.45441537583442,123643.5163895682
174.84626817703247,4.4540479104511626,123642.86475061138
174.94616079330444,4.452486182572323,123645.07827555024
175.04650115966797,4.453588578722092,123643.97044799523
175.14628863334656,4.453496712376278,123644.77340319571
175.24702906608582,4.454507242180234,123645.59606287614
175.3466067314148,4.4539560441053485,123645.03645658852
175.44637370109558,4.455425905638375,123643.93281092966
175.54698038101196,4.454966573909304,123643.5395298367
175.64656448364258,4.45487470756349,123642.38557685302
175.74651408195496,4.454966573909304,123642.14701916772
175.84621024131775,4.454323509488606,123642.23231725095
175.94626259803772,4.452669915263951,123642.90908552587
176.04647016525269,4.452945514301394,123641.21817697329
176.15453553199768,4.524784996728025,123629.59635927597
176.25385689735413,4.682427646145033,123593.23672334838
176.35049510002136,4.786695948644044,123538.51305101355
176.44778537750244,4.885084805010953,123465.86174591219
176.55571103096008,5.008645040130927,123376.27557132098
176.6561667919159,5.1274282252685675,123268.94801418888
176.7545349597931,5.249242999818073,123146.55321277
176.85418367385864,5.372527635900605,123008.897891493
176.95398926734924,5.4930562816087125,122858.50810234371
177.0537815093994,5.619556239794738,122695.45729210935
177.14619493484497,5.676972705928555,122540.11156289841
177.24648475646973,5.661906625215042,122401.60040660857
177.34642791748047,5.656119045428753,122278.04036594773
177.44693303108215,5.651709460829676,122166.63632935297
177.55109310150146,5.698928762578126,122054.67269641768
177.6501054763794,5.826622983259735,121923.80542677591
177.75002431869507,5.949815752996453,121776.82488409831
177.84757685661316,6.080725295781555,121615.64239568848
177.9553349018097,6.219810943344113,121440.47815611964
178.05173110961914,6.352098481316427,121256.53034050768
178.14806485176086,6.470054869341741,121064.37730645692
178.2469515800476,6.5988514861731185,120860.73957581124
178.35567116737366,6.732149553949388,120648.46561823013
178.45453548431396,6.859292576556112,120429.51905640712
178.5466923713684,6.919097567681096,120224.86715076641
178.64706325531006,6.90063243217246,120041.98043568978
178.74630498886108,6.893283124507332,119876.4823921208
178.84635543823242,6.887495544721043,119728.43415290873
178.94618558883667,6.883912757234293,119595.29073761785
179.0463707447052,6.88115676685987,119476.46166385607
179.14614033699036,6.8804218360933564,119368.41549747047
179.2469244003296,6.8749098553445105,119273.37394772343
179.3467583656311,6.8719701322784585,119187.43655295108
179.4469358921051,6.869397874595664,119110.29289765598
179.54680681228638,6.866550017875427,119040.56360789039
179.64678955078125,6.865355755379843,118978.30724710136
179.7466597557068,6.864896423650772,118920.77652239123
179.84626245498657,6.863426562117747,118869.3988701521
179.94635725021362,6.860670571743324,118823.15898313689
180.04676055908203,6.858373913097971,118781.64308482321
180.1469020843506,6.858190180406343,118743.5787763409
180.24698615074158,6.858925111172855,118711.12089870681
180.34602570533752,6.856444719835874,118680.10880883614
180.4462549686432,6.856904051564945,118653.79792795253
180.5460708141327,6.855158590994477,118630.01813515728
180.64639115333557,6.855526056377734,118609.31632164156
180.74700379371643,6.853596863115637,118589.3846894774
180.84638929367065,6.849922209283073,118571.54622052966
180.94695568084717,6.851024605432842,118555.3915984767
181.04610013961792,6.846982486217022,118541.85243862902
181.1460542678833,6.848452347750047,118529.76719476613
181.24625515937805,6.848819813133304,118517.79047528951
181.34618639945984,6.846523154487951,118508.11142776057
181.44678664207458,6.847258085254464,118498.10028498451
181.5460238456726,6.846431288142137,118489.49025648605
181.64618921279907,6.847349951600278,118482.14123083746
181.7465980052948,6.843307832384458,118475.72710775372
181.84679555892944,6.845420758338181,118470.25439697836
181.94609808921814,6.842113569888874,118465.22895728053
182.04636311531067,6.84404276315097,118461.40606155248
182.14642071723938,6.842940367001201,118458.46545539724
182.24612593650818,6.841837970851431,118454.51890985752
182.34643602371216,6.842297302580502,118452.36701887178
182.44625616073608,6.8400006439351495,118450.3303169846
182.5462818145752,6.84045997566422,118449.19728528615
182.64661741256714,6.8428485006553865,118448.07755675755
182.74640035629272,6.841011173739105,118447.16980108179
182.84656953811646,6.838990114131194,118446.25282097362
182.9470570087433,6.841011173739105,118446.22753887626
183.04648613929749,6.83889824778538,118444.90478498864
183.14671659469604,6.836417856448399,118444.71430648978
183.2461392879486,6.8368771881774695,118445.04287584081
183.34646034240723,6.837612118943983,118445.23858825673
183.447039604187,6.8372446535607265,118445.21472943106
183.54693126678467,6.837520252598169,118443.79325648796
183.64658546447754,6.836785321831655,118443.11393083916
183.74636816978455,6.835958524719329,118442.30253775524
183.84694409370422,6.834764262223746,118440.57228397972
183.94621586799622,6.836601589140027,118441.21505558175
184.04655838012695,6.835407326644444,118440.09355002358
184.14630913734436,6.83531546029863,118439.18419502123
184.24663734436035,6.831824539157694,118438.5657755191
184.34671235084534,6.82971161320397,118439.60919796719
184.4470133781433,6.832743202615835,118438.44827817047
184.5465943813324,6.830905875699553,118438.00345035343
184.64702939987183,6.833110667999091,118437.90310531808
184.74617052078247,6.832192004540951,118438.41279478627
184.84637212753296,6.8312733410828095,118437.97151530764
184.94669461250305,6.831640806466066,118437.57436377689
185.0460832118988,6.8312733410828095,118438.0169273992
185.1466007232666,6.829619746858155,118438.71523465929
185.24680137634277,6.831089608391181,118438.34371119336
185.34655499458313,6.829895345895598,118438.80934007403
185.4465308189392,6.830262811278854,118439.42840606663
185.5465383529663,6.829987212241412,118439.18556545996
185.64656233787537,6.8283336180167575,118438.06700891397
185.7468557357788,6.8285173507083865,118437.36030802259
185.8466818332672,6.829344147820713,118436.22427722033
185.94681119918823,6.8281498853251295,118436.3018494983
186.04675030708313,6.8281498853251295,118437.37166454847
186.14636826515198,6.827874286287687,118437.93449809363
186.24651432037354,6.824934563221636,118437.64104828426
186.3462779521942,6.8281498853251295,118439.37694345583
186.4462378025055,6.824750830530007,118439.73924911025
186.5466594696045,6.826680023792104,118438.86532419923
186.64666867256165,6.825118295913264,118438.27879177932
186.7464566230774,6.826312558408848,118437.25091260139
186.84673357009888,6.826955622829546,118437.72582134126
186.94680905342102,6.824015899763495,118437.95323920713
187.0467665195465,6.827139355521174,118438.75791528642
187.1464741230011,6.824658964184193,118439.38212375778
187.24656796455383,6.82346470168861,118437.743911382
187.34633421897888,6.8222704391930264,118438.9695202438
187.44700145721436,6.822913503613726,118437.77256821941
187.54682111740112,6.8227297709220975,118436.89531139747
187.64623546600342,6.821811107463956,118437.00578025774
187.74616765975952,6.824567097838379,118437.30520223196
187.84714937210083,6.823097236305354,118438.57468200877
187.94681406021118,6.821719241118142,118437.51721380789
188.0461883544922,6.82346470168861,118436.7654924271
188.14651346206665,6.824383365146751,118436.9889431844
188.24666357040405,6.824658964184193,118436.59004886597
188.3467402458191,6.820249379585117,118436.93104397938
188.44624161720276,6.820341245930931,118436.63793958144
188.5463583469391,6.819790047856046,118435.6741456233
188.64689016342163,6.820708711314187,118434.00673106097
188.74693250656128,6.8195144488186035,118433.70605795489
188.84691452980042,6.820616844968373,118435.6354521594
188.946448802948,6.8214436420807,118435.77190694347
189.0465075969696,6.820433112276745,118436.29471624913
189.146399974823,6.820341245930931,118436.76524462423
189.24656128883362,6.817125923827437,118436.18872016181
189.3467092514038,6.819055117089533,118435.86984814564
189.44609093666077,6.820708711314187,118436.18286333108
189.54697036743164,6.822821637267912,118437.76457699797
189.646146774292,6.821351775734886,118437.88811929818
189.74665689468384,6.81988191420186,118438.59930736836
189.8466010093689,6.82190297380977,118438.93937663153
189.9466769695282,6.817952720939764,118439.1454389684
190.04672408103943,6.81786085459395,118440.13089507155
190.14699530601501,6.820433112276745,118440.51780556439
190.2460753917694,6.819146983435347,118440.76602500796
190.34640884399414,6.822454171884655,118441.18942250717
190.44609260559082,6.818228319977206,118440.67048025646
190.54703545570374,6.820433112276745,118441.10343223083
190.64704155921936,6.821994840155584,118440.89308900776
190.74697971343994,6.819422582472789,118440.50378010698
190.8463683128357,6.817952720939764,118441.5534020963
190.9467933177948,6.818595785360462,118441.19806188667
191.04636335372925,6.8195144488186035,118441.078255698
191.14671897888184,6.818503919014648,118441.6704301282
191.24682068824768,6.818963250743719,118441.50338711539
191.34720706939697,6.820341245930931,118442.15304840385
191.44620084762573,6.819422582472789,118442.73774356347
191.54612231254578,6.818412052668834,118443.56396920713
191.64667129516602,6.81629912671511,118443.20757228641
191.7463414669037,6.817309656519065,118442.48681505778
191.84677076339722,6.815104864219527,118443.83813355201
191.9469666481018,6.815472329602783,118442.6543201968
192.04681730270386,6.816115394023481,118441.68888817713
192.14680814743042,6.814921131527898,118441.41999935941
192.24649119377136,6.815196730565341,118440.77799942347
192.34668469429016,6.817309656519065,118440.70019948113
192.4467010498047,6.817585255556508,118440.23017953303
192.54622840881348,6.8139106017239435,118441.30716157974
192.6466372013092,6.8138187353781285,118442.57644542176
192.74673771858215,6.815012997873712,118442.71880087958
192.84637188911438,6.812348873845103,118442.14692079162
192.94688200950623,6.814461799798828,118442.33222871248
193.0466079711914,6.811522076732777,118442.79900584123
193.14682364463806,6.811705809424405,118442.91910525711
193.24660921096802,6.81473739883627,118443.0271947314
193.34700965881348,6.814369933453014,118443.52447525827
193.4467842578888,6.811062745003706,118444.47202773244
193.54667043685913,6.811430210386963,118445.5248249592
193.64669013023376,6.8109708786578915,118444.37234246329
193.74685549736023,6.8109708786578915,118443.63510821696
193.84677529335022,6.811613943078591,118444.37159739526
193.94694828987122,6.812257007499289,118445.63443765574
194.0464346408844,6.811705809424405,118446.37099389017
194.14656496047974,6.812073274807661,118446.83389450116
194.246817111969,6.812532606536731,118445.75050505105
194.34679770469666,6.812991938265802,118445.67545454596
194.44661736488342,6.812808205574174,118446.10790909136
194.54701113700867,6.809776616162308,118444.69711818222
194.64651799201965,6.8107871459662634,118445.12740636399
194.74689030647278,6.809868482508122,118445.01466572759
194.8463191986084,6.809225418087424,118443.91319915483
194.94686913490295,6.81005221519975,118444.32187923936
195.0462291240692,6.812900071919988,118444.98969131544
195.14638829231262,6.809684749816494,118444.39072218389
195.24613046646118,6.807204358479513,118444.5516499655
195.34648489952087,6.810235947891379,118444.79648496896
195.4464294910431,6.809868482508122,118445.51683647206
195.54615020751953,6.811062745003706,118446.06515282486
195.6461730003357,6.809501017124866,118445.85863754238
195.74684810638428,6.81005221519975,118445.67277378813
195.8469386100769,6.809041685395796,118445.50549640931
195.94663953781128,6.809776616162308,118445.05494676839
196.04639172554016,6.81005221519975,118445.74945209155
196.146826505661,6.80913355174161,118446.6745068824
196.24646258354187,6.808306754629283,118447.60705619416
196.34628629684448,6.809225418087424,118449.64635057475
196.4462444782257,6.8082148882834685,118449.18171551728
196.5469570159912,6.807296224825327,118450.26354396556
196.64640498161316,6.809041685395796,118450.837189569
196.7468762397766,6.806469427713,118449.1534706121
196.84636211395264,6.806285695021372,118448.7381235509
196.9465823173523,6.8082148882834685,118446.76431119582
197.04634523391724,6.809501017124866,118446.88788007625
197.14689946174622,6.810144081545564,118447.29909206863
197.24679493904114,6.808490487320911,118447.26918286177
197.34706664085388,6.807755556554398,118447.34226457559
197.4464466571808,6.807204358479513,118447.70803811804
197.5464107990265,6.807296224825327,118446.93723430624
197.64694380760193,6.8082148882834685,118447.34351087562
197.74689149856567,6.808674220012539,118447.40915978806
197.84629797935486,6.806561294058815,118446.56824380925
197.94669151306152,6.8082148882834685,118447.31141942833
198.0467483997345,6.806928759442071,118446.6802774855
198.14675283432007,6.806193828675558,118447.51224973696
198.24661588668823,6.803897170030205,118446.76102476327
198.34709334373474,6.80601009598393,118446.98492228694
198.4469826221466,6.807755556554398,118447.48643005824
198.5463535785675,6.808674220012539,118447.13778705243
198.64638233184814,6.805642630600674,118446.8240083472
198.7468638420105,6.806101962329744,118447.14160751249
198.8467903137207,6.807020625787885,118447.72744676124
198.94663071632385,6.806928759442071,118448.15470208511
199.04657244682312,6.8053670315632315,118448.5392318766
199.14663004875183,6.80601009598393,118449.58530868893
199.24625849723816,6.8053670315632315,118449.02677782005
199.34659790992737,6.804264635413462,118448.92410003806
199.4465937614441,6.803805303684391,118448.63169003426
199.54681396484375,6.803070372917879,118448.56852103084
199.64615893363953,6.803897170030205,118448.91166892776
199.74645161628723,6.806285695021372,118448.92050203498
199.8467299938202,6.804356501759276,118447.52845183149
199.94702339172363,6.806285695021372,118447.77560664834
200.04629707336426,6.806928759442071,118448.4980459835
200.14663815498352,6.8050914325257885,118448.34824138516
200.2467749118805,6.805458897909046,118448.71341724665
200.34723711013794,6.805183298871603,118448.84207552198
200.44648122787476,6.8023354421513655,118448.45786796979
200.54635953903198,6.80490769983416,118448.71208117282
200.64699721336365,6.805642630600674,118449.74087305553
200.74649143218994,6.803713437338577,118450.06678574998
200.84686732292175,6.8053670315632315,118450.06010717498
200.94654750823975,6.8080311555918405,118449.05409645749
201.0468246936798,6.807296224825327,118448.04868681176
201.14706373214722,6.805826363292302,118448.44381813059
201.24677801132202,6.806928759442071,118449.19943631753
201.34630346298218,6.803897170030205,118449.37949268578
201.44690442085266,6.802978506572065,118449.54154341722
201.54622220993042,6.803713437338577,118449.48738907551
201.6469430923462,6.804356501759276,118449.83865016796
201.74642634391785,6.802702907534622,118448.95478515117
201.84634280204773,6.80444836810509,118448.75930663606
201.94664001464844,6.803345971955321,118448.28337597245
202.04624772071838,6.80444836810509,118447.1550383752
202.14641213417053,6.802519174842994,118447.33953453769
202.24676275253296,6.802794773880436,118448.60558108393
202.34675097465515,6.803713437338577,118449.24502297553
202.4469997882843,6.803437838301135,118449.72052067798
202.5466411113739,6.800406248889269,118449.34846861019
202.6465880870819,6.803162239263693,118449.71362174918
202.74699330329895,6.803070372917879,118450.14225957426
202.84661293029785,6.800498115235084,118450.62803361684
202.94673800468445,6.804264635413462,118450.76523025516
203.04693603515625,6.8022435758055515,118450.08870722965
203.14692187309265,6.800498115235084,118450.27983650668
203.24628853797913,6.801692377730667,118450.45185285601
203.34629321098328,6.801049313309968,118450.6066675704
203.4470374584198,6.801233046001596,118452.14600081337
203.54694175720215,6.801692377730667,118451.63140073203
203.6464741230011,6.802794773880436,118450.46826065883
203.7465467453003,6.801049313309968,118451.12143459295
203.84661746025085,6.802702907534622,118453.00929113365
203.94690322875977,6.803805303684391,118452.70836202029
204.0463764667511,6.803437838301135,118452.53752581828
204.14704728126526,6.801967976768109,118451.88377323646
204.24696898460388,6.7994875854311285,118451.49539591282
204.34659361839294,6.801416778693224,118452.54585632154
204.44697642326355,6.801141179655782,118452.99127068938
204.54612278938293,6.801141179655782,118452.39214362044
204.64704418182373,6.799763184468571,118452.9529292584
204.74706101417542,6.800406248889269,118453.65763633257
204.8469898700714,6.798844521010429,118453.69187269933
204.94674277305603,6.8021517094597375,118454.5226854294
205.0465009212494,6.800222516197641,118455.97041688647
205.1465060710907,6.801233046001596,118455.47337519783
205.24649667739868,6.7993957190853145,118455.32603767805
205.34637093544006,6.804080902721834,118455.39343391026
205.4464271068573,6.804172769067648,118455.75409051924
205.54648900032043,6.803070372917879,118456.67868146733
205.6464445590973,6.803621570992763,118457.0108133206
205.74671077728271,6.805918229638116,118457.10973198854
205.8464207649231,6.80444836810509,118456.2987587897
205.94685864448547,6.80242730849718,118455.86888291073
206.04639196395874,6.801876110422295,118454.88199461966
206.14685606956482,6.801416778693224,118454.09379515769
206.24668550491333,6.80242730849718,118455.18441564192
206.3467230796814,6.802519174842994,118456.26597407775
206.44651103019714,6.802886640226251,118455.73937666998
206.54690289497375,6.801692377730667,118455.66543900299
206.6463873386383,6.801416778693224,118455.2988951027
206.74698495864868,6.802059843113923,118456.06900559244
206.8467321395874,6.8021517094597375,118455.86210503319
206.9468400478363,6.801784244076481,118456.17589452988
207.04706168174744,6.802059843113923,118454.9583050769
207.14615678787231,6.80132491234741,118454.46247456921
207.24614834785461,6.803345971955321,118455.41622711229
207.34653687477112,6.80444836810509,118456.07460440106
207.44680738449097,6.804172769067648,118455.86714396096
207.54633951187134,6.804080902721834,118456.08042956487
207.64621257781982,6.8049995661799745,118457.17238660838
207.7463755607605,6.801049313309968,118457.35514794756
207.84637069702148,6.803162239263693,118457.3196331528
207.9469804763794,6.8021517094597375,118457.58766983752
208.04657316207886,6.803162239263693,118458.12890285377
208.1465220451355,6.8022435758055515,118458.21601256839
208.24637174606323,6.801600511384852,118459.99441131156
208.34667301177979,6.802519174842994,118460.69497018041
208.4461808204651,6.801416778693224,118460.72547316238
208.54642295837402,6.801508645039038,118460.85292584615
208.64601945877075,6.802059843113923,118460.36763326154
208.74673128128052,6.799946917160199,118459.9308699354
208.84666180610657,6.802794773880436,118459.13778294186
208.946711063385,6.798660788318801,118458.92400464768
209.04631900787354,6.799028253702057,118458.0316041829
209.1468379497528,6.800498115235084,118457.52844376462
209.24681663513184,6.80132491234741,118457.97559938816
209.34684300422668,6.798752654664615,118458.47803944934
209.44634366035461,6.801692377730667,118458.83023550441
209.5467493534088,6.801416778693224,118458.74721195397
209.64687657356262,6.800681847926712,118458.57249075858
209.7469310760498,6.800498115235084,118458.41524168273
209.84660840034485,6.8023354421513655,118458.97371751445
209.94602394104004,6.800681847926712,118458.276345763
210.04677844047546,6.7993038527395,118459.8487111867
210.14696598052979,6.802978506572065,118459.56384006803
210.24624347686768,6.799211986393686,118459.70745606124
210.34612369537354,6.800406248889269,118460.73671045512
210.446763753891,6.799211986393686,118459.56303940961
210.54684972763062,6.798568921972987,118459.00673546866
210.64611887931824,6.7994875854311285,118458.1060619218
210.7470941543579,6.7994875854311285,118458.19545572964
210.84692430496216,6.798844521010429,118456.77591015669
210.94653010368347,6.800957446964154,118456.69831914103
211.04651999473572,6.798660788318801,118456.92848722692
211.14678287506104,6.798660788318801,118457.33563850424
211.24635934829712,6.800589981580898,118458.10207465383
211.3467674255371,6.799671318122757,118457.69186718843
211.44625282287598,6.799763184468571,118458.0226804696
211.54593014717102,6.800222516197641,118459.22041242264
211.6461160182953,6.798477055627173,118459.89837118039
211.7465648651123,6.797650258514846,118460.80853406235
211.84623503684998,6.798660788318801,118459.42768065611
211.94628882408142,6.797925857552288,118458.7849125905
212.04696941375732,6.798660788318801,118458.90642133146
212.1461627483368,6.798660788318801,118459.31577919831
212.24682235717773,6.798293322935545,118459.2842012785
212.34711241722107,6.7962722633276345,118458.45578115065
212.44696831703186,6.797374659477404,118457.71020303559
212.54653882980347,6.796731595056705,118457.93918273204
212.64675188064575,6.79728279313159,118457.74526445883
212.74660849571228,6.798477055627173,118457.87073801295
212.8468677997589,6.797833991206474,118457.18366421167
212.94656348228455,6.798385189281359,118457.4652977905
213.05063843727112,6.827506820904431,118447.31876801146
213.15008664131165,7.007013660625196,118408.88689121032
213.24716567993164,7.133972950540292,118345.3982020893
213.34583044052124,7.270945672149125,118258.05838188037
213.44789481163025,7.391749916894676,118155.55254369233
213.55567002296448,7.535245149056311,118034.4972893231
213.65322065353394,7.654120200539766,117899.8475603908
213.7532036304474,7.770698593377867,117752.16280435173
213.85335397720337,7.880846342008981,117597.04652391656
213.9533224105835,7.996138606005686,117430.94187152492
214.04682636260986,8.070366613423484,117273.74768437244
214.14707112312317,8.041612447183669,117132.7729159352
214.24690008163452,8.029210490498764,117006.49562434168
214.34687781333923,8.021309984758751,116892.84606190752
214.44706201553345,8.013868810747809,116791.96145571678
214.54640340805054,8.007989364615705,116700.0653101451
214.64642214775085,8.007805631924077,116619.1587791306
214.74701976776123,8.00357978001663,116545.44290121754
214.84693455696106,8.00073192329639,116482.59861109579
214.94617414474487,7.996322338697314,116423.23874998622
215.04637551307678,7.996138606005686,116371.6148749876
215.14661312103271,7.9923720858273075,116323.75338748885
215.2461862564087,7.988973031032185,116280.17804873997
215.34646487236023,7.9896160954528845,116241.86024386597
215.44623136520386,7.987411303153346,116206.77421947938
215.54634714126587,7.984655312778923,116176.69679753145
215.64636278152466,7.9836447829749675,116149.5271177783
215.7469346523285,7.982450520479384,116124.67440600047
215.84673857688904,7.982450520479384,116103.00696540043
215.94645047187805,7.980429460871473,116083.5062688604
216.04650020599365,7.97877586664682,116066.25564197436
216.14677143096924,7.978592133955192,116049.83007777693
216.24682211875916,7.976479208001467,116034.84706999925
216.34619903564453,7.975744277234954,116022.36236299932
216.4466941356659,7.974458148393556,116010.9261266994
216.5462794303894,7.9746418810851845,116001.13351402947
216.6465756893158,7.9751012128142555,115992.72016262652
216.74666810035706,7.9718858907107615,115984.04814636387
216.84610676765442,7.970783494560992,115976.6433317275
216.94687056541443,7.971242826290063,115969.77899855474
217.04659700393677,7.9718858907107615,115963.20109869927
217.14615559577942,7.968486835915639,115957.88098882935
217.2462658882141,7.967108840728428,115953.29288994642
217.34677982330322,7.96536338015796,115948.86360095176
217.4468171596527,7.964169117662377,115946.5772408566
217.54634594917297,7.965730845541216,115943.41951677094
217.6465265750885,7.964444716699819,115940.97756509384
217.74668788909912,7.96223992440028,115939.67980858446
217.84615755081177,7.964628449391447,115937.71182772602
217.94647216796875,7.9631585878584215,115935.54064495342
218.04666781425476,7.963985384970749,115932.48658045808
218.14668369293213,7.959392067680043,115930.93792241227
218.24665188789368,7.962056191708652,115929.54413017104
218.34635066986084,7.96021886479237,115927.28971715394
218.44663882255554,7.959116468642601,115926.76074543854
218.54687976837158,7.956084879230735,115925.28467089469
218.6470205783844,7.961045661904697,115923.45620380522
218.7464108467102,7.957554740763761,115923.2105834247
218.84616041183472,7.959483934025857,115923.08952508224
218.94671249389648,7.95709540903469,115922.48057257402
219.04612827301025,7.957830339801204,115923.03251531662
219.1471302509308,7.95865713691353,115922.72926378496
219.2460970878601,7.9577384734553895,115923.05633740647
219.34674835205078,7.95709540903469,115924.15070366583
219.44649481773376,7.95507434942678,115923.93563329925
219.5461390018463,7.9545231513518955,115925.84206996932
219.64656782150269,7.9547068840435236,115926.35786297239
219.7461187839508,7.950205433098632,115927.32207667516
219.8462359905243,7.95397195327701,115927.48986900764
219.9469075202942,7.949286769640492,115925.74088210688
220.04626893997192,7.954247552314453,115925.5667938962
220.14682126045227,7.951215962902587,115925.31011450659
220.24639296531677,7.950756631173517,115925.77910305593
220.34638094902039,7.951124096556773,115926.00119275034
220.44696593284607,7.950664764827703,115925.70107347531
220.5464243888855,7.950848497519331,115926.93096612778
220.64652371406555,7.949654235023748,115926.53786951501
220.7470235824585,7.950113566752818,115926.2840825635
220.84610104560852,7.949378635986306,115926.15567430716
220.94648337364197,7.9488274379114205,115926.84010687645
221.0462338924408,7.948551838873978,115926.6560961888
221.1466965675354,7.951950893669101,115925.09048656993
221.24623847007751,7.949194903294678,115923.48143791294
221.34705138206482,7.946806378303511,115924.93329412166
221.44694590568542,7.946438912920254,115925.2399647095
221.54710125923157,7.946806378303511,115924.41596823855
221.64706182479858,7.946438912920254,115925.07437141471
221.74627900123596,7.947449442724209,115925.76693427324
221.84675765037537,7.944877185041414,115926.19024084591
221.94692420959473,7.94524465042467,115925.37121676133
222.04651355743408,7.947265710032581,115924.4340950852
222.14686703681946,7.946806378303511,115924.49068557669
222.2467963695526,7.942213061012805,115923.74161701903
222.3470528125763,7.945336516770484,115924.46745531714
222.4462389945984,7.945152784078856,115926.12070978543
222.54675912857056,7.944142254274901,115926.6086388069
222.64617729187012,7.9429479917793175,115925.9477749262
222.74670910835266,7.943039858125132,115926.25299743359
222.84665775299072,7.943499189854203,115926.72769769024
222.94622325897217,7.944877185041414,115926.85492792122
223.04669976234436,7.9401001350590805,115926.9694351291
223.14671325683594,7.943591056200017,115927.77249161618
223.24694776535034,7.940467600442337,115928.19524245456
223.34680223464966,7.938446540834427,115928.3757182091
223.44698452949524,7.939089605255125,115929.1381463882
223.54698753356934,7.939824536021638,115929.6243317494
223.646098613739,7.940926932171408,115930.66189857446
223.74624252319336,7.9401001350590805,115932.19570871702
223.847021818161,7.939273337946753,115931.67613784531
223.94611883163452,7.939548936984196,115933.00852406077
224.04695177078247,7.940926932171408,115932.6076716547
224.14610719680786,7.941294397554664,115932.94690448923
224.2467405796051,7.9368848129555865,115933.75221404032
224.3461000919342,7.938905872563497,115934.17699263629
224.44679498672485,7.939548936984196,115933.95929337267
224.54628777503967,7.938170941796984,115934.36336403541
224.64684557914734,7.937987209105356,115934.12702763187
224.74670553207397,7.938538407180241,115934.71432486868
224.84703421592712,7.936701080263958,115934.84289238181
224.94710183143616,7.937527877376286,115935.55860314363
225.04702353477478,7.936701080263958,115935.60274282927
225.14687132835388,7.9368848129555865,115935.54246854635
225.2467381954193,7.937527877376286,115935.28822169172
225.34688115119934,7.9372522783388435,115934.05939952255
225.44702577590942,7.935323085076747,115934.0534595703
225.5469355583191,7.935966149497446,115934.94811361328
225.64695978164673,7.934404421618606,115935.15330225196
225.74688959121704,7.935506817768375,115936.13797202676
225.84692692756653,7.936333614880702,115936.52417482408
225.94677782058716,7.936609213918144,115937.27175734169
226.04665327072144,7.935231218730933,115936.94458160753
226.1464512348175,7.934404421618606,115937.75012344678
226.2466630935669,7.934771887001863,115937.1751111021
226.34656643867493,7.9342206889269775,115937.0575999919
226.44645714759827,7.934771887001863,115936.45183999272
226.54654335975647,7.937987209105356,115935.20665599345
226.646746635437,7.9312809658609265,115934.78599039411
226.74648261070251,7.93247522835651,115935.3073913547
226.8463203907013,7.933302025468837,115935.07665221923
226.94642567634583,7.933577624506279,115934.46898699732
227.04638147354126,7.932750827393952,115933.92208829761
227.1470184326172,7.93247522835651,115934.62987946786
227.24617743492126,7.932842693739766,115935.76689152108
227.3465075492859,7.931005366823484,115935.89020236897
227.44652795791626,7.934404421618606,115935.90118213209
227.54611611366272,7.930821634131855,115936.31106391888
227.6461100578308,7.933577624506279,115936.07995752699
227.74610686302185,7.9314646985525545,115936.6719617743
227.84658002853394,7.929535505290458,115937.60476559687
227.94629645347595,7.929168039907202,115937.54428903718
228.04622864723206,7.930821634131855,115936.68986013345
228.14684629440308,7.932291495664882,115936.0208741201
228.24661111831665,7.931740297589997,115936.41878670809
228.34618639945984,7.930086703365343,115936.87690803729
228.44672322273254,7.928065643757432,115937.68921723356
228.5465123653412,7.930546035094413,115938.8202955102
228.64659976959229,7.930086703365343,115939.13826595918
228.74620246887207,7.926412049532779,115940.32443936326
228.84644889831543,7.928708708178132,115940.19199542695
228.94641828536987,7.929076173561388,115941.17279588427
229.04630875587463,7.927146980299291,115941.15551629585
229.1469283103943,7.928708708178132,115941.43996466626
229.24638319015503,7.9285249754865035,115941.29596819964
229.3470380306244,7.9285249754865035,115941.06637137968
229.44655013084412,7.928708708178132,115940.95973424171
229.54609322547913,7.927973777411618,115942.26376081756
229.64645409584045,7.929994837019529,115941.6373847358
229.74649691581726,7.927055113953477,115942.17364626222
229.84621143341064,7.930270436056971,115941.556281636
229.94646787643433,7.925309653383009,115940.6006534724
230.046204328537,7.926320183186965,115939.74058812516
230.14652705192566,7.9282493764490605,115940.46652931265
230.24635529518127,7.929259906253016,115940.51987638138
230.34649348258972,7.927422579336734,115941.26788874326
230.44657945632935,7.926779514916035,115941.64109986894
230.54649257659912,7.9254933860746375,115940.47698988205
230.6463758945465,7.927055113953477,115941.42929089385
230.7464554309845,7.925860851457894,115940.08636180447
230.8465211391449,7.925860851457894,115940.57772562403
230.94648385047913,7.926136450495337,115940.71995306162
231.04645991325378,7.9255852524204515,115941.54795775545
231.14653396606445,7.9255852524204515,115941.2931619799
231.24698519706726,7.927238846645106,115942.46384578192
231.34645795822144,7.924023524541612,115943.01746120374
231.44622087478638,7.92374792550417,115942.91571508336
231.54655957221985,7.924574722616496,115943.92414357503
231.64673042297363,7.923656059158356,115945.33172921753
231.7469198703766,7.926779514916035,115947.29855629578
231.84623503684998,7.926136450495337,115948.2687006662
231.94688272476196,7.923288593775099,115948.74183059958
232.0464494228363,7.92374792550417,115949.26764753961
232.1467535495758,7.9254015197288235,115950.54088278566
232.24706315994263,7.922369930316958,115950.1867945071
232.3464457988739,7.924942187999753,115951.2681150564
232.44616293907166,7.923380460120913,115950.44130355076
232.54682564735413,7.924482856270682,115952.2971731957
232.64697122573853,7.922461796662772,115951.86745587613
232.74703645706177,7.923196727429285,115952.38071028852
232.84688878059387,7.923380460120913,115953.24263925967
232.9461362361908,7.92374792550417,115953.6183753337
233.0465874671936,7.920808202438118,115953.25653780033
233.14647769927979,7.923839791849984,115953.1308840203
233.2463641166687,7.923104861083471,115952.11779561828
233.34678196907043,7.923656059158356,115951.30601605645
233.4462387561798,7.923472326466727,115951.3754144508
233.54614353179932,7.922278063971143,115950.83787300573
233.6463234424591,7.923839791849984,115950.35408570517
233.7461543083191,7.92062446974649,115949.71867713466
233.84654116630554,7.9198895389799775,115949.5468094212
233.94633507728577,7.921451266858817,115948.99212847909
234.04673218727112,7.922461796662772,115949.99291563118
234.14652967453003,7.92062446974649,115948.29362406807
234.24640560150146,7.921910598587887,115947.16426166127
234.3466169834137,7.921359400513003,115947.34783549514
234.4465847015381,7.921175667821375,115947.01305194563
234.54696941375732,7.9196139399425345,115947.21174675107
234.6464216709137,7.92062446974649,115947.69057207597
234.74622344970703,7.920716336092304,115948.72151486838
234.8460614681244,7.9198895389799775,115948.54936338153
234.9468913078308,7.919797672634163,115948.39442704339
235.04698586463928,7.9198895389799775,115949.15498433905
235.1464147567749,7.920991935129746,115948.83948590516
235.24700236320496,7.9226455293544005,115948.15553731464
235.34654426574707,7.921267534167189,115948.23998358319
235.44698071479797,7.9197058062883485,115948.51598522488
235.54656434059143,7.92062446974649,115947.7643867024
235.6469864845276,7.922186197625329,115948.48794803217
235.7468774318695,7.918603410138579,115949.63915322896
235.8469831943512,7.918052212063695,115950.87523790606
235.94631838798523,7.919797672634163,115950.98771411546
236.04608511924744,7.917409147642996,115951.08894270391
236.14675736427307,7.92108380147556,115952.28004843352
236.24671912193298,7.918419677446951,115951.85204359017
236.34690260887146,7.918419677446951,115951.56683923115
236.44609880447388,7.918879009176022,115952.01015530805
236.54615831375122,7.92062446974649,115952.40913977724
236.64692950248718,7.919797672634163,115953.66822579953
236.74670958518982,7.918879009176022,115954.60140321958
236.84682369232178,7.918603410138579,115954.24126289763
236.94673562049866,7.918603410138579,115955.01713660787
237.04701709747314,7.918235944755323,115955.8154229471
237.1468861103058,7.918879009176022,115955.73388065239
237.2461531162262,7.918235944755323,115954.56049258716
237.34707522392273,7.918695276484394,115954.80444332844
237.44639134407043,7.918144078409509,115955.32399899559
237.546799659729,7.918879009176022,115953.79159909603
237.64671397209167,7.918970875521836,115953.31243918644
237.74675822257996,7.918603410138579,115953.6811952678
237.84684658050537,7.916031152455784,115952.51307574102
237.94646072387695,7.918052212063695,115951.76176816692
238.04619598388672,7.917225414951368,115951.68559135024
238.14691352844238,7.9167660832222975,115952.51703221521
238.2470188140869,7.92016513801742,115951.6653289937
238.3469944000244,7.9167660832222975,115951.49879609433
238.44630098342896,7.915663687072528,115951.8489164849
238.54670429229736,7.915571820726714,115950.86402483641
238.64668798446655,7.915755553418342,115951.37762235278
238.74699759483337,7.918603410138579,115952.03986011751
238.84691262245178,7.9154799543809,115951.23587410577
238.94661617279053,7.916398617839041,115951.4122866952
239.04630589485168,7.91593928610997,115953.67105802568
239.14658641815186,7.917868479372067,115953.70395222312
239.2460880279541,7.914285691885317,115954.43355700081
239.3462519645691,7.9154799543809,115955.19020130073
239.44620037078857,7.914836889960201,115955.67118117066
239.54657793045044,7.914377558231131,115954.7040630536
239.6467170715332,7.9168579495681115,115954.73365674824
239.7465808391571,7.915296221689272,115955.36029107342
239.84621500968933,7.916123018801598,115955.42426196608
239.94610953330994,7.9141019591936885,115956.98183576947
240.0463411808014,7.913826360156246,115956.08365219254
240.14658331871033,7.915663687072528,115956.2752869733
240.2463881969452,7.916031152455784,115955.64775827597
240.34612798690796,7.9154799543809,115956.08298244838
240.44617795944214,7.914193825539503,115955.17468420354
240.54669857025146,7.9140100928478745,115954.95721578319
240.64660024642944,7.9154799543809,115954.36149420487
240.74690794944763,7.916123018801598,115954.0253447844
240.8465383052826,7.914928756306015,115952.02281030596
240.9468297958374,7.914836889960201,115952.52052927537
241.04676461219788,7.912723964006477,115952.66847634784
241.1464650630951,7.9140100928478745,115953.10162871306
241.24633598327637,7.912815830352291,115952.39146584176
241.34688210487366,7.913458894772989,115952.05231925758
241.44676637649536,7.91502062265183,115952.94708733184
241.54620456695557,7.914193825539503,115953.45237859865
241.64672708511353,7.912815830352291,115953.2071407388
241.74651050567627,7.913275162081361,115955.28642666491
241.8465974330902,7.914561290922759,115956.85778399844
241.94657373428345,7.913642627464617,115956.37200559859
242.0461711883545,7.912723964006477,115956.63480503875
242.14675116539001,7.912632097660663,115955.77132453487
242.24669694900513,7.912723964006477,115955.99419208139
242.34683966636658,7.912172765931592,115956.99477287325
242.44628310203552,7.911621567856708,115955.99529558592
242.54656600952148,7.913275162081361,115956.79576602732
242.64673733711243,7.91189716689415,115956.51618942458
242.74684882164001,7.913642627464617,115955.86457048212
242.8465292453766,7.912172765931592,115954.47811343391
242.9461851119995,7.911805300548336,115954.23030209052
243.0464415550232,7.913275162081361,115955.70727188149
243.1468665599823,7.9140100928478745,115956.53654469334
243.2461588382721,7.912815830352291,115956.68289022401
243.34630489349365,7.908957443828099,115956.4146012016
243.44670629501343,7.912172765931592,115955.77314108144
243.546569108963,7.9109785034360085,115955.6958269733
243.6467306613922,7.911805300548336,115955.22624427598
243.74680757522583,7.9110703697818225,115955.50361984839
243.8469798564911,7.9109785034360085,115955.05325786356
243.94705271720886,7.912723964006477,115957.14793207722
244.04617357254028,7.909692374594611,115957.3331388695
244.1462914943695,7.909233042865541,115956.49982498254
244.2467074394226,7.911254102473451,115956.5498424843
244.3465859889984,7.9110703697818225,115955.89485823587
244.44670987129211,7.9108866370901945,115956.4053724123
244.5466706752777,7.910611038052752,115955.66483517108
244.64657020568848,7.911345968819265,115954.19835165398
244.74675250053406,7.909784240940425,115954.17851648858
244.8466055393219,7.909784240940425,115953.06066483972
244.9467477798462,7.91033543901531,115953.25459835575
245.04640340805054,7.910611038052752,115953.42913852018
245.14625597000122,7.909416775557169,115954.98622466816
245.24668884277344,7.909876107286239,115954.98760220135
245.34697651863098,7.910427305361124,115954.18884198122
245.4466016292572,7.909141176519727,115952.5699577831
245.54623675346375,7.9109785034360085,115951.81296200478
245.64650559425354,7.909508641902983,115951.43166580431
245.7467246055603,7.9108866370901945,115951.68849922388
245.84682846069336,7.909784240940425,115951.3196493015
245.94645190238953,7.910702904398566,115953.08768437136
246.04679656028748,7.909600508248797,115953.67891593423
246.14653706550598,7.909876107286239,115953.21102434082
246.2469766139984,7.907946914024143,115953.98992190674
246.34660053253174,7.90877371113647,115953.69092971607
246.44694137573242,7.908498112099028,115955.02183674446
246.54619979858398,7.907395715949258,115956.31965307002
246.6468002796173,7.909049310173913,115956.68768776303
246.7469494342804,7.909141176519727,115956.61891898673
246.8469202518463,7.909233042865541,115956.45702708806
246.94634532928467,7.9082225130615855,115956.51132437926
247.0469846725464,7.909416775557169,115956.36019194133
247.14630365371704,7.910611038052752,115956.8241727472
247.24694800376892,7.908589978444842,115957.64175547249
247.34654664993286,7.906293319799489,115956.77757992526
247.44619917869568,7.909784240940425,115956.69982193274
247.54691123962402,7.907395715949258,115956.92983973946
247.6466507911682,7.907855047678329,115957.33685576552
247.74616074562073,7.907120116911816,115957.80317018897
247.84662079811096,7.906936384220188,115957.32285317007
247.9464840888977,7.9083143794074,115957.19056785307
248.0468783378601,7.905925854416233,115956.97151106776
248.14678072929382,7.907487582295072,115956.574359961
248.2461702823639,7.908681844790656,115955.71692396491
248.34696078300476,7.904455992883207,115955.74523156842
248.4467737674713,7.9076713149867,115955.77070841158
248.54705953598022,7.906660785182746,115955.19363757042
248.6468665599823,7.907763181332515,115955.37427381339
248.74648094177246,7.905650255378791,115955.53684643205
248.84634709358215,7.907763181332515,115956.48316178884
248.946138381958,7.907120116911816,115956.43484560997
249.04681253433228,7.9076713149867,115956.39136104898
249.1462697982788,7.904731591920649,115956.85222494409
249.2466163635254,7.905833988070419,115956.46700244969
249.34670424461365,7.906017720762047,115956.02030220472
249.44658756256104,7.905742121724605,115956.61827198425
249.5461356639862,7.90721198325763,115956.65644478583
249.64669227600098,7.906844517874374,115956.69080030725
249.74659204483032,7.906568918836932,115957.92172027653
249.8460991382599,7.9050071909580915,115957.62954824888
249.94691109657288,7.905833988070419,115957.966593424
250.04622173309326,7.907395715949258,115958.36993408161
250.14618468284607,7.905742121724605,115959.13294067346
250.25239396095276,8.005049641549654,115941.81964660612
250.35082340240479,8.179136366867388,115898.1376819455
250.44648432731628,8.301226740454336,115832.12391375095
250.55545234680176,8.40981276120661,115749.41152237586
250.65454387664795,8.505721226236536,115655.17037013826
250.75410795211792,8.606957939323683,115548.75333312445
250.84599018096924,8.707735320681758,115434.477999812
250.95476055145264,8.830652491381034,115302.13019983082
251.05233073234558,8.94530169095704,115159.71717984774
251.14889359474182,9.068861926077012,115006.94546186297
251.24693894386292,9.089991185614258,114867.25091567668
251.3463704586029,9.069872455880969,114743.225824109
251.4469132423401,9.058664761691647,114633.6032416981
251.54624128341675,9.047916399231397,114534.94291752829
251.64651775360107,9.043414948286506,114448.04862577547
251.7461805343628,9.037627368500218,114369.84376319793
251.84674525260925,9.033401516592768,114300.15938687815
251.9464361667633,9.029267531031133,114237.74344819035
252.04679250717163,9.024031149319729,114180.56910337132
252.14636182785034,9.026327807965082,114129.2121930342
252.24653673171997,9.022836886824145,114084.89097373078
252.34614157676697,9.106251528823355,114026.3018763577
252.45582699775696,9.265364039773388,113941.57168872195
252.555091381073,9.3839634922194,113840.21451984976
252.65247535705566,9.50274667735704,113723.4930678648
252.7507345676422,9.615374817325135,113594.34376107831
252.84753441810608,9.731493878434167,113452.40938497048
252.9550223350525,9.852298123179718,113296.56844647342
253.0525677204132,9.974572229458294,113132.61160182608
253.152676820755,10.086557305005691,112959.65044164348
253.2513451576233,10.196521320945177,112781.38539747913
253.3462154865265,10.202308900731465,112623.4468577312
253.4467327594757,10.183292567147944,112483.60217195809
253.54677963256836,10.170063813350714,112358.54195476229
253.64652609825134,10.160417847040232,112247.28775928606
253.74664735794067,10.151323078804635,112146.35898335747
253.84653496742249,10.144892434597649,112057.12308502171
253.9465298652649,10.138737389428103,111976.81077651953
254.04669427871704,10.137175661549263,111904.82969886757
254.1463005542755,10.130010086575762,111839.24672898083
254.24704337120056,10.127254096201339,111782.12205608275
254.346111536026,10.123395709677148,111730.40985047448
254.44705963134766,10.122385179873191,111684.96886542704
254.54633951187134,10.116230134703647,111643.17197888433
254.64623975753784,10.115954535666205,111605.1547809959
254.74691462516785,10.113290411637596,111572.5393028963
254.84619116783142,10.11090188664643,111542.78537260667
254.94661235809326,10.108329628963634,111515.30683534601
255.0461528301239,10.108880827038519,111491.37615181142
255.14678835868835,10.104746841476883,111470.73853663028
255.2464156150818,10.102725781868973,111452.46468296726
255.34694862365723,10.10153151937339,111436.61821467054
255.44667720794678,10.100704722261062,111421.35639320349
255.54690408706665,10.096295137661986,111408.32075388315
255.64695048332214,10.099142994382223,111395.68867849483
255.74639129638672,10.094733409783146,111385.01981064535
255.84693479537964,10.093631013633377,111375.01782958081
255.94704365730286,10.09124248864221,111367.71604662274
256.04706382751465,10.090966889604767,111360.64444196047
256.1468970775604,10.090048226146626,111354.17999776443
256.2468638420105,10.08765970115546,111348.26199798798
256.3462200164795,10.087292235772203,111343.43579818918
256.4464192390442,10.086097973276619,111339.59221837026
256.5465569496155,10.083066383864754,111335.33299653324
256.646892786026,10.084811844435222,111330.99969687991
256.746878862381,10.082607052135684,111327.39972719192
256.84697103500366,10.081045324256843,111324.35975447272
256.94694232940674,10.081780255023357,111321.62377902545
257.0467803478241,10.078840531957304,111321.16140112291
257.1467263698578,10.080034794452889,111320.24526101061
257.2469394207001,10.078473066574048,111319.22073490956
257.3467171192169,10.07783000215335,111318.79866141861
257.4464519023895,10.075441477162183,111317.01879527676
257.54639053344727,10.073879749283343,111315.7169157491
257.6466200351715,10.073696016591715,111316.2452241742
257.7462546825409,10.071399357946362,111315.72070175679
257.8462450504303,10.073971615629157,111314.3486315811
257.94667649269104,10.071307491600548,111314.31376842299
258.0463240146637,10.06845963488031,111313.68239158069
258.1461901664734,10.068918966609381,111314.21415242262
258.2467975616455,10.067449105076356,111314.29273718035
258.34699964523315,10.068367768534497,111315.16346346232
258.4468152523041,10.066622307964028,111315.7471171161
258.5465531349182,10.068092169497055,111315.5724054045
258.64697527885437,10.0670816396931,111315.71516486404
258.7467260360718,10.065703644505888,111315.74364837764
258.8461661338806,10.065336179122632,111314.26928353988
258.94658637046814,10.0664385752724,111314.74235518588
259.04686093330383,10.063131386823093,111314.8681196673
259.14668822288513,10.061661525290067,111315.48130770058
259.2465763092041,10.06037539644867,111316.23317693053
259.34631872177124,10.059732332027972,111316.90985923748
259.4462456703186,10.060191663757042,111317.61887331374
259.5465738773346,10.06193712432751,111317.95698598237
259.64607548713684,10.060099797411228,111318.96128738414
259.7469696998596,10.058170604149131,111319.06515864572
259.8467757701874,10.058905534915644,111319.85864278115
259.9467306137085,10.057068207999363,111319.67277850304
260.0467195510864,10.056333277232849,111318.90550065273
260.1467168331146,10.053761019550054,111319.61495058746
260.24668192863464,10.055414613774708,111320.65345552872
260.34690403938293,10.055965811849592,111321.88810997586
260.4466915130615,10.051831826287957,111321.29929897828
260.54682302474976,10.054404083970752,111320.96936908046
260.6462411880493,10.053301687820984,111322.37243217241
260.7469596862793,10.051923692633771,111323.73518895518
260.8465235233307,10.052199291671215,111323.76167005967
260.94693636894226,10.047422241688881,111324.38550305371
261.0463719367981,10.050637563792375,111325.64695274834
261.146940946579,10.04898396956772,111327.18225747351
261.24690794944763,10.049718900334234,111327.66403172616
261.34652876853943,10.047146642651438,111328.89762855355
261.4470739364624,10.047881573417952,111329.0078656982
261.54665327072144,10.04852463783865,111329.40707912837
261.6469213962555,10.048432771492836,111329.56637121555
261.7464191913605,10.047422241688881,111329.109734094
261.84594321250916,10.045768647464227,111328.79876068461
261.9468514919281,10.04852463783865,111327.91888461616
262.0468997955322,10.046779177268181,111328.92699615455
262.1465394496918,10.045952380155855,111329.2342965391
262.24625515937805,10.045952380155855,111330.2108668852
262.3468222618103,10.043931320547944,111331.38978019668
262.4467842578888,10.044206919585386,111330.85080217702
262.5467007160187,10.044666251314457,111330.76572195932
262.6467876434326,10.043563855164688,111330.9891497634
262.7470827102661,10.042737058052362,111329.99023478707
262.8467347621918,10.04338012247306,111330.99121130836
262.9462683200836,10.040715998444451,111330.99209017753
263.0464107990265,10.040807864790265,111331.9928811598
263.14695739746094,10.04227772632329,111331.99359304381
263.2470073699951,10.044115053239572,111333.19423373943
263.3463861942291,10.040532265752823,111335.4748103655
263.44639801979065,10.039613602294681,111336.02732932896
263.5463807582855,10.039889201332123,111335.22459639607
263.64704513549805,10.039429869603053,111333.90213675647
263.7463843822479,10.040532265752823,111334.11192308083
263.8460474014282,10.037408809995142,111334.30073077275
263.94625210762024,10.038419339799098,111334.97065769549
264.04664754867554,10.039889201332123,111334.77359192594
264.1461453437805,10.036949478266072,111335.19623273335
264.24627661705017,10.0371332109577,111336.67660946002
264.3466796875,10.038051874415842,111336.10894851403
264.44632720947266,10.036306413845374,111336.19805366262
264.5462341308594,10.033917888854207,111337.07824829636
264.64614725112915,10.034744685966533,111338.87042346672
264.7468218803406,10.036122681153746,111338.28338112005
264.84643626213074,10.03529588404142,111337.75504300806
264.9464473724365,10.035204017695605,111336.87953870726
265.047105550766,10.034101621545835,111335.89158483653
265.14670419692993,10.032172428283738,111336.50242635288
265.24630641937256,10.035847082116303,111337.05218371759
265.3465394973755,10.031621230208854,111337.54696534583
265.4460928440094,10.034836552312347,111337.69226881125
265.5469205379486,10.03465281962072,111338.32304193013
265.64611196517944,10.034377220583277,111337.49073773711
265.74632000923157,10.032356160975366,111338.0416639634
265.84674763679504,10.031161898479784,111336.93749756707
265.9462969303131,10.031896829246296,111337.44374781036
266.04644989967346,10.03107003213397,111337.59937302934
266.14706897735596,10.030518834059086,111337.43943572641
266.2464473247528,10.030886299442342,111338.29549215377
266.34610056877136,10.028865239834431,111338.8659429384
266.4469394683838,10.028314041759547,111338.57934864456
266.54649567604065,10.028130309067919,111338.4214137801
266.64608931541443,10.028405908105361,111339.3792724021
266.7466378211975,10.029692036946757,111339.0413451619
266.8463704586029,10.027579110993033,111340.43721064572
266.94687843322754,10.030794433096528,111340.29348958115
267.04713678359985,10.028222175413733,111340.56414062304
267.1467957496643,10.027579110993033,111341.60772656075
267.2462821006775,10.028222175413733,111340.64695390467
267.3465349674225,10.02904897252606,111339.0822585142
267.4467227458954,10.026936046572335,111339.17403266278
267.5468592643738,10.025558051385124,111339.85662939651
267.6463565826416,10.025649917730938,111339.47096645687
267.74709844589233,10.026936046572335,111341.72386981118
267.84675693511963,10.02638484849745,111341.85148283007
267.94705963134766,10.026292982151636,111343.66633454706
268.04642367362976,10.0234451254314,111344.29970109236
268.1467037200928,10.025006853310238,111345.56973098312
268.2466700077057,10.02528245234768,111346.11275788481
268.34607768058777,10.026109249460008,111346.10148209633
268.44674277305603,10.028130309067919,111345.89133388671
268.5470540523529,10.020872867748604,111346.50220049804
268.6462137699127,10.025098719656052,111345.65198044824
268.746798992157,10.02390445716047,111346.08678240342
268.8463222980499,10.024639387926982,111345.27810416308
268.94621205329895,10.021791531206745,111344.95029374678
269.0464777946472,10.021056600440232,111344.7552643721
269.14676094055176,10.02436378888954,111344.0797379349
269.2465810775757,10.022067130244187,111344.17176414141
269.34638142585754,10.022710194664885,111344.35458772728
269.4462378025055,10.021424065823489,111343.31912895455
269.54629826545715,10.022618328319071,111342.6872160591
269.64687037467957,10.021515932169303,111343.21849445319
269.7464225292206,10.021975263898373,111343.99664500788
269.8462872505188,10.022342729281629,111345.1969805071
269.9461030960083,10.021515932169303,111345.07728245639
270.04688811302185,10.020597268711162,111344.26955421075
270.1466987133026,10.021148466786046,111344.44259878968
270.2463958263397,10.018576209103252,111344.69833891072
270.3463079929352,10.020964734094418,111345.32850501966
270.4461028575897,10.020046070636276,111346.5956545177
270.54631876945496,10.021148466786046,111347.83608906594
270.6467366218567,10.014717822579058,111348.15248015935
270.7465240955353,10.018668075449066,111348.43723214342
270.8469295501709,10.016738882186969,111348.79350892908
270.9468650817871,10.01830061006581,111348.91415803618
271.04635524749756,10.018851808140694,111349.52274223256
271.14639544487,10.01719821391604,111350.5704680093
271.2462000846863,10.018025011028367,111351.71342120838
271.3470735549927,10.016463283149527,111352.04207908754
271.44640588760376,10.017565679299295,111351.73787117878
271.5468850135803,10.018392476411623,111352.96408406089
271.64650559425354,10.016371416803713,111353.46767565481
271.74696683883667,10.016463283149527,111353.42090808933
271.84663224220276,10.017381946607667,111353.97881728041
271.9462378025055,10.0156364860372,111354.18093555237
272.0467805862427,10.015728352383015,111354.26284199714
272.14665699005127,10.014717822579058,111354.53655779743
272.2468707561493,10.014166624504174,111354.38290201769
272.34669637680054,10.01407475815836,111355.34461181593
272.4464166164398,10.016003951420457,111355.81015063434
272.5465795993805,10.015085287962314,111356.4291355709
272.6470453739166,10.015085287962314,111357.4862220138
272.74682664871216,10.015085287962314,111359.13759981241
272.84657406806946,10.01251303027952,111359.62383983118
272.9465057849884,10.012880495662776,111359.76145584807
273.0469636917114,10.013431693737662,111360.38531026327
273.1470067501068,10.012880495662776,111359.24677923694
273.2461242675781,10.01030823797998,111359.22210131327
273.3461363315582,10.012237431242077,111360.29989118194
273.44648337364197,10.012145564896263,111358.26990206375
273.5464072227478,10.012237431242077,111358.74291185738
273.64664483070374,10.01315609470022,111358.36862067164
273.7467324733734,10.013431693737662,111357.33175860447
273.8466908931732,10.010491970671609,111356.89858274403
273.94654083251953,10.010859436054867,111356.30872446964
274.04686665534973,10.011135035092309,111356.17785202268
274.1469612121582,10.010675703363237,111356.56006682041
274.2460925579071,10.011869965858821,111356.70406013838
274.34697818756104,10.011043168746495,111357.13365412455
274.4467713832855,10.011869965858821,111357.02028871211
274.5464222431183,10.008011579334628,111356.6182598409
274.6461591720581,10.007552247605558,111356.55643385682
274.7470693588257,10.011686233167193,111355.90079047115
274.8461170196533,10.010124505288353,111357.01071142404
274.9463121891022,10.011135035092309,111357.80964028163
275.0466365814209,10.009940772596725,111358.32867625347
275.1463990211487,10.00938957452184,111358.79580862813
275.24705243110657,10.010675703363237,111359.11622776532
275.34675192832947,10.009022109138584,111359.40460498878
275.44629073143005,10.007735980297186,111359.6641444899
275.5464243888855,10.010032638942539,111359.8977300409
275.64628076553345,10.011318767783937,111360.00795703683
275.7462799549103,10.006817316839046,111360.00716133314
275.84698033332825,10.008838376446956,111360.20644519983
275.9468722343445,10.009297708176026,111360.78580067985
276.0469858646393,10.006266118764161,111360.60722061186
276.1467001438141,10.00599051972672,111361.44649855068
276.24665999412537,10.007827846643,111363.10184869562
276.34687900543213,10.00690918318486,111364.09166382605
276.446170091629,10.005623054343461,111363.98249744346
276.546181678772,10.007552247605558,111364.7842476991
276.6463782787323,10.005347455306019,111364.1058229292
276.74677062034607,10.004796257231135,111365.39524063628
276.8462781906128,10.007644113951372,111366.65571657266
276.946485042572,10.007001049530674,111367.89014491541
277.04693484306335,10.007276648568116,111367.40113042387
277.14664459228516,10.007644113951372,111367.76101738149
277.24687337875366,10.005714920689275,111367.38491564334
277.3462266921997,10.007460381259744,111368.44642407901
277.4465272426605,10.004796257231135,111368.20178167112
277.5469868183136,10.003510128389738,111368.781603504
277.64667868614197,10.004796257231135,111370.6034431536
277.7467586994171,10.006266118764161,111370.44309883824
277.8461563587189,10.004520658193693,111371.29878895442
277.9466998577118,10.003326395698108,111371.56891005897
278.0460147857666,10.004428791847879,111371.81201905306
278.1463327407837,10.004061326464623,111372.13081714776
278.2466390132904,10.003601994735552,111370.817735433
278.34691619873047,10.002499598585782,111369.7359618897
278.44643902778625,10.005714920689275,111370.36236570074
278.54684019088745,10.003510128389738,111370.32612913067
278.64686155319214,10.004888123576949,111370.19351621761
278.7469758987427,10.005439321651833,111370.17416459585
278.84625363349915,10.002407732239968,111369.65674813627
278.94656777381897,10.00314266300648,111369.89107332265
279.04639053344727,10.004428791847879,111369.70196599039
279.1464192867279,10.003601994735552,111370.33176939136
279.2467861175537,10.004888123576949,111369.49859245222
279.34650349617004,10.003969460118808,111369.44873320701
279.4464302062988,10.003050796660666,111368.10385988632
279.5464491844177,10.005163722614391,111367.8934738977
279.6468789577484,10.002591464931596,111367.40412650793
279.74607515335083,10.002315865894154,111367.06371385715
279.84626173973083,10.00268333127741,111368.35734247144
279.94655537605286,10.003510128389738,111368.92160822431
280.04604506492615,10.003234529352294,111369.42944740187
280.1468074321747,10.00424505915625,111370.38650266168
280.2469666004181,10.004796257231135,111371.74785239552
280.3469934463501,10.004336925502065,111372.27306715597
280.44689750671387,10.003418262043924,111372.84576044038
280.5461666584015,10.003418262043924,111372.66118439635
280.6464624404907,10.002591464931596,111373.29506595671
280.74683475494385,10.002407732239968,111373.06555936106
280.8468351364136,10.004520658193693,111371.55900342496
280.9462423324585,10.00268333127741,111371.30310308246
281.0470464229584,10.002958930314852,111371.27279277422
281.14702796936035,10.000846004361128,111370.54551349679
281.246985912323,10.001489068781828,111368.89096214712
281.3462038040161,10.002867063969038,111368.10186593242
281.44660115242004,9.999468009173917,111369.79167933918
281.5467777252197,9.999927340902987,111369.21251140526
281.646381855011,10.001029737052757,111369.69126026475
281.7469530105591,10.000570405323685,111368.52213423829
281.84627509117126,9.999651741865545,111369.06992081445
281.9468643665314,10.000478538977871,111370.36292873301
282.0464491844177,10.001672801473456,111371.12663585972
282.14670634269714,9.999927340902987,111370.21397227375
282.2462728023529,9.998824944753219,111370.49257504637
282.3470022678375,10.000386672632057,111370.54331754174
282.4466013908386,9.999284276482289,111370.58898578757
282.54685163497925,9.999559875519731,111371.53008720881
282.6466507911682,10.000019207248801,111372.37707848793
282.74683904647827,9.999559875519731,111372.73937063914
282.84647250175476,9.99864121206159,111372.36543357524
282.9467580318451,9.997355083220192,111373.12889021772
283.0464527606964,9.996895751491122,111373.11600119596
283.14669704437256,9.997814414949262,111371.40440107638
283.2460653781891,9.996252687070424,111370.76396096875
283.34627199172974,9.997355083220192,111371.48756487187
283.44651794433594,9.996252687070424,111371.03880838469
283.54647994041443,9.99753881591182,111369.83492754624
283.64659452438354,9.997814414949262,111370.45143479163
283.74679160118103,9.999927340902987,111370.20629131247
283.84686398506165,9.997171350528564,111370.18566218122
283.9469156265259,9.999468009173917,111370.8670959631
284.04636096954346,9.997722548603448,111370.48038636679
284.14675068855286,9.99597708803298,111370.73234773011
284.2468283176422,9.994415360154141,111370.4591129571
284.3463273048401,9.995701488995538,111370.1132016614
284.44620060920715,9.995609622649724,111371.30188149525
284.5469217300415,9.995609622649724,111371.67169334574
284.64625358581543,9.997171350528564,111371.20452401116
284.7469177246094,9.996068954378796,111371.68407161006
284.8462417125702,9.996528286107866,111371.71566444905
284.94683837890625,9.996068954378796,111371.54409800415
285.0462369918823,9.99459909284577,111372.58968820373
285.1462709903717,9.99753881591182,111372.43071938337
285.24629855155945,9.996068954378796,111373.88764744502
285.34633684158325,9.995701488995538,111374.29888270053
285.4467535018921,9.992486166892045,111374.46899443048
285.546213388443,9.99616082072461,111374.72209498743
285.64636874198914,9.992578033237859,111375.1498854887
285.74710607528687,9.993588563041813,111375.63489693984
285.84703302383423,9.99147563708809,111376.87140724585
285.94634795188904,9.992761765929487,111376.78426652128
286.0470986366272,9.990189508246692,111377.00583986915
286.146253824234,9.99083257266739,111377.60525588224
286.246639251709,9.990924439013204,111377.94473029402
286.3463513851166,9.992118701508788,111378.15025726463
286.44611048698425,9.991200038050648,111377.33523153816
286.5461964607239,9.992761765929487,111377.90170838435
286.64701080322266,9.991108171704832,111379.21153754593
286.7470624446869,9.994231627462513,111379.39038379134
286.8468933105469,9.992578033237859,111378.55134541221
286.94614720344543,9.994966558229025,111378.196210871
287.0470428466797,9.993404830350185,111378.7765897839
287.14705204963684,9.992210567854602,111378.29893080553
287.246378660202,9.994231627462513,111377.96903772498
287.3466536998749,9.9928536322753,111378.27213395249
287.4463315010071,9.993221097658557,111378.04492055725
287.5465724468231,9.993404830350185,111378.64042850153
287.64625692367554,9.993129231312743,111378.37638565138
287.74695563316345,9.993037364966929,111377.83874708625
287.8469760417938,9.992486166892045,111379.15487237764
287.94692754745483,9.993956028425071,111380.43938513988
288.04688835144043,9.994047894770885,111379.59544662588
288.1462755203247,9.991291904396462,111380.7359019633
288.24679231643677,9.993037364966929,111381.26231176697
288.34632754325867,9.992486166892045,111381.43608059028
288.44659900665283,9.992302434200417,111381.89247253127
288.5463786125183,9.990281374592506,111382.70322527815
288.64681601524353,9.99239430054623,111382.43290275034
288.74679255485535,9.99147563708809,111381.38961247531
288.84650683403015,9.990740706321576,111381.75065122778
288.94625663757324,9.989362711134365,111380.875586105
289.04644656181335,9.992578033237859,111380.4880274945
289.1465299129486,9.991751236125532,111379.93922474506
289.2462410926819,9.990924439013204,111380.94530227056
289.3463535308838,9.991016305359018,111381.0507720435
289.4469289779663,9.991200038050648,111381.34569483914
289.54635190963745,9.990556973629948,111379.31112535523
289.6463360786438,9.988444047676223,111379.68001281972
289.7466027736664,9.989270844788551,111380.51201153775
289.8462748527527,9.987800983255525,111381.06081038398
289.9469783306122,9.990648839975762,111381.25472934559
290.0464358329773,9.990097641900878,111381.12925641103
290.14642238616943,9.989362711134365,111380.61633076993
290.2461817264557,9.985963656339242,111380.95469769294
290.34692335128784,9.98835218133041,111381.55922792364
290.4467978477478,9.989270844788551,111380.8033051313
290.54642844200134,9.988719646713665,111381.42297461817
290.6461203098297,9.986698587105757,111382.78067715635
290.7460925579071,9.98835218133041,111382.20260944072
290.84628796577454,9.989362711134365,111381.68234849664
290.9460926055908,9.9863311217225,111382.41411364698
291.0469136238098,9.988076582292967,111383.37270228229
291.14695048332214,9.987341651526455,111385.73543205406
291.2463822364807,9.98899524575111,111385.56188884866
291.3469023704529,9.983758864039704,111384.7056999638
291.44683027267456,9.984401928460404,111383.83512996743
291.5466721057892,9.986239255376685,111383.8516169707
291.6463313102722,9.983575131348076,111383.06645527364
291.7463583946228,9.985412458264358,111383.15980974628
291.8465099334717,9.984218195768776,111383.34382877166
291.94660568237305,9.9856880573018,111383.70944589449
292.0465188026428,9.987984715947153,111383.43850130505
292.14662623405457,9.987157918834827,111382.99465117455
292.24622082710266,9.98724978518064,111382.1951860571
292.3470549583435,9.987709116909711,111382.0756674514
292.44697880744934,9.985412458264358,111382.66810070626
292.54618787765503,9.985412458264358,111383.60129063563
292.64623641967773,9.985044992881102,111383.74116157208
292.74699878692627,9.985504324610172,111383.56704541486
292.84686303138733,9.985044992881102,111384.41034087338
292.9462454319,9.984034463077148,111383.56930678606
293.04618859291077,9.987617250563897,111384.31237610745
293.146479845047,9.987892849601339,111382.7811384967
293.2462956905365,9.98614738903087,111383.10302464705
293.3470621109009,9.981370339048537,111383.39272218235
293.4461314678192,9.981278472702723,111382.85344996412
293.54664182662964,9.983942596731334,111382.16810496771
293.6465232372284,9.983023933273191,111382.65129447094
293.7466902732849,9.984677527497846,111382.58616502385
293.84662222862244,9.98385073038552,111382.02754852147
293.9463036060333,9.981829670777609,111381.32479366932
294.04682326316833,9.982013403469237,111379.89231430239
294.1467139720917,9.981554071740167,111379.30308287215
294.2465567588806,9.98320766596482,111379.17277458495
294.34700179100037,9.981737804431795,111378.85549712647
294.44703578948975,9.981921537123423,111380.66994741381
294.54658007621765,9.982013403469237,111380.50295267242
294.6470127105713,9.98274833423575,111380.45265740519
294.7461667060852,9.981921537123423,111380.70739166468
294.84607100486755,9.982197136160865,111381.03665249821
294.9464547634125,9.982564601544121,111381.9329872484
295.0469603538513,9.982932066927377,111382.03968852355
295.14670848846436,9.981094740011095,111382.0357196712
295.246785402298,9.982656467889935,111382.63214770409
295.34656381607056,9.983299532310633,111382.66893293368
295.44620728492737,9.982105269815051,111383.80203964032
295.54627799987793,9.980635408282025,111383.22183567629
295.646187543869,9.982564601544121,111383.09965210866
295.74691128730774,9.981921537123423,111382.9896868978
295.84611201286316,9.982656467889935,111381.99071820802
295.9464302062988,9.979808611169698,111380.59164638723
296.04685854911804,9.981094740011095,111379.93248174852
296.1470139026642,9.982289002506679,111380.83923357367
296.24627780914307,9.98054354193621,111381.35531021631
296.34661293029785,9.979533012132256,111381.31977919469
296.4463629722595,9.979716744823884,111380.38780127522
296.54646039009094,9.979716744823884,111378.8490211477
296.6467971801758,9.980635408282025,111379.26411903295
296.7468807697296,9.979349279440628,111379.13770712966
296.8464148044586,9.98054354193621,111378.6239364167
296.94629311561584,9.979716744823884,111377.46154277503
297.0465438365936,9.98100287366528,111377.41538849752
297.1466166973114,9.977695685215973,111379.27384964778
297.24668169021606,9.978155016945044,111378.64646468301
297.3465383052826,9.980359809244582,111378.78181821472
297.4466152191162,9.977695685215973,111379.30363639325
297.5468623638153,9.978798081365742,111378.17327275393
297.646151304245,9.978706215019928,111378.65594547855
297.7465124130249,9.97806315059923,111379.5903509307
297.84659481048584,9.978246883290858,111379.73131583763
297.9464838504791,9.979716744823884,111379.05818425388
298.0464651584625,9.97760381887016,111381.05236582851
298.1466724872589,9.97493969484155,111382.04712924566
298.24638986587524,9.976777021757833,111382.0424163211
298.346435546875,9.976317690028761,111381.338174689
298.4464752674103,9.977236353486903,111381.3043572201
298.54658818244934,9.978246883290858,111380.9739214981
298.6463475227356,9.97806315059923,111381.57652934828
298.74640822410583,9.976777021757833,111382.41887641346
298.8461368083954,9.977052620795275,111382.87698877211
298.9462375640869,9.976225823682947,111384.18928989492
299.0461776256561,9.975674625608063,111383.77036090543
299.14702105522156,9.976042090991319,111383.39332481488
299.2468650341034,9.976133957337133,111383.5539923334
299.3470618724823,9.975490892916435,111384.29859310007
299.44623160362244,9.97714448714109,111384.16873379007
299.5463538169861,9.976409556374575,111384.85186041107
299.6465787887573,9.974847828495736,111386.46667436998
299.74649119377136,9.975674625608063,111386.32000693298
299.8463718891144,9.976409556374575,111386.48800623968
299.9470319747925,9.97714448714109,111385.63920561572
300.04608821868896,9.977328219832717,111385.57528505415
300.14707922935486,9.975858358299691,111385.11775654875
300.246328830719,9.977879417907602,111384.30598089387
300.3468084335327,9.976042090991319,111383.37538280449
300.4461946487427,9.976409556374575,111383.23784452403
300.54642391204834,9.977236353486903,111382.91406007163
300.64622712135315,9.976960754449461,111382.62265406447
300.74646973609924,9.975674625608063,111382.36038865802
300.846408367157,9.974664095804108,111382.32434979222
300.9464294910431,9.976317690028761,111382.291914813
301.04611444473267,9.975490892916435,111382.2627233317
301.14705777168274,9.97493969484155,111382.23645099853
301.2462589740753,9.976133957337133,111382.9128058987
301.34657764434814,9.977328219832717,111384.32152530883
301.44618034362793,9.975307160224807,111384.68937277795
301.5460522174835,9.974388496766666,111385.02043550016
301.6466872692108,9.975766491953877,111384.51839195014
301.7468252182007,9.97448036311248,111385.46655275513
301.846289396286,9.974112897729224,111385.51989747962
301.94617533683777,9.976593289066205,111385.66790773167
302.0468285083771,9.975766491953877,111383.6011169585
302.1467921733856,9.975215293878993,111382.84100526266
302.24605560302734,9.976317690028761,111384.3569047364
302.346964597702,9.974847828495736,111384.62121426276
302.4468276500702,9.975766491953877,111385.55909283648
302.54606318473816,9.975950224645505,111385.70318355283
302.64623522758484,9.97493969484155,111386.63286519755
302.7459805011749,9.975858358299691,111385.9695786778
302.8468403816223,9.976225823682947,111386.57262081002
302.94599652290344,9.975490892916435,111387.11535872902
303.0461835861206,9.973653566000152,111388.3038228561
303.1459171772003,9.976409556374575,111388.4734405705
303.24626874923706,9.97539902657062,111388.42609651345
303.34609746932983,9.977236353486903,111387.18348686211
303.44598150253296,9.974204764075038,111387.8651381759
303.5461194515228,9.973469833308524,111388.27862435831
303.6459903717041,9.973561699654338,111389.25076192248
303.7463836669922,9.975031561187365,111389.12568573024
303.84586453437805,9.977879417907602,111389.21311715721
303.94705057144165,9.977328219832717,111388.69180544149
304.0460786819458,9.978614348674114,111387.32262489734
304.1463072299957,9.978798081365742,111386.7903624076
304.2470717430115,9.978706215019928,111387.41132616684
304.3462028503418,9.976593289066205,111387.07019355017
304.446218252182,9.9785224823283,111388.96317419516
304.54616260528564,9.976960754449461,111389.76685677565
304.64644503593445,9.97760381887016,111390.79017109808
304.74648785591125,9.977787551561788,111391.01115398828
304.8465943336487,9.977695685215973,111392.61003858945
304.94674921035767,9.9785224823283,111392.24903473051
305.0466957092285,9.977328219832717,111392.72413125746
305.14653038978577,9.978246883290858,111393.35171813171
305.24662733078003,9.97714448714109,111393.91654631853
305.3468689918518,9.978889947711556,111394.92489168668
305.4462013244629,9.977236353486903,111392.63240251801
305.54659390449524,9.97714448714109,111392.56916226621
305.6465435028076,9.977787551561788,111392.1122460396
305.7468888759613,9.977879417907602,111393.00102143564
305.84629130363464,9.977787551561788,111393.00091929208
305.946573972702,9.976777021757833,111392.80082736288
306.046236038208,9.977695685215973,111392.6207446266
306.14643144607544,9.976225823682947,111392.35867016394
306.24661231040955,9.976317690028761,111393.52280314756
306.3468325138092,9.975123427533179,111393.6705228328
306.44611167907715,9.973102367925268,111394.40347054953
306.5462591648102,9.973653566000152,111395.76312349459
306.6468389034271,9.977420086178531,111395.78681114514
306.7462465763092,9.975582759262249,111396.30813003064
306.8463222980499,9.976133957337133,111395.97731702757
306.9463667869568,9.977971284253416,111395.87958532482
307.04695296287537,9.975582759262249,111397.29162679234
307.14669609069824,9.973194234271082,111397.56246411311
307.246857881546,9.974296630420852,111397.1062177018
307.346168756485,9.975215293878993,111396.29559593162
307.4466874599457,9.975031561187365,111396.86603633846
307.5463602542877,9.975766491953877,111396.67943270461
307.6468517780304,9.977787551561788,111396.41148943416
307.7464907169342,9.974388496766666,111395.57034049075
307.8469316959381,9.975582759262249,111395.51330644169
307.94657731056213,9.974388496766666,111396.16197579751
308.04656052589417,9.975582759262249,111395.24577821777
308.14714527130127,9.974388496766666,111394.52120039599
308.24674248695374,9.975950224645505,111394.3690803564
308.34611678123474,9.974021031383408,111394.83217232075
308.44693183898926,9.974388496766666,111393.94895508868
308.5464906692505,9.974112897729224,111393.2540595798
308.6468195915222,9.973286100616896,111393.02865362183
308.74612069129944,9.972826768887826,111393.52578825965
308.8463954925537,9.971908105429685,111392.87320943369
308.94698429107666,9.973929165037594,111393.48588849034
309.0471167564392,9.973194234271082,111394.23729964132
309.1461148262024,9.972734902542012,111393.3135696772
309.2467691898346,9.971816239083871,111393.98221270948
309.3467502593994,9.973469833308524,111394.78399143853
309.4463577270508,9.973561699654338,111395.40559229469
309.54633617401123,9.972183704467128,111395.66503306522
309.6463234424591,9.973102367925268,111397.49852975871
309.74681997299194,9.972826768887826,111398.34867678284
309.8460907936096,9.97448036311248,111398.31380910457
309.94665932655334,9.97291863523364,111397.48242819411
310.0642080307007,9.971448773700613,111401.03418537471
310.1620018482208,9.898139429740956,111416.13076683723
310.2615342140198,9.788726611876355,111447.31769015352
310.35954213142395,9.705036370839704,111485.68592113818
310.45802211761475,9.604626454864885,111538.31732902436
310.55491828918457,9.537747755112216,111596.98559612193
310.65373039245605,9.438715834324608,111670.38703650974
310.7520582675934,9.36540649036495,111746.04833285876
310.8472316265106,9.284931571431793,111832.24349957288
310.96425914764404,9.195821215992108,111928.5191496156
311.06253123283386,9.094033304830079,112033.06723465404
311.15952730178833,9.032207254097184,112138.76051118864
311.25740242004395,8.940340908283078,112252.18446006978
311.35391449928284,8.883751239261587,112367.56601406282
311.45192432403564,8.78692411077352,112488.90941265655
311.55044388771057,8.724179396582484,112611.5184713909
311.6480371952057,8.632956115189076,112738.16662425181
311.76550340652466,8.557258246238252,112871.94996182664
311.8636553287506,8.465575633115773,113007.55496564398
311.9629912376404,8.397135205484263,113145.69946907958
312.0608551502228,8.312801900026912,113285.52952217162
312.1585075855255,8.242248546441678,113428.07656995447
312.25473499298096,8.15616978041386,113573.56891295903
312.35352325439453,8.090301610465145,113722.01202166313
312.4519693851471,8.003120448287557,113868.31081949682
312.5513756275177,7.936149882189074,114017.07973754714
312.65108156204224,7.850989779619397,114167.27176379244
312.7485501766205,7.781171356800676,114319.1445874132
312.8655409812927,7.689672476369825,114472.93012867188
312.9636206626892,7.611126750698763,114629.1371158047
313.0629737377167,7.535520748093753,114784.32340422424
313.16269159317017,7.46230327047991,114941.29106380182
313.260404586792,7.385686738070945,115095.86195742164
313.3583128452301,7.30640608163337,115254.97576167948
313.45481276512146,7.236587658814649,115411.37818551154
313.5528573989868,7.156847670648005,115571.24036696038
313.65159606933594,7.084640722838117,115728.51633026433
313.7489769458771,7.002787808717747,115888.66469723791
313.8469932079315,6.931499524366,116046.19822751413
313.94636368751526,6.8572715169482015,116205.87840476273
314.0641305446625,6.774316206678063,116365.19056428646
314.1630129814148,6.6833685243220975,116527.97150785782
314.2626807689667,6.620899409168504,116686.47435707205
314.3603448867798,6.530870390270679,116848.42692136485
314.45798444747925,6.4710653991456955,117004.58422922836
314.5545175075531,6.388936885987884,117164.42580630553
314.65197348594666,6.322058186235214,117318.98322567498
314.75120782852173,6.239378475002518,117475.3849031075
314.84844183921814,6.17856295407358,117628.54641279674
314.9474604129791,6.088901400559011,117785.49177151707
315.06402611732483,6.017061918132379,117942.34259436536
315.1648950576782,5.930799419412932,118102.40833492883
315.263480424881,5.8731992205874874,118259.16750143595
315.3627498149872,5.787028588213856,118416.55075129237
315.46016335487366,5.725753735555846,118572.49567616313
315.55729603767395,5.637378310882675,118730.94610854682
315.6533532142639,5.586668087993288,118886.55149769214
315.75241231918335,5.498568262357559,119045.19634792293
315.8512225151062,5.4383039395035055,119200.87671313064
315.94836258888245,5.351765841746617,119359.58904181758
316.0459144115448,5.299126425595133,119515.93013763583
316.16370463371277,5.195960519245891,119677.53712387224
316.26265025138855,5.1331239387090415,119837.98341148502
316.3618037700653,5.053292084196583,119997.58507033653
316.46016907691956,4.992476563267644,120156.22656330289
316.5589838027954,4.911082980876345,120314.6039069726
316.656445980072,4.858719163762304,120473.04351627533
316.75364351272583,4.776590650604493,120632.3391646478
316.8513901233673,4.717153124862765,120790.90524818303
316.94854187965393,4.635024611704954,120948.51472336473
317.0647449493408,4.560704737941341,121111.56325102827
317.1628646850586,4.493366706459601,121271.40692592545
317.2621295452118,4.423180818257623,121431.36623333291
317.35987997055054,4.3525355983265746,121587.42960999961
317.45730447769165,4.285197566844834,121746.48664899966
317.5538568496704,4.220799258429145,121901.03798409969
317.65203833580017,4.154196157713918,122056.73418568973
317.75097489356995,4.087868656036132,122209.16076712076
317.85013151168823,4.022367951470674,122363.44469040868
317.94756150245667,3.9587964401673124,122514.30022136781
318.06367325782776,3.87822965488834,122669.97019923104
318.1624050140381,3.819435193567312,122820.37317930794
318.25969982147217,3.7477794438323087,122973.23586137715
318.35723209381104,3.697436686326178,123120.31227523944
318.4537069797516,3.6288125260030397,123270.0810477155
318.5512924194336,3.5698343319903834,123414.87294294396
318.6505837440491,3.503414963966784,123560.88564864956
318.7475483417511,3.4520616766566983,123702.79708378461
318.8659472465515,3.3719542231067967,123849.81737540616
318.9629716873169,3.320417203105083,123994.23563786555
319.06183218955994,3.2520686418193874,124137.812074079
319.15940165519714,3.2051249391083787,124278.0308666711
319.25810742378235,3.1372357095517533,124417.927780004
319.3541338443756,3.0970901164309885,124554.3350020036
319.45030307769775,3.027822891687152,124691.10150180323
319.54752826690674,2.981522253396842,124824.99135162291
319.66425681114197,2.9131736921111466,124961.49221646063
319.7620952129364,2.8635658653715286,125095.24299481456
319.859477519989,2.8049551367421284,125225.51869533311
319.9583406448364,2.7593894292183316,125355.0668257998
320.0556185245514,2.7056476169170787,125482.06014321983
320.1523320674896,2.66026564208491,125609.35412889784
320.2506811618805,2.6067075624752856,125733.01871600807
320.34670877456665,2.5661945039712646,125853.71684440726
320.4630973339081,2.500601933059992,125975.54515996654
320.5615015029907,2.4537500966947974,126096.59064396989
320.6591856479645,2.413788236265661,126213.3315795729
320.7578535079956,2.3686818604709345,126328.69842161561
320.8538761138916,2.329730529845753,126440.82857945406
320.95102548599243,2.2852672184717253,126552.84572150865
321.0499725341797,2.2502661407165507,126660.1611493578
321.14728927612305,2.2048841658843816,126766.94503442202
321.2663404941559,2.1659328352592,126872.65053097982
321.3629267215729,2.113569018145159,126977.28547788184
321.46140933036804,2.088122040354652,127078.15693009367
321.55920243263245,2.037871149194335,127178.7412370843
321.6578447818756,2.0098519137210324,127276.36711337586
321.75365924835205,1.965572335038633,127374.83040203828
321.85115122795105,1.935623906303234,127469.84736183446
321.94926953315735,1.8861079459094305,127564.26262565103
322.0472149848938,1.8568944479405445,127656.73636308592
322.1636507511139,1.8011315760313815,127752.16272677733
322.26187801361084,1.7687027559590018,127844.0464540996
322.3591568470001,1.717349468648916,127937.44180868965
322.45921516418457,1.6884115697174722,128028.89762782068
322.5544624328613,1.641008535277393,128120.70786503861
322.65118432044983,1.610141443083853,128209.43707853476
322.7490496635437,1.5558484327077158,128299.69337068129
322.8470678329468,1.5263593357013876,128389.32403361317
322.96248602867126,1.4707801964838527,128481.69163025187
323.05943989753723,1.4336661927749537,128572.22246722667
323.15765595436096,1.3871818217930154,128662.700220504
323.25332903862,1.3554879324871485,128753.9301984536
323.350923538208,1.3149748739831273,128844.83717860824
323.44869804382324,1.2753804789372472,128934.95346074742
323.5470416545868,1.2367966136953223,129024.25811467269
323.665314912796,1.187556252338961,129117.33230320542
323.7617416381836,1.1526470409296004,129208.99907288488
323.8595321178436,1.1143387747251177,129298.99916559638
323.9578094482422,1.08530900944786,129387.49924903674
324.05368661880493,1.0457146144019798,129476.64932413306
324.1508481502533,1.0199001712282156,129562.48439171976
324.2486002445221,0.9826943011735024,129647.73595254778
324.3471267223358,0.9533889368588022,129729.662357293
324.46268463134766,0.920500785057352,129810.7961215637
324.5592575073242,0.9021275158945306,129888.01650940735
324.65786051750183,0.8953294063042867,129958.41485846661
324.75235772132874,0.8888068957514851,130024.47337261995
324.85198974609375,0.8847647765356643,130087.02603535795
324.94819235801697,0.8798039938617026,130143.22343182215
325.04598736763,0.8781503996370487,130192.60108863993
325.1628818511963,0.8747513448419267,130239.04097977593
325.2609543800354,0.873373349654715,130282.13688179835
325.35845160484314,0.8715360227384329,130321.52319361852
325.45510601997375,0.8700661612054073,130358.47087425667
325.5512228012085,0.8711685573551765,130391.62378683101
325.64864468574524,0.8677695025600546,130421.76140814791
325.746342420578,0.8670345717935417,130447.18526733313
325.8629996776581,0.8662077746812147,130471.66674059982
325.96033573150635,0.8649216458398172,130494.40006653985
326.0600411891937,0.8662077746812147,130517.36005988586
326.15835523605347,0.8666671064102853,130534.72405389728
326.2552034854889,0.8648297794940031,130553.05164850756
326.35231256484985,0.8631761852693492,130569.74648365681
326.4499409198761,0.8632680516151633,130584.07183529114
326.5470244884491,0.8636355169984198,130595.36465176202
326.6626138687134,0.8622575218112082,130605.92818658582
326.7591564655304,0.8606039275865542,130615.53536792724
326.857134103775,0.8641867150733044,130626.28183113452
326.9521794319153,0.8616144573905093,130635.85364802106
327.049987077713,0.8633599179609774,130645.26828321896
327.1470491886139,0.8605120612407401,130652.84145489708
327.26504707336426,0.8618900564279517,130659.95730940739
327.3630883693695,0.8596852641284132,130665.96157846665
327.4605460166931,0.8317578950009246,130676.96542061999
327.55854201316833,0.7668083885103509,130696.668878558
327.65351462364197,0.7331853059423878,130720.60199070221
327.750750541687,0.6896406580265011,130749.94179163201
327.8473081588745,0.6745745773129875,130780.1476124688
327.9635133743286,0.6418701582031655,130815.93285122194
328.0616250038147,0.6265284784522096,130853.03956609975
328.1578004360199,0.590792469930522,130892.53560948977
328.25347328186035,0.5765531863293354,130933.0820485408
328.3509991168976,0.5483502181644045,130973.27384368672
328.44880747795105,0.533284137450891,131014.54645931805
328.54777097702026,0.5105931500348067,131056.99181338624
328.66382575035095,0.48597296935662593,131100.2926320476
328.7615969181061,0.46668103673566347,131142.66336884286
328.8588762283325,0.4472972377688869,131188.2970319586
328.9572913646698,0.4285565032228091,131231.56732876273
329.0531930923462,0.41045883309743,131275.71059588646
329.1508319377899,0.3904319697099547,131319.2395362978
329.2486650943756,0.3736204284259731,131363.315582668
329.34674191474915,0.35984047655385704,131407.2840244012
329.4615797996521,0.33319923626776604,131452.65562196108
329.55884432792664,0.32594179494845155,131495.99005976497
329.6567163467407,0.3053637334860916,131539.0910537885
329.7526376247406,0.29452350468002697,131580.58194840964
329.850382566452,0.274772240329994,131623.02375356868
329.94715118408203,0.26540187305695506,131664.3213782118
330.06520652770996,0.24041422699551798,131707.68924039064
330.1621837615967,0.23067639433922263,131748.92031635158
330.2590637207031,0.2117519271015166,131790.72828471643
330.3541741371155,0.20486195116545858,131829.65545624477
330.45080494880676,0.1843757560489127,131868.8899106203
330.54838252067566,0.17969057241239325,131908.00091955828
330.64598059654236,0.16021490709980257,131945.80082760245
330.7627754211426,0.1473536186858276,131982.9207448422
330.8604545593262,0.1276942206816087,132019.928670358
330.9589388370514,0.11814012071694158,132056.13580332222
331.05595684051514,0.1012367130871459,132090.32222298998
331.1523973941803,0.08929408813131198,132122.790000691
331.25024580955505,0.07459547280105487,132155.81100062188
331.34721183776855,0.064398308415689,132188.32990055968
331.463392496109,0.05015902481450241,132221.19691050373
331.56120705604553,0.03196948834330923,132252.67721945336
331.65861773490906,0.016995273975609793,132283.50949750803
331.7535126209259,0.004960782673961777,132314.55854775722
331.8508038520813,-0.005420114403032312,132344.7026929815
331.9471926689148,-0.021680457612129247,132374.23242368334
332.0625786781311,-0.033806815259591366,132403.209181315
332.15967893600464,-0.053833678647066695,132432.1882631835
332.2574899196625,-0.06109111996638114,132460.86943686515
332.35315895080566,-0.08405770641990788,132488.98249317863
332.45074796676636,-0.09076394966433769,132517.38424386075
332.54724287986755,-0.10821855536901802,132546.8458194747
332.66259598731995,-0.12144730916624943,132576.06123752723
332.75935101509094,-0.14377083119907744,132605.65511377453
332.8573489189148,-0.15047707444350725,132633.68960239706
332.9521827697754,-0.165726887848649,132661.12064215736
333.04988837242126,-0.17675084934634183,132689.20857794164
333.1472051143646,-0.19365425697613753,132718.78772014746
333.2633912563324,-0.20293275790336232,132746.30894813273
333.34672021865845,-0.20063609925800965,132769.77805331946
333.44683051109314,-0.18795854353566288,132789.9002479875
333.54677629470825,-0.18235469644100236,132809.41022318875
333.6469442844391,-0.1761996512714572,132825.76920086987
333.74655985832214,-0.16967714071865558,132840.69228078288
333.8467984199524,-0.16756421476493114,132853.3230527046
333.94704580307007,-0.165726887848649,132863.69074743416
334.04680728912354,-0.16251156574515524,132872.52167269075
334.14679503440857,-0.15984744171654616,132880.56950542168
334.24666237831116,-0.1579182484544499,132886.31255487952
334.34681391716003,-0.15451919365932795,132891.78129939156
334.44630432128906,-0.15488665904258436,132895.9031694524
334.54609394073486,-0.15507039173421258,132899.71285250716
334.6470775604248,-0.15451919365932795,132902.94156725646
334.7468333244324,-0.152865599434674,132906.44741053082
334.84611797332764,-0.15029334175187903,132907.70266947773
334.9463737010956,-0.15075267348094956,132910.83240252995
335.0466628074646,-0.14625122253605832,132913.34916227695
335.1460053920746,-0.14652682157350064,132915.51424604928
335.2465732097626,-0.14625122253605832,132916.76282144434
335.3464105129242,-0.1447813610030326,132918.98653929992
335.4457459449768,-0.14496509369466082,132920.78788536994
335.54690527915955,-0.14395456389070563,132920.80909683293
