time_s,torque,deflection
0.23227810859680176,-0.653445317775743,262143.0
0.2864344120025635,-2.634634931602774,262143.0
0.3804812431335449,-5.591169538938179,262143.0
0.476085901260376,-8.875575134484132,262143.0
0.5710532665252686,-11.832936538931865,262143.0
0.6652579307556152,-15.084821448059623,262143.0
0.7610988616943359,-18.020410528549412,262143.0
0.8598155975341797,-21.274867695359966,262143.0
0.9596006870269775,-24.530427258320287,262143.0
1.0602762699127197,-27.796367718357605,262143.0
1.1599550247192383,-31.05771486110422,262143.0
1.2597506046295166,-34.31529548367245,262143.0
1.3597421646118164,-37.569109586062304,262143.0
1.4595098495483398,-40.82016769807774,262143.0
1.5602152347564697,-44.05735399187524,262143.0
1.6599085330963135,-47.30519678178718,262143.0
1.7597339153289795,-50.55441756688633,262143.0
1.8596432209014893,-53.80198475776083,262143.0
1.9596054553985596,-57.05680938995464,262143.0
2.0593037605285645,-60.30281485295029,262143.0
2.1599810123443604,-63.52070921412683,262143.0
2.2599968910217285,-66.75587444831642,262143.0
2.360036849975586,-69.97882145851274,262143.0
2.4601287841796875,-73.23612648204353,262143.0
2.560159921646118,-76.46210508165171,262143.0
2.6594762802124023,-79.7030578956276,262143.0
2.759783983230591,-82.95475907206372,262143.0
2.8601231575012207,-86.18551472165423,262143.0
2.960294008255005,-89.40561387513031,262143.0
3.0595972537994385,-92.66025477463249,262143.0
3.1598832607269287,-95.90175878668326,262143.0
3.259392261505127,-99.12727805456237,262143.0
3.359718084335327,-102.34765280707589,262143.0
3.4601402282714844,-105.56545530190661,262143.0
3.559316635131836,-108.77241756793127,262143.0
3.6600539684295654,-111.99407844928619,262143.0
3.7603230476379395,-115.22667142579299,262143.0
3.859127998352051,-118.45108829752233,262143.0
3.9594364166259766,-121.67348410964377,262143.0
4.060163497924805,-124.88632582180053,262143.0
4.159927606582642,-128.10173979164009,262143.0
4.259439468383789,-131.30594606729034,262143.0
4.36022424697876,-134.51593992272686,262143.0
4.460073709487915,-137.75386114729085,262143.0
4.559405565261841,-140.96578419598947,262143.0
4.659398317337036,-144.19819343980464,262143.0
4.75937294960022,-147.422610311534,262143.0
4.860151052474976,-150.6258060573803,262143.0
4.959342002868652,-153.84774253777263,262143.0
5.059475898742676,-157.08483696522433,262143.0
5.159437656402588,-160.29464708796922,262143.0
5.259295463562012,-163.50528400782645,262143.0
5.359933614730835,-166.73328366704254,262143.0
5.459382057189941,-169.9651417127828,262143.0
5.559452533721924,-173.1904772479703,262143.0
5.6594557762146,-176.41369985720405,262143.0
5.759464502334595,-179.63912725873735,262143.0
5.859618425369263,-182.85849148144692,262143.0
5.959484100341797,-186.0794174320353,262143.0
6.059431552886963,-189.2929022086128,262143.0
6.159546136856079,-192.51373629285538,262143.0
6.259533166885376,-195.7087559339242,262143.0
6.360120534896851,-198.9153507345656,262143.0
6.4594762325286865,-202.13526615535005,262143.0
6.56012225151062,-205.3277135387361,262143.0
6.659433126449585,-208.55139547969893,262143.0
6.759721040725708,-211.73419689677448,262143.0
6.859888792037964,-214.93436105320887,262143.0
6.95966911315918,-218.15583820187217,262143.0
7.059757471084595,-221.34984731313705,262143.0
7.159778833389282,-224.54652054843052,262143.0
7.259632349014282,-227.7521966856138,262143.0
7.359458923339844,-230.93582489980167,262143.0
7.459432601928711,-234.11577846015697,262143.0
7.560054540634155,-237.30262199644835,262143.0
7.659327507019043,-240.50315361826603,262143.0
7.759854316711426,-243.67263441519853,262143.0
7.859984636306763,-246.8561707630406,262143.0
7.960278511047363,-250.05146600314686,262143.0
8.05968952178955,-253.24887416920686,262143.0
8.159919500350952,-256.44563927084613,262143.0
8.260354042053223,-259.6343201340538,262143.0
8.359931945800781,-262.82428712610283,262143.0
8.459906101226807,-266.0155402469933,262143.0
8.560197591781616,-269.2012813871349,262143.0
8.660083532333374,-272.38931918592186,262143.0
8.759515047073364,-275.59471972406766,262143.0
8.86001443862915,-278.760342134476,262143.0
8.95944857597351,-281.93671290734454,262143.0
9.059395790100098,-285.13292681090894,262143.0
9.160099267959595,-288.3170143568259,262143.0
9.26001262664795,-291.52443595457964,262143.0
9.359589576721191,-294.6850057159682,262143.0
9.459706783294678,-297.85108745810555,262143.0
9.559308052062988,-301.0305816867318,262143.0
9.659598350524902,-304.20079741443084,262143.0
9.759375810623169,-307.39554145646224,262143.0
9.860095262527466,-310.5696155706854,262143.0
9.959811925888062,-313.74653754162887,262143.0
10.060007333755493,-316.91840686355255,262143.0
10.160041809082031,-320.10819012290995,262143.0
10.260421752929688,-323.28786808422785,262143.0
10.35941481590271,-326.4556952869357,262143.0
10.459911346435547,-329.6181942415863,262143.0
10.559972524642944,-332.78308172122814,262143.0
10.659145832061768,-335.9571558354513,262143.0
10.759489297866821,-339.0916355546287,262143.0
10.860384464263916,-342.2579010294577,262143.0
10.960200071334839,-345.4228803754453,262143.0
11.060089588165283,-348.57343670514007,262143.0
11.159866333007812,-351.73584379344493,262143.0
11.26030945777893,-354.89512742599203,262143.0
11.36017656326294,-358.058453177755,262143.0
11.459554672241211,-361.2468584419252,262143.0
11.560069799423218,-364.40044636103187,262143.0
11.66026520729065,-367.5484304330439,262143.0
11.759220600128174,-370.69751690120563,262143.0
11.859724283218384,-373.83309901653274,262143.0
11.959271907806396,-376.981450553928,262143.0
12.06019639968872,-380.1389887259047,262143.0
12.160359621047974,-383.29331157577786,262143.0
12.25925874710083,-386.4579234563822,262143.0
12.359477758407593,-389.6111439101056,262143.0
12.45960283279419,-392.77263233495233,262143.0
12.560096025466919,-395.95203469723276,262143.0
12.65938115119934,-399.08954600582194,262143.0
12.75934886932373,-402.2415721970498,262143.0
12.859658241271973,-405.3873514767622,262143.0
12.95930290222168,-408.52173932959374,262143.0
13.060337781906128,-411.6733061890925,262143.0
13.159983158111572,-414.8198203995715,262143.0
13.259449243545532,-417.97809350231466,262143.0
13.360100030899048,-421.13783646659084,262143.0
13.459507703781128,-424.306031134682,262143.0
13.559463024139404,-427.44216444808393,262143.0
13.659433126449585,-430.58013508840224,262143.0
13.75957727432251,-433.73767326037887,262143.0
13.859329462051392,-436.8756439006972,262143.0
13.959891080856323,-440.0429199053301,262143.0
14.05979585647583,-443.20450019652264,262143.0
14.159374713897705,-446.3531273329553,262143.0
14.259554147720337,-449.50248940015456,262143.0
14.359893083572388,-452.63926577797724,262143.0
14.459641695022583,-455.80222406435695,262143.0
14.559604406356812,-458.9651823507366,262143.0
14.659575462341309,-462.0940582228193,262143.0
14.7685866355896,-465.5759764618656,262143.0
14.861602067947388,-468.3954464812463,262143.0
14.965957880020142,-471.84484403387444,262143.0
15.059361219406128,-474.6825954560722,262143.0
15.16358733177185,-477.80752107528485,262143.0
15.268115997314453,-481.2349625712634,262143.0
15.362885475158691,-484.0577397790934,262143.0
15.4676353931427,-487.49951242501896,262143.0
15.562764883041382,-490.3254130886067,262143.0
15.668059349060059,-493.7795876912171,262143.0
15.76195764541626,-496.57664232221924,262143.0
15.866178512573242,-500.03136812290455,262143.0
15.961116790771484,-502.845050562499,262143.0
16.066328287124634,-506.2743293853938,262143.0
16.16054368019104,-509.0919620778583,262143.0
16.265356302261353,-512.5224351632487,262143.0
16.359853744506836,-515.3383223951427,262143.0
16.466496467590332,-518.7878118141166,262143.0
16.56072187423706,-521.5913889556715,262143.0
16.666091203689575,-525.0440018304031,262143.0
16.760496377944946,-527.8481301700328,262143.0
16.863672733306885,-530.9521102624,262143.0
16.968461275100708,-534.3587899642245,262143.0
17.065992832183838,-537.4759988103888,262143.0
17.159379482269287,-540.2776467586815,262143.0
17.263036727905273,-543.4047771701937,262143.0
17.36745047569275,-546.85509338628,262143.0
17.463674068450928,-549.6697863556784,262143.0
17.560569524765015,-552.7831368153185,262143.0
17.668354034423828,-556.1783332239163,262143.0
17.76128911972046,-558.9819103654712,262143.0
17.86766219139099,-562.4351663046234,262143.0
17.96375799179077,-565.2420506346277,262143.0
18.05947208404541,-568.3714777047852,262143.0
18.165652751922607,-571.8056254440082,262143.0
18.26350164413452,-574.6193078836027,262143.0
18.367897987365723,-578.0495053699556,262143.0
18.463441133499146,-580.8555629028475,262143.0
18.55966305732727,-583.9903182210622,262143.0
18.660315990447998,-587.1033930816649,262143.0
18.760220527648926,-590.2319933547101,262143.0
18.860111713409424,-593.3450682153128,262143.0
18.960002899169922,-596.4638387893559,262143.0
19.059755563735962,-599.5842629576237,262143.0
19.15936279296875,-602.6847521288498,262143.0
19.259480953216553,-605.7660412338007,262143.0
19.359636068344116,-608.8877515309099,262143.0
19.45943284034729,-612.0101048924398,262143.0
19.559457778930664,-615.1187701684433,262143.0
19.66042137145996,-618.1933530301499,262143.0
19.75934910774231,-621.3133178666886,262143.0
19.859676837921143,-624.4074682600535,262143.0
19.95933771133423,-627.516684734132,262143.0
20.059326887130737,-630.6119375236467,262143.0
20.159417629241943,-633.6969012824302,262143.0
20.25951337814331,-636.7992277805726,262143.0
20.360372066497803,-639.8878661931886,262143.0
20.459537506103516,-643.0020434499411,262143.0
20.559597730636597,-646.0713899299362,262143.0
20.659979820251465,-649.2027461933559,262143.0
20.76881504058838,-652.6142029451628,262143.0
20.864081859588623,-655.4036326694622,262143.0
20.968879461288452,-658.8190396741392,262143.0
21.063518285751343,-661.6189421618615,262143.0
21.161078691482544,-664.7154810802176,262143.0
21.267394065856934,-668.1155464051435,262143.0
21.361688375473022,-670.89560576217,262143.0
21.46810793876648,-674.2990701418911,262143.0
21.564377784729004,-677.0901534604153,262143.0
21.660183668136597,-680.1752090855446,262143.0
21.76872229576111,-683.5718753556754,262143.0
21.863528966903687,-686.3796783491377,262143.0
21.95961570739746,-689.4629885136966,262143.0
22.06601595878601,-692.8656260963054,262143.0
22.160903453826904,-695.64660411679,262143.0
22.267409086227417,-699.0320626927314,262143.0
22.36522650718689,-702.0991125140812,262143.0
22.460732460021973,-704.8555622202335,262143.0
22.56731128692627,-708.2435011875119,262143.0
22.661884307861328,-711.0262246685671,262143.0
22.767855405807495,-714.4076411252927,262143.0
22.86184072494507,-717.1936717947972,262143.0
22.959543228149414,-720.2805647468427,262143.0
23.066033840179443,-723.6696979766168,262143.0
23.160887002944946,-726.4337725894717,262143.0
23.267131328582764,-729.8385230980341,262143.0
23.360785007476807,-732.6158264646862,262143.0
23.46698832511902,-736.0279262809138,262143.0
23.563036918640137,-738.7995339341253,262143.0
23.669042825698853,-742.1927092831152,262143.0
23.76686382293701,-745.2746414524869,262143.0
23.86097002029419,-748.024752380778,262143.0
23.967235565185547,-751.4136100115146,262143.0
24.062025547027588,-754.1582089590569,262143.0
24.168813705444336,-757.5636025320399,262143.0
24.265628576278687,-760.623578644762,262143.0
24.361050367355347,-763.3706579836413,262143.0
24.467840433120728,-766.7610773422567,262143.0
24.564738035202026,-769.5327768618141,262143.0
24.66036105155945,-772.6052467975669,262143.0
24.760079383850098,-775.6749607429454,262143.0
24.860148668289185,-778.7320889989472,262143.0
24.95996594429016,-781.7933512405107,262143.0
25.06010389328003,-784.8697714291335,262143.0
25.159874200820923,-787.9524385292716,262143.0
25.260024785995483,-791.019672083313,262143.0
25.359798192977905,-794.0860788402422,262143.0
25.45976495742798,-797.1561602510038,262143.0
25.559587478637695,-800.2330397713557,262143.0
25.65962791442871,-803.2909948244699,262143.0
25.75963258743286,-806.3777959101697,262143.0
25.85973882675171,-809.4639539314487,262143.0
25.96016573905945,-812.5406497191091,262143.0
26.06480598449707,-815.9044278374383,262143.0
26.161242485046387,-818.6361654965666,262143.0
26.26732635498047,-822.021164740779,262143.0
26.36276888847351,-824.7533617316363,262143.0
26.46937370300293,-828.1219168999481,262143.0
26.565672874450684,-831.1772078290336,262143.0
26.660962343215942,-833.9334738024943,262143.0
26.769041299819946,-837.3017533717685,262143.0
26.862797260284424,-840.0738203567092,262143.0
26.96907377243042,-843.4122433635938,262143.0
27.065145015716553,-846.4542136725364,262143.0
27.16048574447632,-849.2257294594021,262143.0
27.26694416999817,-852.5915286373395,262143.0
27.36365246772766,-855.3340146589279,262143.0
27.45984983444214,-858.3298680622718,262143.0
27.565937995910645,-861.3093692560608,262143.0
27.660855531692505,-863.6738252646243,262143.0
27.766953468322754,-870.6686207012561,262143.0
27.861566305160522,-870.6686207012561,262143.0
27.968749284744263,-870.6686207012561,262143.0
28.063371419906616,-870.6686207012561,262143.0
28.167818546295166,-870.6686207012561,262143.0
28.262048482894897,-870.6686207012561,262143.0
28.36701989173889,-870.6686207012561,262143.0
28.461698532104492,-870.6686207012561,262143.0
28.567970752716064,-870.6686207012561,262143.0
28.66093945503235,-870.6686207012561,262143.0
28.7654926776886,-870.6686207012561,262143.0
28.86668062210083,-870.6686207012561,262143.0
28.959360599517822,-870.6686207012561,262143.0
29.0662739276886,-870.6686207012561,262143.0
29.161038160324097,-870.6686207012561,262143.0
29.26575469970703,-870.6686207012561,262143.0
29.368979454040527,-870.6686207012561,262143.0
29.463183879852295,-870.6686207012561,262143.0
29.567726612091064,-870.6686207012561,262143.0
29.665005922317505,-870.6686207012561,262143.0
29.7665696144104,-870.6686207012561,262143.0
29.859970331192017,-870.6686207012561,262143.0
29.95940852165222,-870.6686207012561,262143.0
30.06010603904724,-870.6686207012561,262143.0
30.159438610076904,-870.6686207012561,262143.0
30.260092973709106,-870.6686207012561,262143.0
30.359328746795654,-870.6686207012561,262143.0
30.459921836853027,-870.6686207012561,262143.0
30.559309482574463,-870.6686207012561,262143.0
30.659948110580444,-870.6686207012561,262143.0
30.75937008857727,-870.6686207012561,262143.0
30.859911680221558,-870.6686207012561,262143.0
30.959846258163452,-870.6686207012561,262143.0
31.06029725074768,-870.6686207012561,262143.0
31.15962815284729,-870.6686207012561,262143.0
31.26018261909485,-870.6686207012561,262143.0
31.359568119049072,-870.6686207012561,262143.0
31.46009874343872,-870.6686207012561,262143.0
31.559441089630127,-870.6686207012561,262143.0
31.65976095199585,-870.6686207012561,262143.0
31.760266542434692,-870.6686207012561,262143.0
31.859588384628296,-870.6686207012561,262143.0
31.959421396255493,-870.6686207012561,262143.0
32.06000018119812,-870.6686207012561,262143.0
32.15940070152283,-870.6686207012561,262143.0
32.2601420879364,-870.6686207012561,262143.0
32.35966658592224,-870.6686207012561,262143.0
32.460132122039795,-870.6686207012561,262143.0
32.559422969818115,-870.6686207012561,262143.0
32.65997910499573,-870.6686207012561,262143.0
32.75946927070618,-870.6686207012561,262143.0
32.86027503013611,-870.6686207012561,262143.0
32.966171741485596,-870.6686207012561,262143.0
33.06904482841492,-870.6686207012561,262143.0
33.16338753700256,-870.6686207012561,262143.0
33.26732015609741,-870.6686207012561,262143.0
33.36165237426758,-870.6686207012561,262143.0
33.46859073638916,-870.6686207012561,262143.0
33.56304335594177,-870.6686207012561,262143.0
33.667327880859375,-870.6686207012561,262143.0
33.76125693321228,-870.6686207012561,262143.0
33.86578416824341,-870.6686207012561,262143.0
33.95926880836487,-870.6686207012561,262143.0
34.065648555755615,-870.6686207012561,262143.0
34.15921902656555,-870.6686207012561,262143.0
34.263840198516846,-870.6686207012561,262143.0
34.368271827697754,-870.6686207012561,262143.0
34.459343671798706,-870.6686207012561,262143.0
34.56399917602539,-870.6686207012561,262143.0
34.667208433151245,-870.6686207012561,262143.0
34.760998487472534,-870.6686207012561,262143.0
34.86337471008301,-870.6686207012561,262143.0
34.967249155044556,-870.6686207012561,262143.0
35.060023069381714,-870.6686207012561,262143.0
35.16699242591858,-870.6686207012561,262143.0
35.25988698005676,-870.6686207012561,262143.0
35.36435031890869,-870.6686207012561,262143.0
35.46850037574768,-870.6686207012561,262143.0
35.56287407875061,-870.6686207012561,262143.0
35.666993141174316,-870.6686207012561,262143.0
35.7631995677948,-870.6686207012561,262143.0
35.86724781990051,-870.6686207012561,262143.0
35.960874795913696,-870.6686207012561,262143.0
36.064995527267456,-870.6686207012561,262143.0
36.169084548950195,-870.6686207012561,262143.0
36.26337432861328,-870.6686207012561,262143.0
36.35930061340332,-870.6686207012561,262143.0
36.46485185623169,-870.6686207012561,262143.0
36.568984508514404,-870.6686207012561,262143.0
36.66298961639404,-870.6686207012561,262143.0
36.7594792842865,-870.6686207012561,262143.0
36.85965156555176,-870.6686207012561,262143.0
36.95984959602356,-870.6686207012561,262143.0
37.06012845039368,-870.6686207012561,262143.0
37.16020488739014,-870.6686207012561,262143.0
37.25945258140564,-870.6686207012561,262143.0
37.35951471328735,-870.6686207012561,262143.0
37.459925174713135,-870.6686207012561,262143.0
37.56010031700134,-870.6686207012561,262143.0
37.65943384170532,-870.6686207012561,262143.0
37.76006865501404,-870.6686207012561,262143.0
37.86550998687744,-870.6686207012561,262143.0
37.96898651123047,-870.6686207012561,262143.0
38.06568956375122,-870.6686207012561,262143.0
38.1591317653656,-870.6686207012561,262143.0
38.26335167884827,-870.6686207012561,262143.0
38.367350578308105,-870.6686207012561,262143.0
38.461517095565796,-870.6686207012561,262143.0
38.565945863723755,-870.6686207012561,262143.0
38.66162943840027,-870.6686207012561,262143.0
38.765422105789185,-870.6686207012561,262143.0
38.85914969444275,-870.6686207012561,262143.0
38.96376371383667,-870.6686207012561,262143.0
39.06761121749878,-870.6686207012561,262143.0
39.161855936050415,-870.6686207012561,262143.0
39.26818776130676,-870.6686207012561,262143.0
39.361865520477295,-870.6686207012561,262143.0
39.46642732620239,-870.6686207012561,262143.0
39.56071901321411,-870.6686207012561,262143.0
39.6649215221405,-870.6686207012561,262143.0
39.76908302307129,-870.6686207012561,262143.0
39.86478543281555,-870.6686207012561,262143.0
39.96865177154541,-870.6686207012561,262143.0
40.062976121902466,-870.6686207012561,262143.0
40.16705584526062,-870.6686207012561,262143.0
40.261040925979614,-870.6686207012561,262143.0
40.36696982383728,-870.6686207012561,262143.0
40.45967626571655,-870.6686207012561,262143.0
40.56412625312805,-870.6686207012561,262143.0
40.66809129714966,-870.6686207012561,262143.0
40.76209878921509,-870.6686207012561,262143.0
40.86383128166199,-870.6686207012561,262143.0
40.961066007614136,-870.6686207012561,262143.0
41.06417775154114,-870.6686207012561,262143.0
41.15906524658203,-870.6686207012561,262143.0
41.263611793518066,-870.6686207012561,262143.0
41.36708617210388,-870.6686207012561,262143.0
41.45981287956238,-870.6686207012561,262143.0
41.5597927570343,-870.6686207012561,262143.0
41.65986371040344,-870.6686207012561,262143.0
41.759955406188965,-870.6686207012561,262143.0
41.86000919342041,-870.6686207012561,262143.0
41.96023416519165,-870.6686207012561,262143.0
42.06028771400452,-870.6686207012561,262143.0
42.160040616989136,-870.6686207012561,262143.0
42.26011800765991,-870.6686207012561,262143.0
42.359296798706055,-870.6686207012561,262143.0
42.4595251083374,-870.6686207012561,262143.0
42.55979251861572,-870.6686207012561,262143.0
42.65953612327576,-870.6686207012561,262143.0
42.759411096572876,-870.6686207012561,262143.0
42.85951232910156,-870.6686207012561,262143.0
42.959572076797485,-870.6686207012561,262143.0
43.05966377258301,-870.6686207012561,262143.0
43.15964078903198,-870.6686207012561,262143.0
43.25966453552246,-870.6686207012561,262143.0
43.35973119735718,-870.6686207012561,262143.0
43.459375619888306,-870.6686207012561,262143.0
43.559571504592896,-870.6686207012561,262143.0
43.66026997566223,-870.6686207012561,262143.0
43.759413719177246,-870.6686207012561,262143.0
43.85960865020752,-870.6686207012561,262143.0
43.95977568626404,-870.6686207012561,262143.0
44.05971813201904,-870.6686207012561,262143.0
44.15980577468872,-870.6686207012561,262143.0
44.25956654548645,-870.6686207012561,262143.0
44.35956907272339,-870.6686207012561,262143.0
44.45947480201721,-870.6686207012561,262143.0
44.559624910354614,-870.6686207012561,262143.0
44.65947890281677,-870.6686207012561,262143.0
44.7596640586853,-870.6686207012561,262143.0
44.85999369621277,-870.6686207012561,262143.0
44.96019911766052,-870.6686207012561,262143.0
45.07952404022217,-870.6686207012561,262143.0
45.16054558753967,-870.6686207012561,262143.0
45.26346397399902,-870.6686207012561,262143.0
45.36710000038147,-870.6686207012561,262143.0
45.45982480049133,-870.6686207012561,262143.0
45.56414175033569,-870.6686207012561,262143.0
45.66996884346008,-870.6686207012561,262143.0
45.76192378997803,-870.6686207012561,262143.0
45.8656587600708,-870.6686207012561,262143.0
45.969284772872925,-870.6686207012561,262143.0
46.06319880485535,-870.6686207012561,262143.0
46.16689991950989,-870.6686207012561,262143.0
46.26176047325134,-870.6686207012561,262143.0
46.36483073234558,-870.6686207012561,262143.0
46.46810817718506,-870.6686207012561,262143.0
46.56219458580017,-870.6686207012561,262143.0
46.66644906997681,-870.6686207012561,262143.0
46.76036858558655,-870.6686207012561,262143.0
46.86406111717224,-870.6686207012561,262143.0
46.967453479766846,-870.6686207012561,262143.0
47.061326026916504,-870.6686207012561,262143.0
47.165442943573,-870.6686207012561,262143.0
47.26899456977844,-870.6686207012561,262143.0
47.36282229423523,-870.6686207012561,262143.0
47.468724489212036,-870.6686207012561,262143.0
47.56242227554321,-870.6686207012561,262143.0
47.66647124290466,-870.6686207012561,262143.0
47.75936150550842,-870.6686207012561,262143.0
47.863484144210815,-870.6686207012561,262143.0
47.96879172325134,-870.6686207012561,262143.0
48.06150031089783,-870.6686207012561,262143.0
48.16439247131348,-870.6686207012561,262143.0
48.26767945289612,-870.6686207012561,262143.0
48.36001920700073,-870.6686207012561,262143.0
48.46424174308777,-870.6686207012561,262143.0
48.559627056121826,-870.6686207012561,262143.0
48.662537813186646,-870.6686207012561,262143.0
48.765565633773804,-870.6686207012561,262143.0
48.85988759994507,-870.6686207012561,262143.0
48.95991015434265,-870.6686207012561,262143.0
49.0598726272583,-870.6686207012561,262143.0
49.16025424003601,-870.6686207012561,262143.0
49.25930595397949,-870.6686207012561,262143.0
49.36870551109314,-870.6686207012561,262143.0
49.46191716194153,-870.6686207012561,262143.0
49.56444263458252,-870.6686207012561,262143.0
49.66060709953308,-870.6686207012561,262143.0
49.764155626297,-870.6686207012561,262143.0
49.86889576911926,-870.6686207012561,262143.0
49.96336770057678,-870.6686207012561,262143.0
50.06772184371948,-870.6686207012561,262143.0
50.161231994628906,-870.6686207012561,262143.0
50.26706838607788,-870.6686207012561,262143.0
50.35911011695862,-870.6686207012561,262143.0
50.463048696517944,-870.6686207012561,262143.0
50.56628155708313,-870.6686207012561,262143.0
50.659533977508545,-870.6686207012561,262143.0
50.76361441612244,-870.6686207012561,262143.0
50.861013412475586,-870.6686207012561,262143.0
50.96552038192749,-870.6686207012561,262143.0
51.06875944137573,-870.6686207012561,262143.0
51.162331342697144,-870.6686207012561,262143.0
51.26512670516968,-870.6686207012561,262143.0
51.36982750892639,-870.6686207012561,262143.0
51.46390080451965,-870.6686207012561,262143.0
51.567726373672485,-870.6686207012561,262143.0
51.66030287742615,-870.6686207012561,262143.0
51.76220107078552,-870.6686207012561,262143.0
51.86631155014038,-870.6686207012561,262143.0
51.96122145652771,-870.6686207012561,262143.0
52.06440258026123,-870.6686207012561,262143.0
52.167646408081055,-870.6686207012561,262143.0
52.26169466972351,-870.6686207012561,262143.0
52.36464309692383,-870.6686207012561,262143.0
52.46837496757507,-870.6686207012561,262143.0
52.564199924468994,-870.6686207012561,262143.0
52.66806983947754,-870.6686207012561,262143.0
52.76213335990906,-870.6686207012561,262143.0
52.86310315132141,-870.6686207012561,262143.0
52.96534013748169,-870.6686207012561,262143.0
53.059664487838745,-870.6686207012561,262143.0
53.159860610961914,-870.6686207012561,262143.0
53.25944900512695,-870.6686207012561,262143.0
53.35901498794556,-870.6686207012561,262143.0
53.45938062667847,-870.6686207012561,262143.0
53.55984091758728,-870.6686207012561,262143.0
53.65936875343323,-870.6686207012561,262143.0
53.760146379470825,-870.6686207012561,262143.0
53.85997700691223,-870.6686207012561,262143.0
53.96017098426819,-870.6686207012561,262143.0
54.05987524986267,-870.6686207012561,262143.0
54.15981435775757,-870.6686207012561,262143.0
54.25980067253113,-870.6686207012561,262143.0
54.35982608795166,-870.6686207012561,262143.0
54.46014380455017,-870.6686207012561,262143.0
54.559948205947876,-870.6686207012561,262143.0
54.65979862213135,-870.6686207012561,262143.0
54.759875535964966,-870.6686207012561,262143.0
54.85905313491821,-870.6686207012561,262143.0
54.96000599861145,-870.6686207012561,262143.0
55.05928707122803,-870.6686207012561,262143.0
55.15949034690857,-870.6686207012561,262143.0
55.25996136665344,-870.6686207012561,262143.0
55.36006784439087,-870.6686207012561,262143.0
55.45970177650452,-870.6686207012561,262143.0
55.55965733528137,-870.6686207012561,262143.0
55.659613847732544,-870.6686207012561,262143.0
55.75978946685791,-870.6686207012561,262143.0
55.86017179489136,-870.6686207012561,262143.0
55.96009016036987,-870.6686207012561,262143.0
56.05979537963867,-870.6686207012561,262143.0
56.159982204437256,-870.6686207012561,262143.0
56.259440422058105,-870.6686207012561,262143.0
56.360127687454224,-870.6686207012561,262143.0
56.459721326828,-870.6686207012561,262143.0
56.55914497375488,-870.6686207012561,262143.0
56.66001510620117,-870.6686207012561,262143.0
56.760215044021606,-870.6686207012561,262143.0
56.85992074012756,-870.6686207012561,262143.0
56.9601309299469,-870.6686207012561,262143.0
57.06019306182861,-870.6686207012561,262143.0
57.15916991233826,-870.6686207012561,262143.0
57.25902724266052,-870.6686207012561,262143.0
57.360790967941284,-870.6686207012561,262143.0
57.461644411087036,-870.6686207012561,262143.0
57.56102538108826,-870.6686207012561,262143.0
57.66173768043518,-870.6686207012561,262143.0
57.76156306266785,-870.6686207012561,262143.0
57.86123037338257,-870.6686207012561,262143.0
57.96086382865906,-870.6686207012561,262143.0
58.06175255775452,-870.6686207012561,262143.0
58.16059947013855,-870.6686207012561,262143.0
58.26047229766846,-870.6686207012561,262143.0
58.35961198806763,-870.6686207012561,262143.0
58.46047925949097,-870.6686207012561,262143.0
58.562100648880005,-870.6686207012561,262143.0
58.6593759059906,-870.6686207012561,262143.0
58.76010251045227,-870.6686207012561,262143.0
58.85980844497681,-870.6686207012561,262143.0
58.959601402282715,-870.6686207012561,262143.0
59.05920696258545,-870.6686207012561,262143.0
59.16004300117493,-870.6686207012561,262143.0
59.25968790054321,-870.6686207012561,262143.0
59.35964751243591,-870.6686207012561,262143.0
59.45935797691345,-870.6686207012561,262143.0
59.560304403305054,-870.6686207012561,262143.0
59.65969967842102,-870.6686207012561,262143.0
59.76003670692444,-870.6686207012561,262143.0
59.85976219177246,-870.6686207012561,262143.0
59.95963764190674,-870.6686207012561,262143.0
60.05951547622681,-870.6686207012561,262143.0
60.1596155166626,-870.6686207012561,262143.0
60.25982642173767,-870.6686207012561,262143.0
60.35965013504028,-870.6686207012561,262143.0
60.459327697753906,-870.6686207012561,262143.0
60.56010675430298,-870.6686207012561,262143.0
60.65990090370178,-870.6686207012561,262143.0
60.76011824607849,-870.6686207012561,262143.0
60.85977554321289,-870.6686207012561,262143.0
60.959561824798584,-870.6686207012561,262143.0
61.05924677848816,-870.6686207012561,262143.0
61.15945506095886,-870.6686207012561,262143.0
61.26180052757263,-870.6686207012561,262143.0
61.36159563064575,-870.6686207012561,262143.0
61.46106290817261,-870.6686207012561,262143.0
61.56083917617798,-870.6686207012561,262143.0
61.659680128097534,-870.6686207012561,262143.0
61.760584115982056,-870.6686207012561,262143.0
61.85979199409485,-870.6686207012561,262143.0
61.95939660072327,-870.6686207012561,262143.0
62.06210160255432,-870.6686207012561,262143.0
62.15930771827698,-870.6686207012561,262143.0
62.26232075691223,-870.6686207012561,262143.0
62.364834785461426,-870.6686207012561,262143.0
62.45982480049133,-870.6686207012561,262143.0
62.560014963150024,-870.6686207012561,262143.0
62.65997576713562,-870.6686207012561,262143.0
62.75950050354004,-870.6686207012561,262143.0
62.85935664176941,-870.6686207012561,262143.0
62.95975995063782,-870.6686207012561,262143.0
63.05960988998413,-870.6686207012561,262143.0
63.160074949264526,-870.6686207012561,262143.0
63.260008811950684,-870.6686207012561,262143.0
63.35924816131592,-870.6686207012561,262143.0
63.4601833820343,-870.6686207012561,262143.0
63.55988883972168,-870.6686207012561,262143.0
63.65965032577515,-870.6686207012561,262143.0
63.760014057159424,-870.6686207012561,262143.0
63.85980010032654,-870.6686207012561,262143.0
63.95935082435608,-870.6686207012561,262143.0
64.05943393707275,-870.6686207012561,262143.0
64.1600604057312,-870.6686207012561,262143.0
64.259281873703,-870.6686207012561,262143.0
64.35936522483826,-870.6686207012561,262143.0
64.45916152000427,-870.6686207012561,262143.0
64.56010174751282,-870.6686207012561,262143.0
64.66011333465576,-870.6686207012561,262143.0
64.75946021080017,-870.6686207012561,262143.0
64.8594069480896,-870.6686207012561,262143.0
64.95952105522156,-870.6686207012561,262143.0
65.059330701828,-870.6686207012561,262143.0
65.15944385528564,-870.6686207012561,262143.0
65.25955700874329,-870.6686207012561,262143.0
65.3595085144043,-870.6686207012561,262143.0
65.45940232276917,-870.6686207012561,262143.0
65.56023621559143,-870.6686207012561,262143.0
65.66009259223938,-870.6686207012561,262143.0
65.75999331474304,-870.6686207012561,262143.0
65.85943055152893,-870.6686207012561,262143.0
65.96022820472717,-870.6686207012561,262143.0
66.05964517593384,-870.6686207012561,262143.0
66.15942478179932,-870.6686207012561,262143.0
66.25945091247559,-870.6686207012561,262143.0
66.36022472381592,-870.6686207012561,262143.0
66.45959520339966,-870.6686207012561,262143.0
66.55950140953064,-870.6686207012561,262143.0
66.65940928459167,-870.6686207012561,262143.0
66.75980949401855,-870.6686207012561,262143.0
66.85964798927307,-870.6686207012561,262143.0
66.9601993560791,-870.6686207012561,262143.0
67.05938148498535,-870.6686207012561,262143.0
67.1597101688385,-870.6686207012561,262143.0
67.25961875915527,-870.6686207012561,262143.0
67.3596978187561,-870.6686207012561,262143.0
67.45952606201172,-870.6686207012561,262143.0
67.55958437919617,-870.6686207012561,262143.0
67.65959858894348,-870.6686207012561,262143.0
67.75984740257263,-870.6686207012561,262143.0
67.85966205596924,-870.6686207012561,262143.0
67.95964193344116,-870.6686207012561,262143.0
68.05977892875671,-870.6686207012561,262143.0
68.15959286689758,-870.6686207012561,262143.0
68.25945949554443,-870.6686207012561,262143.0
68.35904669761658,-870.6686207012561,262143.0
68.45978212356567,-870.6686207012561,262143.0
68.56114196777344,-870.6686207012561,262143.0
68.66013431549072,-870.6686207012561,262143.0
68.75966310501099,-870.6686207012561,262143.0
68.86258959770203,-870.6686207012561,262143.0
68.95989441871643,-870.6686207012561,262143.0
69.06014132499695,-870.6686207012561,262143.0
69.16031527519226,-870.6686207012561,262143.0
69.2621500492096,-870.6686207012561,262143.0
69.36197710037231,-870.6686207012561,262143.0
69.46091055870056,-870.6686207012561,262143.0
69.5613899230957,-870.6686207012561,262143.0
69.66034078598022,-870.6686207012561,262143.0
69.76085877418518,-870.6686207012561,262143.0
69.85999894142151,-870.6686207012561,262143.0
69.9596598148346,-870.6686207012561,262143.0
70.05961418151855,-870.6686207012561,262143.0
70.15945434570312,-870.6686207012561,262143.0
70.26017212867737,-870.6686207012561,262143.0
70.35935282707214,-870.6686207012561,262143.0
70.45966267585754,-870.6686207012561,262143.0
70.55922961235046,-870.6686207012561,262143.0
70.66011881828308,-870.6686207012561,262143.0
70.7597508430481,-870.6686207012561,262143.0
70.85987830162048,-870.6686207012561,262143.0
70.96006083488464,-870.6686207012561,262143.0
71.06014490127563,-870.6686207012561,262143.0
71.16009712219238,-870.6686207012561,262143.0
71.25917911529541,-870.6686207012561,262143.0
71.36017322540283,-870.6686207012561,262143.0
71.45928025245667,-870.6686207012561,262143.0
71.55953693389893,-870.6686207012561,262143.0
71.65974044799805,-870.6686207012561,262143.0
71.76016545295715,-870.6686207012561,262143.0
71.86020469665527,-870.6686207012561,262143.0
71.9600658416748,-870.6686207012561,262143.0
72.06010317802429,-870.6686207012561,262143.0
72.1594340801239,-870.6686207012561,262143.0
72.25933980941772,-870.6686207012561,262143.0
72.35957598686218,-870.6686207012561,262143.0
72.4594202041626,-870.6686207012561,262143.0
72.55987977981567,-870.6686207012561,262143.0
72.65935516357422,-870.6686207012561,262143.0
72.75978350639343,-870.6686207012561,262143.0
72.86020469665527,-870.6686207012561,262143.0
72.95959186553955,-870.6686207012561,262143.0
73.05968451499939,-870.6686207012561,262143.0
73.16024780273438,-870.6686207012561,262143.0
73.25942850112915,-870.6686207012561,262143.0
73.35939025878906,-870.6686207012561,262143.0
73.45971512794495,-870.6686207012561,262143.0
73.5595543384552,-870.6686207012561,262143.0
73.65945100784302,-870.6686207012561,262143.0
73.75935077667236,-870.6686207012561,262143.0
73.86021709442139,-870.6686207012561,262143.0
73.96012568473816,-870.6686207012561,262143.0
74.06002736091614,-870.6686207012561,262143.0
74.15999841690063,-870.6686207012561,262143.0
74.25949311256409,-870.6686207012561,262143.0
74.35932397842407,-870.6686207012561,262143.0
74.45972013473511,-870.6686207012561,262143.0
74.55958843231201,-870.6686207012561,262143.0
74.65995025634766,-870.6686207012561,262143.0
74.76003742218018,-870.6686207012561,262143.0
74.85956597328186,-870.6686207012561,262143.0
74.95960354804993,-870.6686207012561,262143.0
75.05946183204651,-870.6686207012561,262143.0
75.15944314002991,-870.6686207012561,262143.0
75.25986099243164,-870.6686207012561,262143.0
75.35967421531677,-870.6686207012561,262143.0
75.45949006080627,-870.6686207012561,262143.0
75.55934119224548,-870.6686207012561,262143.0
75.65935635566711,-870.6686207012561,262143.0
75.75941872596741,-870.6686207012561,262143.0
75.85941696166992,-870.6686207012561,262143.0
75.95943093299866,-870.6686207012561,262143.0
76.05993723869324,-870.6686207012561,262143.0
76.15968632698059,-870.6686207012561,262143.0
76.26005434989929,-870.6686207012561,262143.0
76.36021876335144,-870.6686207012561,262143.0
76.459547996521,-870.6686207012561,262143.0
76.55941772460938,-870.6686207012561,262143.0
76.65941405296326,-870.6686207012561,262143.0
76.75952649116516,-870.6686207012561,262143.0
76.85982370376587,-870.6686207012561,262143.0
76.95969820022583,-870.6686207012561,262143.0
77.06015682220459,-870.6686207012561,262143.0
77.16008687019348,-870.6686207012561,262143.0
77.26014542579651,-870.6686207012561,262143.0
77.36007118225098,-870.6686207012561,262143.0
77.46007871627808,-870.6686207012561,262143.0
77.55933547019958,-870.6686207012561,262143.0
77.66033053398132,-870.6686207012561,262143.0
77.75973558425903,-870.6686207012561,262143.0
77.85956454277039,-870.6686207012561,262143.0
77.95954918861389,-870.6686207012561,262143.0
78.06001257896423,-870.6686207012561,262143.0
78.15986680984497,-870.6686207012561,262143.0
78.25998902320862,-870.6686207012561,262143.0
78.35997295379639,-870.6686207012561,262143.0
78.46002459526062,-870.6686207012561,262143.0
78.559903383255,-870.6686207012561,262143.0
78.65990924835205,-870.6686207012561,262143.0
78.75972843170166,-870.6686207012561,262143.0
78.86021399497986,-870.6686207012561,262143.0
78.95983099937439,-870.6686207012561,262143.0
79.05934000015259,-870.6686207012561,262143.0
79.15941166877747,-870.6686207012561,262143.0
79.25991201400757,-870.6686207012561,262143.0
79.35941076278687,-870.6686207012561,262143.0
79.45970153808594,-870.6686207012561,262143.0
79.55967926979065,-870.6686207012561,262143.0
79.6595287322998,-870.6686207012561,262143.0
79.76004433631897,-870.6686207012561,262143.0
79.86015248298645,-870.6686207012561,262143.0
79.95983290672302,-870.6686207012561,262143.0
80.05962920188904,-870.6686207012561,262143.0
80.16029644012451,-870.6686207012561,262143.0
80.26016402244568,-870.6686207012561,262143.0
80.36031937599182,-870.6686207012561,262143.0
80.45981502532959,-870.6686207012561,262143.0
80.55972003936768,-870.6686207012561,262143.0
80.65962147712708,-870.6686207012561,262143.0
80.75961303710938,-870.6686207012561,262143.0
80.8602647781372,-870.6686207012561,262143.0
80.95978808403015,-870.6686207012561,262143.0
81.05960822105408,-870.6686207012561,262143.0
81.15955424308777,-870.6686207012561,262143.0
81.25949263572693,-870.6686207012561,262143.0
81.35961842536926,-870.6686207012561,262143.0
81.45999813079834,-870.6686207012561,262143.0
81.5594117641449,-870.6686207012561,262143.0
81.65978837013245,-870.6686207012561,262143.0
81.75967812538147,-870.6686207012561,262143.0
81.85980463027954,-870.6686207012561,262143.0
81.95982098579407,-870.6686207012561,262143.0
82.05959606170654,-870.6686207012561,262143.0
82.15938019752502,-870.6686207012561,262143.0
82.25942373275757,-870.6686207012561,262143.0
82.35934662818909,-870.6686207012561,262143.0
82.46028470993042,-870.6686207012561,262143.0
82.56018304824829,-870.6686207012561,262143.0
82.66001439094543,-870.6686207012561,262143.0
82.7598876953125,-870.6686207012561,262143.0
82.85944414138794,-870.6686207012561,262143.0
82.95945310592651,-870.6686207012561,262143.0
83.05938363075256,-870.6686207012561,262143.0
83.1597695350647,-870.6686207012561,262143.0
83.2596583366394,-870.6686207012561,262143.0
83.35983180999756,-870.6686207012561,262143.0
83.45932078361511,-870.6686207012561,262143.0
83.55990076065063,-870.6686207012561,262143.0
83.6600079536438,-870.6686207012561,262143.0
83.76001739501953,-870.6686207012561,262143.0
83.86012768745422,-870.6686207012561,262143.0
83.95998692512512,-870.6686207012561,262143.0
84.05970525741577,-870.6686207012561,262143.0
84.15939116477966,-870.6686207012561,262143.0
84.26025032997131,-870.6686207012561,262143.0
84.36006760597229,-870.6686207012561,262143.0
84.459721326828,-870.6686207012561,262143.0
84.5595691204071,-870.6686207012561,262143.0
84.65941262245178,-870.6686207012561,262143.0
84.75942182540894,-870.6686207012561,262143.0
84.859934091568,-870.6686207012561,262143.0
84.95990538597107,-870.6686207012561,262143.0
85.05999255180359,-870.6686207012561,262143.0
85.15969061851501,-870.6686207012561,262143.0
85.25948929786682,-870.6686207012561,262143.0
85.3593487739563,-870.6686207012561,262143.0
85.45933938026428,-870.6686207012561,262143.0
85.5602765083313,-870.6686207012561,262143.0
85.65968751907349,-870.6686207012561,262143.0
85.75949335098267,-870.6686207012561,262143.0
85.85935926437378,-870.6686207012561,262143.0
85.95978331565857,-870.6686207012561,262143.0
86.05978107452393,-870.6686207012561,262143.0
86.1602532863617,-870.6686207012561,262143.0
86.26014399528503,-870.6686207012561,262143.0
86.35943841934204,-870.6686207012561,262143.0
86.4593493938446,-870.6686207012561,262143.0
86.55940508842468,-870.6686207012561,262143.0
86.66025972366333,-870.6686207012561,262143.0
86.76010942459106,-870.6686207012561,262143.0
86.86012411117554,-870.6686207012561,262143.0
86.96006345748901,-870.6686207012561,262143.0
87.06004571914673,-870.6686207012561,262143.0
87.16001605987549,-870.6686207012561,262143.0
87.25948119163513,-870.6686207012561,262143.0
87.35945963859558,-870.6686207012561,262143.0
87.45946717262268,-870.6686207012561,262143.0
87.5593683719635,-870.6686207012561,262143.0
87.66030430793762,-870.6686207012561,262143.0
87.76021265983582,-870.6686207012561,262143.0
87.8601508140564,-870.6686207012561,262143.0
87.96011924743652,-870.6686207012561,262143.0
88.0598816871643,-870.6686207012561,262143.0
88.1598379611969,-870.6686207012561,262143.0
88.2594780921936,-870.6686207012561,262143.0
88.35938382148743,-870.6686207012561,262143.0
88.45952105522156,-870.6686207012561,262143.0
88.56023693084717,-870.6686207012561,262143.0
88.66013526916504,-870.6686207012561,262143.0
88.7600781917572,-870.6686207012561,262143.0
88.85977745056152,-870.6686207012561,262143.0
88.9603009223938,-870.6686207012561,262143.0
89.06010365486145,-870.6686207012561,262143.0
89.15998458862305,-870.6686207012561,262143.0
89.26003217697144,-870.6686207012561,262143.0
89.35959005355835,-870.6686207012561,262143.0
89.4594304561615,-870.6686207012561,262143.0
89.5603449344635,-870.6686207012561,262143.0
89.66012644767761,-870.6686207012561,262143.0
89.76015901565552,-870.6686207012561,262143.0
89.86014723777771,-870.6686207012561,262143.0
89.95999145507812,-870.6686207012561,262143.0
90.06006979942322,-870.6686207012561,262143.0
90.15998721122742,-870.6686207012561,262143.0
90.25993418693542,-870.6686207012561,262143.0
90.35974335670471,-870.6686207012561,262143.0
90.45965123176575,-870.6686207012561,262143.0
90.55934190750122,-870.6686207012561,262143.0
90.65946745872498,-870.6686207012561,262143.0
90.75942826271057,-870.6686207012561,262143.0
90.85937142372131,-870.6686207012561,262143.0
90.96034574508667,-870.6686207012561,262143.0
91.06009840965271,-870.6686207012561,262143.0
91.15998673439026,-870.6686207012561,262143.0
91.25986528396606,-870.6686207012561,262143.0
91.35947322845459,-870.6686207012561,262143.0
91.46023559570312,-870.6686207012561,262143.0
91.55968499183655,-870.6686207012561,262143.0
91.65999364852905,-870.6686207012561,262143.0
91.76028251647949,-870.6686207012561,262143.0
91.85984802246094,-870.6686207012561,262143.0
91.95975971221924,-870.6686207012561,262143.0
92.05972695350647,-870.6686207012561,262143.0
92.15947484970093,-870.6686207012561,262143.0
92.26027846336365,-870.6686207012561,262143.0
92.3600971698761,-870.6686207012561,262143.0
92.4600088596344,-870.6686207012561,262143.0
92.55989480018616,-870.6686207012561,262143.0
92.66028118133545,-870.6686207012561,262143.0
92.76015830039978,-870.6686207012561,262143.0
92.86030912399292,-870.6686207012561,262143.0
92.96023774147034,-870.6686207012561,262143.0
93.06017112731934,-870.6686207012561,262143.0
93.15950298309326,-870.6686207012561,262143.0
93.25947451591492,-870.6686207012561,262143.0
93.36020851135254,-870.6686207012561,262143.0
93.45994901657104,-870.6686207012561,262143.0
93.5598886013031,-870.6686207012561,262143.0
93.65987157821655,-870.6686207012561,262143.0
93.75992751121521,-870.6686207012561,262143.0
93.85987377166748,-870.6686207012561,262143.0
93.96025061607361,-870.6686207012561,262143.0
94.05949640274048,-870.6686207012561,262143.0
94.16026854515076,-870.6686207012561,262143.0
94.26010990142822,-870.6686207012561,262143.0
94.35992956161499,-870.6686207012561,262143.0
94.45977210998535,-870.6686207012561,262143.0
94.55973410606384,-870.6686207012561,262143.0
94.65983843803406,-870.6686207012561,262143.0
94.75985932350159,-870.6686207012561,262143.0
94.85957431793213,-870.6686207012561,262143.0
94.95935916900635,-870.6686207012561,262143.0
95.05945038795471,-870.6686207012561,262143.0
95.16030359268188,-870.6686207012561,262143.0
95.25971221923828,-870.6686207012561,262143.0
95.35967254638672,-870.6686207012561,262143.0
95.45981240272522,-870.6686207012561,262143.0
95.5598418712616,-870.6686207012561,262143.0
95.6597969532013,-870.6686207012561,262143.0
95.75993609428406,-870.6686207012561,262143.0
95.86000895500183,-870.6686207012561,262143.0
95.96029162406921,-870.6686207012561,262143.0
96.06004881858826,-870.6686207012561,262143.0
96.15986704826355,-870.6686207012561,262143.0
96.25985145568848,-870.6686207012561,262143.0
96.35968208312988,-870.6686207012561,262143.0
96.45971727371216,-870.6686207012561,262143.0
96.55970644950867,-870.6686207012561,262143.0
96.65959692001343,-870.6686207012561,262143.0
96.75942039489746,-870.6686207012561,262143.0
96.86029553413391,-870.6686207012561,262143.0
96.9594988822937,-870.6686207012561,262143.0
97.05933094024658,-870.6686207012561,262143.0
97.16020202636719,-870.6686207012561,262143.0
97.2599675655365,-870.6686207012561,262143.0
97.35977554321289,-870.6686207012561,262143.0
97.45975852012634,-870.6686207012561,262143.0
97.55967092514038,-870.6686207012561,262143.0
97.6594512462616,-870.6686207012561,262143.0
97.7603051662445,-870.6686207012561,262143.0
97.86010408401489,-870.6686207012561,262143.0
97.95950555801392,-870.6686207012561,262143.0
98.06031322479248,-870.6686207012561,262143.0
98.15964579582214,-870.6686207012561,262143.0
98.25944805145264,-870.6686207012561,262143.0
98.35935163497925,-870.6686207012561,262143.0
98.46013474464417,-870.6686207012561,262143.0
98.5596911907196,-870.6686207012561,262143.0
98.65979480743408,-870.6686207012561,262143.0
98.75964903831482,-870.6686207012561,262143.0
98.85978674888611,-870.6686207012561,262143.0
98.95968294143677,-870.6686207012561,262143.0
99.05980277061462,-870.6686207012561,262143.0
99.15969276428223,-870.6686207012561,262143.0
99.25982856750488,-870.6686207012561,262143.0
99.35978388786316,-870.6686207012561,262143.0
99.45981431007385,-870.6686207012561,262143.0
99.55970692634583,-870.6686207012561,262143.0
99.65984344482422,-870.6686207012561,262143.0
99.75992012023926,-870.6686207012561,262143.0
99.85971426963806,-870.6686207012561,262143.0
99.9599597454071,-870.6686207012561,262143.0
100.05981755256653,-870.6686207012561,262143.0
100.15993428230286,-870.6686207012561,262143.0
100.26000142097473,-870.6686207012561,262143.0
100.35990524291992,-870.6686207012561,262143.0
100.45986294746399,-870.6686207012561,262143.0
100.55995154380798,-870.6686207012561,262143.0
100.66017413139343,-870.6686207012561,262143.0
100.75986170768738,-870.6686207012561,262143.0
100.8601393699646,-870.6686207012561,262143.0
100.96010446548462,-870.6686207012561,262143.0
101.05998992919922,-870.6686207012561,262143.0
101.15979051589966,-870.6686207012561,262143.0
101.25969910621643,-870.6686207012561,262143.0
101.35931897163391,-870.6686207012561,262143.0
101.4592936038971,-870.6686207012561,262143.0
101.56016182899475,-870.6686207012561,262143.0
101.65998792648315,-870.6686207012561,262143.0
101.75993776321411,-870.6686207012561,262143.0
101.8597297668457,-870.6686207012561,262143.0
101.96012997627258,-870.6686207012561,262143.0
102.05999660491943,-870.6686207012561,262143.0
102.15987730026245,-870.6686207012561,262143.0
102.25974726676941,-870.6686207012561,262143.0
102.35969853401184,-870.6686207012561,262143.0
102.45966863632202,-870.6686207012561,262143.0
102.55965542793274,-870.6686207012561,262143.0
102.65962958335876,-870.6686207012561,262143.0
102.76027202606201,-870.6686207012561,262143.0
102.86020994186401,-870.6686207012561,262143.0
102.95994901657104,-870.6686207012561,262143.0
103.0602707862854,-870.6686207012561,262143.0
103.16002082824707,-870.6686207012561,262143.0
103.25984072685242,-870.6686207012561,262143.0
103.35984206199646,-870.6686207012561,262143.0
103.45968079566956,-870.6686207012561,262143.0
103.55949687957764,-870.6686207012561,262143.0
103.66023206710815,-870.6686207012561,262143.0
103.76001238822937,-870.6686207012561,262143.0
103.85989713668823,-870.6686207012561,262143.0
103.95948123931885,-870.6686207012561,262143.0
104.05992650985718,-870.6686207012561,262143.0
104.1597969532013,-870.6686207012561,262143.0
104.25938034057617,-870.6686207012561,262143.0
104.36010456085205,-870.6686207012561,262143.0
104.45982885360718,-870.6686207012561,262143.0
104.55998301506042,-870.6686207012561,262143.0
104.65973138809204,-870.6686207012561,262143.0
104.75957775115967,-870.6686207012561,262143.0
104.8595621585846,-870.6686207012561,262143.0
104.95959901809692,-870.6686207012561,262143.0
105.05946493148804,-870.6686207012561,262143.0
105.15937089920044,-870.6686207012561,262143.0
105.25941133499146,-870.6686207012561,262143.0
105.35937929153442,-870.6686207012561,262143.0
105.45984983444214,-870.6686207012561,262143.0
105.55980849266052,-870.6686207012561,262143.0
105.65963792800903,-870.6686207012561,262143.0
105.75946402549744,-870.6686207012561,262143.0
105.85944962501526,-870.6686207012561,262143.0
105.96002864837646,-870.6686207012561,262143.0
106.0597095489502,-870.6686207012561,262143.0
106.16019535064697,-870.6686207012561,262143.0
106.25963497161865,-870.6686207012561,262143.0
106.36013531684875,-870.6686207012561,262143.0
106.45941352844238,-870.6686207012561,262143.0
106.55945062637329,-870.6686207012561,262143.0
106.66029381752014,-870.6686207012561,262143.0
106.76002144813538,-870.6686207012561,262143.0
106.85971665382385,-870.6686207012561,262143.0
106.95961403846741,-870.6686207012561,262143.0
107.05968189239502,-870.6686207012561,262143.0
107.15964221954346,-870.6686207012561,262143.0
107.25966095924377,-870.6686207012561,262143.0
107.35954642295837,-870.6686207012561,262143.0
107.4596118927002,-870.6686207012561,262143.0
107.55961775779724,-870.6686207012561,262143.0
107.65972208976746,-870.6686207012561,262143.0
107.76017475128174,-870.6686207012561,262143.0
107.85984897613525,-870.6686207012561,262143.0
107.95973944664001,-870.6686207012561,262143.0
108.05963158607483,-870.6686207012561,262143.0
108.15958070755005,-870.6686207012561,262143.0
108.25947594642639,-870.6686207012561,262143.0
108.35946774482727,-870.6686207012561,262143.0
108.45952773094177,-870.6686207012561,262143.0
108.55989241600037,-870.6686207012561,262143.0
108.65971302986145,-870.6686207012561,262143.0
108.75969886779785,-870.6686207012561,262143.0
108.8596203327179,-870.6686207012561,262143.0
108.95966529846191,-870.6686207012561,262143.0
109.05964875221252,-870.6686207012561,262143.0
109.1597044467926,-870.6686207012561,262143.0
109.25956273078918,-870.6686207012561,262143.0
109.36012530326843,-870.6686207012561,262143.0
109.4598753452301,-870.6686207012561,262143.0
109.55980372428894,-870.6686207012561,262143.0
109.66017270088196,-870.6686207012561,262143.0
109.75963544845581,-870.6686207012561,262143.0
109.85971331596375,-870.6686207012561,262143.0
109.96022582054138,-870.6686207012561,262143.0
110.05936980247498,-870.6686207012561,262143.0
110.15940570831299,-870.6686207012561,262143.0
110.25991487503052,-870.6686207012561,262143.0
110.35932517051697,-870.6686207012561,262143.0
110.45952200889587,-870.6686207012561,262143.0
110.55948638916016,-870.6686207012561,262143.0
110.65952920913696,-870.6686207012561,262143.0
110.75962662696838,-870.6686207012561,262143.0
110.85964751243591,-870.6686207012561,262143.0
110.95991659164429,-870.6686207012561,262143.0
111.05966377258301,-870.6686207012561,262143.0
111.16023445129395,-870.6686207012561,262143.0
111.25956892967224,-870.6686207012561,262143.0
111.35954666137695,-870.6686207012561,262143.0
111.45946335792542,-870.6686207012561,262143.0
111.55938076972961,-870.6686207012561,262143.0
111.65938663482666,-870.6686207012561,262143.0
111.75947427749634,-870.6686207012561,262143.0
111.85990476608276,-870.6686207012561,262143.0
111.95976972579956,-870.6686207012561,262143.0
112.06021881103516,-870.6686207012561,262143.0
112.15929937362671,-870.6686207012561,262143.0
112.26021099090576,-870.6686207012561,262143.0
112.35945749282837,-870.6686207012561,262143.0
112.45931768417358,-870.6686207012561,262143.0
112.55936121940613,-870.6686207012561,262143.0
112.65945243835449,-870.6686207012561,262143.0
112.7599024772644,-870.6686207012561,262143.0
112.85977172851562,-870.6686207012561,262143.0
112.95941114425659,-870.6686207012561,262143.0
113.05991005897522,-870.6686207012561,262143.0
113.15964937210083,-870.6686207012561,262143.0
113.25935745239258,-870.6686207012561,262143.0
113.3602352142334,-870.6686207012561,262143.0
113.45944333076477,-870.6686207012561,262143.0
113.55931544303894,-870.6686207012561,262143.0
113.65997838973999,-870.6686207012561,262143.0
113.7593891620636,-870.6686207012561,262143.0
113.86028742790222,-870.6686207012561,262143.0
113.96019840240479,-870.6686207012561,262143.0
114.0602216720581,-870.6686207012561,262143.0
114.16028952598572,-870.6686207012561,262143.0
114.25934839248657,-870.6686207012561,262143.0
114.36000084877014,-870.6686207012561,262143.0
114.46028327941895,-870.6686207012561,262143.0
114.5592577457428,-870.6686207012561,262143.0
114.66000509262085,-870.6686207012561,262143.0
114.76009917259216,-870.6686207012561,262143.0
114.85948085784912,-870.6686207012561,262143.0
114.95932412147522,-870.6686207012561,262143.0
115.06021332740784,-870.6686207012561,262143.0
115.16035509109497,-870.6686207012561,262143.0
115.25943684577942,-870.6686207012561,262143.0
115.35956859588623,-870.6686207012561,262143.0
115.45960187911987,-870.6686207012561,262143.0
115.55998253822327,-870.6686207012561,262143.0
115.6598448753357,-870.6686207012561,262143.0
115.75996208190918,-870.6686207012561,262143.0
115.85996842384338,-870.6686207012561,262143.0
115.95977544784546,-870.6686207012561,262143.0
116.05940628051758,-870.6686207012561,262143.0
116.15939664840698,-870.6686207012561,262143.0
116.2597496509552,-870.6686207012561,262143.0
116.35967707633972,-870.6686207012561,262143.0
116.46022820472717,-870.6686207012561,262143.0
116.5595030784607,-870.6686207012561,262143.0
116.66028070449829,-870.6686207012561,262143.0
116.760258436203,-870.6686207012561,262143.0
116.86027359962463,-870.6686207012561,262143.0
116.95936584472656,-870.6686207012561,262143.0
117.06017279624939,-870.6686207012561,262143.0
117.16018843650818,-870.6686207012561,262143.0
117.25976920127869,-870.6686207012561,262143.0
117.35953450202942,-870.6686207012561,262143.0
117.4602723121643,-870.6686207012561,262143.0
117.55954551696777,-870.6686207012561,262143.0
117.65942549705505,-870.6686207012561,262143.0
117.75935125350952,-870.6686207012561,262143.0
117.85974049568176,-870.6686207012561,262143.0
117.95951890945435,-870.6686207012561,262143.0
118.05992317199707,-870.6686207012561,262143.0
118.15937972068787,-870.6686207012561,262143.0
118.25996947288513,-870.6686207012561,262143.0
118.36008191108704,-870.6686207012561,262143.0
118.46024584770203,-870.6686207012561,262143.0
118.55958938598633,-870.6686207012561,262143.0
118.66012287139893,-870.6686207012561,262143.0
118.75931239128113,-870.6686207012561,262143.0
118.86018109321594,-870.6686207012561,262143.0
118.95976972579956,-870.6686207012561,262143.0
119.05947351455688,-870.6686207012561,262143.0
119.15930986404419,-870.6686207012561,262143.0
119.25977635383606,-870.6686207012561,262143.0
119.36018133163452,-870.6686207012561,262143.0
119.45953559875488,-870.6686207012561,262143.0
119.55935168266296,-870.6686207012561,262143.0
119.65987920761108,-870.6686207012561,262143.0
119.75976848602295,-870.6686207012561,262143.0
119.8593807220459,-870.6686207012561,262143.0
119.95932674407959,-870.6686207012561,262143.0
120.05976366996765,-870.6686207012561,262143.0
120.15977263450623,-870.6686207012561,262143.0
120.25951933860779,-870.6686207012561,262143.0
120.35964441299438,-870.6686207012561,262143.0
120.45992231369019,-870.6686207012561,262143.0
120.55979990959167,-870.6686207012561,262143.0
120.65953230857849,-870.6686207012561,262143.0
120.75935792922974,-870.6686207012561,262143.0
120.85932159423828,-870.6686207012561,262143.0
120.95980620384216,-870.6686207012561,262143.0
121.05957508087158,-870.6686207012561,262143.0
121.15985584259033,-870.6686207012561,262143.0
121.2592625617981,-870.6686207012561,262143.0
121.35972452163696,-870.6686207012561,262143.0
121.46022152900696,-870.6686207012561,262143.0
121.56018209457397,-870.6686207012561,262143.0
121.65971612930298,-870.6686207012561,262143.0
121.75974631309509,-870.6686207012561,262143.0
121.86015772819519,-870.6686207012561,262143.0
121.96007585525513,-870.6686207012561,262143.0
122.0594642162323,-870.6686207012561,262143.0
122.15935206413269,-870.6686207012561,262143.0
122.25978255271912,-870.6686207012561,262143.0
122.35957503318787,-870.6686207012561,262143.0
122.46010231971741,-870.6686207012561,262143.0
122.56003856658936,-870.6686207012561,262143.0
122.65955877304077,-870.6686207012561,262143.0
122.75949597358704,-870.6686207012561,262143.0
122.85968661308289,-870.6686207012561,262143.0
122.95943427085876,-870.6686207012561,262143.0
123.05974888801575,-870.6686207012561,262143.0
123.15926551818848,-870.6686207012561,262143.0
123.25990581512451,-870.6686207012561,262143.0
123.36019968986511,-870.6686207012561,262143.0
123.45980191230774,-870.6686207012561,262143.0
123.55976009368896,-870.6686207012561,262143.0
123.66002631187439,-870.6686207012561,262143.0
123.76016092300415,-870.6686207012561,262143.0
123.85953855514526,-870.6686207012561,262143.0
123.96031093597412,-870.6686207012561,262143.0
124.06022477149963,-870.6686207012561,262143.0
124.15959572792053,-870.6686207012561,262143.0
124.2598967552185,-870.6686207012561,262143.0
124.3593180179596,-870.6686207012561,262143.0
124.45926356315613,-870.6686207012561,262143.0
124.55971813201904,-870.6686207012561,262143.0
124.66029715538025,-870.6686207012561,262143.0
124.75951790809631,-870.6686207012561,262143.0
124.86035418510437,-870.6686207012561,262143.0
124.95921659469604,-870.6686207012561,262143.0
125.05957055091858,-870.6686207012561,262143.0
125.15980386734009,-870.6686207012561,262143.0
125.26002025604248,-870.6686207012561,262143.0
125.36012077331543,-870.6686207012561,262143.0
125.45964288711548,-870.6686207012561,262143.0
125.55941653251648,-870.6686207012561,262143.0
125.66023063659668,-870.6686207012561,262143.0
125.75941777229309,-870.6686207012561,262143.0
125.85977983474731,-870.6686207012561,262143.0
125.95998096466064,-870.6686207012561,262143.0
126.05959391593933,-870.6686207012561,262143.0
126.15926265716553,-870.6686207012561,262143.0
126.25958156585693,-870.6686207012561,262143.0
126.35925006866455,-870.6686207012561,262143.0
126.459716796875,-870.6686207012561,262143.0
126.55997443199158,-870.6686207012561,262143.0
126.65951466560364,-870.6686207012561,262143.0
126.75923585891724,-870.6686207012561,262143.0
126.85973644256592,-870.6686207012561,262143.0
126.96009421348572,-870.6686207012561,262143.0
127.05962014198303,-870.6686207012561,262143.0
127.15929698944092,-870.6686207012561,262143.0
127.25973916053772,-870.6686207012561,262143.0
127.36020255088806,-870.6686207012561,262143.0
127.45980143547058,-870.6686207012561,262143.0
127.5594642162323,-870.6686207012561,262143.0
127.65956163406372,-870.6686207012561,262143.0
127.75977945327759,-870.6686207012561,262143.0
127.85958957672119,-870.6686207012561,262143.0
127.95953297615051,-870.6686207012561,262143.0
128.05946469306946,-870.6686207012561,262143.0
128.1596224308014,-870.6686207012561,262143.0
128.259343624115,-870.6686207012561,262143.0
128.3601496219635,-870.6686207012561,262143.0
128.45980596542358,-870.6686207012561,262143.0
128.5597846508026,-870.6686207012561,262143.0
128.65954613685608,-870.6686207012561,262143.0
128.75996136665344,-870.6686207012561,262143.0
128.85973834991455,-870.6686207012561,262143.0
128.95957398414612,-870.6686207012561,262143.0
129.0597846508026,-870.6686207012561,262143.0
129.15961956977844,-870.6686207012561,262143.0
129.2601182460785,-870.6686207012561,262143.0
129.36015939712524,-870.6686207012561,262143.0
129.45958375930786,-870.6686207012561,262143.0
129.55976939201355,-870.6686207012561,262143.0
129.6592879295349,-870.6686207012561,262143.0
129.75981378555298,-870.6686207012561,262143.0
129.85933876037598,-870.6686207012561,262143.0
129.9600019454956,-870.6686207012561,262143.0
130.05955290794373,-870.6686207012561,262143.0
130.15946793556213,-870.6686207012561,262143.0
130.25958561897278,-870.6686207012561,262143.0
130.35926413536072,-870.6686207012561,262143.0
130.45955681800842,-870.6686207012561,262143.0
130.559561252594,-870.6686207012561,262143.0
130.65974140167236,-870.6686207012561,262143.0
130.75971746444702,-870.6686207012561,262143.0
130.86010646820068,-870.6686207012561,262143.0
130.95984888076782,-870.6686207012561,262143.0
131.05936765670776,-870.6686207012561,262143.0
131.15938091278076,-870.6686207012561,262143.0
131.25991296768188,-870.6686207012561,262143.0
131.3598930835724,-870.6686207012561,262143.0
131.4598126411438,-870.6686207012561,262143.0
131.5593581199646,-870.6686207012561,262143.0
131.66003131866455,-870.6686207012561,262143.0
131.76004648208618,-870.6686207012561,262143.0
131.8599534034729,-870.6686207012561,262143.0
131.959805727005,-870.6686207012561,262143.0
132.05981612205505,-870.6686207012561,262143.0
132.15966868400574,-870.6686207012561,262143.0
132.25969195365906,-870.6686207012561,262143.0
132.35976099967957,-870.6686207012561,262143.0
132.4600260257721,-870.6686207012561,262143.0
132.55987453460693,-870.6686207012561,262143.0
132.65979290008545,-870.6686207012561,262143.0
132.75986075401306,-870.6686207012561,262143.0
132.85960793495178,-870.6686207012561,262143.0
132.95963621139526,-870.6686207012561,262143.0
133.05937457084656,-870.6686207012561,262143.0
133.16009283065796,-870.6686207012561,262143.0
133.25996470451355,-870.6686207012561,262143.0
133.35990023612976,-870.6686207012561,262143.0
133.45981764793396,-870.6686207012561,262143.0
133.55979537963867,-870.6686207012561,262143.0
133.65982103347778,-870.6686207012561,262143.0
133.7598021030426,-870.6686207012561,262143.0
133.85982370376587,-870.6686207012561,262143.0
133.95964765548706,-870.6686207012561,262143.0
134.05961418151855,-870.6686207012561,262143.0
134.16024780273438,-870.6686207012561,262143.0
134.26003623008728,-870.6686207012561,262143.0
134.35986852645874,-870.6686207012561,262143.0
134.4597795009613,-870.6686207012561,262143.0
134.55945658683777,-870.6686207012561,262143.0
134.6602635383606,-870.6686207012561,262143.0
134.76015496253967,-870.6686207012561,262143.0
134.8601336479187,-870.6686207012561,262143.0
134.95952153205872,-870.6686207012561,262143.0
135.06022834777832,-870.6686207012561,262143.0
135.16006088256836,-870.6686207012561,262143.0
135.2599036693573,-870.6686207012561,262143.0
135.35979223251343,-870.6686207012561,262143.0
135.45992374420166,-870.6686207012561,262143.0
135.5600459575653,-870.6686207012561,262143.0
135.6599280834198,-870.6686207012561,262143.0
135.7597999572754,-870.6686207012561,262143.0
135.85956287384033,-870.6686207012561,262143.0
135.95936107635498,-870.6686207012561,262143.0
136.05929327011108,-870.6686207012561,262143.0
136.1602053642273,-870.6686207012561,262143.0
136.26021242141724,-870.6686207012561,262143.0
136.35967350006104,-870.6686207012561,262143.0
136.45941758155823,-870.6686207012561,262143.0
136.55973601341248,-870.6686207012561,262143.0
136.660076379776,-870.6686207012561,262143.0
136.75996494293213,-870.6686207012561,262143.0
136.85997891426086,-870.6686207012561,262143.0
136.9599895477295,-870.6686207012561,262143.0
137.05957889556885,-870.6686207012561,262143.0
137.15931630134583,-870.6686207012561,262143.0
137.26021456718445,-870.6686207012561,262143.0
137.36017084121704,-870.6686207012561,262143.0
137.45966339111328,-870.6686207012561,262143.0
137.5598545074463,-870.6686207012561,262143.0
137.65998125076294,-870.6686207012561,262143.0
137.75995087623596,-870.6686207012561,262143.0
137.86009097099304,-870.6686207012561,262143.0
137.9599826335907,-870.6686207012561,262143.0
138.06003046035767,-870.6686207012561,262143.0
138.16025257110596,-870.6686207012561,262143.0
138.25945615768433,-870.6686207012561,262143.0
138.35991048812866,-870.6686207012561,262143.0
138.460040807724,-870.6686207012561,262143.0
138.55947923660278,-870.6686207012561,262143.0
138.65934681892395,-870.6686207012561,262143.0
138.75961184501648,-870.6686207012561,262143.0
138.8601062297821,-870.6686207012561,262143.0
138.96024298667908,-870.6686207012561,262143.0
139.05942225456238,-870.6686207012561,262143.0
139.1600685119629,-870.6686207012561,262143.0
139.26000571250916,-870.6686207012561,262143.0
139.35991668701172,-870.6686207012561,262143.0
139.45972561836243,-870.6686207012561,262143.0
139.56028723716736,-870.6686207012561,262143.0
139.66016149520874,-870.6686207012561,262143.0
139.75999665260315,-870.6686207012561,262143.0
139.86005401611328,-870.6686207012561,262143.0
139.95976567268372,-870.6686207012561,262143.0
140.05975699424744,-870.6686207012561,262143.0
140.1593415737152,-870.6686207012561,262143.0
140.2595682144165,-870.6686207012561,262143.0
140.35924625396729,-870.6686207012561,262143.0
140.45942163467407,-870.6686207012561,262143.0
140.5601143836975,-870.6686207012561,262143.0
140.6595847606659,-870.6686207012561,262143.0
140.7590947151184,-870.6686207012561,262143.0
140.85940623283386,-870.6686207012561,262143.0
140.9592366218567,-870.6686207012561,262143.0
141.0593831539154,-870.6686207012561,262143.0
141.15911722183228,-870.6686207012561,262143.0
141.25938725471497,-870.6686207012561,262143.0
141.35938477516174,-870.6686207012561,262143.0
141.45968198776245,-870.6686207012561,262143.0
141.55916047096252,-870.6686207012561,262143.0
141.65965580940247,-870.6686207012561,262143.0
141.75951266288757,-870.6686207012561,262143.0
141.8595163822174,-870.6686207012561,262143.0
141.95899510383606,-870.6686207012561,262143.0
142.05964541435242,-870.6686207012561,262143.0
142.1591875553131,-870.6686207012561,262143.0
142.25995993614197,-870.6686207012561,262143.0
142.35957026481628,-870.6686207012561,262143.0
142.46001625061035,-870.6686207012561,262143.0
142.55914855003357,-870.6686207012561,262143.0
142.65994000434875,-870.6686207012561,262143.0
142.7590389251709,-870.6686207012561,262143.0
142.85958647727966,-870.6686207012561,262143.0
142.95954608917236,-870.6686207012561,262143.0
143.0600790977478,-870.6686207012561,262143.0
143.15976929664612,-870.6686207012561,262143.0
143.25921154022217,-870.6686207012561,262143.0
143.3595244884491,-870.6686207012561,262143.0
143.46014642715454,-870.6686207012561,262143.0
143.5591585636139,-870.6686207012561,262143.0
143.6598687171936,-870.6686207012561,262143.0
143.76001834869385,-870.6686207012561,262143.0
143.85973691940308,-870.6686207012561,262143.0
143.95966577529907,-870.6686207012561,262143.0
144.05959010124207,-870.6686207012561,262143.0
144.1596963405609,-870.6686207012561,262143.0
144.25974464416504,-870.6686207012561,262143.0
144.35933637619019,-870.6686207012561,262143.0
144.45938849449158,-870.6686207012561,262143.0
144.56171011924744,-870.6686207012561,262143.0
144.6623077392578,-870.6686207012561,262143.0
144.76192593574524,-870.6686207012561,262143.0
144.8596112728119,-870.6686207012561,262143.0
144.9592022895813,-870.6686207012561,262143.0
145.06132745742798,-870.6686207012561,262143.0
145.16022443771362,-870.6686207012561,262143.0
145.25995326042175,-870.6686207012561,262143.0
145.35987091064453,-870.6686207012561,262143.0
145.4599642753601,-870.6686207012561,262143.0
145.5595510005951,-870.6686207012561,262143.0
145.66013741493225,-870.6686207012561,262143.0
145.75982904434204,-870.6686207012561,262143.0
145.85932660102844,-870.6686207012561,262143.0
145.95934081077576,-870.6686207012561,262143.0
146.0602102279663,-870.6686207012561,262143.0
146.15949296951294,-870.6686207012561,262143.0
146.25946235656738,-870.6686207012561,262143.0
146.36003303527832,-870.6686207012561,262143.0
146.46006631851196,-870.6686207012561,262143.0
146.55952286720276,-870.6686207012561,262143.0
146.65942358970642,-870.6686207012561,262143.0
146.75937008857727,-870.6686207012561,262143.0
146.86002683639526,-870.6686207012561,262143.0
146.9591588973999,-870.6686207012561,262143.0
147.0591642856598,-870.6686207012561,262143.0
147.15998530387878,-870.6686207012561,262143.0
147.25977039337158,-870.6686207012561,262143.0
147.35922765731812,-870.6686207012561,262143.0
147.46018147468567,-870.6686207012561,262143.0
147.55973052978516,-870.6686207012561,262143.0
147.66003394126892,-870.6686207012561,262143.0
147.75956296920776,-870.6686207012561,262143.0
147.85928010940552,-870.6686207012561,262143.0
147.9592568874359,-870.6686207012561,262143.0
148.05944561958313,-870.6686207012561,262143.0
148.15997290611267,-870.6686207012561,262143.0
148.26010298728943,-870.6686207012561,262143.0
148.35947823524475,-870.6686207012561,262143.0
148.45934462547302,-870.6686207012561,262143.0
148.55968070030212,-870.6686207012561,262143.0
148.65979099273682,-870.6686207012561,262143.0
148.75969529151917,-870.6686207012561,262143.0
148.8599591255188,-870.6686207012561,262143.0
148.95985174179077,-870.6686207012561,262143.0
149.05982089042664,-870.6686207012561,262143.0
149.16004514694214,-870.6686207012561,262143.0
149.2598786354065,-870.6686207012561,262143.0
149.35974645614624,-870.6686207012561,262143.0
149.4594976902008,-870.6686207012561,262143.0
149.55955028533936,-870.6686207012561,262143.0
149.65950727462769,-870.6686207012561,262143.0
149.759375333786,-870.6686207012561,262143.0
149.85998964309692,-870.6686207012561,262143.0
149.96778416633606,-870.6686207012561,262143.0
150.0624861717224,-870.6686207012561,262143.0
150.16256141662598,-870.6686207012561,262143.0
150.2609941959381,-870.6686207012561,262143.0
150.36158847808838,-870.6686207012561,262143.0
150.46015453338623,-870.6686207012561,262143.0
150.56081771850586,-870.6686207012561,262143.0
150.659339427948,-870.6686207012561,262143.0
150.7598431110382,-870.6686207012561,262143.0
150.85959815979004,-870.6686207012561,262143.0
150.96011638641357,-870.6686207012561,262143.0
151.0708131790161,-870.6686207012561,262143.0
151.15903210639954,-870.6686207012561,262143.0
151.26105856895447,-870.6686207012561,262143.0
151.36061787605286,-870.6686207012561,262143.0
151.4602608680725,-870.6686207012561,262143.0
151.56208491325378,-870.6686207012561,262143.0
151.66212034225464,-870.6686207012561,262143.0
151.75912594795227,-870.6686207012561,262143.0
151.86004543304443,-870.6686207012561,262143.0
151.96010565757751,-870.6686207012561,262143.0
152.059809923172,-870.6686207012561,262143.0
152.15999627113342,-870.6686207012561,262143.0
152.25988864898682,-870.6686207012561,262143.0
152.3600296974182,-870.6686207012561,262143.0
152.4599711894989,-870.6686207012561,262143.0
152.55961394309998,-870.6686207012561,262143.0
152.65985751152039,-870.6686207012561,262143.0
152.76243710517883,-870.6686207012561,262143.0
152.86131024360657,-870.6686207012561,262143.0
152.96010851860046,-870.6686207012561,262143.0
153.06218957901,-870.6686207012561,262143.0
153.16169953346252,-870.6686207012561,262143.0
153.25998210906982,-870.6686207012561,262143.0
153.35942339897156,-870.6686207012561,262143.0
153.460196018219,-870.6686207012561,262143.0
153.55971479415894,-870.6686207012561,262143.0
153.6601665019989,-870.6686207012561,262143.0
153.75983428955078,-870.6686207012561,262143.0
153.85972213745117,-870.6686207012561,262143.0
153.95968556404114,-870.6686207012561,262143.0
154.05954885482788,-870.6686207012561,262143.0
154.15960049629211,-870.6686207012561,262143.0
154.2595191001892,-870.6686207012561,262143.0
154.35948061943054,-870.6686207012561,262143.0
154.45940804481506,-870.6686207012561,262143.0
154.5596206188202,-870.6686207012561,262143.0
154.65983200073242,-870.6686207012561,262143.0
154.75968885421753,-870.6686207012561,262143.0
154.85985279083252,-870.6686207012561,262143.0
154.95970916748047,-870.6686207012561,262143.0
155.05950951576233,-870.6686207012561,262143.0
155.15957975387573,-870.6686207012561,262143.0
155.25964307785034,-870.6686207012561,262143.0
155.3602774143219,-870.6686207012561,262143.0
155.45960426330566,-870.6686207012561,262143.0
155.56013083457947,-870.6686207012561,262143.0
155.65946865081787,-870.6686207012561,262143.0
155.75962162017822,-870.6686207012561,262143.0
155.85970997810364,-870.6686207012561,262143.0
155.95969367027283,-870.6686207012561,262143.0
156.05969762802124,-870.6686207012561,262143.0
156.1596987247467,-870.6686207012561,262143.0
156.25963234901428,-870.6686207012561,262143.0
156.35958218574524,-870.6686207012561,262143.0
156.45980429649353,-870.6686207012561,262143.0
156.56002926826477,-870.6686207012561,262143.0
156.6616930961609,-870.6686207012561,262143.0
156.76170206069946,-870.6686207012561,262143.0
156.86130714416504,-870.6686207012561,262143.0
156.96001434326172,-870.6686207012561,262143.0
157.0601134300232,-870.6686207012561,262143.0
157.1620831489563,-870.6686207012561,262143.0
157.26195645332336,-870.6686207012561,262143.0
157.35928177833557,-870.6686207012561,262143.0
157.45940780639648,-870.6686207012561,262143.0
157.56007027626038,-870.6686207012561,262143.0
157.65941405296326,-870.6686207012561,262143.0
157.75994777679443,-870.6686207012561,262143.0
157.86025261878967,-870.6686207012561,262143.0
157.9600431919098,-870.6686207012561,262143.0
158.06646609306335,-870.6686207012561,262143.0
158.16337180137634,-870.6686207012561,262143.0
158.25939226150513,-870.6686207012561,262143.0
158.3611443042755,-870.6686207012561,262143.0
158.46168994903564,-870.6686207012561,262143.0
158.5636932849884,-870.6686207012561,262143.0
158.66019368171692,-870.6686207012561,262143.0
158.75978183746338,-870.6686207012561,262143.0
158.8599305152893,-870.6686207012561,262143.0
158.9596881866455,-870.6686207012561,262143.0
159.05958461761475,-870.6686207012561,262143.0
159.1595778465271,-870.6686207012561,262143.0
159.25983023643494,-870.6686207012561,262143.0
159.36018562316895,-870.6686207012561,262143.0
159.4593255519867,-870.6686207012561,262143.0
159.5598123073578,-870.6686207012561,262143.0
159.66000699996948,-870.6686207012561,262143.0
159.76028180122375,-870.6686207012561,262143.0
159.85956573486328,-870.6686207012561,262143.0
159.9594943523407,-870.6686207012561,262143.0
160.05936789512634,-870.6686207012561,262143.0
160.16022205352783,-870.6686207012561,262143.0
160.25958919525146,-870.6686207012561,262143.0
160.35937929153442,-870.6686207012561,262143.0
160.45938229560852,-870.6686207012561,262143.0
160.55944895744324,-870.6686207012561,262143.0
160.65955758094788,-870.6686207012561,262143.0
160.7598922252655,-870.6686207012561,262143.0
160.85963368415833,-870.6686207012561,262143.0
160.95952153205872,-870.6686207012561,262143.0
161.0594711303711,-870.6686207012561,262143.0
161.1594054698944,-870.6686207012561,262143.0
161.25941467285156,-870.6686207012561,262143.0
161.3593521118164,-870.6686207012561,262143.0
161.46025466918945,-870.6686207012561,262143.0
161.56024312973022,-870.6686207012561,262143.0
161.6594808101654,-870.6686207012561,262143.0
161.75934720039368,-870.6686207012561,262143.0
161.85934114456177,-870.6686207012561,262143.0
161.9602189064026,-870.6686207012561,262143.0
162.05955862998962,-870.6686207012561,262143.0
162.15934014320374,-870.6686207012561,262143.0
162.25929975509644,-870.6686207012561,262143.0
162.36021828651428,-870.6686207012561,262143.0
162.4594235420227,-870.6686207012561,262143.0
162.55953168869019,-870.6686207012561,262143.0
162.6593611240387,-870.6686207012561,262143.0
162.76032066345215,-870.6686207012561,262143.0
162.8594512939453,-870.6686207012561,262143.0
162.95941877365112,-870.6686207012561,262143.0
163.05966782569885,-870.6686207012561,262143.0
163.15985870361328,-870.6686207012561,262143.0
163.26683378219604,-870.6686207012561,262143.0
163.35992908477783,-870.6686207012561,262143.0
163.46047973632812,-870.6686207012561,262143.0
163.55955815315247,-870.6686207012561,262143.0
163.66039037704468,-870.6686207012561,262143.0
163.75933694839478,-870.6686207012561,262143.0
163.8605659008026,-870.6686207012561,262143.0
163.95978927612305,-870.6686207012561,262143.0
164.0601840019226,-870.6686207012561,262143.0
164.15948176383972,-870.6686207012561,262143.0
164.25936818122864,-870.6686207012561,262143.0
164.35933923721313,-870.6686207012561,262143.0
164.46021056175232,-870.6686207012561,262143.0
164.55963468551636,-870.6686207012561,262143.0
164.6594853401184,-870.6686207012561,262143.0
164.75943279266357,-870.6686207012561,262143.0
164.85932111740112,-870.6686207012561,262143.0
164.95959758758545,-870.6686207012561,262143.0
165.05941700935364,-870.6686207012561,262143.0
165.15959310531616,-870.6686207012561,262143.0
165.25951957702637,-870.6686207012561,262143.0
165.3597056865692,-870.6686207012561,262143.0
165.45945954322815,-870.6686207012561,262143.0
165.55990552902222,-870.6686207012561,262143.0
165.65950417518616,-870.6686207012561,262143.0
165.75948023796082,-870.6686207012561,262143.0
165.85943031311035,-870.6686207012561,262143.0
165.95935940742493,-870.6686207012561,262143.0
166.05938124656677,-870.6686207012561,262143.0
166.15977787971497,-870.6686207012561,262143.0
166.2595133781433,-870.6686207012561,262143.0
166.35932660102844,-870.6686207012561,262143.0
166.46027183532715,-870.6686207012561,262143.0
166.559916973114,-870.6686207012561,262143.0
166.66019749641418,-870.6686207012561,262143.0
166.7594039440155,-870.6686207012561,262143.0
166.85997915267944,-870.6686207012561,262143.0
166.9602828025818,-870.6686207012561,262143.0
167.05938291549683,-870.6686207012561,262143.0
167.15933775901794,-870.6686207012561,262143.0
167.26024866104126,-870.6686207012561,262143.0
167.35943937301636,-870.6686207012561,262143.0
167.46026253700256,-870.6686207012561,262143.0
167.55946803092957,-870.6686207012561,262143.0
167.66026282310486,-870.6686207012561,262143.0
167.7593491077423,-870.6686207012561,262143.0
167.8602225780487,-870.6686207012561,262143.0
167.95951771736145,-870.6686207012561,262143.0
168.05994987487793,-870.6686207012561,262143.0
168.16019916534424,-870.6686207012561,262143.0
168.25943851470947,-870.6686207012561,262143.0
168.3602318763733,-870.6686207012561,262143.0
168.45944619178772,-870.6686207012561,262143.0
168.5594277381897,-870.6686207012561,262143.0
168.6602439880371,-870.6686207012561,262143.0
168.75939893722534,-870.6686207012561,262143.0
168.8602511882782,-870.6686207012561,262143.0
168.95984530448914,-870.6686207012561,262143.0
169.05957341194153,-870.6686207012561,262143.0
169.15935373306274,-870.6686207012561,262143.0
169.2602024078369,-870.6686207012561,262143.0
169.36018919944763,-870.6686207012561,262143.0
169.4593825340271,-870.6686207012561,262143.0
169.5593101978302,-870.6686207012561,262143.0
169.66029238700867,-870.6686207012561,262143.0
169.7602882385254,-870.6686207012561,262143.0
169.8594844341278,-870.6686207012561,262143.0
169.9602484703064,-870.6686207012561,262143.0
170.05946516990662,-870.6686207012561,262143.0
170.1593153476715,-870.6686207012561,262143.0
170.26017880439758,-870.6686207012561,262143.0
170.36027789115906,-870.6686207012561,262143.0
170.45945072174072,-870.6686207012561,262143.0
170.5599181652069,-870.6686207012561,262143.0
170.6600956916809,-870.6686207012561,262143.0
170.7593698501587,-870.6686207012561,262143.0
170.85937070846558,-870.6686207012561,262143.0
170.96025228500366,-870.6686207012561,262143.0
171.0593981742859,-870.6686207012561,262143.0
171.1594123840332,-870.6686207012561,262143.0
171.26020884513855,-870.6686207012561,262143.0
171.35948252677917,-870.6686207012561,262143.0
171.4600648880005,-870.6686207012561,262143.0
171.55942678451538,-870.6686207012561,262143.0
171.6599235534668,-870.6686207012561,262143.0
171.75932621955872,-870.6686207012561,262143.0
171.85933685302734,-870.6686207012561,262143.0
171.95938897132874,-870.6686207012561,262143.0
172.06027388572693,-870.6686207012561,262143.0
172.15950560569763,-870.6686207012561,262143.0
172.25946831703186,-870.6686207012561,262143.0
172.35979390144348,-870.6686207012561,262143.0
172.46018886566162,-870.6686207012561,262143.0
172.5596730709076,-870.6686207012561,262143.0
172.65954041481018,-870.6686207012561,262143.0
172.75935077667236,-870.6686207012561,262143.0
172.8600914478302,-870.6686207012561,262143.0
172.96009993553162,-870.6686207012561,262143.0
173.05945801734924,-870.6686207012561,262143.0
173.15949726104736,-870.6686207012561,262143.0
173.25989532470703,-870.6686207012561,262143.0
173.35994815826416,-870.6686207012561,262143.0
173.45979642868042,-870.6686207012561,262143.0
173.5600619316101,-870.6686207012561,262143.0
173.65920972824097,-870.6686207012561,262143.0
173.75967240333557,-870.6686207012561,262143.0
173.8596384525299,-870.6686207012561,262143.0
173.95959305763245,-870.6686207012561,262143.0
174.05969214439392,-870.6686207012561,262143.0
174.15946698188782,-870.6686207012561,262143.0
174.25911784172058,-870.6686207012561,262143.0
174.35991978645325,-870.6686207012561,262143.0
174.45926070213318,-870.6686207012561,262143.0
174.55998015403748,-870.6686207012561,262143.0
174.65937185287476,-870.6686207012561,262143.0
174.76009821891785,-870.6686207012561,262143.0
174.8599934577942,-870.6686207012561,262143.0
174.95991444587708,-870.6686207012561,262143.0
175.0602617263794,-870.6686207012561,262143.0
175.15936613082886,-870.6686207012561,262143.0
175.25959658622742,-870.6686207012561,262143.0
175.36004066467285,-870.6686207012561,262143.0
175.45972561836243,-870.6686207012561,262143.0
175.55983209609985,-870.6686207012561,262143.0
175.6602749824524,-870.6686207012561,262143.0
175.77957773208618,-870.6686207012561,262143.0
175.86029076576233,-870.6686207012561,262143.0
175.96055722236633,-870.6686207012561,262143.0
176.05945253372192,-870.6686207012561,262143.0
176.160484790802,-870.6686207012561,262143.0
176.26184153556824,-870.6686207012561,262143.0
176.36184549331665,-870.6686207012561,262143.0
176.45935034751892,-870.6686207012561,262143.0
176.55977654457092,-870.6686207012561,262143.0
176.65925478935242,-870.6686207012561,262143.0
176.7599024772644,-870.6686207012561,262143.0
176.85925436019897,-870.6686207012561,262143.0
176.95936703681946,-870.6686207012561,262143.0
177.06004238128662,-870.6686207012561,262143.0
177.15935492515564,-870.6686207012561,262143.0
177.26016235351562,-870.6686207012561,262143.0
177.36032915115356,-870.6686207012561,262143.0
177.45945239067078,-870.6686207012561,262143.0
177.55998468399048,-870.6686207012561,262143.0
177.66029357910156,-870.6686207012561,262143.0
177.7596001625061,-870.6686207012561,262143.0
177.85967183113098,-870.6686207012561,262143.0
177.95939540863037,-870.6686207012561,262143.0
178.05940699577332,-870.6686207012561,262143.0
178.1602852344513,-870.6686207012561,262143.0
178.25980186462402,-870.6686207012561,262143.0
178.36068105697632,-870.6686207012561,262143.0
178.45955967903137,-870.6686207012561,262143.0
178.5600666999817,-870.6686207012561,262143.0
178.66021037101746,-870.6686207012561,262143.0
178.75989747047424,-870.6686207012561,262143.0
178.86088347434998,-870.6686207012561,262143.0
178.96006631851196,-870.6686207012561,262143.0
179.06020879745483,-870.6686207012561,262143.0
179.1602623462677,-870.6686207012561,262143.0
179.25948548316956,-870.6686207012561,262143.0
179.36021518707275,-870.6686207012561,262143.0
179.46015048027039,-870.6686207012561,262143.0
179.55937957763672,-870.6686207012561,262143.0
179.66008305549622,-870.6686207012561,262143.0
179.76021361351013,-870.6686207012561,262143.0
179.86025142669678,-870.6686207012561,262143.0
179.9602439403534,-870.6686207012561,262143.0
180.0599286556244,-870.6686207012561,262143.0
180.16016173362732,-870.6686207012561,262143.0
180.2601761817932,-870.6686207012561,262143.0
180.36023378372192,-870.6686207012561,262143.0
180.45986700057983,-870.6686207012561,262143.0
180.5599594116211,-870.6686207012561,262143.0
180.66024827957153,-870.6686207012561,262143.0
180.75930404663086,-870.6686207012561,262143.0
180.86009550094604,-870.6686207012561,262143.0
180.96016573905945,-870.6686207012561,262143.0
181.06025791168213,-870.6686207012561,262143.0
181.1599133014679,-870.6686207012561,262143.0
181.26003909111023,-870.6686207012561,262143.0
181.36019563674927,-870.6686207012561,262143.0
181.46022820472717,-870.6686207012561,262143.0
181.5599730014801,-870.6686207012561,262143.0
181.6598081588745,-870.6686207012561,262143.0
181.7601020336151,-870.6686207012561,262143.0
181.86027431488037,-870.6686207012561,262143.0
181.95954203605652,-870.6686207012561,262143.0
182.05982851982117,-870.6686207012561,262143.0
182.15998530387878,-870.6686207012561,262143.0
182.2602379322052,-870.6686207012561,262143.0
182.35934114456177,-870.6686207012561,262143.0
182.46003913879395,-870.6686207012561,262143.0
182.55939364433289,-870.6686207012561,262143.0
182.65957808494568,-870.6686207012561,262143.0
182.76078939437866,-870.6686207012561,262143.0
182.85907363891602,-870.6686207012561,262143.0
182.9592626094818,-870.6686207012561,262143.0
183.06246876716614,-870.6686207012561,262143.0
183.15913271903992,-870.6686207012561,262143.0
183.26131582260132,-870.6686207012561,262143.0
183.3614490032196,-870.6686207012561,262143.0
183.45938158035278,-870.6686207012561,262143.0
183.55970525741577,-870.6686207012561,262143.0
183.66018986701965,-870.6686207012561,262143.0
183.76020526885986,-870.6686207012561,262143.0
183.85963487625122,-870.6686207012561,262143.0
183.96000504493713,-870.6686207012561,262143.0
184.05989480018616,-870.6686207012561,262143.0
184.1601848602295,-870.6686207012561,262143.0
184.2599494457245,-870.6686207012561,262143.0
184.36018085479736,-870.6686207012561,262143.0
184.4602038860321,-870.6686207012561,262143.0
184.55998826026917,-870.6686207012561,262143.0
184.6601870059967,-870.6686207012561,262143.0
184.75958609580994,-870.6686207012561,262143.0
184.8594946861267,-870.6686207012561,262143.0
184.96032547950745,-870.6686207012561,262143.0
185.0592703819275,-870.6686207012561,262143.0
185.1593677997589,-870.6686207012561,262143.0
185.2600495815277,-870.6686207012561,262143.0
185.35991549491882,-870.6686207012561,262143.0
185.46005654335022,-870.6686207012561,262143.0
185.56020545959473,-870.6686207012561,262143.0
185.65990543365479,-870.6686207012561,262143.0
185.76006317138672,-870.6686207012561,262143.0
185.86018228530884,-870.6686207012561,262143.0
185.96012902259827,-870.6686207012561,262143.0
186.05980253219604,-870.6686207012561,262143.0
186.16010355949402,-870.6686207012561,262143.0
186.26008367538452,-870.6686207012561,262143.0
186.35979437828064,-870.6686207012561,262143.0
186.46016478538513,-870.6686207012561,262143.0
186.55949234962463,-870.6686207012561,262143.0
186.65934133529663,-870.6686207012561,262143.0
186.76030850410461,-870.6686207012561,262143.0
186.8601598739624,-870.6686207012561,262143.0
186.95933890342712,-870.6686207012561,262143.0
187.06013822555542,-870.6686207012561,262143.0
187.16024923324585,-870.6686207012561,262143.0
187.25938534736633,-870.6686207012561,262143.0
187.35942029953003,-870.6686207012561,262143.0
187.45958638191223,-870.6686207012561,262143.0
187.55953121185303,-870.6686207012561,262143.0
187.66013288497925,-870.6686207012561,262143.0
187.75976085662842,-870.6686207012561,262143.0
187.85943412780762,-870.6686207012561,262143.0
187.9598536491394,-870.6686207012561,262143.0
188.0599193572998,-870.6686207012561,262143.0
188.15981531143188,-870.6686207012561,262143.0
188.25959467887878,-870.6686207012561,262143.0
188.35984897613525,-870.6686207012561,262143.0
188.4599575996399,-870.6686207012561,262143.0
188.5596785545349,-870.6686207012561,262143.0
188.65979027748108,-870.6686207012561,262143.0
188.75964951515198,-870.6686207012561,262143.0
188.85922408103943,-870.6686207012561,262143.0
188.9597499370575,-870.6686207012561,262143.0
189.0599856376648,-870.6686207012561,262143.0
189.15952920913696,-870.6686207012561,262143.0
189.25973916053772,-870.6686207012561,262143.0
189.3596785068512,-870.6686207012561,262143.0
189.46007466316223,-870.6686207012561,262143.0
189.55990958213806,-870.6686207012561,262143.0
189.66020393371582,-870.6686207012561,262143.0
189.7596950531006,-870.6686207012561,262143.0
189.85960292816162,-870.6686207012561,262143.0
189.95984077453613,-870.6686207012561,262143.0
190.06099677085876,-870.6686207012561,262143.0
190.16010689735413,-870.6686207012561,262143.0
190.25982213020325,-870.6686207012561,262143.0
190.3616964817047,-870.6686207012561,262143.0
190.46227741241455,-870.6686207012561,262143.0
190.561621427536,-870.6686207012561,262143.0
190.6615970134735,-870.6686207012561,262143.0
190.7595887184143,-870.6686207012561,262143.0
190.85988426208496,-870.6686207012561,262143.0
190.95985889434814,-870.6686207012561,262143.0
191.05994749069214,-870.6686207012561,262143.0
191.15973234176636,-870.6686207012561,262143.0
191.26005697250366,-870.6686207012561,262143.0
191.35989928245544,-870.6686207012561,262143.0
191.45963954925537,-870.6686207012561,262143.0
191.5596101284027,-870.6686207012561,262143.0
191.6595447063446,-870.6686207012561,262143.0
191.75961470603943,-870.6686207012561,262143.0
191.85989952087402,-870.6686207012561,262143.0
191.95991611480713,-870.6686207012561,262143.0
192.06002759933472,-870.6686207012561,262143.0
192.15979766845703,-870.6686207012561,262143.0
192.25995302200317,-870.6686207012561,262143.0
192.35964918136597,-870.6686207012561,262143.0
192.45990419387817,-870.6686207012561,262143.0
192.55995774269104,-870.6686207012561,262143.0
192.6599407196045,-870.6686207012561,262143.0
192.75997614860535,-870.6686207012561,262143.0
192.85989785194397,-870.6686207012561,262143.0
192.95991706848145,-870.6686207012561,262143.0
193.06013560295105,-870.6686207012561,262143.0
193.1601243019104,-870.6686207012561,262143.0
193.26014399528503,-870.6686207012561,262143.0
193.36004877090454,-870.6686207012561,262143.0
193.4599256515503,-870.6686207012561,262143.0
193.56008100509644,-870.6686207012561,262143.0
193.6601881980896,-870.6686207012561,262143.0
193.76014232635498,-870.6686207012561,262143.0
193.8596374988556,-870.6686207012561,262143.0
193.9594600200653,-870.6686207012561,262143.0
194.0593671798706,-870.6686207012561,262143.0
194.1601366996765,-870.6686207012561,262143.0
194.26021027565002,-870.6686207012561,262143.0
194.3602259159088,-870.6686207012561,262143.0
194.45937395095825,-870.6686207012561,262143.0
194.55999040603638,-870.6686207012561,262143.0
194.6596806049347,-870.6686207012561,262143.0
194.76016497612,-870.6686207012561,262143.0
194.86028957366943,-870.6686207012561,262143.0
194.9600751399994,-870.6686207012561,262143.0
195.06008529663086,-870.6686207012561,262143.0
195.15996623039246,-870.6686207012561,262143.0
195.2600793838501,-870.6686207012561,262143.0
195.3599238395691,-870.6686207012561,262143.0
195.4600546360016,-870.6686207012561,262143.0
195.56014609336853,-870.6686207012561,262143.0
195.66002559661865,-870.6686207012561,262143.0
195.7600395679474,-870.6686207012561,262143.0
195.86010313034058,-870.6686207012561,262143.0
195.96027326583862,-870.6686207012561,262143.0
196.05956029891968,-870.6686207012561,262143.0
196.1602201461792,-870.6686207012561,262143.0
196.26013922691345,-870.6686207012561,262143.0
196.3602156639099,-870.6686207012561,262143.0
196.46018981933594,-870.6686207012561,262143.0
196.56002569198608,-870.6686207012561,262143.0
196.6600956916809,-870.6686207012561,262143.0
196.7594759464264,-870.6686207012561,262143.0
196.86009526252747,-870.6686207012561,262143.0
196.95950937271118,-870.6686207012561,262143.0
197.0599856376648,-870.6686207012561,262143.0
197.15999507904053,-870.6686207012561,262143.0
197.25994229316711,-870.6686207012561,262143.0
197.36000537872314,-870.6686207012561,262143.0
197.45969891548157,-870.6686207012561,262143.0
197.56001138687134,-870.6686207012561,262143.0
197.659921169281,-870.6686207012561,262143.0
197.75974917411804,-870.6686207012561,262143.0
197.85997128486633,-870.6686207012561,262143.0
197.959867477417,-870.6686207012561,262143.0
198.05990290641785,-870.6686207012561,262143.0
198.16002893447876,-870.6686207012561,262143.0
198.25979590415955,-870.6686207012561,262143.0
198.35983514785767,-870.6686207012561,262143.0
198.4597909450531,-870.6686207012561,262143.0
198.55993819236755,-870.6686207012561,262143.0
198.65990209579468,-870.6686207012561,262143.0
198.7602458000183,-870.6686207012561,262143.0
198.860276222229,-870.6686207012561,262143.0
198.959406375885,-870.6686207012561,262143.0
199.06024432182312,-870.6686207012561,262143.0
199.15958213806152,-870.6686207012561,262143.0
199.2596094608307,-870.6686207012561,262143.0
199.35996222496033,-870.6686207012561,262143.0
199.45999693870544,-870.6686207012561,262143.0
199.56012725830078,-870.6686207012561,262143.0
199.65982055664062,-870.6686207012561,262143.0
199.76022148132324,-870.6686207012561,262143.0
199.8602647781372,-870.6686207012561,262143.0
199.9596745967865,-870.6686207012561,262143.0
200.0595576763153,-870.6686207012561,262143.0
200.15987515449524,-870.6686207012561,262143.0
200.2600121498108,-870.6686207012561,262143.0
200.3602328300476,-870.6686207012561,262143.0
200.46030592918396,-870.6686207012561,262143.0
200.5600140094757,-870.6686207012561,262143.0
200.66006875038147,-870.6686207012561,262143.0
200.7598156929016,-870.6686207012561,262143.0
200.85992336273193,-870.6686207012561,262143.0
200.95939922332764,-870.6686207012561,262143.0
201.05969500541687,-870.6686207012561,262143.0
201.1603000164032,-870.6686207012561,262143.0
201.26017999649048,-870.6686207012561,262143.0
201.35936617851257,-870.6686207012561,262143.0
201.45981121063232,-870.6686207012561,262143.0
201.5600984096527,-870.6686207012561,262143.0
201.65987610816956,-870.6686207012561,262143.0
201.75937128067017,-870.6686207012561,262143.0
201.8596556186676,-870.6686207012561,262143.0
201.96002912521362,-870.6686207012561,262143.0
202.06027030944824,-870.6686207012561,262143.0
202.16024041175842,-870.6686207012561,262143.0
202.25949811935425,-870.6686207012561,262143.0
202.3598382472992,-870.6686207012561,262143.0
202.45999217033386,-870.6686207012561,262143.0
202.55976819992065,-870.6686207012561,262143.0
202.6597969532013,-870.6686207012561,262143.0
202.75983357429504,-870.6686207012561,262143.0
202.85976099967957,-870.6686207012561,262143.0
202.9598536491394,-870.6686207012561,262143.0
203.05989480018616,-870.6686207012561,262143.0
203.15986728668213,-870.6686207012561,262143.0
203.25979852676392,-870.6686207012561,262143.0
203.35984253883362,-870.6686207012561,262143.0
203.45959186553955,-870.6686207012561,262143.0
203.5596959590912,-870.6686207012561,262143.0
203.65983843803406,-870.6686207012561,262143.0
203.76009106636047,-870.6686207012561,262143.0
203.85977864265442,-870.6686207012561,262143.0
203.95967745780945,-870.6686207012561,262143.0
204.05986523628235,-870.6686207012561,262143.0
204.1599087715149,-870.6686207012561,262143.0
204.25997257232666,-870.6686207012561,262143.0
204.36000323295593,-870.6686207012561,262143.0
204.46020579338074,-870.6686207012561,262143.0
204.5593249797821,-870.6686207012561,262143.0
204.66022515296936,-870.6686207012561,262143.0
204.75944638252258,-870.6686207012561,262143.0
204.85938835144043,-870.6686207012561,262143.0
204.9596939086914,-870.6686207012561,262143.0
205.0598738193512,-870.6686207012561,262143.0
205.15970134735107,-870.6686207012561,262143.0
205.25976586341858,-870.6686207012561,262143.0
205.36011743545532,-870.6686207012561,262143.0
205.4601411819458,-870.6686207012561,262143.0
205.55959939956665,-870.6686207012561,262143.0
205.65985345840454,-870.6686207012561,262143.0
205.76006650924683,-870.6686207012561,262143.0
205.8600935935974,-870.6686207012561,262143.0
205.96018266677856,-870.6686207012561,262143.0
206.06015133857727,-870.6686207012561,262143.0
206.15986895561218,-870.6686207012561,262143.0
206.25982809066772,-870.6686207012561,262143.0
206.3598928451538,-870.6686207012561,262143.0
206.45988416671753,-870.6686207012561,262143.0
206.55930995941162,-870.6686207012561,262143.0
206.65930771827698,-870.6686207012561,262143.0
206.75944447517395,-870.6686207012561,262143.0
206.85983419418335,-870.6686207012561,262143.0
206.9599151611328,-870.6686207012561,262143.0
207.0600380897522,-870.6686207012561,262143.0
207.16022372245789,-870.6686207012561,262143.0
207.26005935668945,-870.6686207012561,262143.0
207.35979008674622,-870.6686207012561,262143.0
207.45979857444763,-870.6686207012561,262143.0
207.55988597869873,-870.6686207012561,262143.0
207.65987372398376,-870.6686207012561,262143.0
207.75971841812134,-870.6686207012561,262143.0
207.85975241661072,-870.6686207012561,262143.0
207.9598708152771,-870.6686207012561,262143.0
208.0599021911621,-870.6686207012561,262143.0
208.159912109375,-870.6686207012561,262143.0
208.25980710983276,-870.6686207012561,262143.0
208.35961151123047,-870.6686207012561,262143.0
208.4595398902893,-870.6686207012561,262143.0
208.55941772460938,-870.6686207012561,262143.0
208.65961360931396,-870.6686207012561,262143.0
208.75937032699585,-870.6686207012561,262143.0
208.85931968688965,-870.6686207012561,262143.0
208.95945572853088,-870.6686207012561,262143.0
209.05969548225403,-870.6686207012561,262143.0
209.15993976593018,-870.6686207012561,262143.0
209.25996828079224,-870.6686207012561,262143.0
209.36020469665527,-870.6686207012561,262143.0
209.4600706100464,-870.6686207012561,262143.0
209.55987858772278,-870.6686207012561,262143.0
209.65965747833252,-870.6686207012561,262143.0
209.75968670845032,-870.6686207012561,262143.0
209.8598816394806,-870.6686207012561,262143.0
209.96007704734802,-870.6686207012561,262143.0
210.0599603652954,-870.6686207012561,262143.0
210.15992283821106,-870.6686207012561,262143.0
210.25988245010376,-870.6686207012561,262143.0
210.35983324050903,-870.6686207012561,262143.0
210.45962238311768,-870.6686207012561,262143.0
210.5600209236145,-870.6686207012561,262143.0
210.659991979599,-870.6686207012561,262143.0
210.75990772247314,-870.6686207012561,262143.0
210.8598279953003,-870.6686207012561,262143.0
210.95953822135925,-870.6686207012561,262143.0
211.05972814559937,-870.6686207012561,262143.0
211.15977311134338,-870.6686207012561,262143.0
211.25987482070923,-870.6686207012561,262143.0
211.3598666191101,-870.6686207012561,262143.0
211.45991039276123,-870.6686207012561,262143.0
211.55978727340698,-870.6686207012561,262143.0
211.65972900390625,-870.6686207012561,262143.0
211.75971293449402,-870.6686207012561,262143.0
211.85973167419434,-870.6686207012561,262143.0
211.9595742225647,-870.6686207012561,262143.0
212.05962991714478,-870.6686207012561,262143.0
212.1596395969391,-870.6686207012561,262143.0
212.259379863739,-870.6686207012561,262143.0
212.35946583747864,-870.6686207012561,262143.0
212.45963644981384,-870.6686207012561,262143.0
212.55966234207153,-870.6686207012561,262143.0
212.659814119339,-870.6686207012561,262143.0
212.759756565094,-870.6686207012561,262143.0
212.85966992378235,-870.6686207012561,262143.0
212.9599049091339,-870.6686207012561,262143.0
213.05984497070312,-870.6686207012561,262143.0
213.15985679626465,-870.6686207012561,262143.0
213.25978446006775,-870.6686207012561,262143.0
213.359703540802,-870.6686207012561,262143.0
213.45938539505005,-870.6686207012561,262143.0
213.55953192710876,-870.6686207012561,262143.0
213.6595757007599,-870.6686207012561,262143.0
213.75955653190613,-870.6686207012561,262143.0
213.8595905303955,-870.6686207012561,262143.0
213.95948791503906,-870.6686207012561,262143.0
214.0598659515381,-870.6686207012561,262143.0
214.1597397327423,-870.6686207012561,262143.0
214.25952696800232,-870.6686207012561,262143.0
214.359530210495,-870.6686207012561,262143.0
214.45956325531006,-870.6686207012561,262143.0
214.5596308708191,-870.6686207012561,262143.0
214.65978336334229,-870.6686207012561,262143.0
214.75974488258362,-870.6686207012561,262143.0
214.85954880714417,-870.6686207012561,262143.0
214.95953679084778,-870.6686207012561,262143.0
215.05956864356995,-870.6686207012561,262143.0
215.15944242477417,-870.6686207012561,262143.0
215.259507894516,-870.6686207012561,262143.0
215.3595473766327,-870.6686207012561,262143.0
215.4594020843506,-870.6686207012561,262143.0
215.55951714515686,-870.6686207012561,262143.0
215.65949177742004,-870.6686207012561,262143.0
215.75944828987122,-870.6686207012561,262143.0
215.85957169532776,-870.6686207012561,262143.0
215.95953607559204,-870.6686207012561,262143.0
216.059743642807,-870.6686207012561,262143.0
216.1597764492035,-870.6686207012561,262143.0
216.25976037979126,-870.6686207012561,262143.0
216.3597948551178,-870.6686207012561,262143.0
216.45967650413513,-870.6686207012561,262143.0
216.5596935749054,-870.6686207012561,262143.0
216.65973734855652,-870.6686207012561,262143.0
216.75973200798035,-870.6686207012561,262143.0
216.85981726646423,-870.6686207012561,262143.0
216.9596483707428,-870.6686207012561,262143.0
217.0597198009491,-870.6686207012561,262143.0
217.15961742401123,-870.6686207012561,262143.0
217.25976586341858,-870.6686207012561,262143.0
217.3597536087036,-870.6686207012561,262143.0
217.45958924293518,-870.6686207012561,262143.0
217.55939602851868,-870.6686207012561,262143.0
217.65953469276428,-870.6686207012561,262143.0
217.75937867164612,-870.6686207012561,262143.0
217.8595163822174,-870.6686207012561,262143.0
217.95955991744995,-870.6686207012561,262143.0
218.05961227416992,-870.6686207012561,262143.0
218.1596131324768,-870.6686207012561,262143.0
218.25975346565247,-870.6686207012561,262143.0
218.35952377319336,-870.6686207012561,262143.0
218.45956206321716,-870.6686207012561,262143.0
218.55969166755676,-870.6686207012561,262143.0
218.65968370437622,-870.6686207012561,262143.0
218.759765625,-870.6686207012561,262143.0
218.85969305038452,-870.6686207012561,262143.0
218.9597065448761,-870.6686207012561,262143.0
219.05942797660828,-870.6686207012561,262143.0
219.15949034690857,-870.6686207012561,262143.0
219.25944924354553,-870.6686207012561,262143.0
219.35952758789062,-870.6686207012561,262143.0
219.45969486236572,-870.6686207012561,262143.0
219.55964303016663,-870.6686207012561,262143.0
219.65947723388672,-870.6686207012561,262143.0
219.75952816009521,-870.6686207012561,262143.0
219.8595995903015,-870.6686207012561,262143.0
219.95942902565002,-870.6686207012561,262143.0
220.05950450897217,-870.6686207012561,262143.0
220.15952062606812,-870.6686207012561,262143.0
220.25971817970276,-870.6686207012561,262143.0
220.35966300964355,-870.6686207012561,262143.0
220.45971250534058,-870.6686207012561,262143.0
220.55981159210205,-870.6686207012561,262143.0
220.6596701145172,-870.6686207012561,262143.0
220.75956225395203,-870.6686207012561,262143.0
220.86014580726624,-870.6686207012561,262143.0
220.9600474834442,-870.6686207012561,262143.0
221.05976843833923,-870.6686207012561,262143.0
221.15972208976746,-870.6686207012561,262143.0
221.25973343849182,-870.6686207012561,262143.0
221.3597137928009,-870.6686207012561,262143.0
221.45979619026184,-870.6686207012561,262143.0
221.5598475933075,-870.6686207012561,262143.0
221.65989708900452,-870.6686207012561,262143.0
221.75962591171265,-870.6686207012561,262143.0
221.8596429824829,-870.6686207012561,262143.0
221.9597761631012,-870.6686207012561,262143.0
222.05952548980713,-870.6686207012561,262143.0
222.15961813926697,-870.6686207012561,262143.0
222.2596354484558,-870.6686207012561,262143.0
222.35982418060303,-870.6686207012561,262143.0
222.45957899093628,-870.6686207012561,262143.0
222.55967116355896,-870.6686207012561,262143.0
222.65974926948547,-870.6686207012561,262143.0
222.7598614692688,-870.6686207012561,262143.0
222.86016249656677,-870.6686207012561,262143.0
222.96010994911194,-870.6686207012561,262143.0
223.05984091758728,-870.6686207012561,262143.0
223.15965747833252,-870.6686207012561,262143.0
223.25942182540894,-870.6686207012561,262143.0
223.35940647125244,-870.6686207012561,262143.0
223.45954871177673,-870.6686207012561,262143.0
223.55958795547485,-870.6686207012561,262143.0
223.6596119403839,-870.6686207012561,262143.0
223.75996017456055,-870.6686207012561,262143.0
223.85939502716064,-870.6686207012561,262143.0
223.96029663085938,-870.6686207012561,262143.0
224.05994391441345,-870.6686207012561,262143.0
224.16008758544922,-870.6686207012561,262143.0
224.25977873802185,-870.6686207012561,262143.0
224.3597800731659,-870.6686207012561,262143.0
224.45972347259521,-870.6686207012561,262143.0
224.55959749221802,-870.6686207012561,262143.0
224.65965747833252,-870.6686207012561,262143.0
224.75961875915527,-870.6686207012561,262143.0
224.85948538780212,-870.6686207012561,262143.0
224.9594919681549,-870.6686207012561,262143.0
225.06026673316956,-870.6686207012561,262143.0
225.15989637374878,-870.6686207012561,262143.0
225.25957775115967,-870.6686207012561,262143.0
225.35944437980652,-870.6686207012561,262143.0
225.46016120910645,-870.6686207012561,262143.0
225.5598659515381,-870.6686207012561,262143.0
225.65960502624512,-870.6686207012561,262143.0
225.76021194458008,-870.6686207012561,262143.0
225.85993885993958,-870.6686207012561,262143.0
225.95962238311768,-870.6686207012561,262143.0
226.05946111679077,-870.6686207012561,262143.0
226.15950465202332,-870.6686207012561,262143.0
226.25941705703735,-870.6686207012561,262143.0
226.35952639579773,-870.6686207012561,262143.0
226.45957827568054,-870.6686207012561,262143.0
226.55964708328247,-870.6686207012561,262143.0
226.6594944000244,-870.6686207012561,262143.0
226.75963282585144,-870.6686207012561,262143.0
226.85940217971802,-870.6686207012561,262143.0
226.95951318740845,-870.6686207012561,262143.0
227.05949807167053,-870.6686207012561,262143.0
227.1595640182495,-870.6686207012561,262143.0
227.2594256401062,-870.6686207012561,262143.0
227.3594992160797,-870.6686207012561,262143.0
227.45956134796143,-870.6686207012561,262143.0
227.55952191352844,-870.6686207012561,262143.0
227.65951132774353,-870.6686207012561,262143.0
227.75933051109314,-870.6686207012561,262143.0
227.8602213859558,-870.6686207012561,262143.0
227.95999813079834,-870.6686207012561,262143.0
228.0598120689392,-870.6686207012561,262143.0
228.1599805355072,-870.6686207012561,262143.0
228.2599914073944,-870.6686207012561,262143.0
228.3598461151123,-870.6686207012561,262143.0
228.45958971977234,-870.6686207012561,262143.0
228.55964970588684,-870.6686207012561,262143.0
228.65948820114136,-870.6686207012561,262143.0
228.75963163375854,-870.6686207012561,262143.0
228.85937213897705,-870.6686207012561,262143.0
228.95938205718994,-870.6686207012561,262143.0
229.05947494506836,-870.6686207012561,262143.0
229.1603171825409,-870.6686207012561,262143.0
229.2599744796753,-870.6686207012561,262143.0
229.3595848083496,-870.6686207012561,262143.0
229.45946979522705,-870.6686207012561,262143.0
229.5593774318695,-870.6686207012561,262143.0
229.66020846366882,-870.6686207012561,262143.0
229.7599639892578,-870.6686207012561,262143.0
229.8596351146698,-870.6686207012561,262143.0
229.95965361595154,-870.6686207012561,262143.0
230.05942940711975,-870.6686207012561,262143.0
230.1595480442047,-870.6686207012561,262143.0
230.25947260856628,-870.6686207012561,262143.0
230.35951232910156,-870.6686207012561,262143.0
230.45945930480957,-870.6686207012561,262143.0
230.5598659515381,-870.6686207012561,262143.0
230.65992903709412,-870.6686207012561,262143.0
230.75961756706238,-870.6686207012561,262143.0
230.85993814468384,-870.6686207012561,262143.0
230.96021509170532,-870.6686207012561,262143.0
231.06013417243958,-870.6686207012561,262143.0
231.16032695770264,-870.6686207012561,262143.0
231.25963377952576,-870.6686207012561,262143.0
231.35960936546326,-870.6686207012561,262143.0
231.45962190628052,-870.6686207012561,262143.0
231.56007862091064,-870.6686207012561,262143.0
231.65986943244934,-870.6686207012561,262143.0
231.75989532470703,-870.6686207012561,262143.0
231.8596489429474,-870.6686207012561,262143.0
231.95968651771545,-870.6686207012561,262143.0
232.05941915512085,-870.6686207012561,262143.0
232.1594476699829,-870.6686207012561,262143.0
232.25969123840332,-870.6686207012561,262143.0
232.35938429832458,-870.6686207012561,262143.0
232.45946264266968,-870.6686207012561,262143.0
232.56027555465698,-870.6686207012561,262143.0
232.65958666801453,-870.6686207012561,262143.0
232.75962710380554,-870.6686207012561,262143.0
232.85998463630676,-870.6686207012561,262143.0
232.95982694625854,-870.6686207012561,262143.0
233.0597698688507,-870.6686207012561,262143.0
233.15951418876648,-870.6686207012561,262143.0
233.25953006744385,-870.6686207012561,262143.0
233.3594696521759,-870.6686207012561,262143.0
233.46028637886047,-870.6686207012561,262143.0
233.5600826740265,-870.6686207012561,262143.0
233.66006898880005,-870.6686207012561,262143.0
233.75954866409302,-870.6686207012561,262143.0
233.85964798927307,-870.6686207012561,262143.0
233.95939254760742,-870.6686207012561,262143.0
234.05941033363342,-870.6686207012561,262143.0
234.15948700904846,-870.6686207012561,262143.0
234.2596788406372,-870.6686207012561,262143.0
234.35993933677673,-870.6686207012561,262143.0
234.4596507549286,-870.6686207012561,262143.0
234.55991578102112,-870.6686207012561,262143.0
234.6596164703369,-870.6686207012561,262143.0
234.7595853805542,-870.6686207012561,262143.0
234.85985851287842,-870.6686207012561,262143.0
234.9598343372345,-870.6686207012561,262143.0
235.05960845947266,-870.6686207012561,262143.0
235.15955758094788,-870.6686207012561,262143.0
235.25960779190063,-870.6686207012561,262143.0
235.35959005355835,-870.6686207012561,262143.0
235.4594316482544,-870.6686207012561,262143.0
235.55944108963013,-870.6686207012561,262143.0
235.65942549705505,-870.6686207012561,262143.0
235.7595362663269,-870.6686207012561,262143.0
235.85972094535828,-870.6686207012561,262143.0
235.95952701568604,-870.6686207012561,262143.0
236.05947089195251,-870.6686207012561,262143.0
236.16029119491577,-870.6686207012561,262143.0
236.25939536094666,-870.6686207012561,262143.0
236.35941243171692,-870.6686207012561,262143.0
236.46010780334473,-870.6686207012561,262143.0
236.55973386764526,-870.6686207012561,262143.0
236.65971446037292,-870.6686207012561,262143.0
236.75960540771484,-870.6686207012561,262143.0
236.85935354232788,-870.6686207012561,262143.0
236.9602038860321,-870.6686207012561,262143.0
237.05964732170105,-870.6686207012561,262143.0
237.1594684123993,-870.6686207012561,262143.0
237.2595989704132,-870.6686207012561,262143.0
237.35945653915405,-870.6686207012561,262143.0
237.4594852924347,-870.6686207012561,262143.0
237.55958247184753,-870.6686207012561,262143.0
237.6595709323883,-870.6686207012561,262143.0
237.75950479507446,-870.6686207012561,262143.0
237.85951375961304,-870.6686207012561,262143.0
237.95980501174927,-870.6686207012561,262143.0
238.05952286720276,-870.6686207012561,262143.0
238.15986514091492,-870.6686207012561,262143.0
238.25961446762085,-870.6686207012561,262143.0
238.36001205444336,-870.6686207012561,262143.0
238.4598205089569,-870.6686207012561,262143.0
238.55980825424194,-870.6686207012561,262143.0
238.65955090522766,-870.6686207012561,262143.0
238.75958633422852,-870.6686207012561,262143.0
238.8601655960083,-870.6686207012561,262143.0
238.9599850177765,-870.6686207012561,262143.0
239.05984711647034,-870.6686207012561,262143.0
239.15988874435425,-870.6686207012561,262143.0
239.25978231430054,-870.6686207012561,262143.0
239.36013317108154,-870.6686207012561,262143.0
239.45989775657654,-870.6686207012561,262143.0
239.56023120880127,-870.6686207012561,262143.0
239.6593291759491,-870.6686207012561,262143.0
239.75947785377502,-870.6686207012561,262143.0
239.8597207069397,-870.6686207012561,262143.0
239.9599711894989,-870.6686207012561,262143.0
240.05973601341248,-870.6686207012561,262143.0
240.1597559452057,-870.6686207012561,262143.0
240.25948405265808,-870.6686207012561,262143.0
240.359717130661,-870.6686207012561,262143.0
240.4595227241516,-870.6686207012561,262143.0
240.55939197540283,-870.6686207012561,262143.0
240.6602907180786,-870.6686207012561,262143.0
240.7600634098053,-870.6686207012561,262143.0
240.8595004081726,-870.6686207012561,262143.0
240.95957207679749,-870.6686207012561,262143.0
241.05994248390198,-870.6686207012561,262143.0
241.1596486568451,-870.6686207012561,262143.0
241.25955486297607,-870.6686207012561,262143.0
241.36024713516235,-870.6686207012561,262143.0
241.46023631095886,-870.6686207012561,262143.0
241.56022572517395,-870.6686207012561,262143.0
241.66014194488525,-870.6686207012561,262143.0
241.76025390625,-870.6686207012561,262143.0
241.85988879203796,-870.6686207012561,262143.0
241.95946383476257,-870.6686207012561,262143.0
242.05972480773926,-870.6686207012561,262143.0
242.15962862968445,-870.6686207012561,262143.0
242.25959062576294,-870.6686207012561,262143.0
242.35936403274536,-870.6686207012561,262143.0
242.46024560928345,-870.6686207012561,262143.0
242.55990958213806,-870.6686207012561,262143.0
242.65991473197937,-870.6686207012561,262143.0
242.75974583625793,-870.6686207012561,262143.0
242.85995149612427,-870.6686207012561,262143.0
242.9596507549286,-870.6686207012561,262143.0
243.05939483642578,-870.6686207012561,262143.0
243.1603376865387,-870.6686207012561,262143.0
243.2593972682953,-870.6686207012561,262143.0
243.3601517677307,-870.6686207012561,262143.0
243.46021580696106,-870.6686207012561,262143.0
243.56030917167664,-870.6686207012561,262143.0
243.66018199920654,-870.6686207012561,262143.0
243.7599594593048,-870.6686207012561,262143.0
243.8600709438324,-870.6686207012561,262143.0
243.95978903770447,-870.6686207012561,262143.0
244.05981397628784,-870.6686207012561,262143.0
244.1596438884735,-870.6686207012561,262143.0
244.2593491077423,-870.6686207012561,262143.0
244.35939192771912,-870.6686207012561,262143.0
244.46026229858398,-870.6686207012561,262143.0
244.560293674469,-870.6686207012561,262143.0
244.65935349464417,-870.6686207012561,262143.0
244.7593297958374,-870.6686207012561,262143.0
244.8594880104065,-870.6686207012561,262143.0
244.9595193862915,-870.6686207012561,262143.0
245.05964970588684,-870.6686207012561,262143.0
245.1593668460846,-870.6686207012561,262143.0
245.25944662094116,-870.6686207012561,262143.0
245.35928916931152,-870.6686207012561,262143.0
245.4602541923523,-870.6686207012561,262143.0
245.55991554260254,-870.6686207012561,262143.0
245.65965819358826,-870.6686207012561,262143.0
245.7595112323761,-870.6686207012561,262143.0
245.8602077960968,-870.6686207012561,262143.0
245.95996642112732,-870.6686207012561,262143.0
246.0600049495697,-870.6686207012561,262143.0
246.15995049476624,-870.6686207012561,262143.0
246.25934886932373,-870.6686207012561,262143.0
246.36021542549133,-870.6686207012561,262143.0
246.4601652622223,-870.6686207012561,262143.0
246.5593123435974,-870.6686207012561,262143.0
246.6597878932953,-870.6686207012561,262143.0
246.75980019569397,-870.6686207012561,262143.0
246.85987377166748,-870.6686207012561,262143.0
246.95924925804138,-870.6686207012561,262143.0
247.05999398231506,-870.6686207012561,262143.0
247.15974950790405,-870.6686207012561,262143.0
247.25986194610596,-870.6686207012561,262143.0
247.3595838546753,-870.6686207012561,262143.0
247.45976519584656,-870.6686207012561,262143.0
247.55936217308044,-870.6686207012561,262143.0
247.65970611572266,-870.6686207012561,262143.0
247.75929021835327,-870.6686207012561,262143.0
247.85982370376587,-870.6686207012561,262143.0
247.9593687057495,-870.6686207012561,262143.0
248.06003737449646,-870.6686207012561,262143.0
248.16002559661865,-870.6686207012561,262143.0
248.2594952583313,-870.6686207012561,262143.0
248.36018896102905,-870.6686207012561,262143.0
248.45971965789795,-870.6686207012561,262143.0
248.55928993225098,-870.6686207012561,262143.0
248.65965390205383,-870.6686207012561,262143.0
248.75924515724182,-870.6686207012561,262143.0
248.8596317768097,-870.6686207012561,262143.0
248.9593482017517,-870.6686207012561,262143.0
249.0599603652954,-870.6686207012561,262143.0
249.15941977500916,-870.6686207012561,262143.0
249.25984573364258,-870.6686207012561,262143.0
249.35940837860107,-870.6686207012561,262143.0
249.45990800857544,-870.6686207012561,262143.0
249.55984663963318,-870.6686207012561,262143.0
249.6603319644928,-870.6686207012561,262143.0
249.7593333721161,-870.6686207012561,262143.0
249.85986995697021,-870.6686207012561,262143.0
249.95976972579956,-870.6686207012561,262143.0
250.06026697158813,-870.6686207012561,262143.0
250.16022157669067,-870.6686207012561,262143.0
250.25939631462097,-870.6686207012561,262143.0
250.36011838912964,-870.6686207012561,262143.0
250.4601538181305,-870.6686207012561,262143.0
250.56022119522095,-870.6686207012561,262143.0
250.65965938568115,-870.6686207012561,262143.0
250.75922393798828,-870.6686207012561,262143.0
250.85990118980408,-870.6686207012561,262143.0
250.95949912071228,-870.6686207012561,262143.0
251.0600402355194,-870.6686207012561,262143.0
251.1599724292755,-870.6686207012561,262143.0
251.25940656661987,-870.6686207012561,262143.0
251.35937070846558,-870.6686207012561,262143.0
251.45992231369019,-870.6686207012561,262143.0
251.55999159812927,-870.6686207012561,262143.0
251.659362077713,-870.6686207012561,262143.0
251.75999569892883,-870.6686207012561,262143.0
251.85943961143494,-870.6686207012561,262143.0
251.96020007133484,-870.6686207012561,262143.0
252.059344291687,-870.6686207012561,262143.0
252.1599636077881,-870.6686207012561,262143.0
252.26032614707947,-870.6686207012561,262143.0
252.3602430820465,-870.6686207012561,262143.0
252.45948195457458,-870.6686207012561,262143.0
252.56005477905273,-870.6686207012561,262143.0
252.6595332622528,-870.6686207012561,262143.0
252.76010298728943,-870.6686207012561,262143.0
252.85950446128845,-870.6686207012561,262143.0
252.95937085151672,-870.6686207012561,262143.0
253.05978083610535,-870.6686207012561,262143.0
253.1597135066986,-870.6686207012561,262143.0
253.26029467582703,-870.6686207012561,262143.0
253.36005544662476,-870.6686207012561,262143.0
253.46010327339172,-870.6686207012561,262143.0
253.56021404266357,-870.6686207012561,262143.0
253.65973091125488,-870.6686207012561,262143.0
253.75964975357056,-870.6686207012561,262143.0
253.8593921661377,-870.6686207012561,262143.0
253.96016454696655,-870.6686207012561,262143.0
254.05973386764526,-870.6686207012561,262143.0
254.1594545841217,-870.6686207012561,262143.0
254.25952458381653,-870.6686207012561,262143.0
254.36019039154053,-870.6686207012561,262143.0
254.45984315872192,-870.6686207012561,262143.0
254.559823513031,-870.6686207012561,262143.0
254.6595959663391,-870.6686207012561,262143.0
254.7594757080078,-870.6686207012561,262143.0
254.86025500297546,-870.6686207012561,262143.0
254.96029210090637,-870.6686207012561,262143.0
255.05983710289001,-870.6686207012561,262143.0
255.15994215011597,-870.6686207012561,262143.0
255.25967001914978,-870.6686207012561,262143.0
255.35951137542725,-870.6686207012561,262143.0
255.459547996521,-870.6686207012561,262143.0
255.55943322181702,-870.6686207012561,262143.0
255.6598606109619,-870.6686207012561,262143.0
255.7603621482849,-870.6686207012561,262143.0
255.8601999282837,-870.6686207012561,262143.0
255.95996189117432,-870.6686207012561,262143.0
256.05958127975464,-870.6686207012561,262143.0
256.15933632850647,-870.6686207012561,262143.0
256.26001930236816,-870.6686207012561,262143.0
256.3596019744873,-870.6686207012561,262143.0
256.46020007133484,-870.6686207012561,262143.0
256.56010389328003,-870.6686207012561,262143.0
256.65964674949646,-870.6686207012561,262143.0
256.7593505382538,-870.6686207012561,262143.0
256.8602867126465,-870.6686207012561,262143.0
256.95943427085876,-870.6686207012561,262143.0
257.06015062332153,-870.6686207012561,262143.0
257.1602430343628,-870.6686207012561,262143.0
257.2597894668579,-870.6686207012561,262143.0
257.35939955711365,-870.6686207012561,262143.0
257.4592936038971,-870.6686207012561,262143.0
257.5598638057709,-870.6686207012561,262143.0
257.6593451499939,-870.6686207012561,262143.0
257.7600908279419,-870.6686207012561,262143.0
257.8598301410675,-870.6686207012561,262143.0
257.959436416626,-870.6686207012561,262143.0
258.05976390838623,-870.6686207012561,262143.0
258.1593806743622,-870.6686207012561,262143.0
258.25979351997375,-870.6686207012561,262143.0
258.3594868183136,-870.6686207012561,262143.0
258.45940375328064,-870.6686207012561,262143.0
258.5601842403412,-870.6686207012561,262143.0
258.65977215766907,-870.6686207012561,262143.0
258.7601680755615,-870.6686207012561,262143.0
258.85949301719666,-870.6686207012561,262143.0
258.9597644805908,-870.6686207012561,262143.0
259.0596733093262,-870.6686207012561,262143.0
259.15974140167236,-870.6686207012561,262143.0
259.2595467567444,-870.6686207012561,262143.0
259.3596439361572,-870.6686207012561,262143.0
259.45968794822693,-870.6686207012561,262143.0
259.55998611450195,-870.6686207012561,262143.0
259.6602957248688,-870.6686207012561,262143.0
259.7593364715576,-870.6686207012561,262143.0
259.86027908325195,-870.6686207012561,262143.0
259.9594535827637,-870.6686207012561,262143.0
260.0601532459259,-870.6686207012561,262143.0
260.160249710083,-870.6686207012561,262143.0
260.25932216644287,-870.6686207012561,262143.0
260.3599638938904,-870.6686207012561,262143.0
260.4600524902344,-870.6686207012561,262143.0
260.56004905700684,-870.6686207012561,262143.0
260.66004753112793,-870.6686207012561,262143.0
260.76004672050476,-870.6686207012561,262143.0
260.8593604564667,-870.6686207012561,262143.0
260.9600553512573,-870.6686207012561,262143.0
261.0602722167969,-870.6686207012561,262143.0
261.1602244377136,-870.6686207012561,262143.0
261.25937962532043,-870.6686207012561,262143.0
261.359322309494,-870.6686207012561,262143.0
261.4600772857666,-870.6686207012561,262143.0
261.55950260162354,-870.6686207012561,262143.0
261.6603055000305,-870.6686207012561,262143.0
261.7598924636841,-870.6686207012561,262143.0
261.8601870536804,-870.6686207012561,262143.0
261.9602167606354,-870.6686207012561,262143.0
262.0603094100952,-870.6686207012561,262143.0
262.1595048904419,-870.6686207012561,262143.0
262.2595009803772,-870.6686207012561,262143.0
262.35957431793213,-870.6686207012561,262143.0
262.45948791503906,-870.6686207012561,262143.0
262.55970001220703,-870.6686207012561,262143.0
262.6596190929413,-870.6686207012561,262143.0
262.7599539756775,-870.6686207012561,262143.0
262.8600585460663,-870.6686207012561,262143.0
262.9600124359131,-870.6686207012561,262143.0
263.06024074554443,-870.6686207012561,262143.0
263.15939927101135,-870.6686207012561,262143.0
263.2595069408417,-870.6686207012561,262143.0
263.360365152359,-870.6686207012561,262143.0
263.45944023132324,-870.6686207012561,262143.0
263.5601408481598,-870.6686207012561,262143.0
263.6601793766022,-870.6686207012561,262143.0
263.75963497161865,-870.6686207012561,262143.0
263.8596441745758,-870.6686207012561,262143.0
263.95944142341614,-870.6686207012561,262143.0
264.06030440330505,-870.6686207012561,262143.0
264.1593105792999,-870.6686207012561,262143.0
264.2598965167999,-870.6686207012561,262143.0
264.36000061035156,-870.6686207012561,262143.0
264.45981311798096,-870.6686207012561,262143.0
264.5601131916046,-870.6686207012561,262143.0
264.66002774238586,-870.6686207012561,262143.0
264.759503364563,-870.6686207012561,262143.0
264.8601975440979,-870.6686207012561,262143.0
264.95941185951233,-870.6686207012561,262143.0
265.0601770877838,-870.6686207012561,262143.0
265.1593773365021,-870.6686207012561,262143.0
265.26016306877136,-870.6686207012561,262143.0
265.3601725101471,-870.6686207012561,262143.0
265.45953583717346,-870.6686207012561,262143.0
265.5597598552704,-870.6686207012561,262143.0
265.6595649719238,-870.6686207012561,262143.0
265.7599046230316,-870.6686207012561,262143.0
265.8598954677582,-870.6686207012561,262143.0
265.95960760116577,-870.6686207012561,262143.0
266.0598769187927,-870.6686207012561,262143.0
266.16011810302734,-870.6686207012561,262143.0
266.26010847091675,-870.6686207012561,262143.0
266.36025834083557,-870.6686207012561,262143.0
266.45943427085876,-870.6686207012561,262143.0
266.56022787094116,-870.6686207012561,262143.0
266.6601061820984,-870.6686207012561,262143.0
266.759889125824,-870.6686207012561,262143.0
266.860151052475,-870.6686207012561,262143.0
266.9593541622162,-870.6686207012561,262143.0
267.06000304222107,-870.6686207012561,262143.0
267.16025280952454,-870.6686207012561,262143.0
267.2602610588074,-870.6686207012561,262143.0
267.3593604564667,-870.6686207012561,262143.0
267.46001720428467,-870.6686207012561,262143.0
267.56022214889526,-870.6686207012561,262143.0
267.66027903556824,-870.6686207012561,262143.0
267.7595863342285,-870.6686207012561,262143.0
267.8600630760193,-870.6686207012561,262143.0
267.9601926803589,-870.6686207012561,262143.0
268.06020855903625,-870.6686207012561,262143.0
268.1594429016113,-870.6686207012561,262143.0
268.26010251045227,-870.6686207012561,262143.0
268.3602156639099,-870.6686207012561,262143.0
268.4594142436981,-870.6686207012561,262143.0
268.5601546764374,-870.6686207012561,262143.0
268.65980195999146,-870.6686207012561,262143.0
268.7597749233246,-870.6686207012561,262143.0
268.85999870300293,-870.6686207012561,262143.0
268.9600718021393,-870.6686207012561,262143.0
269.06005692481995,-870.6686207012561,262143.0
269.1600739955902,-870.6686207012561,262143.0
269.25982570648193,-870.6686207012561,262143.0
269.3599109649658,-870.6686207012561,262143.0
269.4598186016083,-870.6686207012561,262143.0
269.5599100589752,-870.6686207012561,262143.0
269.6594502925873,-870.6686207012561,262143.0
269.7597680091858,-870.6686207012561,262143.0
269.8596706390381,-870.6686207012561,262143.0
269.95966696739197,-870.6686207012561,262143.0
270.05938506126404,-870.6686207012561,262143.0
270.16010904312134,-870.6686207012561,262143.0
270.2598855495453,-870.6686207012561,262143.0
270.3599319458008,-870.6686207012561,262143.0
270.46010661125183,-870.6686207012561,262143.0
270.55964612960815,-870.6686207012561,262143.0
270.659414768219,-870.6686207012561,262143.0
270.7596182823181,-870.6686207012561,262143.0
270.85982036590576,-870.6686207012561,262143.0
270.96003699302673,-870.6686207012561,262143.0
271.06002140045166,-870.6686207012561,262143.0
271.1601736545563,-870.6686207012561,262143.0
271.2601089477539,-870.6686207012561,262143.0
271.360178232193,-870.6686207012561,262143.0
271.4601275920868,-870.6686207012561,262143.0
271.56019401550293,-870.6686207012561,262143.0
271.6594376564026,-870.6686207012561,262143.0
271.7594039440155,-870.6686207012561,262143.0
271.8603136539459,-870.6686207012561,262143.0
271.95942735671997,-870.6686207012561,262143.0
272.0602741241455,-870.6686207012561,262143.0
272.1594636440277,-870.6686207012561,262143.0
272.25940561294556,-870.6686207012561,262143.0
272.35968232154846,-870.6686207012561,262143.0
272.4594249725342,-870.6686207012561,262143.0
272.5598952770233,-870.6686207012561,262143.0
272.660085439682,-870.6686207012561,262143.0
272.7594771385193,-870.6686207012561,262143.0
272.85989451408386,-870.6686207012561,262143.0
272.95994424819946,-870.6686207012561,262143.0
273.0600996017456,-870.6686207012561,262143.0
273.1600887775421,-870.6686207012561,262143.0
273.2602083683014,-870.6686207012561,262143.0
273.36024737358093,-870.6686207012561,262143.0
273.45962142944336,-870.6686207012561,262143.0
273.5597114562988,-870.6686207012561,262143.0
273.6599931716919,-870.6686207012561,262143.0
273.76005578041077,-870.6686207012561,262143.0
273.8600752353668,-870.6686207012561,262143.0
273.9601893424988,-870.6686207012561,262143.0
274.06005930900574,-870.6686207012561,262143.0
274.16020679473877,-870.6686207012561,262143.0
274.2602024078369,-870.6686207012561,262143.0
274.35941648483276,-870.6686207012561,262143.0
274.46008491516113,-870.6686207012561,262143.0
274.5602207183838,-870.6686207012561,262143.0
274.65962433815,-870.6686207012561,262143.0
274.7596685886383,-870.6686207012561,262143.0
274.8597445487976,-870.6686207012561,262143.0
274.9594419002533,-870.6686207012561,262143.0
275.06021308898926,-870.6686207012561,262143.0
275.1593406200409,-870.6686207012561,262143.0
275.25988936424255,-870.6686207012561,262143.0
275.35920786857605,-870.6686207012561,262143.0
275.45995020866394,-870.6686207012561,262143.0
275.55990409851074,-870.6686207012561,262143.0
275.6601867675781,-870.6686207012561,262143.0
275.76012206077576,-870.6686207012561,262143.0
275.86004519462585,-870.6686207012561,262143.0
275.96000957489014,-870.6686207012561,262143.0
276.05993390083313,-870.6686207012561,262143.0
276.1599442958832,-870.6686207012561,262143.0
276.2599229812622,-870.6686207012561,262143.0
276.35996198654175,-870.6686207012561,262143.0
276.45992064476013,-870.6686207012561,262143.0
276.5599138736725,-870.6686207012561,262143.0
276.66004061698914,-870.6686207012561,262143.0
276.760027885437,-870.6686207012561,262143.0
276.8600239753723,-870.6686207012561,262143.0
276.9600419998169,-870.6686207012561,262143.0
277.0601599216461,-870.6686207012561,262143.0
277.16003608703613,-870.6686207012561,262143.0
277.26004672050476,-870.6686207012561,262143.0
277.35970544815063,-870.6686207012561,262143.0
277.4596486091614,-870.6686207012561,262143.0
277.5598294734955,-870.6686207012561,262143.0
277.66004276275635,-870.6686207012561,262143.0
277.7600884437561,-870.6686207012561,262143.0
277.86017513275146,-870.6686207012561,262143.0
277.9601993560791,-870.6686207012561,262143.0
278.06026697158813,-870.6686207012561,262143.0
278.1602635383606,-870.6686207012561,262143.0
278.2603189945221,-870.6686207012561,262143.0
278.3594546318054,-870.6686207012561,262143.0
278.4595856666565,-870.6686207012561,262143.0
278.5597643852234,-870.6686207012561,262143.0
278.6598780155182,-870.6686207012561,262143.0
278.7598190307617,-870.6686207012561,262143.0
278.86011815071106,-870.6686207012561,262143.0
278.959331035614,-870.6686207012561,262143.0
279.0602593421936,-870.6686207012561,262143.0
279.15956377983093,-870.6686207012561,262143.0
279.25949931144714,-870.6686207012561,262143.0
279.35959911346436,-870.6686207012561,262143.0
279.4597520828247,-870.6686207012561,262143.0
279.5598051548004,-870.6686207012561,262143.0
279.65995693206787,-870.6686207012561,262143.0
279.7600796222687,-870.6686207012561,262143.0
279.8602237701416,-870.6686207012561,262143.0
279.95933389663696,-870.6686207012561,262143.0
280.06019496917725,-870.6686207012561,262143.0
280.15943932533264,-870.6686207012561,262143.0
280.2594301700592,-870.6686207012561,262143.0
280.3602442741394,-870.6686207012561,262143.0
280.45930337905884,-870.6686207012561,262143.0
280.5603325366974,-870.6686207012561,262143.0
280.65940499305725,-870.6686207012561,262143.0
280.76015853881836,-870.6686207012561,262143.0
280.86004066467285,-870.6686207012561,262143.0
280.95984721183777,-870.6686207012561,262143.0
281.05994486808777,-870.6686207012561,262143.0
281.15996742248535,-870.6686207012561,262143.0
281.25980257987976,-870.6686207012561,262143.0
281.3598732948303,-870.6686207012561,262143.0
281.4599151611328,-870.6686207012561,262143.0
281.5601432323456,-870.6686207012561,262143.0
281.65943932533264,-870.6686207012561,262143.0
281.75938725471497,-870.6686207012561,262143.0
281.86008739471436,-870.6686207012561,262143.0
281.96008801460266,-870.6686207012561,262143.0
282.06022095680237,-870.6686207012561,262143.0
282.16032218933105,-870.6686207012561,262143.0
282.25938725471497,-870.6686207012561,262143.0
282.3600478172302,-870.6686207012561,262143.0
282.4599096775055,-870.6686207012561,262143.0
282.55997252464294,-870.6686207012561,262143.0
282.6602487564087,-870.6686207012561,262143.0
282.76022720336914,-870.6686207012561,262143.0
282.8596568107605,-870.6686207012561,262143.0
282.9595773220062,-870.6686207012561,262143.0
283.05950689315796,-870.6686207012561,262143.0
283.1595513820648,-870.6686207012561,262143.0
283.2594404220581,-870.6686207012561,262143.0
283.3594946861267,-870.6686207012561,262143.0
283.4603099822998,-870.6686207012561,262143.0
283.5594027042389,-870.6686207012561,262143.0
283.6600971221924,-870.6686207012561,262143.0
283.7602903842926,-870.6686207012561,262143.0
283.86006689071655,-870.6686207012561,262143.0
283.959668636322,-870.6686207012561,262143.0
284.05985045433044,-870.6686207012561,262143.0
284.1600365638733,-870.6686207012561,262143.0
284.2594473361969,-870.6686207012561,262143.0
284.36019802093506,-870.6686207012561,262143.0
284.4594564437866,-870.6686207012561,262143.0
284.55941891670227,-870.6686207012561,262143.0
284.660279750824,-870.6686207012561,262143.0
284.7599883079529,-870.6686207012561,262143.0
284.86000323295593,-870.6686207012561,262143.0
284.9602138996124,-870.6686207012561,262143.0
285.0602068901062,-870.6686207012561,262143.0
285.1594202518463,-870.6686207012561,262143.0
285.25948548316956,-870.6686207012561,262143.0
285.3602056503296,-870.6686207012561,262143.0
285.4601209163666,-870.6686207012561,262143.0
285.56007051467896,-870.6686207012561,262143.0
285.65936613082886,-870.6686207012561,262143.0
285.75973677635193,-870.6686207012561,262143.0
285.8596348762512,-870.6686207012561,262143.0
285.9597918987274,-870.6686207012561,262143.0
286.05986618995667,-870.6686207012561,262143.0
286.1598355770111,-870.6686207012561,262143.0
286.2598419189453,-870.6686207012561,262143.0
286.3599443435669,-870.6686207012561,262143.0
286.45987010002136,-870.6686207012561,262143.0
286.55980467796326,-870.6686207012561,262143.0
286.65974521636963,-870.6686207012561,262143.0
286.7598385810852,-870.6686207012561,262143.0
286.85961866378784,-870.6686207012561,262143.0
286.9595808982849,-870.6686207012561,262143.0
287.059592962265,-870.6686207012561,262143.0
287.1595709323883,-870.6686207012561,262143.0
287.2595715522766,-870.6686207012561,262143.0
287.35963797569275,-870.6686207012561,262143.0
287.46006178855896,-870.6686207012561,262143.0
287.5603492259979,-870.6686207012561,262143.0
287.65941286087036,-870.6686207012561,262143.0
287.760128736496,-870.6686207012561,262143.0
287.8600854873657,-870.6686207012561,262143.0
287.9603135585785,-870.6686207012561,262143.0
288.0595133304596,-870.6686207012561,262143.0
288.15964674949646,-870.6686207012561,262143.0
288.25958609580994,-870.6686207012561,262143.0
288.3598299026489,-870.6686207012561,262143.0
288.4597625732422,-870.6686207012561,262143.0
288.55977058410645,-870.6686207012561,262143.0
288.65978932380676,-870.6686207012561,262143.0
288.7597301006317,-870.6686207012561,262143.0
288.8597867488861,-870.6686207012561,262143.0
288.9598762989044,-870.6686207012561,262143.0
289.0598404407501,-870.6686207012561,262143.0
289.15984296798706,-870.6686207012561,262143.0
289.259827375412,-870.6686207012561,262143.0
289.3598299026489,-870.6686207012561,262143.0
289.4598515033722,-870.6686207012561,262143.0
289.5599408149719,-870.6686207012561,262143.0
289.65998363494873,-870.6686207012561,262143.0
289.7594130039215,-870.6686207012561,262143.0
289.86033391952515,-870.6686207012561,262143.0
289.95943784713745,-870.6686207012561,262143.0
290.05950021743774,-870.6686207012561,262143.0
290.159451007843,-870.6686207012561,262143.0
290.2594120502472,-870.6686207012561,262143.0
290.36027097702026,-870.6686207012561,262143.0
290.4602837562561,-870.6686207012561,262143.0
290.56023478507996,-870.6686207012561,262143.0
290.6602602005005,-870.6686207012561,262143.0
290.7602331638336,-870.6686207012561,262143.0
290.85938358306885,-870.6686207012561,262143.0
290.9594888687134,-870.6686207012561,262143.0
291.05965423583984,-870.6686207012561,262143.0
291.15990948677063,-870.6686207012561,262143.0
291.2597436904907,-870.6686207012561,262143.0
291.3603365421295,-870.6686207012561,262143.0
291.46024680137634,-870.6686207012561,262143.0
291.5594480037689,-870.6686207012561,262143.0
291.6593759059906,-870.6686207012561,262143.0
291.7594518661499,-870.6686207012561,262143.0
291.8595857620239,-870.6686207012561,262143.0
291.95954942703247,-870.6686207012561,262143.0
292.05960631370544,-870.6686207012561,262143.0
292.15958189964294,-870.6686207012561,262143.0
292.25957679748535,-870.6686207012561,262143.0
292.35953879356384,-870.6686207012561,262143.0
292.4594793319702,-870.6686207012561,262143.0
292.5596854686737,-870.6686207012561,262143.0
292.65952038764954,-870.6686207012561,262143.0
292.7594268321991,-870.6686207012561,262143.0
292.86003971099854,-870.6686207012561,262143.0
292.9603168964386,-870.6686207012561,262143.0
293.05972599983215,-870.6686207012561,262143.0
293.1598598957062,-870.6686207012561,262143.0
293.259957075119,-870.6686207012561,262143.0
293.3601813316345,-870.6686207012561,262143.0
293.46004033088684,-870.6686207012561,262143.0
293.560063123703,-870.6686207012561,262143.0
293.6601572036743,-870.6686207012561,262143.0
293.7600905895233,-870.6686207012561,262143.0
293.86010670661926,-870.6686207012561,262143.0
293.95976662635803,-870.6686207012561,262143.0
294.0597574710846,-870.6686207012561,262143.0
294.1597900390625,-870.6686207012561,262143.0
294.2596769332886,-870.6686207012561,262143.0
294.35972118377686,-870.6686207012561,262143.0
294.4598114490509,-870.6686207012561,262143.0
294.55960845947266,-870.6686207012561,262143.0
294.65965247154236,-870.6686207012561,262143.0
294.7600395679474,-870.6686207012561,262143.0
294.86027455329895,-870.6686207012561,262143.0
294.9594566822052,-870.6686207012561,262143.0
295.05955719947815,-870.6686207012561,262143.0
295.16004037857056,-870.6686207012561,262143.0
295.26004362106323,-870.6686207012561,262143.0
295.36002826690674,-870.6686207012561,262143.0
295.46002078056335,-870.6686207012561,262143.0
295.56008887290955,-870.6686207012561,262143.0
295.66021847724915,-870.6686207012561,262143.0
295.7601890563965,-870.6686207012561,262143.0
295.85937237739563,-870.6686207012561,262143.0
295.9595036506653,-870.6686207012561,262143.0
296.0597915649414,-870.6686207012561,262143.0
296.16020488739014,-870.6686207012561,262143.0
296.2601912021637,-870.6686207012561,262143.0
296.3603026866913,-870.6686207012561,262143.0
296.45938420295715,-870.6686207012561,262143.0
296.5594644546509,-870.6686207012561,262143.0
296.6594581604004,-870.6686207012561,262143.0
296.7594301700592,-870.6686207012561,262143.0
296.85947155952454,-870.6686207012561,262143.0
296.95932936668396,-870.6686207012561,262143.0
297.06035566329956,-870.6686207012561,262143.0
297.1602222919464,-870.6686207012561,262143.0
297.2601840496063,-870.6686207012561,262143.0
297.359406709671,-870.6686207012561,262143.0
297.4602885246277,-870.6686207012561,262143.0
297.559623003006,-870.6686207012561,262143.0
297.6595711708069,-870.6686207012561,262143.0
297.75973653793335,-870.6686207012561,262143.0
297.8597447872162,-870.6686207012561,262143.0
297.95970940589905,-870.6686207012561,262143.0
298.0597450733185,-870.6686207012561,262143.0
298.15963983535767,-870.6686207012561,262143.0
298.259672164917,-870.6686207012561,262143.0
298.3596353530884,-870.6686207012561,262143.0
298.4596688747406,-870.6686207012561,262143.0
298.5596659183502,-870.6686207012561,262143.0
298.65957832336426,-870.6686207012561,262143.0
298.75956869125366,-870.6686207012561,262143.0
298.8597204685211,-870.6686207012561,262143.0
298.95958375930786,-870.6686207012561,262143.0
299.05985021591187,-870.6686207012561,262143.0
299.1599745750427,-870.6686207012561,262143.0
299.25997734069824,-870.6686207012561,262143.0
299.3601896762848,-870.6686207012561,262143.0
299.4602448940277,-870.6686207012561,262143.0
299.55935978889465,-870.6686207012561,262143.0
299.65945267677307,-870.6686207012561,262143.0
299.75948548316956,-870.6686207012561,262143.0
299.8596534729004,-870.6686207012561,262143.0
299.9596302509308,-870.6686207012561,262143.0
300.05970883369446,-870.6686207012561,262143.0
300.1597480773926,-870.6686207012561,262143.0
300.2599437236786,-870.6686207012561,262143.0
300.35997104644775,-870.6686207012561,262143.0
300.4599840641022,-870.6686207012561,262143.0
300.56009221076965,-870.6686207012561,262143.0
300.6599624156952,-870.6686207012561,262143.0
300.7601103782654,-870.6686207012561,262143.0
300.859388589859,-870.6686207012561,262143.0
300.9594452381134,-870.6686207012561,262143.0
301.0595512390137,-870.6686207012561,262143.0
301.15975165367126,-870.6686207012561,262143.0
301.2598717212677,-870.6686207012561,262143.0
301.3598823547363,-870.6686207012561,262143.0
301.4600405693054,-870.6686207012561,262143.0
301.56030774116516,-870.6686207012561,262143.0
301.65990710258484,-870.6686207012561,262143.0
301.75998544692993,-870.6686207012561,262143.0
301.8600420951843,-870.6686207012561,262143.0
301.9600784778595,-870.6686207012561,262143.0
302.05996537208557,-870.6686207012561,262143.0
302.16007018089294,-870.6686207012561,262143.0
302.26017904281616,-870.6686207012561,262143.0
302.3602104187012,-870.6686207012561,262143.0
302.4602596759796,-870.6686207012561,262143.0
302.55933141708374,-870.6686207012561,262143.0
302.65937089920044,-870.6686207012561,262143.0
302.75939989089966,-870.6686207012561,262143.0
302.86001682281494,-870.6686207012561,262143.0
302.959623336792,-870.6686207012561,262143.0
303.0597047805786,-870.6686207012561,262143.0
303.15976095199585,-870.6686207012561,262143.0
303.2596364021301,-870.6686207012561,262143.0
303.35965943336487,-870.6686207012561,262143.0
303.45959877967834,-870.6686207012561,262143.0
303.55975222587585,-870.6686207012561,262143.0
303.6597023010254,-870.6686207012561,262143.0
303.75992035865784,-870.6686207012561,262143.0
303.8599433898926,-870.6686207012561,262143.0
303.96008229255676,-870.6686207012561,262143.0
304.05998277664185,-870.6686207012561,262143.0
304.16012835502625,-870.6686207012561,262143.0
304.26001715660095,-870.6686207012561,262143.0
304.3599805831909,-870.6686207012561,262143.0
304.4599115848541,-870.6686207012561,262143.0
304.5598933696747,-870.6686207012561,262143.0
304.66005086898804,-870.6686207012561,262143.0
304.7607741355896,-870.6686207012561,262143.0
304.8593466281891,-870.6686207012561,262143.0
304.9593551158905,-870.6686207012561,262143.0
305.0593681335449,-870.6686207012561,262143.0
305.15935826301575,-870.6686207012561,262143.0
305.2593491077423,-870.6686207012561,262143.0
305.35973620414734,-870.6686207012561,262143.0
305.4595079421997,-870.6686207012561,262143.0
305.55966901779175,-870.6686207012561,262143.0
305.65959787368774,-870.6686207012561,262143.0
305.759779214859,-870.6686207012561,262143.0
305.85993695259094,-870.6686207012561,262143.0
305.959361076355,-870.6686207012561,262143.0
306.0593409538269,-870.6686207012561,262143.0
306.1602680683136,-870.6686207012561,262143.0
306.2601761817932,-870.6686207012561,262143.0
306.3594982624054,-870.6686207012561,262143.0
306.4595444202423,-870.6686207012561,262143.0
306.559681892395,-870.6686207012561,262143.0
306.6594183444977,-870.6686207012561,262143.0
306.75964522361755,-870.6686207012561,262143.0
306.8597390651703,-870.6686207012561,262143.0
306.9594750404358,-870.6686207012561,262143.0
307.0594017505646,-870.6686207012561,262143.0
307.1595356464386,-870.6686207012561,262143.0
307.2595057487488,-870.6686207012561,262143.0
307.35976910591125,-870.6686207012561,262143.0
307.45978689193726,-870.6686207012561,262143.0
307.55988931655884,-870.6686207012561,262143.0
307.659863948822,-870.6686207012561,262143.0
307.75993394851685,-870.6686207012561,262143.0
307.8599715232849,-870.6686207012561,262143.0
307.9595744609833,-870.6686207012561,262143.0
308.05955266952515,-870.6686207012561,262143.0
308.15997219085693,-870.6686207012561,262143.0
308.2600259780884,-870.6686207012561,262143.0
308.3601701259613,-870.6686207012561,262143.0
308.4600532054901,-870.6686207012561,262143.0
308.56019496917725,-870.6686207012561,262143.0
308.6592872142792,-870.6686207012561,262143.0
308.7595634460449,-870.6686207012561,262143.0
308.8596110343933,-870.6686207012561,262143.0
308.9597837924957,-870.6686207012561,262143.0
309.0597445964813,-870.6686207012561,262143.0
309.15988993644714,-870.6686207012561,262143.0
309.26006746292114,-870.6686207012561,262143.0
309.36016941070557,-870.6686207012561,262143.0
309.46000623703003,-870.6686207012561,262143.0
309.5596387386322,-870.6686207012561,262143.0
309.6596384048462,-870.6686207012561,262143.0
309.7591817378998,-870.6686207012561,262143.0
309.86015343666077,-870.6686207012561,262143.0
309.9602677822113,-870.6686207012561,262143.0
310.06011033058167,-870.6686207012561,262143.0
310.16019916534424,-870.6686207012561,262143.0
310.2600567340851,-870.6686207012561,262143.0
310.3593714237213,-870.6686207012561,262143.0
310.4593036174774,-870.6686207012561,262143.0
310.56039810180664,-870.6686207012561,262143.0
310.65955448150635,-870.6686207012561,262143.0
310.7597234249115,-870.6686207012561,262143.0
310.85979890823364,-870.6686207012561,262143.0
310.9593629837036,-870.6686207012561,262143.0
311.0594439506531,-870.6686207012561,262143.0
311.16008257865906,-870.6686207012561,262143.0
311.2599070072174,-870.6686207012561,262143.0
311.359979391098,-870.6686207012561,262143.0
311.4598114490509,-870.6686207012561,262143.0
311.56002831459045,-870.6686207012561,262143.0
311.66010332107544,-870.6686207012561,262143.0
311.76016068458557,-870.6686207012561,262143.0
311.8601336479187,-870.6686207012561,262143.0
311.96026849746704,-870.6686207012561,262143.0
312.05999207496643,-870.6686207012561,262143.0
312.1596302986145,-870.6686207012561,262143.0
312.2597270011902,-870.6686207012561,262143.0
312.36009979248047,-870.6686207012561,262143.0
312.4601664543152,-870.6686207012561,262143.0
312.5601317882538,-870.6686207012561,262143.0
312.660094499588,-870.6686207012561,262143.0
312.760048866272,-870.6686207012561,262143.0
312.85980439186096,-870.6686207012561,262143.0
312.960027217865,-870.6686207012561,262143.0
313.0593333244324,-870.6686207012561,262143.0
313.1601119041443,-870.6686207012561,262143.0
313.2600967884064,-870.6686207012561,262143.0
313.35936522483826,-870.6686207012561,262143.0
313.4592852592468,-870.6686207012561,262143.0
313.559287071228,-870.6686207012561,262143.0
313.6600399017334,-870.6686207012561,262143.0
313.768123626709,-870.6686207012561,262143.0
313.8595464229584,-870.6686207012561,262143.0
313.95915722846985,-870.6686207012561,262143.0
314.05962800979614,-870.6686207012561,262143.0
314.16020035743713,-870.6686207012561,262143.0
314.26012802124023,-870.6686207012561,262143.0
314.35934567451477,-870.6686207012561,262143.0
314.46023750305176,-870.6686207012561,262143.0
314.5596196651459,-870.6686207012561,262143.0
314.6597867012024,-870.6686207012561,262143.0
314.75946521759033,-870.6686207012561,262143.0
314.85953760147095,-870.6686207012561,262143.0
314.96017360687256,-870.6686207012561,262143.0
315.06000423431396,-870.6686207012561,262143.0
315.15959310531616,-870.6686207012561,262143.0
315.25956416130066,-870.6686207012561,262143.0
315.3593249320984,-870.6686207012561,262143.0
315.46040201187134,-870.6686207012561,262143.0
315.5599362850189,-870.6686207012561,262143.0
315.6599349975586,-870.6686207012561,262143.0
315.7595353126526,-870.6686207012561,262143.0
315.8595623970032,-870.6686207012561,262143.0
315.9594955444336,-870.6686207012561,262143.0
316.05938172340393,-870.6686207012561,262143.0
316.15977668762207,-870.6686207012561,262143.0
316.2596709728241,-870.6686207012561,262143.0
316.3595781326294,-870.6686207012561,262143.0
316.4594795703888,-870.6686207012561,262143.0
316.5601921081543,-870.6686207012561,262143.0
316.6600399017334,-870.6686207012561,262143.0
316.7595853805542,-870.6686207012561,262143.0
316.86003589630127,-870.6686207012561,262143.0
316.9595465660095,-870.6686207012561,262143.0
317.0596477985382,-870.6686207012561,262143.0
317.1602282524109,-870.6686207012561,262143.0
317.2599947452545,-870.6686207012561,262143.0
317.35956931114197,-870.6686207012561,262143.0
317.4595351219177,-870.6686207012561,262143.0
317.559606552124,-870.6686207012561,262143.0
317.6595959663391,-870.6686207012561,262143.0
317.75972151756287,-870.6686207012561,262143.0
317.8597056865692,-870.6686207012561,262143.0
317.9595000743866,-870.6686207012561,262143.0
318.05943965911865,-870.6686207012561,262143.0
318.1597647666931,-870.6686207012561,262143.0
318.2598476409912,-870.6686207012561,262143.0
318.35978078842163,-870.6686207012561,262143.0
318.4597153663635,-870.6686207012561,262143.0
318.5597143173218,-870.6686207012561,262143.0
318.65974378585815,-870.6686207012561,262143.0
318.7597460746765,-870.6686207012561,262143.0
318.860169172287,-870.6686207012561,262143.0
318.9593667984009,-870.6686207012561,262143.0
319.0599994659424,-870.6686207012561,262143.0
319.16020488739014,-870.6686207012561,262143.0
319.2598714828491,-870.6686207012561,262143.0
319.3599314689636,-870.6686207012561,262143.0
319.4597125053406,-870.6686207012561,262143.0
319.5599482059479,-870.6686207012561,262143.0
319.659832239151,-870.6686207012561,262143.0
319.75981736183167,-870.6686207012561,262143.0
319.8597626686096,-870.6686207012561,262143.0
319.95985198020935,-870.6686207012561,262143.0
320.0598361492157,-870.6686207012561,262143.0
320.15983295440674,-870.6686207012561,262143.0
320.25982785224915,-870.6686207012561,262143.0
320.3598508834839,-870.6686207012561,262143.0
320.45987272262573,-870.6686207012561,262143.0
320.5598900318146,-870.6686207012561,262143.0
320.6597807407379,-870.6686207012561,262143.0
320.7598831653595,-870.6686207012561,262143.0
320.8599109649658,-870.6686207012561,262143.0
320.9599061012268,-870.6686207012561,262143.0
321.0601270198822,-870.6686207012561,262143.0
321.1596009731293,-870.6686207012561,262143.0
321.25947642326355,-870.6686207012561,262143.0
321.35941648483276,-870.6686207012561,262143.0
321.4593999385834,-870.6686207012561,262143.0
321.5594108104706,-870.6686207012561,262143.0
321.65950989723206,-870.6686207012561,262143.0
321.7596712112427,-870.6686207012561,262143.0
321.85979986190796,-870.6686207012561,262143.0
321.9600827693939,-870.6686207012561,262143.0
322.0602638721466,-870.6686207012561,262143.0
322.16013836860657,-870.6686207012561,262143.0
322.2599546909332,-870.6686207012561,262143.0
322.35993361473083,-870.6686207012561,262143.0
322.459929227829,-870.6686207012561,262143.0
322.55989837646484,-870.6686207012561,262143.0
322.65982818603516,-870.6686207012561,262143.0
322.7603521347046,-870.6686207012561,262143.0
322.8596935272217,-870.6686207012561,262143.0
322.959920167923,-870.6686207012561,262143.0
323.05980825424194,-870.6686207012561,262143.0
323.1598410606384,-870.6686207012561,262143.0
323.2600471973419,-870.6686207012561,262143.0
323.3599925041199,-870.6686207012561,262143.0
323.45980286598206,-870.6686207012561,262143.0
323.55985617637634,-870.6686207012561,262143.0
323.65969705581665,-870.6686207012561,262143.0
323.75977969169617,-870.6686207012561,262143.0
323.85976552963257,-870.6686207012561,262143.0
323.95966386795044,-870.6686207012561,262143.0
324.05956053733826,-870.6686207012561,262143.0
324.15980076789856,-870.6686207012561,262143.0
324.2598395347595,-870.6686207012561,262143.0
324.35981488227844,-870.6686207012561,262143.0
324.45969557762146,-870.6686207012561,262143.0
324.55990529060364,-870.6686207012561,262143.0
324.6600682735443,-870.6686207012561,262143.0
324.76011204719543,-870.6686207012561,262143.0
324.8600203990936,-870.6686207012561,262143.0
324.96001291275024,-870.6686207012561,262143.0
325.0601737499237,-870.6686207012561,262143.0
325.15991497039795,-870.6686207012561,262143.0
325.25977301597595,-870.6686207012561,262143.0
325.3600182533264,-870.6686207012561,262143.0
325.45978021621704,-870.6686207012561,262143.0
325.5597941875458,-870.6686207012561,262143.0
325.659720659256,-870.6686207012561,262143.0
325.7597723007202,-870.6686207012561,262143.0
325.8596942424774,-870.6686207012561,262143.0
325.9597475528717,-870.6686207012561,262143.0
326.05984926223755,-870.6686207012561,262143.0
326.159761428833,-870.6686207012561,262143.0
326.25975489616394,-870.6686207012561,262143.0
326.3597092628479,-870.6686207012561,262143.0
326.4598877429962,-870.6686207012561,262143.0
326.55982542037964,-870.6686207012561,262143.0
326.66029357910156,-870.6686207012561,262143.0
326.7599034309387,-870.6686207012561,262143.0
326.8599543571472,-870.6686207012561,262143.0
326.9597728252411,-870.6686207012561,262143.0
327.06027269363403,-870.6686207012561,262143.0
327.15953540802,-870.6686207012561,262143.0
327.2594196796417,-870.6686207012561,262143.0
327.36000084877014,-870.6686207012561,262143.0
327.4598650932312,-870.6686207012561,262143.0
327.55970573425293,-870.6686207012561,262143.0
327.65958428382874,-870.6686207012561,262143.0
327.75948905944824,-870.6686207012561,262143.0
327.8594641685486,-870.6686207012561,262143.0
327.95940470695496,-870.6686207012561,262143.0
328.059476852417,-870.6686207012561,262143.0
328.1594626903534,-870.6686207012561,262143.0
328.25943398475647,-870.6686207012561,262143.0
328.35946130752563,-870.6686207012561,262143.0
328.45945620536804,-870.6686207012561,262143.0
328.5595724582672,-870.6686207012561,262143.0
328.65949296951294,-870.6686207012561,262143.0
328.759507894516,-870.6686207012561,262143.0
328.860205411911,-870.6686207012561,262143.0
328.9600954055786,-870.6686207012561,262143.0
329.06020188331604,-870.6686207012561,262143.0
329.159583568573,-870.6686207012561,262143.0
329.2593958377838,-870.6686207012561,262143.0
329.35972476005554,-870.6686207012561,262143.0
329.4596724510193,-870.6686207012561,262143.0
329.55965089797974,-870.6686207012561,262143.0
329.65967559814453,-870.6686207012561,262143.0
329.759530544281,-870.6686207012561,262143.0
329.86004161834717,-870.6686207012561,262143.0
329.9598615169525,-870.6686207012561,262143.0
330.06016635894775,-870.6686207012561,262143.0
330.15983533859253,-870.6686207012561,262143.0
330.25973081588745,-870.6686207012561,262143.0
330.3598370552063,-870.6686207012561,262143.0
330.4596517086029,-870.6686207012561,262143.0
330.55964612960815,-870.6686207012561,262143.0
330.65951013565063,-870.6686207012561,262143.0
330.75947761535645,-870.6686207012561,262143.0
330.85963225364685,-870.6686207012561,262143.0
330.9597930908203,-870.6686207012561,262143.0
331.05981636047363,-870.6686207012561,262143.0
331.1596336364746,-870.6686207012561,262143.0
331.25956320762634,-870.6686207012561,262143.0
331.35952401161194,-870.6686207012561,262143.0
331.4594886302948,-870.6686207012561,262143.0
331.55943417549133,-870.6686207012561,262143.0
331.6603617668152,-870.6686207012561,262143.0
331.7600169181824,-870.6686207012561,262143.0
331.8598313331604,-870.6686207012561,262143.0
331.96011447906494,-870.6686207012561,262143.0
332.0597550868988,-870.6686207012561,262143.0
332.1597056388855,-870.6686207012561,262143.0
332.2597301006317,-870.6686207012561,262143.0
332.3595538139343,-870.6686207012561,262143.0
332.45954990386963,-870.6686207012561,262143.0
332.55951595306396,-870.6686207012561,262143.0
332.6595413684845,-870.6686207012561,262143.0
332.759418964386,-870.6686207012561,262143.0
332.8594501018524,-870.6686207012561,262143.0
332.95940041542053,-870.6686207012561,262143.0
333.0593864917755,-870.6686207012561,262143.0
333.1593761444092,-870.6686207012561,262143.0
333.2593631744385,-870.6686207012561,262143.0
333.35993790626526,-870.6686207012561,262143.0
333.45974683761597,-870.6686207012561,262143.0
333.5595543384552,-870.6686207012561,262143.0
333.65949630737305,-870.6686207012561,262143.0
333.7594449520111,-870.6686207012561,262143.0
333.85937237739563,-870.6686207012561,262143.0
333.95943331718445,-870.6686207012561,262143.0
334.05946493148804,-870.6686207012561,262143.0
334.15939688682556,-870.6686207012561,262143.0
334.25939178466797,-870.6686207012561,262143.0
334.35936188697815,-870.6686207012561,262143.0
334.46028757095337,-870.6686207012561,262143.0
334.5594322681427,-870.6686207012561,262143.0
334.6603591442108,-870.6686207012561,262143.0
334.7599039077759,-870.6686207012561,262143.0
334.8597288131714,-870.6686207012561,262143.0
334.9596357345581,-870.6686207012561,262143.0
335.059663772583,-870.6686207012561,262143.0
335.1601355075836,-870.6686207012561,262143.0
335.2601752281189,-870.6686207012561,262143.0
335.3599820137024,-870.6686207012561,262143.0
335.4597625732422,-870.6686207012561,262143.0
335.55963015556335,-870.6686207012561,262143.0
335.65958976745605,-870.6686207012561,262143.0
335.7596161365509,-870.6686207012561,262143.0
335.8595554828644,-870.6686207012561,262143.0
335.9595260620117,-870.6686207012561,262143.0
336.05954933166504,-870.6686207012561,262143.0
336.15948128700256,-870.6686207012561,262143.0
336.2594487667084,-870.6686207012561,262143.0
336.3594846725464,-870.6686207012561,262143.0
336.45943999290466,-870.6686207012561,262143.0
336.55952882766724,-870.6686207012561,262143.0
336.65943598747253,-870.6686207012561,262143.0
336.7594242095947,-870.6686207012561,262143.0
336.8595039844513,-870.6686207012561,262143.0
336.9595627784729,-870.6686207012561,262143.0
337.0595715045929,-870.6686207012561,262143.0
337.1594891548157,-870.6686207012561,262143.0
337.25948309898376,-870.6686207012561,262143.0
337.3594434261322,-870.6686207012561,262143.0
337.4594497680664,-870.6686207012561,262143.0
337.5593898296356,-870.6686207012561,262143.0
337.660279750824,-870.6686207012561,262143.0
337.75928950309753,-870.6686207012561,262143.0
337.86023235321045,-870.6686207012561,262143.0
337.9598491191864,-870.6686207012561,262143.0
338.05992245674133,-870.6686207012561,262143.0
338.15976214408875,-870.6686207012561,262143.0
338.25945115089417,-870.6686207012561,262143.0
338.3594949245453,-870.6686207012561,262143.0
338.4592697620392,-870.6686207012561,262143.0
338.56031703948975,-870.6686207012561,262143.0
338.6598620414734,-870.6686207012561,262143.0
338.7596957683563,-870.6686207012561,262143.0
338.859694480896,-870.6686207012561,262143.0
338.95986247062683,-870.6686207012561,262143.0
339.0601077079773,-870.6686207012561,262143.0
339.1602096557617,-870.6686207012561,262143.0
339.25996375083923,-870.6686207012561,262143.0
339.36010456085205,-870.6686207012561,262143.0
339.4596884250641,-870.6686207012561,262143.0
339.5599126815796,-870.6686207012561,262143.0
339.65969705581665,-870.6686207012561,262143.0
339.7598731517792,-870.6686207012561,262143.0
339.8594934940338,-870.6686207012561,262143.0
339.9594757556915,-870.6686207012561,262143.0
340.0594835281372,-870.6686207012561,262143.0
340.15943574905396,-870.6686207012561,262143.0
340.25939559936523,-870.6686207012561,262143.0
340.3593740463257,-870.6686207012561,262143.0
340.45937728881836,-870.6686207012561,262143.0
340.55937099456787,-870.6686207012561,262143.0
340.65940284729004,-870.6686207012561,262143.0
340.7593958377838,-870.6686207012561,262143.0
340.85999298095703,-870.6686207012561,262143.0
340.9601933956146,-870.6686207012561,262143.0
341.05987310409546,-870.6686207012561,262143.0
341.1600341796875,-870.6686207012561,262143.0
341.2596893310547,-870.6686207012561,262143.0
341.3597867488861,-870.6686207012561,262143.0
341.45950150489807,-870.6686207012561,262143.0
341.5595190525055,-870.6686207012561,262143.0
341.6594786643982,-870.6686207012561,262143.0
341.7594850063324,-870.6686207012561,262143.0
341.8594641685486,-870.6686207012561,262143.0
341.9594190120697,-870.6686207012561,262143.0
342.0594518184662,-870.6686207012561,262143.0
342.1593916416168,-870.6686207012561,262143.0
342.2602641582489,-870.6686207012561,262143.0
342.3598861694336,-870.6686207012561,262143.0
342.4595193862915,-870.6686207012561,262143.0
342.5594027042389,-870.6686207012561,262143.0
342.6594319343567,-870.6686207012561,262143.0
342.75939869880676,-870.6686207012561,262143.0
342.85957288742065,-870.6686207012561,262143.0
342.9594168663025,-870.6686207012561,262143.0
343.05936574935913,-870.6686207012561,262143.0
343.15937781333923,-870.6686207012561,262143.0
343.26014280319214,-870.6686207012561,262143.0
343.3596444129944,-870.6686207012561,262143.0
343.4594898223877,-870.6686207012561,262143.0
343.55945920944214,-870.6686207012561,262143.0
343.65947699546814,-870.6686207012561,262143.0
343.7602322101593,-870.6686207012561,262143.0
343.8594431877136,-870.6686207012561,262143.0
343.959431886673,-870.6686207012561,262143.0
344.0593435764313,-870.6686207012561,262143.0
344.1602108478546,-870.6686207012561,262143.0
344.2602255344391,-870.6686207012561,262143.0
344.35953855514526,-870.6686207012561,262143.0
344.4593698978424,-870.6686207012561,262143.0
344.55943274497986,-870.6686207012561,262143.0
344.6602623462677,-870.6686207012561,262143.0
344.7594645023346,-870.6686207012561,262143.0
344.85959935188293,-870.6686207012561,262143.0
344.959353685379,-870.6686207012561,262143.0
345.0602562427521,-870.6686207012561,262143.0
345.15980982780457,-870.6686207012561,262143.0
345.25960779190063,-870.6686207012561,262143.0
345.35949087142944,-870.6686207012561,262143.0
345.45954036712646,-870.6686207012561,262143.0
345.55956411361694,-870.6686207012561,262143.0
345.65958428382874,-870.6686207012561,262143.0
345.7597703933716,-870.6686207012561,262143.0
345.85967111587524,-870.6686207012561,262143.0
345.95988965034485,-870.6686207012561,262143.0
346.05953907966614,-870.6686207012561,262143.0
346.1595079898834,-870.6686207012561,262143.0
346.2598035335541,-870.6686207012561,262143.0
346.3595576286316,-870.6686207012561,262143.0
346.4595913887024,-870.6686207012561,262143.0
346.55942273139954,-870.6686207012561,262143.0
346.6593990325928,-870.6686207012561,262143.0
346.75937128067017,-870.6686207012561,262143.0
346.85967540740967,-870.6686207012561,262143.0
346.95954179763794,-870.6686207012561,262143.0
347.05954217910767,-870.6686207012561,262143.0
347.160281419754,-870.6686207012561,262143.0
347.2593765258789,-870.6686207012561,262143.0
347.3603570461273,-870.6686207012561,262143.0
347.4598743915558,-870.6686207012561,262143.0
347.5595395565033,-870.6686207012561,262143.0
347.65934467315674,-870.6686207012561,262143.0
347.7596015930176,-870.6686207012561,262143.0
347.8595314025879,-870.6686207012561,262143.0
347.9603006839752,-870.6686207012561,262143.0
348.05974984169006,-870.6686207012561,262143.0
348.1593792438507,-870.6686207012561,262143.0
348.2593491077423,-870.6686207012561,262143.0
348.36013674736023,-870.6686207012561,262143.0
348.4594793319702,-870.6686207012561,262143.0
348.56025743484497,-870.6686207012561,262143.0
348.6594545841217,-870.6686207012561,262143.0
348.7593641281128,-870.6686207012561,262143.0
348.8603012561798,-870.6686207012561,262143.0
348.95936608314514,-870.6686207012561,262143.0
349.0602660179138,-870.6686207012561,262143.0
349.15935921669006,-870.6686207012561,262143.0
349.26027846336365,-870.6686207012561,262143.0
349.3595721721649,-870.6686207012561,262143.0
349.4593825340271,-870.6686207012561,262143.0
349.55941557884216,-870.6686207012561,262143.0
349.65933895111084,-870.6686207012561,262143.0
349.7593319416046,-870.6686207012561,262143.0
349.85992431640625,-870.6686207012561,262143.0
349.95954942703247,-870.6686207012561,262143.0
350.059561252594,-870.6686207012561,262143.0
350.1593973636627,-870.6686207012561,262143.0
350.260244846344,-870.6686207012561,262143.0
350.3597786426544,-870.6686207012561,262143.0
350.45985531806946,-870.6686207012561,262143.0
350.55950474739075,-870.6686207012561,262143.0
350.6594133377075,-870.6686207012561,262143.0
350.7593426704407,-870.6686207012561,262143.0
350.85942029953003,-870.6686207012561,262143.0
350.95937037467957,-870.6686207012561,262143.0
351.06013584136963,-870.6686207012561,262143.0
351.1603102684021,-870.6686207012561,262143.0
351.26028513908386,-870.6686207012561,262143.0
351.3598129749298,-870.6686207012561,262143.0
351.45947456359863,-870.6686207012561,262143.0
351.56019926071167,-870.6686207012561,262143.0
351.66022992134094,-870.6686207012561,262143.0
351.760169506073,-870.6686207012561,262143.0
351.8594915866852,-870.6686207012561,262143.0
351.95941495895386,-870.6686207012561,262143.0
352.0602307319641,-870.6686207012561,262143.0
352.15933656692505,-870.6686207012561,262143.0
352.26026248931885,-870.6686207012561,262143.0
352.36021757125854,-870.6686207012561,262143.0
352.4602334499359,-870.6686207012561,262143.0
352.55949330329895,-870.6686207012561,262143.0
352.66026282310486,-870.6686207012561,262143.0
352.76026344299316,-870.6686207012561,262143.0
352.8598425388336,-870.6686207012561,262143.0
352.9595229625702,-870.6686207012561,262143.0
353.0593452453613,-870.6686207012561,262143.0
353.16012024879456,-870.6686207012561,262143.0
353.26019525527954,-870.6686207012561,262143.0
353.35938811302185,-870.6686207012561,262143.0
353.4602851867676,-870.6686207012561,262143.0
353.55937147140503,-870.6686207012561,262143.0
353.6602590084076,-870.6686207012561,262143.0
353.75937485694885,-870.6686207012561,262143.0
353.8602066040039,-870.6686207012561,262143.0
353.9602801799774,-870.6686207012561,262143.0
354.06029748916626,-870.6686207012561,262143.0
354.15953612327576,-870.6686207012561,262143.0
354.2593400478363,-870.6686207012561,262143.0
354.36028265953064,-870.6686207012561,262143.0
354.46024990081787,-870.6686207012561,262143.0
354.5593750476837,-870.6686207012561,262143.0
354.6601586341858,-870.6686207012561,262143.0
354.7597780227661,-870.6686207012561,262143.0
354.85957884788513,-870.6686207012561,262143.0
354.95947647094727,-870.6686207012561,262143.0
355.06014823913574,-870.6686207012561,262143.0
355.16030764579773,-870.6686207012561,262143.0
355.2602484226227,-870.6686207012561,262143.0
355.35932445526123,-870.6686207012561,262143.0
355.46017694473267,-870.6686207012561,262143.0
355.5602457523346,-870.6686207012561,262143.0
355.6602749824524,-870.6686207012561,262143.0
355.75933742523193,-870.6686207012561,262143.0
355.8593153953552,-870.6686207012561,262143.0
355.96017599105835,-870.6686207012561,262143.0
356.060156583786,-870.6686207012561,262143.0
356.16015124320984,-870.6686207012561,262143.0
356.2601668834686,-870.6686207012561,262143.0
356.3602178096771,-870.6686207012561,262143.0
356.45953845977783,-870.6686207012561,262143.0
356.55943846702576,-870.6686207012561,262143.0
356.6599712371826,-870.6686207012561,262143.0
356.7600100040436,-870.6686207012561,262143.0
356.8595714569092,-870.6686207012561,262143.0
356.9594945907593,-870.6686207012561,262143.0
357.0593545436859,-870.6686207012561,262143.0
357.16019344329834,-870.6686207012561,262143.0
357.2600736618042,-870.6686207012561,262143.0
357.36018443107605,-870.6686207012561,262143.0
357.4600319862366,-870.6686207012561,262143.0
357.5602071285248,-870.6686207012561,262143.0
357.66007566452026,-870.6686207012561,262143.0
357.76000452041626,-870.6686207012561,262143.0
357.86002922058105,-870.6686207012561,262143.0
357.9601352214813,-870.6686207012561,262143.0
358.0602526664734,-870.6686207012561,262143.0
358.15936636924744,-870.6686207012561,262143.0
358.2601463794708,-870.6686207012561,262143.0
358.3602168560028,-870.6686207012561,262143.0
358.4593930244446,-870.6686207012561,262143.0
358.5594799518585,-870.6686207012561,262143.0
358.6593201160431,-870.6686207012561,262143.0
358.75930643081665,-870.6686207012561,262143.0
358.86002564430237,-870.6686207012561,262143.0
358.95955324172974,-870.6686207012561,262143.0
359.06028842926025,-870.6686207012561,262143.0
359.160169839859,-870.6686207012561,262143.0
359.26014518737793,-870.6686207012561,262143.0
359.3601996898651,-870.6686207012561,262143.0
359.45992159843445,-870.6686207012561,262143.0
359.5599992275238,-870.6686207012561,262143.0
359.6600069999695,-870.6686207012561,262143.0
359.759548664093,-870.6686207012561,262143.0
359.85980105400085,-870.6686207012561,262143.0
359.96008372306824,-870.6686207012561,262143.0
360.0601603984833,-870.6686207012561,262143.0
360.15934014320374,-870.6686207012561,262143.0
360.2600095272064,-870.6686207012561,262143.0
360.3601095676422,-870.6686207012561,262143.0
360.4601581096649,-870.6686207012561,262143.0
360.56001114845276,-870.6686207012561,262143.0
360.6600031852722,-870.6686207012561,262143.0
360.76010823249817,-870.6686207012561,262143.0
360.86026668548584,-870.6686207012561,262143.0
360.960266828537,-870.6686207012561,262143.0
361.0594997406006,-870.6686207012561,262143.0
361.15944743156433,-870.6686207012561,262143.0
361.25937938690186,-870.6686207012561,262143.0
361.3602225780487,-870.6686207012561,262143.0
361.45999360084534,-870.6686207012561,262143.0
361.56009221076965,-870.6686207012561,262143.0
361.65995693206787,-870.6686207012561,262143.0
361.7602655887604,-870.6686207012561,262143.0
361.86014771461487,-870.6686207012561,262143.0
361.9600520133972,-870.6686207012561,262143.0
362.0599639415741,-870.6686207012561,262143.0
362.1600766181946,-870.6686207012561,262143.0
362.2599823474884,-870.6686207012561,262143.0
362.36004519462585,-870.6686207012561,262143.0
362.4600155353546,-870.6686207012561,262143.0
362.5600616931915,-870.6686207012561,262143.0
362.6600568294525,-870.6686207012561,262143.0
362.7600038051605,-870.6686207012561,262143.0
362.8601961135864,-870.6686207012561,262143.0
362.95999002456665,-870.6686207012561,262143.0
363.05997228622437,-870.6686207012561,262143.0
363.16010332107544,-870.6686207012561,262143.0
363.25996351242065,-870.6686207012561,262143.0
363.3600172996521,-870.6686207012561,262143.0
363.4599084854126,-870.6686207012561,262143.0
363.5593762397766,-870.6686207012561,262143.0
363.66016268730164,-870.6686207012561,262143.0
363.76010966300964,-870.6686207012561,262143.0
363.85997915267944,-870.6686207012561,262143.0
363.960001707077,-870.6686207012561,262143.0
364.0599126815796,-870.6686207012561,262143.0
364.1599061489105,-870.6686207012561,262143.0
364.2598931789398,-870.6686207012561,262143.0
364.35999155044556,-870.6686207012561,262143.0
364.459921836853,-870.6686207012561,262143.0
364.5599489212036,-870.6686207012561,262143.0
364.66011667251587,-870.6686207012561,262143.0
364.76007604599,-870.6686207012561,262143.0
364.86000990867615,-870.6686207012561,262143.0
364.95997500419617,-870.6686207012561,262143.0
365.0599875450134,-870.6686207012561,262143.0
365.16002583503723,-870.6686207012561,262143.0
365.2599124908447,-870.6686207012561,262143.0
365.35972261428833,-870.6686207012561,262143.0
365.4595875740051,-870.6686207012561,262143.0
365.55973982810974,-870.6686207012561,262143.0
365.65977931022644,-870.6686207012561,262143.0
365.76001501083374,-870.6686207012561,262143.0
365.85995268821716,-870.6686207012561,262143.0
365.95997953414917,-870.6686207012561,262143.0
366.059996843338,-870.6686207012561,262143.0
366.1600830554962,-870.6686207012561,262143.0
366.260142326355,-870.6686207012561,262143.0
366.36001348495483,-870.6686207012561,262143.0
366.45990896224976,-870.6686207012561,262143.0
366.5599420070648,-870.6686207012561,262143.0
366.66011238098145,-870.6686207012561,262143.0
366.7597634792328,-870.6686207012561,262143.0
366.860146522522,-870.6686207012561,262143.0
366.9598662853241,-870.6686207012561,262143.0
367.0600731372833,-870.6686207012561,262143.0
367.1601004600525,-870.6686207012561,262143.0
367.2593469619751,-870.6686207012561,262143.0
367.3598635196686,-870.6686207012561,262143.0
367.46010303497314,-870.6686207012561,262143.0
367.5600423812866,-870.6686207012561,262143.0
367.66014766693115,-870.6686207012561,262143.0
367.7600076198578,-870.6686207012561,262143.0
367.85955715179443,-870.6686207012561,262143.0
367.9601469039917,-870.6686207012561,262143.0
368.0596911907196,-870.6686207012561,262143.0
368.1599133014679,-870.6686207012561,262143.0
368.2600955963135,-870.6686207012561,262143.0
368.35990619659424,-870.6686207012561,262143.0
368.4600751399994,-870.6686207012561,262143.0
368.5597801208496,-870.6686207012561,262143.0
368.6594486236572,-870.6686207012561,262143.0
368.75936627388,-870.6686207012561,262143.0
368.86025524139404,-870.6686207012561,262143.0
368.9598958492279,-870.6686207012561,262143.0
369.05945777893066,-870.6686207012561,262143.0
369.15989923477173,-870.6686207012561,262143.0
369.2599070072174,-870.6686207012561,262143.0
369.35990619659424,-870.6686207012561,262143.0
369.4599976539612,-870.6686207012561,262143.0
369.55986166000366,-870.6686207012561,262143.0
369.65986680984497,-870.6686207012561,262143.0
369.76008009910583,-870.6686207012561,262143.0
369.859831571579,-870.6686207012561,262143.0
369.9597647190094,-870.6686207012561,262143.0
370.05992126464844,-870.6686207012561,262143.0
370.1597218513489,-870.6686207012561,262143.0
370.25993037223816,-870.6686207012561,262143.0
370.359925031662,-870.6686207012561,262143.0
370.45990920066833,-870.6686207012561,262143.0
370.5597929954529,-870.6686207012561,262143.0
370.659939289093,-870.6686207012561,262143.0
370.759868144989,-870.6686207012561,262143.0
370.85956621170044,-870.6686207012561,262143.0
370.9601368904114,-870.6686207012561,262143.0
371.0602614879608,-870.6686207012561,262143.0
371.15941286087036,-870.6686207012561,262143.0
371.26004099845886,-870.6686207012561,262143.0
371.359894990921,-870.6686207012561,262143.0
371.46008682250977,-870.6686207012561,262143.0
371.5598750114441,-870.6686207012561,262143.0
371.6598596572876,-870.6686207012561,262143.0
371.7601521015167,-870.6686207012561,262143.0
371.85936856269836,-870.6686207012561,262143.0
371.96009850502014,-870.6686207012561,262143.0
372.059677362442,-870.6686207012561,262143.0
372.1595969200134,-870.6686207012561,262143.0
372.260036945343,-870.6686207012561,262143.0
372.359904050827,-870.6686207012561,262143.0
372.46020007133484,-870.6686207012561,262143.0
372.56009340286255,-870.6686207012561,262143.0
372.65986013412476,-870.6686207012561,262143.0
372.7601535320282,-870.6686207012561,262143.0
372.8594045639038,-870.6686207012561,262143.0
372.9602108001709,-870.6686207012561,262143.0
373.059937953949,-870.6686207012561,262143.0
373.15983414649963,-870.6686207012561,262143.0
373.26014280319214,-870.6686207012561,262143.0
373.3593838214874,-870.6686207012561,262143.0
373.46000933647156,-870.6686207012561,262143.0
373.55998182296753,-870.6686207012561,262143.0
373.660192489624,-870.6686207012561,262143.0
373.7594277858734,-870.6686207012561,262143.0
373.86002492904663,-870.6686207012561,262143.0
373.9598116874695,-870.6686207012561,262143.0
374.05996918678284,-870.6686207012561,262143.0
374.1599054336548,-870.6686207012561,262143.0
374.2602069377899,-870.6686207012561,262143.0
374.359468460083,-870.6686207012561,262143.0
374.4594566822052,-870.6686207012561,262143.0
374.55988073349,-870.6686207012561,262143.0
374.6602854728699,-870.6686207012561,262143.0
374.7600464820862,-870.6686207012561,262143.0
374.8593125343323,-870.6686207012561,262143.0
374.9598591327667,-870.6686207012561,262143.0
375.0601451396942,-870.6686207012561,262143.0
375.1598901748657,-870.6686207012561,262143.0
375.2601590156555,-870.6686207012561,262143.0
375.35989475250244,-870.6686207012561,262143.0
375.46017956733704,-870.6686207012561,262143.0
375.559965133667,-870.6686207012561,262143.0
375.660165309906,-870.6686207012561,262143.0
375.75991106033325,-870.6686207012561,262143.0
375.8601770401001,-870.6686207012561,262143.0
375.9598813056946,-870.6686207012561,262143.0
376.0598738193512,-870.6686207012561,262143.0
376.16016840934753,-870.6686207012561,262143.0
376.2597861289978,-870.6686207012561,262143.0
376.3600299358368,-870.6686207012561,262143.0
376.4598066806793,-870.6686207012561,262143.0
376.5598268508911,-870.6686207012561,262143.0
376.65954971313477,-870.6686207012561,262143.0
376.75965094566345,-870.6686207012561,262143.0
376.86003494262695,-870.6686207012561,262143.0
376.95996928215027,-870.6686207012561,262143.0
377.0596067905426,-870.6686207012561,262143.0
377.15971326828003,-870.6686207012561,262143.0
377.2599709033966,-870.6686207012561,262143.0
377.3598508834839,-870.6686207012561,262143.0
377.4601607322693,-870.6686207012561,262143.0
377.56001114845276,-870.6686207012561,262143.0
377.6595709323883,-870.6686207012561,262143.0
377.75971961021423,-870.6686207012561,262143.0
377.8599920272827,-870.6686207012561,262143.0
377.9599618911743,-870.6686207012561,262143.0
378.0597550868988,-870.6686207012561,262143.0
378.1597089767456,-870.6686207012561,262143.0
378.2602298259735,-870.6686207012561,262143.0
378.359988451004,-870.6686207012561,262143.0
378.4596016407013,-870.6686207012561,262143.0
378.5596809387207,-870.6686207012561,262143.0
378.65984773635864,-870.6686207012561,262143.0
378.75996232032776,-870.6686207012561,262143.0
378.8595790863037,-870.6686207012561,262143.0
378.9598641395569,-870.6686207012561,262143.0
379.059898853302,-870.6686207012561,262143.0
379.15994691848755,-870.6686207012561,262143.0
379.25994062423706,-870.6686207012561,262143.0
379.36014461517334,-870.6686207012561,262143.0
379.46010303497314,-870.6686207012561,262143.0
379.559960603714,-870.6686207012561,262143.0
379.65994668006897,-870.6686207012561,262143.0
379.7601361274719,-870.6686207012561,262143.0
379.8593804836273,-870.6686207012561,262143.0
379.96000719070435,-870.6686207012561,262143.0
380.05978536605835,-870.6686207012561,262143.0
380.15974974632263,-870.6686207012561,262143.0
380.25988149642944,-870.6686207012561,262143.0
380.3598539829254,-870.6686207012561,262143.0
380.45983958244324,-870.6686207012561,262143.0
380.559800863266,-870.6686207012561,262143.0
380.6597046852112,-870.6686207012561,262143.0
380.7600681781769,-870.6686207012561,262143.0
380.859436750412,-870.6686207012561,262143.0
380.9600763320923,-870.6686207012561,262143.0
381.0600063800812,-870.6686207012561,262143.0
381.1598074436188,-870.6686207012561,262143.0
381.25986886024475,-870.6686207012561,262143.0
381.35970306396484,-870.6686207012561,262143.0
381.4597771167755,-870.6686207012561,262143.0
381.5596618652344,-870.6686207012561,262143.0
381.65973925590515,-870.6686207012561,262143.0
381.75979685783386,-870.6686207012561,262143.0
381.85990285873413,-870.6686207012561,262143.0
381.9597849845886,-870.6686207012561,262143.0
382.059850692749,-870.6686207012561,262143.0
382.15985226631165,-870.6686207012561,262143.0
382.2601261138916,-870.6686207012561,262143.0
382.35950088500977,-870.6686207012561,262143.0
382.45972776412964,-870.6686207012561,262143.0
382.5598735809326,-870.6686207012561,262143.0
382.6599073410034,-870.6686207012561,262143.0
382.76008892059326,-870.6686207012561,262143.0
382.8600962162018,-870.6686207012561,262143.0
382.96028900146484,-870.6686207012561,262143.0
383.0599994659424,-870.6686207012561,262143.0
383.15970754623413,-870.6686207012561,262143.0
383.2598249912262,-870.6686207012561,262143.0
383.3598222732544,-870.6686207012561,262143.0
383.45972299575806,-870.6686207012561,262143.0
383.5595910549164,-870.6686207012561,262143.0
383.6597034931183,-870.6686207012561,262143.0
383.75971150398254,-870.6686207012561,262143.0
383.8599202632904,-870.6686207012561,262143.0
383.9602279663086,-870.6686207012561,262143.0
384.0598404407501,-870.6686207012561,262143.0
384.16011691093445,-870.6686207012561,262143.0
384.2599160671234,-870.6686207012561,262143.0
384.3598425388336,-870.6686207012561,262143.0
384.45984530448914,-870.6686207012561,262143.0
384.56002473831177,-870.6686207012561,262143.0
384.65931248664856,-870.6686207012561,262143.0
384.7599494457245,-870.6686207012561,262143.0
384.86025857925415,-870.6686207012561,262143.0
384.95999360084534,-870.6686207012561,262143.0
385.05982637405396,-870.6686207012561,262143.0
385.1597783565521,-870.6686207012561,262143.0
385.2597179412842,-870.6686207012561,262143.0
385.3597571849823,-870.6686207012561,262143.0
385.4596140384674,-870.6686207012561,262143.0
385.559730052948,-870.6686207012561,262143.0
385.6597218513489,-870.6686207012561,262143.0
385.7599198818207,-870.6686207012561,262143.0
385.86005783081055,-870.6686207012561,262143.0
385.9597246646881,-870.6686207012561,262143.0
386.05967450141907,-870.6686207012561,262143.0
386.15957713127136,-870.6686207012561,262143.0
386.2596335411072,-870.6686207012561,262143.0
386.35963582992554,-870.6686207012561,262143.0
386.4595217704773,-870.6686207012561,262143.0
386.5597116947174,-870.6686207012561,262143.0
386.65975189208984,-870.6686207012561,262143.0
386.7597076892853,-870.6686207012561,262143.0
386.85964822769165,-870.6686207012561,262143.0
386.95972084999084,-870.6686207012561,262143.0
387.0596749782562,-870.6686207012561,262143.0
387.15966987609863,-870.6686207012561,262143.0
387.2596423625946,-870.6686207012561,262143.0
387.35962867736816,-870.6686207012561,262143.0
387.45980954170227,-870.6686207012561,262143.0
387.5597505569458,-870.6686207012561,262143.0
387.6597800254822,-870.6686207012561,262143.0
387.7593677043915,-870.6686207012561,262143.0
387.8595480918884,-870.6686207012561,262143.0
387.9594919681549,-870.6686207012561,262143.0
388.0595178604126,-870.6686207012561,262143.0
388.1595597267151,-870.6686207012561,262143.0
388.25946831703186,-870.6686207012561,262143.0
388.35958981513977,-870.6686207012561,262143.0
388.45944809913635,-870.6686207012561,262143.0
388.55998134613037,-870.6686207012561,262143.0
388.6595776081085,-870.6686207012561,262143.0
388.75952887535095,-870.6686207012561,262143.0
388.85934710502625,-870.6686207012561,262143.0
388.9599151611328,-870.6686207012561,262143.0
389.0597710609436,-870.6686207012561,262143.0
389.1596817970276,-870.6686207012561,262143.0
389.25964522361755,-870.6686207012561,262143.0
389.35970544815063,-870.6686207012561,262143.0
389.459716796875,-870.6686207012561,262143.0
389.55981183052063,-870.6686207012561,262143.0
389.65955328941345,-870.6686207012561,262143.0
389.7598166465759,-870.6686207012561,262143.0
389.85968708992004,-870.6686207012561,262143.0
389.9596824645996,-870.6686207012561,262143.0
390.0596036911011,-870.6686207012561,262143.0
390.15959334373474,-870.6686207012561,262143.0
390.2595555782318,-870.6686207012561,262143.0
390.3595771789551,-870.6686207012561,262143.0
390.459431886673,-870.6686207012561,262143.0
390.5594153404236,-870.6686207012561,262143.0
390.65945982933044,-870.6686207012561,262143.0
390.759393453598,-870.6686207012561,262143.0
390.859605550766,-870.6686207012561,262143.0
390.95968437194824,-870.6686207012561,262143.0
391.0596272945404,-870.6686207012561,262143.0
391.1595969200134,-870.6686207012561,262143.0
391.2595646381378,-870.6686207012561,262143.0
391.35975885391235,-870.6686207012561,262143.0
391.4597053527832,-870.6686207012561,262143.0
391.5596308708191,-870.6686207012561,262143.0
391.65967321395874,-870.6686207012561,262143.0
391.7597019672394,-870.6686207012561,262143.0
391.8596465587616,-870.6686207012561,262143.0
391.95967984199524,-870.6686207012561,262143.0
392.05986738204956,-870.6686207012561,262143.0
392.1596989631653,-870.6686207012561,262143.0
392.25988006591797,-870.6686207012561,262143.0
392.3596007823944,-870.6686207012561,262143.0
392.45960092544556,-870.6686207012561,262143.0
392.559531211853,-870.6686207012561,262143.0
392.6594259738922,-870.6686207012561,262143.0
392.7595956325531,-870.6686207012561,262143.0
392.8596901893616,-870.6686207012561,262143.0
392.95966243743896,-870.6686207012561,262143.0
393.05979442596436,-870.6686207012561,262143.0
393.15998458862305,-870.6686207012561,262143.0
393.2598006725311,-870.6686207012561,262143.0
393.3596568107605,-870.6686207012561,262143.0
393.45960545539856,-870.6686207012561,262143.0
393.5597941875458,-870.6686207012561,262143.0
393.65992999076843,-870.6686207012561,262143.0
393.7597930431366,-870.6686207012561,262143.0
393.85961508750916,-870.6686207012561,262143.0
393.9595854282379,-870.6686207012561,262143.0
394.05959725379944,-870.6686207012561,262143.0
394.1595952510834,-870.6686207012561,262143.0
394.2596597671509,-870.6686207012561,262143.0
394.359432220459,-870.6686207012561,262143.0
394.4594523906708,-870.6686207012561,262143.0
394.5595541000366,-870.6686207012561,262143.0
394.6594889163971,-870.6686207012561,262143.0
394.75958704948425,-870.6686207012561,262143.0
394.85935831069946,-870.6686207012561,262143.0
394.9595584869385,-870.6686207012561,262143.0
395.0595769882202,-870.6686207012561,262143.0
395.15954971313477,-870.6686207012561,262143.0
395.2594904899597,-870.6686207012561,262143.0
395.35952639579773,-870.6686207012561,262143.0
395.459459066391,-870.6686207012561,262143.0
395.55940890312195,-870.6686207012561,262143.0
395.6595160961151,-870.6686207012561,262143.0
395.7595498561859,-870.6686207012561,262143.0
395.85945987701416,-870.6686207012561,262143.0
395.9595055580139,-870.6686207012561,262143.0
396.0601818561554,-870.6686207012561,262143.0
396.1595084667206,-870.6686207012561,262143.0
396.2594645023346,-870.6686207012561,262143.0
396.35952734947205,-870.6686207012561,262143.0
396.4594259262085,-870.6686207012561,262143.0
396.5594575405121,-870.6686207012561,262143.0
396.6595153808594,-870.6686207012561,262143.0
396.7595088481903,-870.6686207012561,262143.0
396.85948967933655,-870.6686207012561,262143.0
396.95949149131775,-870.6686207012561,262143.0
397.05953884124756,-870.6686207012561,262143.0
397.1593973636627,-870.6686207012561,262143.0
397.2594530582428,-870.6686207012561,262143.0
397.3594899177551,-870.6686207012561,262143.0
397.45945858955383,-870.6686207012561,262143.0
397.55953574180603,-870.6686207012561,262143.0
397.65947127342224,-870.6686207012561,262143.0
397.7595682144165,-870.6686207012561,262143.0
397.8596203327179,-870.6686207012561,262143.0
397.95985078811646,-870.6686207012561,262143.0
398.0601055622101,-870.6686207012561,262143.0
398.15978813171387,-870.6686207012561,262143.0
398.25963735580444,-870.6686207012561,262143.0
398.3598690032959,-870.6686207012561,262143.0
398.45968103408813,-870.6686207012561,262143.0
398.5597286224365,-870.6686207012561,262143.0
398.6600122451782,-870.6686207012561,262143.0
398.75968766212463,-870.6686207012561,262143.0
398.85967922210693,-870.6686207012561,262143.0
398.9595248699188,-870.6686207012561,262143.0
399.05939292907715,-870.6686207012561,262143.0
399.1593015193939,-870.6686207012561,262143.0
399.25932097435,-870.6686207012561,262143.0
399.3595070838928,-870.6686207012561,262143.0
399.45940351486206,-870.6686207012561,262143.0
399.5595791339874,-870.6686207012561,262143.0
399.65947794914246,-870.6686207012561,262143.0
399.7594721317291,-870.6686207012561,262143.0
399.8595812320709,-870.6686207012561,262143.0
399.9595000743866,-870.6686207012561,262143.0
400.0592713356018,-870.6686207012561,262143.0
400.15997648239136,-870.6686207012561,262143.0
400.2598297595978,-870.6686207012561,262143.0
400.35954236984253,-870.6686207012561,262143.0
400.45955085754395,-870.6686207012561,262143.0
400.55949687957764,-870.6686207012561,262143.0
400.6594123840332,-870.6686207012561,262143.0
400.75949263572693,-870.6686207012561,262143.0
400.8601312637329,-870.6686207012561,262143.0
400.9597578048706,-870.6686207012561,262143.0
401.0595700740814,-870.6686207012561,262143.0
401.159517288208,-870.6686207012561,262143.0
401.25943064689636,-870.6686207012561,262143.0
401.359432220459,-870.6686207012561,262143.0
401.4593594074249,-870.6686207012561,262143.0
401.5594410896301,-870.6686207012561,262143.0
401.6594514846802,-870.6686207012561,262143.0
401.7595076560974,-870.6686207012561,262143.0
401.85946226119995,-870.6686207012561,262143.0
401.95947647094727,-870.6686207012561,262143.0
402.05944776535034,-870.6686207012561,262143.0
402.15941095352173,-870.6686207012561,262143.0
402.259330034256,-870.6686207012561,262143.0
402.3593661785126,-870.6686207012561,262143.0
402.4598476886749,-870.6686207012561,262143.0
402.55985832214355,-870.6686207012561,262143.0
402.65995812416077,-870.6686207012561,262143.0
402.76008105278015,-870.6686207012561,262143.0
402.8598930835724,-870.6686207012561,262143.0
402.9598300457001,-870.6686207012561,262143.0
403.05938482284546,-870.6686207012561,262143.0
403.16000294685364,-870.6686207012561,262143.0
403.2600622177124,-870.6686207012561,262143.0
403.3600866794586,-870.6686207012561,262143.0
403.4600601196289,-870.6686207012561,262143.0
403.5600163936615,-870.6686207012561,262143.0
403.66022515296936,-870.6686207012561,262143.0
403.75941276550293,-870.6686207012561,262143.0
403.8591499328613,-870.6686207012561,262143.0
403.9601171016693,-870.6686207012561,262143.0
404.0600891113281,-870.6686207012561,262143.0
404.15978360176086,-870.6686207012561,262143.0
404.2595167160034,-870.6686207012561,262143.0
404.35951590538025,-870.6686207012561,262143.0
404.4595491886139,-870.6686207012561,262143.0
404.5597710609436,-870.6686207012561,262143.0
404.65965485572815,-870.6686207012561,262143.0
404.759646654129,-870.6686207012561,262143.0
404.8594777584076,-870.6686207012561,262143.0
404.9595377445221,-870.6686207012561,262143.0
405.05990862846375,-870.6686207012561,262143.0
405.15958762168884,-870.6686207012561,262143.0
405.25953936576843,-870.6686207012561,262143.0
405.35992407798767,-870.6686207012561,262143.0
405.46024465560913,-870.6686207012561,262143.0
405.55964040756226,-870.6686207012561,262143.0
405.6597099304199,-870.6686207012561,262143.0
405.7596745491028,-870.6686207012561,262143.0
405.85944080352783,-870.6686207012561,262143.0
405.9595670700073,-870.6686207012561,262143.0
406.05982422828674,-870.6686207012561,262143.0
406.16009044647217,-870.6686207012561,262143.0
406.25938963890076,-870.6686207012561,262143.0
406.3595485687256,-870.6686207012561,262143.0
406.4599177837372,-870.6686207012561,262143.0
406.5602366924286,-870.6686207012561,262143.0
406.659921169281,-870.6686207012561,262143.0
406.7596595287323,-870.6686207012561,262143.0
406.8598747253418,-870.6686207012561,262143.0
406.9596002101898,-870.6686207012561,262143.0
407.05933475494385,-870.6686207012561,262143.0
407.1595973968506,-870.6686207012561,262143.0
407.25938725471497,-870.6686207012561,262143.0
407.3594756126404,-870.6686207012561,262143.0
407.4595148563385,-870.6686207012561,262143.0
407.55951714515686,-870.6686207012561,262143.0
407.6598012447357,-870.6686207012561,262143.0
407.75974774360657,-870.6686207012561,262143.0
407.8594069480896,-870.6686207012561,262143.0
407.9602506160736,-870.6686207012561,262143.0
408.05964159965515,-870.6686207012561,262143.0
408.1595501899719,-870.6686207012561,262143.0
408.25956773757935,-870.6686207012561,262143.0
408.35938358306885,-870.6686207012561,262143.0
408.4593369960785,-870.6686207012561,262143.0
408.5602276325226,-870.6686207012561,262143.0
408.6594018936157,-870.6686207012561,262143.0
408.75951194763184,-870.6686207012561,262143.0
408.8593192100525,-870.6686207012561,262143.0
408.95939016342163,-870.6686207012561,262143.0
409.05933928489685,-870.6686207012561,262143.0
409.16036438941956,-870.6686207012561,262143.0
409.259667634964,-870.6686207012561,262143.0
409.35956597328186,-870.6686207012561,262143.0
409.45935106277466,-870.6686207012561,262143.0
409.560316324234,-870.6686207012561,262143.0
409.65996742248535,-870.6686207012561,262143.0
409.75970482826233,-870.6686207012561,262143.0
409.85954785346985,-870.6686207012561,262143.0
409.9601192474365,-870.6686207012561,262143.0
410.06009793281555,-870.6686207012561,262143.0
410.1596519947052,-870.6686207012561,262143.0
410.2596085071564,-870.6686207012561,262143.0
410.35940504074097,-870.6686207012561,262143.0
410.4593937397003,-870.6686207012561,262143.0
410.5594494342804,-870.6686207012561,262143.0
410.6595323085785,-870.6686207012561,262143.0
410.7593195438385,-870.6686207012561,262143.0
410.8594436645508,-870.6686207012561,262143.0
410.9594383239746,-870.6686207012561,262143.0
411.0601575374603,-870.6686207012561,262143.0
411.15942001342773,-870.6686207012561,262143.0
411.26016998291016,-870.6686207012561,262143.0
411.35959935188293,-870.6686207012561,262143.0
411.45930910110474,-870.6686207012561,262143.0
411.56019496917725,-870.6686207012561,262143.0
411.6598696708679,-870.6686207012561,262143.0
411.76010155677795,-870.6686207012561,262143.0
411.8596384525299,-870.6686207012561,262143.0
411.9594056606293,-870.6686207012561,262143.0
412.06021547317505,-870.6686207012561,262143.0
412.1596200466156,-870.6686207012561,262143.0
412.2602894306183,-870.6686207012561,262143.0
412.3599374294281,-870.6686207012561,262143.0
412.4601340293884,-870.6686207012561,262143.0
412.55964612960815,-870.6686207012561,262143.0
412.65934920310974,-870.6686207012561,262143.0
412.7594654560089,-870.6686207012561,262143.0
412.8598494529724,-870.6686207012561,262143.0
412.9595181941986,-870.6686207012561,262143.0
413.0595109462738,-870.6686207012561,262143.0
413.1595597267151,-870.6686207012561,262143.0
413.26029896736145,-870.6686207012561,262143.0
413.3595745563507,-870.6686207012561,262143.0
413.4595236778259,-870.6686207012561,262143.0
413.559876203537,-870.6686207012561,262143.0
413.66003489494324,-870.6686207012561,262143.0
413.7594327926636,-870.6686207012561,262143.0
413.8603096008301,-870.6686207012561,262143.0
413.95956778526306,-870.6686207012561,262143.0
414.05946588516235,-870.6686207012561,262143.0
414.1594421863556,-870.6686207012561,262143.0
414.25952529907227,-870.6686207012561,262143.0
414.3595161437988,-870.6686207012561,262143.0
414.4596028327942,-870.6686207012561,262143.0
414.55976939201355,-870.6686207012561,262143.0
414.6594204902649,-870.6686207012561,262143.0
414.75952529907227,-870.6686207012561,262143.0
414.8593485355377,-870.6686207012561,262143.0
414.95945620536804,-870.6686207012561,262143.0
415.0602695941925,-870.6686207012561,262143.0
415.15971279144287,-870.6686207012561,262143.0
415.25979709625244,-870.6686207012561,262143.0
415.3598082065582,-870.6686207012561,262143.0
415.4594249725342,-870.6686207012561,262143.0
415.5594389438629,-870.6686207012561,262143.0
415.66018986701965,-870.6686207012561,262143.0
415.759578704834,-870.6686207012561,262143.0
415.8593907356262,-870.6686207012561,262143.0
415.960205078125,-870.6686207012561,262143.0
416.05963492393494,-870.6686207012561,262143.0
416.16026878356934,-870.6686207012561,262143.0
416.25971126556396,-870.6686207012561,262143.0
416.3593780994415,-870.6686207012561,262143.0
416.4601638317108,-870.6686207012561,262143.0
416.5594573020935,-870.6686207012561,262143.0
416.65937662124634,-870.6686207012561,262143.0
416.760125875473,-870.6686207012561,262143.0
416.859578371048,-870.6686207012561,262143.0
416.95946407318115,-870.6686207012561,262143.0
417.0595500469208,-870.6686207012561,262143.0
417.1593701839447,-870.6686207012561,262143.0
417.2600464820862,-870.6686207012561,262143.0
417.3594870567322,-870.6686207012561,262143.0
417.46011209487915,-870.6686207012561,262143.0
417.5595624446869,-870.6686207012561,262143.0
417.65933561325073,-870.6686207012561,262143.0
417.7593922615051,-870.6686207012561,262143.0
417.8602886199951,-870.6686207012561,262143.0
417.9596538543701,-870.6686207012561,262143.0
418.059663772583,-870.6686207012561,262143.0
418.1598641872406,-870.6686207012561,262143.0
418.25942826271057,-870.6686207012561,262143.0
418.35934114456177,-870.6686207012561,262143.0
418.45984411239624,-870.6686207012561,262143.0
418.5591809749603,-870.6686207012561,262143.0
418.66005182266235,-870.6686207012561,262143.0
418.7602367401123,-870.6686207012561,262143.0
418.8595857620239,-870.6686207012561,262143.0
418.9594669342041,-870.6686207012561,262143.0
419.0594789981842,-870.6686207012561,262143.0
419.1601126194,-870.6686207012561,262143.0
419.25957441329956,-870.6686207012561,262143.0
419.3601830005646,-870.6686207012561,262143.0
419.45957350730896,-870.6686207012561,262143.0
419.5601658821106,-870.6686207012561,262143.0
419.6595709323883,-870.6686207012561,262143.0
419.75988483428955,-870.6686207012561,262143.0
419.85945558547974,-870.6686207012561,262143.0
419.9595012664795,-870.6686207012561,262143.0
420.06010699272156,-870.6686207012561,262143.0
420.159371137619,-870.6686207012561,262143.0
420.25985765457153,-870.6686207012561,262143.0
420.35938715934753,-870.6686207012561,262143.0
420.4601209163666,-870.6686207012561,262143.0
420.5602352619171,-870.6686207012561,262143.0
420.6593813896179,-870.6686207012561,262143.0
420.75943422317505,-870.6686207012561,262143.0
420.8600506782532,-870.6686207012561,262143.0
420.95998311042786,-870.6686207012561,262143.0
421.0594491958618,-870.6686207012561,262143.0
421.1601994037628,-870.6686207012561,262143.0
421.2595248222351,-870.6686207012561,262143.0
421.3602273464203,-870.6686207012561,262143.0
421.45935344696045,-870.6686207012561,262143.0
421.5594873428345,-870.6686207012561,262143.0
421.65959906578064,-870.6686207012561,262143.0
421.76024651527405,-870.6686207012561,262143.0
421.85954093933105,-870.6686207012561,262143.0
421.959538936615,-870.6686207012561,262143.0
422.0601692199707,-870.6686207012561,262143.0
422.1595401763916,-870.6686207012561,262143.0
422.2595145702362,-870.6686207012561,262143.0
422.35959458351135,-870.6686207012561,262143.0
422.45955991744995,-870.6686207012561,262143.0
422.5598669052124,-870.6686207012561,262143.0
422.660151720047,-870.6686207012561,262143.0
422.75983905792236,-870.6686207012561,262143.0
422.8601474761963,-870.6686207012561,262143.0
422.9598391056061,-870.6686207012561,262143.0
423.0602333545685,-870.6686207012561,262143.0
423.15961742401123,-870.6686207012561,262143.0
423.26014518737793,-870.6686207012561,262143.0
423.35954332351685,-870.6686207012561,262143.0
423.46020698547363,-870.6686207012561,262143.0
423.5602147579193,-870.6686207012561,262143.0
423.65941548347473,-870.6686207012561,262143.0
423.76011896133423,-870.6686207012561,262143.0
423.85951924324036,-870.6686207012561,262143.0
423.9602155685425,-870.6686207012561,262143.0
424.05952072143555,-870.6686207012561,262143.0
424.15953612327576,-870.6686207012561,262143.0
424.2597870826721,-870.6686207012561,262143.0
424.35925006866455,-870.6686207012561,262143.0
424.46026968955994,-870.6686207012561,262143.0
424.55960726737976,-870.6686207012561,262143.0
424.66006803512573,-870.6686207012561,262143.0
424.75981879234314,-870.6686207012561,262143.0
424.85934686660767,-870.6686207012561,262143.0
424.9600975513458,-870.6686207012561,262143.0
425.0594730377197,-870.6686207012561,262143.0
425.1601655483246,-870.6686207012561,262143.0
425.25937485694885,-870.6686207012561,262143.0
425.35940766334534,-870.6686207012561,262143.0
425.4593276977539,-870.6686207012561,262143.0
425.55932688713074,-870.6686207012561,262143.0
425.6601622104645,-870.6686207012561,262143.0
425.75941824913025,-870.6686207012561,262143.0
425.8600516319275,-870.6686207012561,262143.0
425.9595181941986,-870.6686207012561,262143.0
426.05999636650085,-870.6686207012561,262143.0
426.15945768356323,-870.6686207012561,262143.0
426.2600529193878,-870.6686207012561,262143.0
426.35947847366333,-870.6686207012561,262143.0
426.45943903923035,-870.6686207012561,262143.0
426.56007981300354,-870.6686207012561,262143.0
426.65964674949646,-870.6686207012561,262143.0
426.7599859237671,-870.6686207012561,262143.0
426.85942673683167,-870.6686207012561,262143.0
426.9601254463196,-870.6686207012561,262143.0
427.0592534542084,-870.6686207012561,262143.0
427.1602020263672,-870.6686207012561,262143.0
427.2596113681793,-870.6686207012561,262143.0
427.35919547080994,-870.6686207012561,262143.0
427.4592785835266,-870.6686207012561,262143.0
427.5593328475952,-870.6686207012561,262143.0
427.6594064235687,-870.6686207012561,262143.0
427.75929522514343,-870.6686207012561,262143.0
427.8595988750458,-870.6686207012561,262143.0
427.9601845741272,-870.6686207012561,262143.0
428.05937910079956,-870.6686207012561,262143.0
428.1594307422638,-870.6686207012561,262143.0
428.2599620819092,-870.6686207012561,262143.0
428.35964584350586,-870.6686207012561,262143.0
428.4600796699524,-870.6686207012561,262143.0
428.5597062110901,-870.6686207012561,262143.0
428.66002321243286,-870.6686207012561,262143.0
428.759539604187,-870.6686207012561,262143.0
428.8593738079071,-870.6686207012561,262143.0
428.9601516723633,-870.6686207012561,262143.0
429.0592830181122,-870.6686207012561,262143.0
429.15967559814453,-870.6686207012561,262143.0
429.2592918872833,-870.6686207012561,262143.0
429.3593912124634,-870.6686207012561,262143.0
429.4595990180969,-870.6686207012561,262143.0
429.5594799518585,-870.6686207012561,262143.0
429.6596827507019,-870.6686207012561,262143.0
429.7599060535431,-870.6686207012561,262143.0
429.8595869541168,-870.6686207012561,262143.0
429.9595730304718,-870.6686207012561,262143.0
430.0595452785492,-870.6686207012561,262143.0
430.1596186161041,-870.6686207012561,262143.0
430.25971961021423,-870.6686207012561,262143.0
430.3596794605255,-870.6686207012561,262143.0
430.4595355987549,-870.6686207012561,262143.0
430.55966687202454,-870.6686207012561,262143.0
430.6592745780945,-870.6686207012561,262143.0
430.7593619823456,-870.6686207012561,262143.0
430.859904050827,-870.6686207012561,262143.0
430.95953702926636,-870.6686207012561,262143.0
431.059698343277,-870.6686207012561,262143.0
431.159615278244,-870.6686207012561,262143.0
431.2593297958374,-870.6686207012561,262143.0
431.36000990867615,-870.6686207012561,262143.0
431.45985555648804,-870.6686207012561,262143.0
431.5592186450958,-870.6686207012561,262143.0
431.65983390808105,-870.6686207012561,262143.0
431.7599494457245,-870.6686207012561,262143.0
431.86005210876465,-870.6686207012561,262143.0
431.9599361419678,-870.6686207012561,262143.0
432.0598289966583,-870.6686207012561,262143.0
432.1598563194275,-870.6686207012561,262143.0
432.2597315311432,-870.6686207012561,262143.0
432.35997104644775,-870.6686207012561,262143.0
432.4598705768585,-870.6686207012561,262143.0
432.5599331855774,-870.6686207012561,262143.0
432.65979409217834,-870.6686207012561,262143.0
432.75989627838135,-870.6686207012561,262143.0
432.8602046966553,-870.6686207012561,262143.0
432.95934224128723,-870.6686207012561,262143.0
433.0599036216736,-870.6686207012561,262143.0
433.1596779823303,-870.6686207012561,262143.0
433.260107755661,-870.6686207012561,262143.0
433.35963201522827,-870.6686207012561,262143.0
433.4600191116333,-870.6686207012561,262143.0
433.5602149963379,-870.6686207012561,262143.0
433.6602210998535,-870.6686207012561,262143.0
433.7595224380493,-870.6686207012561,262143.0
433.86013889312744,-870.6686207012561,262143.0
433.959406375885,-870.6686207012561,262143.0
434.06023359298706,-870.6686207012561,262143.0
434.1602430343628,-870.6686207012561,262143.0
434.2599973678589,-870.6686207012561,262143.0
434.3591685295105,-870.6686207012561,262143.0
434.46016812324524,-870.6686207012561,262143.0
434.56016302108765,-870.6686207012561,262143.0
434.6593270301819,-870.6686207012561,262143.0
434.75930094718933,-870.6686207012561,262143.0
434.8592355251312,-870.6686207012561,262143.0
434.9592475891113,-870.6686207012561,262143.0
435.0601394176483,-870.6686207012561,262143.0
435.1592347621918,-870.6686207012561,262143.0
435.2592658996582,-870.6686207012561,262143.0
435.35947489738464,-870.6686207012561,262143.0
435.45915484428406,-870.6686207012561,262143.0
435.5596444606781,-870.6686207012561,262143.0
435.65935039520264,-870.6686207012561,262143.0
435.7594277858734,-870.6686207012561,262143.0
435.860009431839,-870.6686207012561,262143.0
435.95938205718994,-870.6686207012561,262143.0
436.05989384651184,-870.6686207012561,262143.0
436.1602523326874,-870.6686207012561,262143.0
436.2596502304077,-870.6686207012561,262143.0
436.3602292537689,-870.6686207012561,262143.0
436.45929431915283,-870.6686207012561,262143.0
436.5599956512451,-870.6686207012561,262143.0
436.660254240036,-870.6686207012561,262143.0
436.75974774360657,-870.6686207012561,262143.0
436.8596019744873,-870.6686207012561,262143.0
436.9601671695709,-870.6686207012561,262143.0
437.0593955516815,-870.6686207012561,262143.0
437.1598539352417,-870.6686207012561,262143.0
437.26016116142273,-870.6686207012561,262143.0
437.3597152233124,-870.6686207012561,262143.0
437.46012139320374,-870.6686207012561,262143.0
437.55945920944214,-870.6686207012561,262143.0
437.66001439094543,-870.6686207012561,262143.0
437.759889125824,-870.6686207012561,262143.0
437.85948944091797,-870.6686207012561,262143.0
437.95992279052734,-870.6686207012561,262143.0
438.0598530769348,-870.6686207012561,262143.0
438.159793138504,-870.6686207012561,262143.0
438.25980615615845,-870.6686207012561,262143.0
438.3599579334259,-870.6686207012561,262143.0
438.4596667289734,-870.6686207012561,262143.0
438.55975556373596,-870.6686207012561,262143.0
438.65958619117737,-870.6686207012561,262143.0
438.7600357532501,-870.6686207012561,262143.0
438.85992527008057,-870.6686207012561,262143.0
438.9597728252411,-870.6686207012561,262143.0
439.05955505371094,-870.6686207012561,262143.0
439.1596848964691,-870.6686207012561,262143.0
439.26000571250916,-870.6686207012561,262143.0
439.3597369194031,-870.6686207012561,262143.0
439.46013617515564,-870.6686207012561,262143.0
439.5594666004181,-870.6686207012561,262143.0
439.659832239151,-870.6686207012561,262143.0
439.7599456310272,-870.6686207012561,262143.0
439.86016392707825,-870.6686207012561,262143.0
439.95947337150574,-870.6686207012561,262143.0
440.06020855903625,-870.6686207012561,262143.0
440.160014629364,-870.6686207012561,262143.0
440.26004099845886,-870.6686207012561,262143.0
440.36009669303894,-870.6686207012561,262143.0
440.4602255821228,-870.6686207012561,262143.0
440.559565782547,-870.6686207012561,262143.0
440.66017961502075,-870.6686207012561,262143.0
440.7595660686493,-870.6686207012561,262143.0
440.8600721359253,-870.6686207012561,262143.0
440.9593904018402,-870.6686207012561,262143.0
441.05997681617737,-870.6686207012561,262143.0
441.1593191623688,-870.6686207012561,262143.0
441.25997614860535,-870.6686207012561,262143.0
441.35942363739014,-870.6686207012561,262143.0
441.4600474834442,-870.6686207012561,262143.0
441.5594582557678,-870.6686207012561,262143.0
441.6600751876831,-870.6686207012561,262143.0
441.75966000556946,-870.6686207012561,262143.0
441.85934042930603,-870.6686207012561,262143.0
441.96003460884094,-870.6686207012561,262143.0
442.05930352211,-870.6686207012561,262143.0
442.1599488258362,-870.6686207012561,262143.0
442.2602412700653,-870.6686207012561,262143.0
442.35953283309937,-870.6686207012561,262143.0
442.4598705768585,-870.6686207012561,262143.0
442.5594639778137,-870.6686207012561,262143.0
442.659542798996,-870.6686207012561,262143.0
442.76009488105774,-870.6686207012561,262143.0
442.8601667881012,-870.6686207012561,262143.0
442.9595317840576,-870.6686207012561,262143.0
443.05995416641235,-870.6686207012561,262143.0
443.159471988678,-870.6686207012561,262143.0
443.25993728637695,-870.6686207012561,262143.0
443.3594048023224,-870.6686207012561,262143.0
443.459903717041,-870.6686207012561,262143.0
443.5595872402191,-870.6686207012561,262143.0
443.6599910259247,-870.6686207012561,262143.0
443.75942754745483,-870.6686207012561,262143.0
443.86005425453186,-870.6686207012561,262143.0
443.95942902565,-870.6686207012561,262143.0
444.059387922287,-870.6686207012561,262143.0
444.15958547592163,-870.6686207012561,262143.0
444.2601144313812,-870.6686207012561,262143.0
444.35935282707214,-870.6686207012561,262143.0
444.46002173423767,-870.6686207012561,262143.0
444.5602388381958,-870.6686207012561,262143.0
444.6594181060791,-870.6686207012561,262143.0
444.76006722450256,-870.6686207012561,262143.0
444.8594193458557,-870.6686207012561,262143.0
444.96000957489014,-870.6686207012561,262143.0
445.0593273639679,-870.6686207012561,262143.0
445.16000866889954,-870.6686207012561,262143.0
445.2593586444855,-870.6686207012561,262143.0
445.35983061790466,-870.6686207012561,262143.0
445.46018075942993,-870.6686207012561,262143.0
445.5594084262848,-870.6686207012561,262143.0
445.6599953174591,-870.6686207012561,262143.0
445.75949931144714,-870.6686207012561,262143.0
445.8595447540283,-870.6686207012561,262143.0
445.9600992202759,-870.6686207012561,262143.0
446.05991554260254,-870.6686207012561,262143.0
446.1602532863617,-870.6686207012561,262143.0
446.2602880001068,-870.6686207012561,262143.0
446.35964369773865,-870.6686207012561,262143.0
446.46008825302124,-870.6686207012561,262143.0
446.5593957901001,-870.6686207012561,262143.0
446.6596076488495,-870.6686207012561,262143.0
446.75999784469604,-870.6686207012561,262143.0
446.859676361084,-870.6686207012561,262143.0
446.9600489139557,-870.6686207012561,262143.0
447.05929255485535,-870.6686207012561,262143.0
447.15980553627014,-870.6686207012561,262143.0
447.26010966300964,-870.6686207012561,262143.0
447.35931038856506,-870.6686207012561,262143.0
447.45990538597107,-870.6686207012561,262143.0
447.5593149662018,-870.6686207012561,262143.0
447.65975761413574,-870.6686207012561,262143.0
447.7602927684784,-870.6686207012561,262143.0
447.8601567745209,-870.6686207012561,262143.0
447.9601182937622,-870.6686207012561,262143.0
448.0598614215851,-870.6686207012561,262143.0
448.15946412086487,-870.6686207012561,262143.0
448.25950026512146,-870.6686207012561,262143.0
448.3600432872772,-870.6686207012561,262143.0
448.4594247341156,-870.6686207012561,262143.0
448.5594096183777,-870.6686207012561,262143.0
448.6591956615448,-870.6686207012561,262143.0
448.75934052467346,-870.6686207012561,262143.0
448.85976123809814,-870.6686207012561,262143.0
448.9601528644562,-870.6686207012561,262143.0
449.05936789512634,-870.6686207012561,262143.0
449.1592421531677,-870.6686207012561,262143.0
449.2600541114807,-870.6686207012561,262143.0
449.35932540893555,-870.6686207012561,262143.0
449.4598686695099,-870.6686207012561,262143.0
449.56032252311707,-870.6686207012561,262143.0
449.6599051952362,-870.6686207012561,262143.0
449.75948882102966,-870.6686207012561,262143.0
449.8593475818634,-870.6686207012561,262143.0
449.9591975212097,-870.6686207012561,262143.0
450.0593638420105,-870.6686207012561,262143.0
450.1593360900879,-870.6686207012561,262143.0
450.25934767723083,-870.6686207012561,262143.0
450.35984539985657,-870.6686207012561,262143.0
450.460186958313,-870.6686207012561,262143.0
450.5593481063843,-870.6686207012561,262143.0
450.6597511768341,-870.6686207012561,262143.0
450.7599895000458,-870.6686207012561,262143.0
450.85935497283936,-870.6686207012561,262143.0
450.959938287735,-870.6686207012561,262143.0
451.06021189689636,-870.6686207012561,262143.0
451.15943694114685,-870.6686207012561,262143.0
451.25936627388,-870.6686207012561,262143.0
451.3594558238983,-870.6686207012561,262143.0
451.45979595184326,-870.6686207012561,262143.0
451.5601303577423,-870.6686207012561,262143.0
451.66024351119995,-870.6686207012561,262143.0
451.76028394699097,-870.6686207012561,262143.0
451.85939502716064,-870.6686207012561,262143.0
451.9599115848541,-870.6686207012561,262143.0
452.0602889060974,-870.6686207012561,262143.0
452.1602735519409,-870.6686207012561,262143.0
452.2602684497833,-870.6686207012561,262143.0
452.3593502044678,-870.6686207012561,262143.0
452.4602298736572,-870.6686207012561,262143.0
452.55955505371094,-870.6686207012561,262143.0
452.65949964523315,-870.6686207012561,262143.0
452.7599160671234,-870.6686207012561,262143.0
452.86028480529785,-870.6686207012561,262143.0
452.95974373817444,-870.6686207012561,262143.0
453.05989623069763,-870.6686207012561,262143.0
453.16010570526123,-870.6686207012561,262143.0
453.2596764564514,-870.6686207012561,262143.0
453.3598895072937,-870.6686207012561,262143.0
453.46023631095886,-870.6686207012561,262143.0
453.56025433540344,-870.6686207012561,262143.0
453.65935492515564,-870.6686207012561,262143.0
453.75981736183167,-870.6686207012561,262143.0
453.86015486717224,-870.6686207012561,262143.0
453.9593379497528,-870.6686207012561,262143.0
454.0598895549774,-870.6686207012561,262143.0
454.1593065261841,-870.6686207012561,262143.0
454.25971579551697,-870.6686207012561,262143.0
454.3601002693176,-870.6686207012561,262143.0
454.46023893356323,-870.6686207012561,262143.0
454.5596573352814,-870.6686207012561,262143.0
454.6598370075226,-870.6686207012561,262143.0
454.7602262496948,-870.6686207012561,262143.0
454.85963916778564,-870.6686207012561,262143.0
454.9598898887634,-870.6686207012561,262143.0
455.0602939128876,-870.6686207012561,262143.0
455.1602735519409,-870.6686207012561,262143.0
455.2593994140625,-870.6686207012561,262143.0
455.3596386909485,-870.6686207012561,262143.0
455.45985198020935,-870.6686207012561,262143.0
455.560097694397,-870.6686207012561,262143.0
455.6602187156677,-870.6686207012561,262143.0
455.7602951526642,-870.6686207012561,262143.0
455.8601756095886,-870.6686207012561,262143.0
455.960307598114,-870.6686207012561,262143.0
456.05952501296997,-870.6686207012561,262143.0
456.1598629951477,-870.6686207012561,262143.0
456.2601339817047,-870.6686207012561,262143.0
456.36024284362793,-870.6686207012561,262143.0
456.4603040218353,-870.6686207012561,262143.0
456.5595021247864,-870.6686207012561,262143.0
456.6597456932068,-870.6686207012561,262143.0
456.76008009910583,-870.6686207012561,262143.0
456.8603026866913,-870.6686207012561,262143.0
456.9593117237091,-870.6686207012561,262143.0
457.0597810745239,-870.6686207012561,262143.0
457.1600432395935,-870.6686207012561,262143.0
457.2601659297943,-870.6686207012561,262143.0
457.36027789115906,-870.6686207012561,262143.0
457.45956158638,-870.6686207012561,262143.0
457.55980110168457,-870.6686207012561,262143.0
457.6599905490875,-870.6686207012561,262143.0
457.75922536849976,-870.6686207012561,262143.0
457.8593270778656,-870.6686207012561,262143.0
457.95981431007385,-870.6686207012561,262143.0
458.06009006500244,-870.6686207012561,262143.0
458.1601347923279,-870.6686207012561,262143.0
458.2596163749695,-870.6686207012561,262143.0
458.35995221138,-870.6686207012561,262143.0
458.4601516723633,-870.6686207012561,262143.0
458.56011414527893,-870.6686207012561,262143.0
458.66023111343384,-870.6686207012561,262143.0
458.76030468940735,-870.6686207012561,262143.0
458.8597671985626,-870.6686207012561,262143.0
458.96014070510864,-870.6686207012561,262143.0
459.0601382255554,-870.6686207012561,262143.0
459.15992879867554,-870.6686207012561,262143.0
459.2595205307007,-870.6686207012561,262143.0
459.35983967781067,-870.6686207012561,262143.0
459.4601511955261,-870.6686207012561,262143.0
459.56020760536194,-870.6686207012561,262143.0
459.6595633029938,-870.6686207012561,262143.0
459.7599048614502,-870.6686207012561,262143.0
459.8593385219574,-870.6686207012561,262143.0
459.9601831436157,-870.6686207012561,262143.0
460.0602548122406,-870.6686207012561,262143.0
460.1602153778076,-870.6686207012561,262143.0
460.2601971626282,-870.6686207012561,262143.0
460.360298871994,-870.6686207012561,262143.0
460.4594578742981,-870.6686207012561,262143.0
460.5594599246979,-870.6686207012561,262143.0
460.6597390174866,-870.6686207012561,262143.0
460.7599530220032,-870.6686207012561,262143.0
460.8594481945038,-870.6686207012561,262143.0
460.959730386734,-870.6686207012561,262143.0
461.0599021911621,-870.6686207012561,262143.0
461.1593325138092,-870.6686207012561,262143.0
461.25965309143066,-870.6686207012561,262143.0
461.35990262031555,-870.6686207012561,262143.0
461.46028327941895,-870.6686207012561,262143.0
461.5601804256439,-870.6686207012561,262143.0
461.66020798683167,-870.6686207012561,262143.0
461.760262966156,-870.6686207012561,262143.0
461.8602120876312,-870.6686207012561,262143.0
461.96022033691406,-870.6686207012561,262143.0
462.06026244163513,-870.6686207012561,262143.0
462.16020035743713,-870.6686207012561,262143.0
462.2601389884949,-870.6686207012561,262143.0
462.36013317108154,-870.6686207012561,262143.0
462.4594600200653,-870.6686207012561,262143.0
462.55970191955566,-870.6686207012561,262143.0
462.65991282463074,-870.6686207012561,262143.0
462.7593021392822,-870.6686207012561,262143.0
462.85983538627625,-870.6686207012561,262143.0
462.96007776260376,-870.6686207012561,262143.0
463.0595247745514,-870.6686207012561,262143.0
463.1593930721283,-870.6686207012561,262143.0
463.25965094566345,-870.6686207012561,262143.0
463.36008191108704,-870.6686207012561,262143.0
463.4601192474365,-870.6686207012561,262143.0
463.56024861335754,-870.6686207012561,262143.0
463.6601746082306,-870.6686207012561,262143.0
463.75995993614197,-870.6686207012561,262143.0
463.86006903648376,-870.6686207012561,262143.0
463.9601011276245,-870.6686207012561,262143.0
464.06007862091064,-870.6686207012561,262143.0
464.1600532531738,-870.6686207012561,262143.0
464.26013565063477,-870.6686207012561,262143.0
464.3594079017639,-870.6686207012561,262143.0
464.4596617221832,-870.6686207012561,262143.0
464.5599069595337,-870.6686207012561,262143.0
464.66012239456177,-870.6686207012561,262143.0
464.7593586444855,-870.6686207012561,262143.0
464.85964488983154,-870.6686207012561,262143.0
464.9599280357361,-870.6686207012561,262143.0
465.06000447273254,-870.6686207012561,262143.0
465.16004705429077,-870.6686207012561,262143.0
465.2600095272064,-870.6686207012561,262143.0
465.35947036743164,-870.6686207012561,262143.0
465.4597144126892,-870.6686207012561,262143.0
465.5599875450134,-870.6686207012561,262143.0
465.6600091457367,-870.6686207012561,262143.0
465.7599313259125,-870.6686207012561,262143.0
465.86021399497986,-870.6686207012561,262143.0
465.96026611328125,-870.6686207012561,262143.0
466.06022787094116,-870.6686207012561,262143.0
466.1595182418823,-870.6686207012561,262143.0
466.25973558425903,-870.6686207012561,262143.0
466.359824180603,-870.6686207012561,262143.0
466.4592955112457,-870.6686207012561,262143.0
466.5602173805237,-870.6686207012561,262143.0
466.6594488620758,-870.6686207012561,262143.0
466.7597556114197,-870.6686207012561,262143.0
466.85959792137146,-870.6686207012561,262143.0
466.9599721431732,-870.6686207012561,262143.0
467.0600759983063,-870.6686207012561,262143.0
467.1600978374481,-870.6686207012561,262143.0
467.2595112323761,-870.6686207012561,262143.0
467.35979104042053,-870.6686207012561,262143.0
467.4600045681,-870.6686207012561,262143.0
467.5599479675293,-870.6686207012561,262143.0
467.66004180908203,-870.6686207012561,262143.0
467.7601773738861,-870.6686207012561,262143.0
467.85970520973206,-870.6686207012561,262143.0
467.9598910808563,-870.6686207012561,262143.0
468.060022354126,-870.6686207012561,262143.0
468.16006422042847,-870.6686207012561,262143.0
468.2600326538086,-870.6686207012561,262143.0
468.36010551452637,-870.6686207012561,262143.0
468.4600911140442,-870.6686207012561,262143.0
468.56015038490295,-870.6686207012561,262143.0
468.6600844860077,-870.6686207012561,262143.0
468.76019501686096,-870.6686207012561,262143.0
468.8602352142334,-870.6686207012561,262143.0
468.96021723747253,-870.6686207012561,262143.0
469.060261964798,-870.6686207012561,262143.0
469.16012930870056,-870.6686207012561,262143.0
469.26012563705444,-870.6686207012561,262143.0
469.36013555526733,-870.6686207012561,262143.0
469.4595913887024,-870.6686207012561,262143.0
469.559916973114,-870.6686207012561,262143.0
469.6599700450897,-870.6686207012561,262143.0
469.7600808143616,-870.6686207012561,262143.0
469.86015009880066,-870.6686207012561,262143.0
469.960177898407,-870.6686207012561,262143.0
470.0593783855438,-870.6686207012561,262143.0
470.1597020626068,-870.6686207012561,262143.0
470.2599103450775,-870.6686207012561,262143.0
470.36007857322693,-870.6686207012561,262143.0
470.46002674102783,-870.6686207012561,262143.0
470.56008291244507,-870.6686207012561,262143.0
470.6601388454437,-870.6686207012561,262143.0
470.76020312309265,-870.6686207012561,262143.0
470.8594138622284,-870.6686207012561,262143.0
470.9597313404083,-870.6686207012561,262143.0
471.0600640773773,-870.6686207012561,262143.0
471.1600766181946,-870.6686207012561,262143.0
471.2592701911926,-870.6686207012561,262143.0
471.35990858078003,-870.6686207012561,262143.0
471.4600901603699,-870.6686207012561,262143.0
471.5601222515106,-870.6686207012561,262143.0
471.6595151424408,-870.6686207012561,262143.0
471.75980520248413,-870.6686207012561,262143.0
471.8598983287811,-870.6686207012561,262143.0
471.95992159843445,-870.6686207012561,262143.0
472.0599522590637,-870.6686207012561,262143.0
472.16006684303284,-870.6686207012561,262143.0
472.260231256485,-870.6686207012561,262143.0
472.36029291152954,-870.6686207012561,262143.0
472.46015453338623,-870.6686207012561,262143.0
472.5600895881653,-870.6686207012561,262143.0
472.6600573062897,-870.6686207012561,262143.0
472.75978088378906,-870.6686207012561,262143.0
472.85938334465027,-870.6686207012561,262143.0
472.95997524261475,-870.6686207012561,262143.0
473.0602660179138,-870.6686207012561,262143.0
473.1594021320343,-870.6686207012561,262143.0
473.2596950531006,-870.6686207012561,262143.0
473.35992789268494,-870.6686207012561,262143.0
473.4601993560791,-870.6686207012561,262143.0
473.56026792526245,-870.6686207012561,262143.0
473.6601347923279,-870.6686207012561,262143.0
473.7601432800293,-870.6686207012561,262143.0
473.8602478504181,-870.6686207012561,262143.0
473.9602129459381,-870.6686207012561,262143.0
474.0592920780182,-870.6686207012561,262143.0
474.15955996513367,-870.6686207012561,262143.0
474.2597644329071,-870.6686207012561,262143.0
474.3597958087921,-870.6686207012561,262143.0
474.4598968029022,-870.6686207012561,262143.0
474.55994868278503,-870.6686207012561,262143.0
474.6595923900604,-870.6686207012561,262143.0
474.7598648071289,-870.6686207012561,262143.0
474.86005902290344,-870.6686207012561,262143.0
474.9593548774719,-870.6686207012561,262143.0
475.059602022171,-870.6686207012561,262143.0
475.15990257263184,-870.6686207012561,262143.0
475.25998997688293,-870.6686207012561,262143.0
475.36015915870667,-870.6686207012561,262143.0
475.4597041606903,-870.6686207012561,262143.0
475.55985617637634,-870.6686207012561,262143.0
475.65992164611816,-870.6686207012561,262143.0
475.75993609428406,-870.6686207012561,262143.0
475.8600537776947,-870.6686207012561,262143.0
475.9594895839691,-870.6686207012561,262143.0
476.0597836971283,-870.6686207012561,262143.0
476.15990138053894,-870.6686207012561,262143.0
476.2599182128906,-870.6686207012561,262143.0
476.35998487472534,-870.6686207012561,262143.0
476.45999789237976,-870.6686207012561,262143.0
476.5600776672363,-870.6686207012561,262143.0
476.6593906879425,-870.6686207012561,262143.0
476.75967836380005,-870.6686207012561,262143.0
476.85977268218994,-870.6686207012561,262143.0
476.9599449634552,-870.6686207012561,262143.0
477.0593605041504,-870.6686207012561,262143.0
477.159743309021,-870.6686207012561,262143.0
477.2600746154785,-870.6686207012561,262143.0
477.36015796661377,-870.6686207012561,262143.0
477.45937633514404,-870.6686207012561,262143.0
477.5598900318146,-870.6686207012561,262143.0
477.6600947380066,-870.6686207012561,262143.0
477.7594630718231,-870.6686207012561,262143.0
477.859849691391,-870.6686207012561,262143.0
477.96016454696655,-870.6686207012561,262143.0
478.0597848892212,-870.6686207012561,262143.0
478.15987253189087,-870.6686207012561,262143.0
478.2599000930786,-870.6686207012561,262143.0
478.3599717617035,-870.6686207012561,262143.0
478.4599802494049,-870.6686207012561,262143.0
478.560115814209,-870.6686207012561,262143.0
478.6595096588135,-870.6686207012561,262143.0
478.7597053050995,-870.6686207012561,262143.0
478.85984992980957,-870.6686207012561,262143.0
478.960107088089,-870.6686207012561,262143.0
479.0592985153198,-870.6686207012561,262143.0
479.1595697402954,-870.6686207012561,262143.0
479.2599585056305,-870.6686207012561,262143.0
479.36001348495483,-870.6686207012561,262143.0
479.4602575302124,-870.6686207012561,262143.0
479.56014680862427,-870.6686207012561,262143.0
479.6594958305359,-870.6686207012561,262143.0
479.7596561908722,-870.6686207012561,262143.0
479.8601562976837,-870.6686207012561,262143.0
479.96011567115784,-870.6686207012561,262143.0
480.05943059921265,-870.6686207012561,262143.0
480.15985226631165,-870.6686207012561,262143.0
480.2602915763855,-870.6686207012561,262143.0
480.3602421283722,-870.6686207012561,262143.0
480.4595456123352,-870.6686207012561,262143.0
480.55964255332947,-870.6686207012561,262143.0
480.6598916053772,-870.6686207012561,262143.0
480.7599096298218,-870.6686207012561,262143.0
480.86029863357544,-870.6686207012561,262143.0
480.959597826004,-870.6686207012561,262143.0
481.0598337650299,-870.6686207012561,262143.0
481.1598286628723,-870.6686207012561,262143.0
481.26010727882385,-870.6686207012561,262143.0
481.36016297340393,-870.6686207012561,262143.0
481.4594659805298,-870.6686207012561,262143.0
481.5595672130585,-870.6686207012561,262143.0
481.65938806533813,-870.6686207012561,262143.0
481.75957560539246,-870.6686207012561,262143.0
481.85972261428833,-870.6686207012561,262143.0
481.95969104766846,-870.6686207012561,262143.0
482.0593843460083,-870.6686207012561,262143.0
482.1595950126648,-870.6686207012561,262143.0
482.25988698005676,-870.6686207012561,262143.0
482.3599588871002,-870.6686207012561,262143.0
482.46016120910645,-870.6686207012561,262143.0
482.55950450897217,-870.6686207012561,262143.0
482.6597623825073,-870.6686207012561,262143.0
482.76004910469055,-870.6686207012561,262143.0
482.85970544815063,-870.6686207012561,262143.0
482.95980286598206,-870.6686207012561,262143.0
483.0602722167969,-870.6686207012561,262143.0
483.1600365638733,-870.6686207012561,262143.0
483.25949811935425,-870.6686207012561,262143.0
483.3597662448883,-870.6686207012561,262143.0
483.4602780342102,-870.6686207012561,262143.0
483.56022334098816,-870.6686207012561,262143.0
483.6594121456146,-870.6686207012561,262143.0
483.7599551677704,-870.6686207012561,262143.0
483.85934615135193,-870.6686207012561,262143.0
483.95952916145325,-870.6686207012561,262143.0
484.0597529411316,-870.6686207012561,262143.0
484.1597533226013,-870.6686207012561,262143.0
484.26001596450806,-870.6686207012561,262143.0
484.36009311676025,-870.6686207012561,262143.0
484.459477186203,-870.6686207012561,262143.0
484.56009817123413,-870.6686207012561,262143.0
484.65953636169434,-870.6686207012561,262143.0
484.75970363616943,-870.6686207012561,262143.0
484.86015582084656,-870.6686207012561,262143.0
484.9595458507538,-870.6686207012561,262143.0
485.0599317550659,-870.6686207012561,262143.0
485.15994215011597,-870.6686207012561,262143.0
485.25928473472595,-870.6686207012561,262143.0
485.3595697879791,-870.6686207012561,262143.0
485.459600687027,-870.6686207012561,262143.0
485.55974102020264,-870.6686207012561,262143.0
485.66008400917053,-870.6686207012561,262143.0
485.76003241539,-870.6686207012561,262143.0
485.85940170288086,-870.6686207012561,262143.0
485.95954751968384,-870.6686207012561,262143.0
486.0599753856659,-870.6686207012561,262143.0
486.1601092815399,-870.6686207012561,262143.0
486.2600486278534,-870.6686207012561,262143.0
486.35989928245544,-870.6686207012561,262143.0
486.45933985710144,-870.6686207012561,262143.0
486.5594506263733,-870.6686207012561,262143.0
486.6599340438843,-870.6686207012561,262143.0
486.7601635456085,-870.6686207012561,262143.0
486.8595745563507,-870.6686207012561,262143.0
486.9595773220062,-870.6686207012561,262143.0
487.059992313385,-870.6686207012561,262143.0
487.1599667072296,-870.6686207012561,262143.0
487.25932455062866,-870.6686207012561,262143.0
487.35947465896606,-870.6686207012561,262143.0
487.4598972797394,-870.6686207012561,262143.0
487.5598919391632,-870.6686207012561,262143.0
487.65929317474365,-870.6686207012561,262143.0
487.75977516174316,-870.6686207012561,262143.0
487.860285282135,-870.6686207012561,262143.0
487.9600088596344,-870.6686207012561,262143.0
488.0594503879547,-870.6686207012561,262143.0
488.15951681137085,-870.6686207012561,262143.0
488.2598662376404,-870.6686207012561,262143.0
488.3599157333374,-870.6686207012561,262143.0
488.4595878124237,-870.6686207012561,262143.0
488.5596218109131,-870.6686207012561,262143.0
488.66034173965454,-870.6686207012561,262143.0
488.7597062587738,-870.6686207012561,262143.0
488.86000204086304,-870.6686207012561,262143.0
488.96018648147583,-870.6686207012561,262143.0
489.0595335960388,-870.6686207012561,262143.0
489.1596202850342,-870.6686207012561,262143.0
489.2600190639496,-870.6686207012561,262143.0
489.35990262031555,-870.6686207012561,262143.0
489.4593675136566,-870.6686207012561,262143.0
489.55941343307495,-870.6686207012561,262143.0
489.65981101989746,-870.6686207012561,262143.0
489.7600631713867,-870.6686207012561,262143.0
489.85944390296936,-870.6686207012561,262143.0
489.9594967365265,-870.6686207012561,262143.0
490.0600197315216,-870.6686207012561,262143.0
490.1593499183655,-870.6686207012561,262143.0
490.25968623161316,-870.6686207012561,262143.0
490.3597900867462,-870.6686207012561,262143.0
490.4601151943207,-870.6686207012561,262143.0
490.56007528305054,-870.6686207012561,262143.0
490.6593954563141,-870.6686207012561,262143.0
490.7595157623291,-870.6686207012561,262143.0
490.8594648838043,-870.6686207012561,262143.0
490.95956206321716,-870.6686207012561,262143.0
491.05991768836975,-870.6686207012561,262143.0
491.1599907875061,-870.6686207012561,262143.0
491.26000452041626,-870.6686207012561,262143.0
491.36006212234497,-870.6686207012561,262143.0
491.459431886673,-870.6686207012561,262143.0
491.559476852417,-870.6686207012561,262143.0
491.6599225997925,-870.6686207012561,262143.0
491.75952219963074,-870.6686207012561,262143.0
491.85943150520325,-870.6686207012561,262143.0
491.95989966392517,-870.6686207012561,262143.0
492.05936574935913,-870.6686207012561,262143.0
492.1597502231598,-870.6686207012561,262143.0
492.25971817970276,-870.6686207012561,262143.0
492.3597297668457,-870.6686207012561,262143.0
492.4598128795624,-870.6686207012561,262143.0
492.55974555015564,-870.6686207012561,262143.0
492.659893989563,-870.6686207012561,262143.0
492.75938272476196,-870.6686207012561,262143.0
492.8596234321594,-870.6686207012561,262143.0
492.9596517086029,-870.6686207012561,262143.0
493.0598473548889,-870.6686207012561,262143.0
493.15988993644714,-870.6686207012561,262143.0
493.26004672050476,-870.6686207012561,262143.0
493.3600368499756,-870.6686207012561,262143.0
493.45965099334717,-870.6686207012561,262143.0
493.5599458217621,-870.6686207012561,262143.0
493.6601254940033,-870.6686207012561,262143.0
493.76011848449707,-870.6686207012561,262143.0
493.86014795303345,-870.6686207012561,262143.0
493.9601254463196,-870.6686207012561,262143.0
494.05949568748474,-870.6686207012561,262143.0
494.15954542160034,-870.6686207012561,262143.0
494.2596502304077,-870.6686207012561,262143.0
494.3597104549408,-870.6686207012561,262143.0
494.4601435661316,-870.6686207012561,262143.0
494.5599904060364,-870.6686207012561,262143.0
494.6600043773651,-870.6686207012561,262143.0
494.7599506378174,-870.6686207012561,262143.0
494.85988688468933,-870.6686207012561,262143.0
494.95991921424866,-870.6686207012561,262143.0
495.06001496315,-870.6686207012561,262143.0
495.1595938205719,-870.6686207012561,262143.0
495.26005959510803,-870.6686207012561,262143.0
495.3600730895996,-870.6686207012561,262143.0
495.46028566360474,-870.6686207012561,262143.0
495.55954456329346,-870.6686207012561,262143.0
495.6597046852112,-870.6686207012561,262143.0
495.76002168655396,-870.6686207012561,262143.0
495.8600308895111,-870.6686207012561,262143.0
495.959974527359,-870.6686207012561,262143.0
496.06010222435,-870.6686207012561,262143.0
496.15993762016296,-870.6686207012561,262143.0
496.2600474357605,-870.6686207012561,262143.0
496.3600854873657,-870.6686207012561,262143.0
496.46009492874146,-870.6686207012561,262143.0
496.560001373291,-870.6686207012561,262143.0
496.66002678871155,-870.6686207012561,262143.0
496.7600836753845,-870.6686207012561,262143.0
496.85982275009155,-870.6686207012561,262143.0
496.9599859714508,-870.6686207012561,262143.0
497.0599784851074,-870.6686207012561,262143.0
497.15999460220337,-870.6686207012561,262143.0
497.2601182460785,-870.6686207012561,262143.0
497.3594708442688,-870.6686207012561,262143.0
497.4597210884094,-870.6686207012561,262143.0
497.5596089363098,-870.6686207012561,262143.0
497.65961241722107,-870.6686207012561,262143.0
497.7600281238556,-870.6686207012561,262143.0
497.8600091934204,-870.6686207012561,262143.0
497.959938287735,-870.6686207012561,262143.0
498.0599858760834,-870.6686207012561,262143.0
498.15998220443726,-870.6686207012561,262143.0
498.26026797294617,-870.6686207012561,262143.0
498.36013412475586,-870.6686207012561,262143.0
498.45958614349365,-870.6686207012561,262143.0
498.5595266819,-870.6686207012561,262143.0
498.6600167751312,-870.6686207012561,262143.0
498.75986528396606,-870.6686207012561,262143.0
498.86002230644226,-870.6686207012561,262143.0
498.95999693870544,-870.6686207012561,262143.0
499.05934739112854,-870.6686207012561,262143.0
499.1594989299774,-870.6686207012561,262143.0
499.25978112220764,-870.6686207012561,262143.0
499.36004877090454,-870.6686207012561,262143.0
499.45927000045776,-870.6686207012561,262143.0
499.5598216056824,-870.6686207012561,262143.0
499.6598365306854,-870.6686207012561,262143.0
499.7598395347595,-870.6686207012561,262143.0
499.8596041202545,-870.6686207012561,262143.0
499.96008372306824,-870.6686207012561,262143.0
500.06008434295654,-870.6686207012561,262143.0
500.15994095802307,-870.6686207012561,262143.0
500.25986099243164,-870.6686207012561,262143.0
500.36020278930664,-870.6686207012561,262143.0
500.4601221084595,-870.6686207012561,262143.0
500.5599904060364,-870.6686207012561,262143.0
500.6599645614624,-870.6686207012561,262143.0
500.7599530220032,-870.6686207012561,262143.0
500.8598823547363,-870.6686207012561,262143.0
500.9598903656006,-870.6686207012561,262143.0
501.0597331523895,-870.6686207012561,262143.0
501.159793138504,-870.6686207012561,262143.0
501.2597887516022,-870.6686207012561,262143.0
501.3597922325134,-870.6686207012561,262143.0
501.45966362953186,-870.6686207012561,262143.0
501.55971097946167,-870.6686207012561,262143.0
501.65961384773254,-870.6686207012561,262143.0
501.7596957683563,-870.6686207012561,262143.0
501.8601312637329,-870.6686207012561,262143.0
501.9599184989929,-870.6686207012561,262143.0
502.0600173473358,-870.6686207012561,262143.0
502.15991592407227,-870.6686207012561,262143.0
502.2600038051605,-870.6686207012561,262143.0
502.3599708080292,-870.6686207012561,262143.0
502.4598114490509,-870.6686207012561,262143.0
502.5597519874573,-870.6686207012561,262143.0
502.6596646308899,-870.6686207012561,262143.0
502.7601363658905,-870.6686207012561,262143.0
502.85942792892456,-870.6686207012561,262143.0
502.95949816703796,-870.6686207012561,262143.0
503.0596196651459,-870.6686207012561,262143.0
503.15996861457825,-870.6686207012561,262143.0
503.2599892616272,-870.6686207012561,262143.0
503.35983514785767,-870.6686207012561,262143.0
503.4597692489624,-870.6686207012561,262143.0
503.5597472190857,-870.6686207012561,262143.0
503.6596908569336,-870.6686207012561,262143.0
503.76017808914185,-870.6686207012561,262143.0
503.86012077331543,-870.6686207012561,262143.0
503.95993089675903,-870.6686207012561,262143.0
504.0598473548889,-870.6686207012561,262143.0
504.1597056388855,-870.6686207012561,262143.0
504.2595057487488,-870.6686207012561,262143.0
504.35955905914307,-870.6686207012561,262143.0
504.4597852230072,-870.6686207012561,262143.0
504.560182094574,-870.6686207012561,262143.0
504.6600720882416,-870.6686207012561,262143.0
504.7594311237335,-870.6686207012561,262143.0
504.85945439338684,-870.6686207012561,262143.0
504.95964336395264,-870.6686207012561,262143.0
505.05979204177856,-870.6686207012561,262143.0
505.1596851348877,-870.6686207012561,262143.0
505.2600393295288,-870.6686207012561,262143.0
505.3594250679016,-870.6686207012561,262143.0
505.4597783088684,-870.6686207012561,262143.0
505.55972361564636,-870.6686207012561,262143.0
505.6595940589905,-870.6686207012561,262143.0
505.7597191333771,-870.6686207012561,262143.0
505.8598129749298,-870.6686207012561,262143.0
505.96025228500366,-870.6686207012561,262143.0
506.0599935054779,-870.6686207012561,262143.0
506.1599597930908,-870.6686207012561,262143.0
506.25982451438904,-870.6686207012561,262143.0
506.3597755432129,-870.6686207012561,262143.0
506.45976638793945,-870.6686207012561,262143.0
506.560165643692,-870.6686207012561,262143.0
506.65985918045044,-870.6686207012561,262143.0
506.75983119010925,-870.6686207012561,262143.0
506.8602192401886,-870.6686207012561,262143.0
506.96005725860596,-870.6686207012561,262143.0
507.0599558353424,-870.6686207012561,262143.0
507.1598427295685,-870.6686207012561,262143.0
507.2597029209137,-870.6686207012561,262143.0
507.3596684932709,-870.6686207012561,262143.0
507.4596264362335,-870.6686207012561,262143.0
507.559734582901,-870.6686207012561,262143.0
507.6598117351532,-870.6686207012561,262143.0
507.7598078250885,-870.6686207012561,262143.0
507.85976362228394,-870.6686207012561,262143.0
507.9597587585449,-870.6686207012561,262143.0
508.0597369670868,-870.6686207012561,262143.0
508.1596977710724,-870.6686207012561,262143.0
508.2596015930176,-870.6686207012561,262143.0
508.3596007823944,-870.6686207012561,262143.0
508.4596848487854,-870.6686207012561,262143.0
508.55962014198303,-870.6686207012561,262143.0
508.65958738327026,-870.6686207012561,262143.0
508.7596957683563,-870.6686207012561,262143.0
508.860071182251,-870.6686207012561,262143.0
508.96002316474915,-870.6686207012561,262143.0
509.059787273407,-870.6686207012561,262143.0
509.15980076789856,-870.6686207012561,262143.0
509.259801864624,-870.6686207012561,262143.0
509.3597595691681,-870.6686207012561,262143.0
509.4597074985504,-870.6686207012561,262143.0
509.55963230133057,-870.6686207012561,262143.0
509.6596989631653,-870.6686207012561,262143.0
509.75958490371704,-870.6686207012561,262143.0
509.85955572128296,-870.6686207012561,262143.0
509.95964312553406,-870.6686207012561,262143.0
510.05964493751526,-870.6686207012561,262143.0
510.159583568573,-870.6686207012561,262143.0
510.25957798957825,-870.6686207012561,262143.0
510.3596336841583,-870.6686207012561,262143.0
510.4596152305603,-870.6686207012561,262143.0
510.55963945388794,-870.6686207012561,262143.0
510.6595416069031,-870.6686207012561,262143.0
510.7595627307892,-870.6686207012561,262143.0
510.85999822616577,-870.6686207012561,262143.0
510.959951877594,-870.6686207012561,262143.0
511.05977416038513,-870.6686207012561,262143.0
511.15972232818604,-870.6686207012561,262143.0
511.2596743106842,-870.6686207012561,262143.0
511.35958909988403,-870.6686207012561,262143.0
511.45963621139526,-870.6686207012561,262143.0
511.55965209007263,-870.6686207012561,262143.0
511.6596791744232,-870.6686207012561,262143.0
511.75964426994324,-870.6686207012561,262143.0
511.86020827293396,-870.6686207012561,262143.0
511.959988117218,-870.6686207012561,262143.0
512.0598449707031,-870.6686207012561,262143.0
512.1597876548767,-870.6686207012561,262143.0
512.2597181797028,-870.6686207012561,262143.0
512.359837770462,-870.6686207012561,262143.0
512.4596071243286,-870.6686207012561,262143.0
512.5596203804016,-870.6686207012561,262143.0
512.6594951152802,-870.6686207012561,262143.0
512.7600417137146,-870.6686207012561,262143.0
512.8598220348358,-870.6686207012561,262143.0
512.9597835540771,-870.6686207012561,262143.0
513.059611082077,-870.6686207012561,262143.0
513.1596834659576,-870.6686207012561,262143.0
513.2596189975739,-870.6686207012561,262143.0
513.3599925041199,-870.6686207012561,262143.0
513.4597029685974,-870.6686207012561,262143.0
513.5596554279327,-870.6686207012561,262143.0
513.6595385074615,-870.6686207012561,262143.0
513.759685754776,-870.6686207012561,262143.0
513.8599400520325,-870.6686207012561,262143.0
513.9598696231842,-870.6686207012561,262143.0
514.0598294734955,-870.6686207012561,262143.0
514.1598582267761,-870.6686207012561,262143.0
514.2597072124481,-870.6686207012561,262143.0
514.3599154949188,-870.6686207012561,262143.0
514.4598872661591,-870.6686207012561,262143.0
514.5597219467163,-870.6686207012561,262143.0
514.6602237224579,-870.6686207012561,262143.0
514.7593944072723,-870.6686207012561,262143.0
514.8600132465363,-870.6686207012561,262143.0
514.9598836898804,-870.6686207012561,262143.0
515.0597288608551,-870.6686207012561,262143.0
515.1596767902374,-870.6686207012561,262143.0
515.2595472335815,-870.6686207012561,262143.0
515.3594932556152,-870.6686207012561,262143.0
515.4595348834991,-870.6686207012561,262143.0
515.5596323013306,-870.6686207012561,262143.0
515.6595754623413,-870.6686207012561,262143.0
515.7594096660614,-870.6686207012561,262143.0
515.8598165512085,-870.6686207012561,262143.0
515.9596898555756,-870.6686207012561,262143.0
516.0596084594727,-870.6686207012561,262143.0
516.1596038341522,-870.6686207012561,262143.0
516.25945520401,-870.6686207012561,262143.0
516.3597316741943,-870.6686207012561,262143.0
516.4596741199493,-870.6686207012561,262143.0
516.5595715045929,-870.6686207012561,262143.0
516.6595222949982,-870.6686207012561,262143.0
516.7594151496887,-870.6686207012561,262143.0
516.8597950935364,-870.6686207012561,262143.0
516.9596703052521,-870.6686207012561,262143.0
517.0599355697632,-870.6686207012561,262143.0
517.1595501899719,-870.6686207012561,262143.0
517.2598931789398,-870.6686207012561,262143.0
517.3593423366547,-870.6686207012561,262143.0
517.4594242572784,-870.6686207012561,262143.0
517.5594103336334,-870.6686207012561,262143.0
517.6593885421753,-870.6686207012561,262143.0
517.7597675323486,-870.6686207012561,262143.0
517.8593873977661,-870.6686207012561,262143.0
517.9597036838531,-870.6686207012561,262143.0
518.0595650672913,-870.6686207012561,262143.0
518.1595978736877,-870.6686207012561,262143.0
518.2595617771149,-870.6686207012561,262143.0
518.3595387935638,-870.6686207012561,262143.0
518.4594533443451,-870.6686207012561,262143.0
518.5599822998047,-870.6686207012561,262143.0
518.6602785587311,-870.6686207012561,262143.0
518.7593207359314,-870.6686207012561,262143.0
518.8594744205475,-870.6686207012561,262143.0
518.9597973823547,-870.6686207012561,262143.0
519.0601732730865,-870.6686207012561,262143.0
519.1596946716309,-870.6686207012561,262143.0
519.2596061229706,-870.6686207012561,262143.0
519.3600001335144,-870.6686207012561,262143.0
519.4598641395569,-870.6686207012561,262143.0
519.5597212314606,-870.6686207012561,262143.0
519.6596481800079,-870.6686207012561,262143.0
519.7596173286438,-870.6686207012561,262143.0
519.8595206737518,-870.6686207012561,262143.0
519.959481716156,-870.6686207012561,262143.0
520.0594987869263,-870.6686207012561,262143.0
520.1595759391785,-870.6686207012561,262143.0
520.2598173618317,-870.6686207012561,262143.0
520.3597674369812,-870.6686207012561,262143.0
520.4596035480499,-870.6686207012561,262143.0
520.5594944953918,-870.6686207012561,262143.0
520.6595153808594,-870.6686207012561,262143.0
520.7598035335541,-870.6686207012561,262143.0
520.859833240509,-870.6686207012561,262143.0
520.9596962928772,-870.6686207012561,262143.0
521.0597219467163,-870.6686207012561,262143.0
521.1594965457916,-870.6686207012561,262143.0
521.2595770359039,-870.6686207012561,262143.0
521.3599584102631,-870.6686207012561,262143.0
521.4597389698029,-870.6686207012561,262143.0
521.5596053600311,-870.6686207012561,262143.0
521.6595892906189,-870.6686207012561,262143.0
521.7595431804657,-870.6686207012561,262143.0
521.8594570159912,-870.6686207012561,262143.0
521.9593925476074,-870.6686207012561,262143.0
522.0593791007996,-870.6686207012561,262143.0
522.1594548225403,-870.6686207012561,262143.0
522.2594976425171,-870.6686207012561,262143.0
522.3597915172577,-870.6686207012561,262143.0
522.45969581604,-870.6686207012561,262143.0
522.5596117973328,-870.6686207012561,262143.0
522.659835100174,-870.6686207012561,262143.0
522.7592527866364,-870.6686207012561,262143.0
522.8599166870117,-870.6686207012561,262143.0
522.9597759246826,-870.6686207012561,262143.0
523.0598590373993,-870.6686207012561,262143.0
523.1599366664886,-870.6686207012561,262143.0
523.2600831985474,-870.6686207012561,262143.0
523.3598637580872,-870.6686207012561,262143.0
523.4596412181854,-870.6686207012561,262143.0
523.5596046447754,-870.6686207012561,262143.0
523.6595013141632,-870.6686207012561,262143.0
523.7593612670898,-870.6686207012561,262143.0
523.8598427772522,-870.6686207012561,262143.0
523.9597871303558,-870.6686207012561,262143.0
524.0597016811371,-870.6686207012561,262143.0
524.1595890522003,-870.6686207012561,262143.0
524.2595422267914,-870.6686207012561,262143.0
524.3594250679016,-870.6686207012561,262143.0
524.4593939781189,-870.6686207012561,262143.0
524.5593991279602,-870.6686207012561,262143.0
524.6593956947327,-870.6686207012561,262143.0
524.759795665741,-870.6686207012561,262143.0
524.859762430191,-870.6686207012561,262143.0
524.9593386650085,-870.6686207012561,262143.0
525.0602467060089,-870.6686207012561,262143.0
525.1601479053497,-870.6686207012561,262143.0
525.2600228786469,-870.6686207012561,262143.0
525.3599407672882,-870.6686207012561,262143.0
525.4598770141602,-870.6686207012561,262143.0
525.559690952301,-870.6686207012561,262143.0
525.6595885753632,-870.6686207012561,262143.0
525.7594225406647,-870.6686207012561,262143.0
525.8596632480621,-870.6686207012561,262143.0
525.9599237442017,-870.6686207012561,262143.0
526.0598013401031,-870.6686207012561,262143.0
526.1595265865326,-870.6686207012561,262143.0
526.2594139575958,-870.6686207012561,262143.0
526.359405040741,-870.6686207012561,262143.0
526.4602756500244,-870.6686207012561,262143.0
526.5596256256104,-870.6686207012561,262143.0
526.6596877574921,-870.6686207012561,262143.0
526.7598049640656,-870.6686207012561,262143.0
526.8594250679016,-870.6686207012561,262143.0
526.9594695568085,-870.6686207012561,262143.0
527.0594863891602,-870.6686207012561,262143.0
527.1596946716309,-870.6686207012561,262143.0
527.2596335411072,-870.6686207012561,262143.0
527.3595683574677,-870.6686207012561,262143.0
527.4594657421112,-870.6686207012561,262143.0
527.5595190525055,-870.6686207012561,262143.0
527.6598415374756,-870.6686207012561,262143.0
527.7593502998352,-870.6686207012561,262143.0
527.8601002693176,-870.6686207012561,262143.0
527.9595937728882,-870.6686207012561,262143.0
528.0596258640289,-870.6686207012561,262143.0
528.1597256660461,-870.6686207012561,262143.0
528.2597849369049,-870.6686207012561,262143.0
528.3593327999115,-870.6686207012561,262143.0
528.460280418396,-870.6686207012561,262143.0
528.5600664615631,-870.6686207012561,262143.0
528.6599941253662,-870.6686207012561,262143.0
528.7599391937256,-870.6686207012561,262143.0
528.8598430156708,-870.6686207012561,262143.0
528.9602060317993,-870.6686207012561,262143.0
529.0594327449799,-870.6686207012561,262143.0
529.1594607830048,-870.6686207012561,262143.0
529.2594795227051,-870.6686207012561,262143.0
529.3594796657562,-870.6686207012561,262143.0
529.4594323635101,-870.6686207012561,262143.0
529.5595264434814,-870.6686207012561,262143.0
529.6594631671906,-870.6686207012561,262143.0
529.7601535320282,-870.6686207012561,262143.0
529.8600265979767,-870.6686207012561,262143.0
529.959892988205,-870.6686207012561,262143.0
530.0598924160004,-870.6686207012561,262143.0
530.1598818302155,-870.6686207012561,262143.0
530.2598707675934,-870.6686207012561,262143.0
530.3598079681396,-870.6686207012561,262143.0
530.4595940113068,-870.6686207012561,262143.0
530.5595519542694,-870.6686207012561,262143.0
530.6595704555511,-870.6686207012561,262143.0
530.7597055435181,-870.6686207012561,262143.0
530.8595464229584,-870.6686207012561,262143.0
530.9595119953156,-870.6686207012561,262143.0
531.0594129562378,-870.6686207012561,262143.0
531.1595153808594,-870.6686207012561,262143.0
531.2592570781708,-870.6686207012561,262143.0
531.3597700595856,-870.6686207012561,262143.0
531.4596424102783,-870.6686207012561,262143.0
531.5593948364258,-870.6686207012561,262143.0
531.6593630313873,-870.6686207012561,262143.0
531.7593469619751,-870.6686207012561,262143.0
531.8593857288361,-870.6686207012561,262143.0
531.9594113826752,-870.6686207012561,262143.0
532.0597960948944,-870.6686207012561,262143.0
532.1595416069031,-870.6686207012561,262143.0
532.2594707012177,-870.6686207012561,262143.0
532.3598346710205,-870.6686207012561,262143.0
532.4597792625427,-870.6686207012561,262143.0
532.5598480701447,-870.6686207012561,262143.0
532.6596302986145,-870.6686207012561,262143.0
532.7598268985748,-870.6686207012561,262143.0
532.8595194816589,-870.6686207012561,262143.0
532.9593679904938,-870.6686207012561,262143.0
533.0593059062958,-870.6686207012561,262143.0
533.1592843532562,-870.6686207012561,262143.0
533.2601246833801,-870.6686207012561,262143.0
533.3593735694885,-870.6686207012561,262143.0
533.4593431949615,-870.6686207012561,262143.0
533.5596604347229,-870.6686207012561,262143.0
533.6599972248077,-870.6686207012561,262143.0
533.7599506378174,-870.6686207012561,262143.0
533.8599088191986,-870.6686207012561,262143.0
533.9598345756531,-870.6686207012561,262143.0
534.0597336292267,-870.6686207012561,262143.0
534.1596789360046,-870.6686207012561,262143.0
534.2595109939575,-870.6686207012561,262143.0
534.3595414161682,-870.6686207012561,262143.0
534.4598100185394,-870.6686207012561,262143.0
534.5597114562988,-870.6686207012561,262143.0
534.6602110862732,-870.6686207012561,262143.0
534.7600326538086,-870.6686207012561,262143.0
534.8599770069122,-870.6686207012561,262143.0
534.959944486618,-870.6686207012561,262143.0
535.0602192878723,-870.6686207012561,262143.0
535.1601088047028,-870.6686207012561,262143.0
535.2600231170654,-870.6686207012561,262143.0
535.3598990440369,-870.6686207012561,262143.0
535.4598729610443,-870.6686207012561,262143.0
535.5597989559174,-870.6686207012561,262143.0
535.6595411300659,-870.6686207012561,262143.0
535.7595036029816,-870.6686207012561,262143.0
535.8599083423615,-870.6686207012561,262143.0
535.9593992233276,-870.6686207012561,262143.0
536.0593218803406,-870.6686207012561,262143.0
536.1602544784546,-870.6686207012561,262143.0
536.2599942684174,-870.6686207012561,262143.0
536.3598997592926,-870.6686207012561,262143.0
536.4598135948181,-870.6686207012561,262143.0
536.5602748394012,-870.6686207012561,262143.0
536.660053730011,-870.6686207012561,262143.0
536.7593066692352,-870.6686207012561,262143.0
536.8601765632629,-870.6686207012561,262143.0
536.9599423408508,-870.6686207012561,262143.0
537.0597047805786,-870.6686207012561,262143.0
537.1596968173981,-870.6686207012561,262143.0
537.2599725723267,-870.6686207012561,262143.0
537.3598687648773,-870.6686207012561,262143.0
537.4597063064575,-870.6686207012561,262143.0
537.5597069263458,-870.6686207012561,262143.0
537.6594755649567,-870.6686207012561,262143.0
537.7603466510773,-870.6686207012561,262143.0
537.8597218990326,-870.6686207012561,262143.0
537.9596555233002,-870.6686207012561,262143.0
538.0595421791077,-870.6686207012561,262143.0
538.1595149040222,-870.6686207012561,262143.0
538.2593982219696,-870.6686207012561,262143.0
538.3602116107941,-870.6686207012561,262143.0
538.4601149559021,-870.6686207012561,262143.0
538.5598995685577,-870.6686207012561,262143.0
538.6597917079926,-870.6686207012561,262143.0
538.7597823143005,-870.6686207012561,262143.0
538.8595113754272,-870.6686207012561,262143.0
538.9594280719757,-870.6686207012561,262143.0
539.0602848529816,-870.6686207012561,262143.0
539.1594157218933,-870.6686207012561,262143.0
539.2593336105347,-870.6686207012561,262143.0
539.3598103523254,-870.6686207012561,262143.0
539.4596693515778,-870.6686207012561,262143.0
539.5601277351379,-870.6686207012561,262143.0
539.6595542430878,-870.6686207012561,262143.0
539.7598309516907,-870.6686207012561,262143.0
539.8598232269287,-870.6686207012561,262143.0
539.9602572917938,-870.6686207012561,262143.0
540.0596480369568,-870.6686207012561,262143.0
540.1595242023468,-870.6686207012561,262143.0
540.2602498531342,-870.6686207012561,262143.0
540.3597495555878,-870.6686207012561,262143.0
540.4595658779144,-870.6686207012561,262143.0
540.5595297813416,-870.6686207012561,262143.0
540.6601676940918,-870.6686207012561,262143.0
540.7593414783478,-870.6686207012561,262143.0
540.8602766990662,-870.6686207012561,262143.0
540.9600644111633,-870.6686207012561,262143.0
541.0598618984222,-870.6686207012561,262143.0
541.1602275371552,-870.6686207012561,262143.0
541.2600910663605,-870.6686207012561,262143.0
541.3599534034729,-870.6686207012561,262143.0
541.4599890708923,-870.6686207012561,262143.0
541.5598616600037,-870.6686207012561,262143.0
541.6596736907959,-870.6686207012561,262143.0
541.7595064640045,-870.6686207012561,262143.0
541.8593125343323,-870.6686207012561,262143.0
541.9598031044006,-870.6686207012561,262143.0
542.0594131946564,-870.6686207012561,262143.0
542.1593782901764,-870.6686207012561,262143.0
542.260204076767,-870.6686207012561,262143.0
542.3600168228149,-870.6686207012561,262143.0
542.4596796035767,-870.6686207012561,262143.0
542.5599126815796,-870.6686207012561,262143.0
542.6597697734833,-870.6686207012561,262143.0
542.7597694396973,-870.6686207012561,262143.0
542.8598127365112,-870.6686207012561,262143.0
542.9602613449097,-870.6686207012561,262143.0
543.060097694397,-870.6686207012561,262143.0
543.1595575809479,-870.6686207012561,262143.0
543.2592673301697,-870.6686207012561,262143.0
543.3602538108826,-870.6686207012561,262143.0
543.4599630832672,-870.6686207012561,262143.0
543.5597624778748,-870.6686207012561,262143.0
543.659670829773,-870.6686207012561,262143.0
543.7593729496002,-870.6686207012561,262143.0
543.8594527244568,-870.6686207012561,262143.0
543.9592826366425,-870.6686207012561,262143.0
544.0596408843994,-870.6686207012561,262143.0
544.159913778305,-870.6686207012561,262143.0
544.2596776485443,-870.6686207012561,262143.0
544.359808921814,-870.6686207012561,262143.0
544.4599211215973,-870.6686207012561,262143.0
544.5597887039185,-870.6686207012561,262143.0
544.6599085330963,-870.6686207012561,262143.0
544.7601702213287,-870.6686207012561,262143.0
544.8598294258118,-870.6686207012561,262143.0
544.959862947464,-870.6686207012561,262143.0
545.0597102642059,-870.6686207012561,262143.0
545.1593980789185,-870.6686207012561,262143.0
545.2601504325867,-870.6686207012561,262143.0
545.3596241474152,-870.6686207012561,262143.0
545.4596376419067,-870.6686207012561,262143.0
545.5595512390137,-870.6686207012561,262143.0
545.6599223613739,-870.6686207012561,262143.0
545.760226726532,-870.6686207012561,262143.0
545.8600299358368,-870.6686207012561,262143.0
545.9601590633392,-870.6686207012561,262143.0
546.0595207214355,-870.6686207012561,262143.0
546.1597287654877,-870.6686207012561,262143.0
546.2600207328796,-870.6686207012561,262143.0
546.3598673343658,-870.6686207012561,262143.0
546.4596626758575,-870.6686207012561,262143.0
546.5594999790192,-870.6686207012561,262143.0
546.6601805686951,-870.6686207012561,262143.0
546.7594866752625,-870.6686207012561,262143.0
546.8593864440918,-870.6686207012561,262143.0
546.9593775272369,-870.6686207012561,262143.0
547.0602469444275,-870.6686207012561,262143.0
547.1602857112885,-870.6686207012561,262143.0
547.2595191001892,-870.6686207012561,262143.0
547.3599164485931,-870.6686207012561,262143.0
547.4596333503723,-870.6686207012561,262143.0
547.5598192214966,-870.6686207012561,262143.0
547.659560918808,-870.6686207012561,262143.0
547.7597742080688,-870.6686207012561,262143.0
547.860050201416,-870.6686207012561,262143.0
547.9595880508423,-870.6686207012561,262143.0
548.0594820976257,-870.6686207012561,262143.0
548.1596024036407,-870.6686207012561,262143.0
548.2594456672668,-870.6686207012561,262143.0
548.3599095344543,-870.6686207012561,262143.0
548.4595372676849,-870.6686207012561,262143.0
548.5599799156189,-870.6686207012561,262143.0
548.6597898006439,-870.6686207012561,262143.0
548.759726524353,-870.6686207012561,262143.0
548.8596003055573,-870.6686207012561,262143.0
548.9599051475525,-870.6686207012561,262143.0
549.0597920417786,-870.6686207012561,262143.0
549.1601111888885,-870.6686207012561,262143.0
549.2598588466644,-870.6686207012561,262143.0
549.3600866794586,-870.6686207012561,262143.0
549.459846496582,-870.6686207012561,262143.0
549.5595982074738,-870.6686207012561,262143.0
549.6593763828278,-870.6686207012561,262143.0
549.759613275528,-870.6686207012561,262143.0
549.8595111370087,-870.6686207012561,262143.0
549.9598875045776,-870.6686207012561,262143.0
550.0595870018005,-870.6686207012561,262143.0
550.1600840091705,-870.6686207012561,262143.0
550.2597784996033,-870.6686207012561,262143.0
550.3596193790436,-870.6686207012561,262143.0
550.4594941139221,-870.6686207012561,262143.0
550.5596113204956,-870.6686207012561,262143.0
550.6595988273621,-870.6686207012561,262143.0
550.7595736980438,-870.6686207012561,262143.0
550.859531879425,-870.6686207012561,262143.0
550.9597282409668,-870.6686207012561,262143.0
551.0599329471588,-870.6686207012561,262143.0
551.1593596935272,-870.6686207012561,262143.0
551.2601478099823,-870.6686207012561,262143.0
551.3601362705231,-870.6686207012561,262143.0
551.459329366684,-870.6686207012561,262143.0
551.5601811408997,-870.6686207012561,262143.0
551.6595284938812,-870.6686207012561,262143.0
551.7598128318787,-870.6686207012561,262143.0
551.8599607944489,-870.6686207012561,262143.0
551.9593780040741,-870.6686207012561,262143.0
552.0598273277283,-870.6686207012561,262143.0
552.1599287986755,-870.6686207012561,262143.0
552.2597546577454,-870.6686207012561,262143.0
552.3598175048828,-870.6686207012561,262143.0
552.459860086441,-870.6686207012561,262143.0
552.5597639083862,-870.6686207012561,262143.0
552.6598384380341,-870.6686207012561,262143.0
552.7602365016937,-870.6686207012561,262143.0
552.8593757152557,-870.6686207012561,262143.0
552.9600791931152,-870.6686207012561,262143.0
553.0598402023315,-870.6686207012561,262143.0
553.1598696708679,-870.6686207012561,262143.0
553.2591817378998,-870.6686207012561,262143.0
553.360116481781,-870.6686207012561,262143.0
553.4592263698578,-870.6686207012561,262143.0
553.5595021247864,-870.6686207012561,262143.0
553.6594295501709,-870.6686207012561,262143.0
553.7593412399292,-870.6686207012561,262143.0
553.8602516651154,-870.6686207012561,262143.0
553.9593784809113,-870.6686207012561,262143.0
554.0602159500122,-870.6686207012561,262143.0
554.1601021289825,-870.6686207012561,262143.0
554.2598490715027,-870.6686207012561,262143.0
554.3596532344818,-870.6686207012561,262143.0
554.4595015048981,-870.6686207012561,262143.0
554.559485912323,-870.6686207012561,262143.0
554.6593084335327,-870.6686207012561,262143.0
554.7595224380493,-870.6686207012561,262143.0
554.859569311142,-870.6686207012561,262143.0
554.9594578742981,-870.6686207012561,262143.0
555.0594398975372,-870.6686207012561,262143.0
555.1594269275665,-870.6686207012561,262143.0
555.2594809532166,-870.6686207012561,262143.0
555.3598144054413,-870.6686207012561,262143.0
555.4596314430237,-870.6686207012561,262143.0
555.5594849586487,-870.6686207012561,262143.0
555.6594216823578,-870.6686207012561,262143.0
555.7594180107117,-870.6686207012561,262143.0
555.8597211837769,-870.6686207012561,262143.0
555.9595148563385,-870.6686207012561,262143.0
556.0598149299622,-870.6686207012561,262143.0
556.1600978374481,-870.6686207012561,262143.0
556.2599875926971,-870.6686207012561,262143.0
556.3597872257233,-870.6686207012561,262143.0
556.4594287872314,-870.6686207012561,262143.0
556.5597920417786,-870.6686207012561,262143.0
556.6595826148987,-870.6686207012561,262143.0
556.7594339847565,-870.6686207012561,262143.0
556.8593325614929,-870.6686207012561,262143.0
556.9594781398773,-870.6686207012561,262143.0
557.0601179599762,-870.6686207012561,262143.0
557.1595220565796,-870.6686207012561,262143.0
557.259402513504,-870.6686207012561,262143.0
557.3598687648773,-870.6686207012561,262143.0
557.4597918987274,-870.6686207012561,262143.0
557.559291601181,-870.6686207012561,262143.0
557.660218000412,-870.6686207012561,262143.0
557.7602899074554,-870.6686207012561,262143.0
557.8601453304291,-870.6686207012561,262143.0
557.9596841335297,-870.6686207012561,262143.0
558.0594868659973,-870.6686207012561,262143.0
558.1594409942627,-870.6686207012561,262143.0
558.2601780891418,-870.6686207012561,262143.0
558.3595294952393,-870.6686207012561,262143.0
558.4594871997833,-870.6686207012561,262143.0
558.5595154762268,-870.6686207012561,262143.0
558.6598494052887,-870.6686207012561,262143.0
558.759813785553,-870.6686207012561,262143.0
558.8597223758698,-870.6686207012561,262143.0
558.9596788883209,-870.6686207012561,262143.0
559.0594050884247,-870.6686207012561,262143.0
559.1594936847687,-870.6686207012561,262143.0
559.2593126296997,-870.6686207012561,262143.0
559.3593745231628,-870.6686207012561,262143.0
559.4601571559906,-870.6686207012561,262143.0
559.5597195625305,-870.6686207012561,262143.0
559.6599533557892,-870.6686207012561,262143.0
559.7597405910492,-870.6686207012561,262143.0
559.8601975440979,-870.6686207012561,262143.0
559.9600434303284,-870.6686207012561,262143.0
560.0597007274628,-870.6686207012561,262143.0
560.160183429718,-870.6686207012561,262143.0
560.2601571083069,-870.6686207012561,262143.0
560.3599853515625,-870.6686207012561,262143.0
560.4596626758575,-870.6686207012561,262143.0
560.5594720840454,-870.6686207012561,262143.0
560.6592898368835,-870.6686207012561,262143.0
560.7600841522217,-870.6686207012561,262143.0
560.8599679470062,-870.6686207012561,262143.0
560.9597582817078,-870.6686207012561,262143.0
561.0595200061798,-870.6686207012561,262143.0
561.159334897995,-870.6686207012561,262143.0
561.259318113327,-870.6686207012561,262143.0
561.3595464229584,-870.6686207012561,262143.0
561.4594309329987,-870.6686207012561,262143.0
561.5595893859863,-870.6686207012561,262143.0
561.6593151092529,-870.6686207012561,262143.0
561.7601745128632,-870.6686207012561,262143.0
561.860146522522,-870.6686207012561,262143.0
561.9594388008118,-870.6686207012561,262143.0
562.0597581863403,-870.6686207012561,262143.0
562.1595520973206,-870.6686207012561,262143.0
562.259761095047,-870.6686207012561,262143.0
562.3596038818359,-870.6686207012561,262143.0
562.4595696926117,-870.6686207012561,262143.0
562.5598299503326,-870.6686207012561,262143.0
562.6594882011414,-870.6686207012561,262143.0
562.7594337463379,-870.6686207012561,262143.0
562.8592853546143,-870.6686207012561,262143.0
562.959326505661,-870.6686207012561,262143.0
563.060319185257,-870.6686207012561,262143.0
563.159551858902,-870.6686207012561,262143.0
563.2596280574799,-870.6686207012561,262143.0
563.3594186306,-870.6686207012561,262143.0
563.4593360424042,-870.6686207012561,262143.0
563.5594120025635,-870.6686207012561,262143.0
563.6594064235687,-870.6686207012561,262143.0
563.7595498561859,-870.6686207012561,262143.0
563.8609075546265,-870.6686207012561,262143.0
563.9621322154999,-870.6686207012561,262143.0
564.0619359016418,-870.6686207012561,262143.0
564.1600966453552,-870.6686207012561,262143.0
564.2597935199738,-870.6686207012561,262143.0
564.3613574504852,-870.6686207012561,262143.0
564.4623072147369,-870.6686207012561,262143.0
564.5595242977142,-870.6686207012561,262143.0
564.6593296527863,-870.6686207012561,262143.0
564.7603003978729,-870.6686207012561,262143.0
564.8597793579102,-870.6686207012561,262143.0
564.9595186710358,-870.6686207012561,262143.0
565.0593445301056,-870.6686207012561,262143.0
565.1595695018768,-870.6686207012561,262143.0
565.2595643997192,-870.6686207012561,262143.0
565.3599512577057,-870.6686207012561,262143.0
565.4596149921417,-870.6686207012561,262143.0
565.559490442276,-870.6686207012561,262143.0
565.6593401432037,-870.6686207012561,262143.0
565.7593228816986,-870.6686207012561,262143.0
565.8602409362793,-870.6686207012561,262143.0
565.9601356983185,-870.6686207012561,262143.0
566.0599992275238,-870.6686207012561,262143.0
566.1599402427673,-870.6686207012561,262143.0
566.2598505020142,-870.6686207012561,262143.0
566.3620545864105,-870.6686207012561,262143.0
566.4590389728546,-870.6686207012561,262143.0
566.5622849464417,-870.6686207012561,262143.0
566.6623909473419,-870.6686207012561,262143.0
566.7616567611694,-870.6686207012561,262143.0
566.861569404602,-870.6686207012561,262143.0
566.9594430923462,-870.6686207012561,262143.0
567.0600697994232,-870.6686207012561,262143.0
567.1598012447357,-870.6686207012561,262143.0
567.2593400478363,-870.6686207012561,262143.0
567.3596429824829,-870.6686207012561,262143.0
567.4594614505768,-870.6686207012561,262143.0
567.559333562851,-870.6686207012561,262143.0
567.6597759723663,-870.6686207012561,262143.0
567.7595558166504,-870.6686207012561,262143.0
567.8594303131104,-870.6686207012561,262143.0
567.9591658115387,-870.6686207012561,262143.0
568.0600290298462,-870.6686207012561,262143.0
568.1595902442932,-870.6686207012561,262143.0
568.2601590156555,-870.6686207012561,262143.0
568.3592777252197,-870.6686207012561,262143.0
568.4591794013977,-870.6686207012561,262143.0
568.5596079826355,-870.6686207012561,262143.0
568.6594843864441,-870.6686207012561,262143.0
568.7599303722382,-870.6686207012561,262143.0
568.8602006435394,-870.6686207012561,262143.0
568.9596931934357,-870.6686207012561,262143.0
569.0600612163544,-870.6686207012561,262143.0
569.1595366001129,-870.6686207012561,262143.0
569.2595257759094,-870.6686207012561,262143.0
569.3593423366547,-870.6686207012561,262143.0
569.4593455791473,-870.6686207012561,262143.0
569.5595805644989,-870.6686207012561,262143.0
569.6598393917084,-870.6686207012561,262143.0
569.7596988677979,-870.6686207012561,262143.0
569.8594896793365,-870.6686207012561,262143.0
569.9599006175995,-870.6686207012561,262143.0
570.0597565174103,-870.6686207012561,262143.0
570.1599187850952,-870.6686207012561,262143.0
570.2594375610352,-870.6686207012561,262143.0
570.3601849079132,-870.6686207012561,262143.0
570.459632396698,-870.6686207012561,262143.0
570.5598797798157,-870.6686207012561,262143.0
570.6602625846863,-870.6686207012561,262143.0
570.7596366405487,-870.6686207012561,262143.0
570.8597393035889,-870.6686207012561,262143.0
570.9596574306488,-870.6686207012561,262143.0
571.0594642162323,-870.6686207012561,262143.0
571.1596438884735,-870.6686207012561,262143.0
571.2599692344666,-870.6686207012561,262143.0
571.3596692085266,-870.6686207012561,262143.0
571.4594140052795,-870.6686207012561,262143.0
571.5598771572113,-870.6686207012561,262143.0
571.660012960434,-870.6686207012561,262143.0
571.7595040798187,-870.6686207012561,262143.0
571.8595585823059,-870.6686207012561,262143.0
571.959664106369,-870.6686207012561,262143.0
572.0592570304871,-870.6686207012561,262143.0
572.1598484516144,-870.6686207012561,262143.0
572.2601370811462,-870.6686207012561,262143.0
572.3597877025604,-870.6686207012561,262143.0
572.4597277641296,-870.6686207012561,262143.0
572.5623290538788,-870.6686207012561,262143.0
572.6616263389587,-870.6686207012561,262143.0
572.7606363296509,-870.6686207012561,262143.0
572.860561132431,-870.6686207012561,262143.0
572.9592323303223,-870.6686207012561,262143.0
573.0615313053131,-870.6686207012561,262143.0
573.1598460674286,-870.6686207012561,262143.0
573.2619647979736,-870.6686207012561,262143.0
573.3601894378662,-870.6686207012561,262143.0
573.4601798057556,-870.6686207012561,262143.0
573.5618886947632,-870.6686207012561,262143.0
573.6616277694702,-870.6686207012561,262143.0
573.7603023052216,-870.6686207012561,262143.0
573.8596456050873,-870.6686207012561,262143.0
573.9612953662872,-870.6686207012561,262143.0
574.0601468086243,-870.6686207012561,262143.0
574.1625673770905,-870.6686207012561,262143.0
574.2622992992401,-870.6686207012561,262143.0
574.3641383647919,-870.6686207012561,262143.0
574.4600780010223,-870.6686207012561,262143.0
574.5627763271332,-870.6686207012561,262143.0
574.6601536273956,-870.6686207012561,262143.0
574.7607848644257,-870.6686207012561,262143.0
574.862467288971,-870.6686207012561,262143.0
574.9593648910522,-870.6686207012561,262143.0
575.0604956150055,-870.6686207012561,262143.0
575.1610012054443,-870.6686207012561,262143.0
575.2596406936646,-870.6686207012561,262143.0
575.3598253726959,-870.6686207012561,262143.0
575.4600579738617,-870.6686207012561,262143.0
575.559739112854,-870.6686207012561,262143.0
575.6596140861511,-870.6686207012561,262143.0
575.7594430446625,-870.6686207012561,262143.0
575.8594291210175,-870.6686207012561,262143.0
575.9598875045776,-870.6686207012561,262143.0
576.0599629878998,-870.6686207012561,262143.0
576.1620526313782,-870.6686207012561,262143.0
576.2606813907623,-870.6686207012561,262143.0
576.3600423336029,-870.6686207012561,262143.0
576.4628388881683,-870.6686207012561,262143.0
576.5619442462921,-870.6686207012561,262143.0
576.6608970165253,-870.6686207012561,262143.0
576.7601451873779,-870.6686207012561,262143.0
576.8627133369446,-870.6686207012561,262143.0
576.9613378047943,-870.6686207012561,262143.0
577.0610048770905,-870.6686207012561,262143.0
577.1593880653381,-870.6686207012561,262143.0
577.2623953819275,-870.6686207012561,262143.0
577.3615114688873,-870.6686207012561,262143.0
577.4607639312744,-870.6686207012561,262143.0
577.5601100921631,-870.6686207012561,262143.0
577.6621160507202,-870.6686207012561,262143.0
577.7618160247803,-870.6686207012561,262143.0
577.8638951778412,-870.6686207012561,262143.0
577.9590802192688,-870.6686207012561,262143.0
578.060542345047,-870.6686207012561,262143.0
578.1602523326874,-870.6686207012561,262143.0
578.2625489234924,-870.6686207012561,262143.0
578.3623089790344,-870.6686207012561,262143.0
578.4636087417603,-870.6686207012561,262143.0
578.5602641105652,-870.6686207012561,262143.0
578.660227060318,-870.6686207012561,262143.0
578.7620131969452,-870.6686207012561,262143.0
578.8597493171692,-870.6686207012561,262143.0
578.9619071483612,-870.6686207012561,262143.0
579.0626201629639,-870.6686207012561,262143.0
579.1600968837738,-870.6686207012561,262143.0
579.259738445282,-870.6686207012561,262143.0
579.3605329990387,-870.6686207012561,262143.0
579.4601364135742,-870.6686207012561,262143.0
579.560129404068,-870.6686207012561,262143.0
579.6598551273346,-870.6686207012561,262143.0
579.7597451210022,-870.6686207012561,262143.0
579.8600950241089,-870.6686207012561,262143.0
579.9594924449921,-870.6686207012561,262143.0
580.0592889785767,-870.6686207012561,262143.0
580.1600956916809,-870.6686207012561,262143.0
580.2598159313202,-870.6686207012561,262143.0
580.3595998287201,-870.6686207012561,262143.0
580.4593896865845,-870.6686207012561,262143.0
580.559344291687,-870.6686207012561,262143.0
580.6601214408875,-870.6686207012561,262143.0
580.7597899436951,-870.6686207012561,262143.0
580.8603003025055,-870.6686207012561,262143.0
580.9599351882935,-870.6686207012561,262143.0
581.0595703125,-870.6686207012561,262143.0
581.1596052646637,-870.6686207012561,262143.0
581.2603240013123,-870.6686207012561,262143.0
581.3597524166107,-870.6686207012561,262143.0
581.4596219062805,-870.6686207012561,262143.0
581.5597431659698,-870.6686207012561,262143.0
581.6595497131348,-870.6686207012561,262143.0
581.7598118782043,-870.6686207012561,262143.0
581.8596730232239,-870.6686207012561,262143.0
581.9595334529877,-870.6686207012561,262143.0
582.0602629184723,-870.6686207012561,262143.0
582.1597690582275,-870.6686207012561,262143.0
582.2597033977509,-870.6686207012561,262143.0
582.3597609996796,-870.6686207012561,262143.0
582.4596180915833,-870.6686207012561,262143.0
582.5596053600311,-870.6686207012561,262143.0
582.6597220897675,-870.6686207012561,262143.0
582.7598118782043,-870.6686207012561,262143.0
582.8599858283997,-870.6686207012561,262143.0
582.9598317146301,-870.6686207012561,262143.0
583.0601398944855,-870.6686207012561,262143.0
583.1597423553467,-870.6686207012561,262143.0
583.2596273422241,-870.6686207012561,262143.0
583.3595633506775,-870.6686207012561,262143.0
583.4594693183899,-870.6686207012561,262143.0
583.5593345165253,-870.6686207012561,262143.0
583.659345626831,-870.6686207012561,262143.0
583.7599983215332,-870.6686207012561,262143.0
583.8600289821625,-870.6686207012561,262143.0
583.9596774578094,-870.6686207012561,262143.0
584.0597882270813,-870.6686207012561,262143.0
584.1595458984375,-870.6686207012561,262143.0
584.2594585418701,-870.6686207012561,262143.0
584.3593854904175,-870.6686207012561,262143.0
584.4601221084595,-870.6686207012561,262143.0
584.5599026679993,-870.6686207012561,262143.0
584.6602091789246,-870.6686207012561,262143.0
584.7594754695892,-870.6686207012561,262143.0
584.8594589233398,-870.6686207012561,262143.0
584.9601309299469,-870.6686207012561,262143.0
585.0594117641449,-870.6686207012561,262143.0
585.1601073741913,-870.6686207012561,262143.0
585.2598576545715,-870.6686207012561,262143.0
585.3596639633179,-870.6686207012561,262143.0
585.4594478607178,-870.6686207012561,262143.0
585.5601351261139,-870.6686207012561,262143.0
585.6598882675171,-870.6686207012561,262143.0
585.7596039772034,-870.6686207012561,262143.0
585.859441280365,-870.6686207012561,262143.0
585.9602990150452,-870.6686207012561,262143.0
586.0599389076233,-870.6686207012561,262143.0
586.159615278244,-870.6686207012561,262143.0
586.2598330974579,-870.6686207012561,262143.0
586.3595631122589,-870.6686207012561,262143.0
586.45947265625,-870.6686207012561,262143.0
586.5594878196716,-870.6686207012561,262143.0
586.6593930721283,-870.6686207012561,262143.0
586.759966135025,-870.6686207012561,262143.0
586.859988451004,-870.6686207012561,262143.0
586.9593806266785,-870.6686207012561,262143.0
587.0596408843994,-870.6686207012561,262143.0
587.1594007015228,-870.6686207012561,262143.0
587.2600655555725,-870.6686207012561,262143.0
587.3598740100861,-870.6686207012561,262143.0
587.4593706130981,-870.6686207012561,262143.0
587.5601012706757,-870.6686207012561,262143.0
587.6597595214844,-870.6686207012561,262143.0
587.7596998214722,-870.6686207012561,262143.0
587.8596057891846,-870.6686207012561,262143.0
587.9593935012817,-870.6686207012561,262143.0
588.0593545436859,-870.6686207012561,262143.0
588.1593327522278,-870.6686207012561,262143.0
588.2596712112427,-870.6686207012561,262143.0
588.3596358299255,-870.6686207012561,262143.0
588.4594278335571,-870.6686207012561,262143.0
588.5602693557739,-870.6686207012561,262143.0
588.6596460342407,-870.6686207012561,262143.0
588.7596533298492,-870.6686207012561,262143.0
588.8596453666687,-870.6686207012561,262143.0
588.959596157074,-870.6686207012561,262143.0
589.0595273971558,-870.6686207012561,262143.0
589.1595656871796,-870.6686207012561,262143.0
589.2596492767334,-870.6686207012561,262143.0
589.3600273132324,-870.6686207012561,262143.0
589.459890127182,-870.6686207012561,262143.0
589.559859752655,-870.6686207012561,262143.0
589.6600830554962,-870.6686207012561,262143.0
589.75936627388,-870.6686207012561,262143.0
589.859486579895,-870.6686207012561,262143.0
589.9599707126617,-870.6686207012561,262143.0
590.0599553585052,-870.6686207012561,262143.0
590.1597666740417,-870.6686207012561,262143.0
590.2597904205322,-870.6686207012561,262143.0
590.3597497940063,-870.6686207012561,262143.0
590.4593212604523,-870.6686207012561,262143.0
590.5599544048309,-870.6686207012561,262143.0
590.6595728397369,-870.6686207012561,262143.0
590.7596838474274,-870.6686207012561,262143.0
590.8596568107605,-870.6686207012561,262143.0
590.9594662189484,-870.6686207012561,262143.0
591.0599589347839,-870.6686207012561,262143.0
591.1596760749817,-870.6686207012561,262143.0
591.2592487335205,-870.6686207012561,262143.0
591.3597366809845,-870.6686207012561,262143.0
591.4602868556976,-870.6686207012561,262143.0
591.5593292713165,-870.6686207012561,262143.0
591.6602473258972,-870.6686207012561,262143.0
591.759192943573,-870.6686207012561,262143.0
591.8598914146423,-870.6686207012561,262143.0
591.9600381851196,-870.6686207012561,262143.0
592.059814453125,-870.6686207012561,262143.0
592.1600155830383,-870.6686207012561,262143.0
592.260035276413,-870.6686207012561,262143.0
592.3599400520325,-870.6686207012561,262143.0
592.4599299430847,-870.6686207012561,262143.0
592.5600759983063,-870.6686207012561,262143.0
592.6599876880646,-870.6686207012561,262143.0
592.7600245475769,-870.6686207012561,262143.0
592.8593282699585,-870.6686207012561,262143.0
592.9602899551392,-870.6686207012561,262143.0
593.0593047142029,-870.6686207012561,262143.0
593.1601641178131,-870.6686207012561,262143.0
593.2598247528076,-870.6686207012561,262143.0
593.3596799373627,-870.6686207012561,262143.0
593.4599688053131,-870.6686207012561,262143.0
593.5602807998657,-870.6686207012561,262143.0
593.6601541042328,-870.6686207012561,262143.0
593.7602417469025,-870.6686207012561,262143.0
593.8592774868011,-870.6686207012561,262143.0
593.9601292610168,-870.6686207012561,262143.0
594.0601773262024,-870.6686207012561,262143.0
594.1595296859741,-870.6686207012561,262143.0
594.2602741718292,-870.6686207012561,262143.0
594.3596403598785,-870.6686207012561,262143.0
594.4594619274139,-870.6686207012561,262143.0
594.5594704151154,-870.6686207012561,262143.0
594.6602692604065,-870.6686207012561,262143.0
594.7601935863495,-870.6686207012561,262143.0
594.8597855567932,-870.6686207012561,262143.0
594.9595258235931,-870.6686207012561,262143.0
595.0593514442444,-870.6686207012561,262143.0
595.1600761413574,-870.6686207012561,262143.0
595.2603073120117,-870.6686207012561,262143.0
595.35968542099,-870.6686207012561,262143.0
595.4599957466125,-870.6686207012561,262143.0
595.5600430965424,-870.6686207012561,262143.0
595.6595726013184,-870.6686207012561,262143.0
595.7603330612183,-870.6686207012561,262143.0
595.8601248264313,-870.6686207012561,262143.0
595.9600865840912,-870.6686207012561,262143.0
596.060135602951,-870.6686207012561,262143.0
596.1602649688721,-870.6686207012561,262143.0
596.2601962089539,-870.6686207012561,262143.0
596.3595976829529,-870.6686207012561,262143.0
596.4593925476074,-870.6686207012561,262143.0
596.5597243309021,-870.6686207012561,262143.0
596.6596214771271,-870.6686207012561,262143.0
596.7596080303192,-870.6686207012561,262143.0
596.8598053455353,-870.6686207012561,262143.0
596.9595201015472,-870.6686207012561,262143.0
597.0593359470367,-870.6686207012561,262143.0
597.1601812839508,-870.6686207012561,262143.0
597.2601120471954,-870.6686207012561,262143.0
597.3602206707001,-870.6686207012561,262143.0
597.459762096405,-870.6686207012561,262143.0
597.5597794055939,-870.6686207012561,262143.0
597.6596758365631,-870.6686207012561,262143.0
597.759596824646,-870.6686207012561,262143.0
597.8599138259888,-870.6686207012561,262143.0
597.9597256183624,-870.6686207012561,262143.0
598.0597081184387,-870.6686207012561,262143.0
598.159392118454,-870.6686207012561,262143.0
598.2601397037506,-870.6686207012561,262143.0
598.359899520874,-870.6686207012561,262143.0
598.4599771499634,-870.6686207012561,262143.0
598.5594716072083,-870.6686207012561,262143.0
598.6598420143127,-870.6686207012561,262143.0
598.7593777179718,-870.6686207012561,262143.0
598.8597676753998,-870.6686207012561,262143.0
598.9594514369965,-870.6686207012561,262143.0
599.0599873065948,-870.6686207012561,262143.0
599.1600015163422,-870.6686207012561,262143.0
599.2595551013947,-870.6686207012561,262143.0
599.3599948883057,-870.6686207012561,262143.0
599.4601039886475,-870.6686207012561,262143.0
599.5593576431274,-870.6686207012561,262143.0
599.6596677303314,-870.6686207012561,262143.0
599.7599837779999,-870.6686207012561,262143.0
599.8602311611176,-870.6686207012561,262143.0
599.9601166248322,-870.6686207012561,262143.0
600.0594449043274,-870.6686207012561,262143.0
600.1601192951202,-870.6686207012561,262143.0
600.2595493793488,-870.6686207012561,262143.0
600.3597378730774,-870.6686207012561,262143.0
600.4601118564606,-870.6686207012561,262143.0
600.5600576400757,-870.6686207012561,262143.0
600.6594665050507,-870.6686207012561,262143.0
600.7593376636505,-870.6686207012561,262143.0
600.8601458072662,-870.6686207012561,262143.0
600.9600079059601,-870.6686207012561,262143.0
601.0594882965088,-870.6686207012561,262143.0
601.1602010726929,-870.6686207012561,262143.0
601.2596895694733,-870.6686207012561,262143.0
601.359566450119,-870.6686207012561,262143.0
601.4602525234222,-870.6686207012561,262143.0
601.5596425533295,-870.6686207012561,262143.0
601.6593885421753,-870.6686207012561,262143.0
601.7602460384369,-870.6686207012561,262143.0
601.8595507144928,-870.6686207012561,262143.0
601.9595458507538,-870.6686207012561,262143.0
602.0600426197052,-870.6686207012561,262143.0
602.1598572731018,-870.6686207012561,262143.0
602.2596044540405,-870.6686207012561,262143.0
602.3593158721924,-870.6686207012561,262143.0
602.4601545333862,-870.6686207012561,262143.0
602.5593454837799,-870.6686207012561,262143.0
602.6596493721008,-870.6686207012561,262143.0
602.7602822780609,-870.6686207012561,262143.0
602.8596687316895,-870.6686207012561,262143.0
602.9592609405518,-870.6686207012561,262143.0
603.0595557689667,-870.6686207012561,262143.0
603.1593277454376,-870.6686207012561,262143.0
603.2594180107117,-870.6686207012561,262143.0
603.3600475788116,-870.6686207012561,262143.0
603.4600143432617,-870.6686207012561,262143.0
603.5599257946014,-870.6686207012561,262143.0
603.659476518631,-870.6686207012561,262143.0
603.7596678733826,-870.6686207012561,262143.0
603.8593933582306,-870.6686207012561,262143.0
603.9600944519043,-870.6686207012561,262143.0
604.0596976280212,-870.6686207012561,262143.0
604.1596102714539,-870.6686207012561,262143.0
604.2603101730347,-870.6686207012561,262143.0
604.3594117164612,-870.6686207012561,262143.0
604.4598298072815,-870.6686207012561,262143.0
604.5597825050354,-870.6686207012561,262143.0
604.6594030857086,-870.6686207012561,262143.0
604.7602415084839,-870.6686207012561,262143.0
604.859676361084,-870.6686207012561,262143.0
604.9598391056061,-870.6686207012561,262143.0
605.0594120025635,-870.6686207012561,262143.0
605.159353017807,-870.6686207012561,262143.0
605.2601671218872,-870.6686207012561,262143.0
605.3595833778381,-870.6686207012561,262143.0
605.4595730304718,-870.6686207012561,262143.0
605.5596067905426,-870.6686207012561,262143.0
605.6596119403839,-870.6686207012561,262143.0
605.7597196102142,-870.6686207012561,262143.0
605.8600413799286,-870.6686207012561,262143.0
605.959671497345,-870.6686207012561,262143.0
606.0596017837524,-870.6686207012561,262143.0
606.159752368927,-870.6686207012561,262143.0
606.2598276138306,-870.6686207012561,262143.0
606.3596069812775,-870.6686207012561,262143.0
606.4598150253296,-870.6686207012561,262143.0
606.5598714351654,-870.6686207012561,262143.0
606.6594450473785,-870.6686207012561,262143.0
606.7601382732391,-870.6686207012561,262143.0
606.8599436283112,-870.6686207012561,262143.0
606.9597179889679,-870.6686207012561,262143.0
607.0594902038574,-870.6686207012561,262143.0
607.1597216129303,-870.6686207012561,262143.0
607.2602887153625,-870.6686207012561,262143.0
607.359964132309,-870.6686207012561,262143.0
607.4600055217743,-870.6686207012561,262143.0
607.5602495670319,-870.6686207012561,262143.0
607.6599860191345,-870.6686207012561,262143.0
607.759970664978,-870.6686207012561,262143.0
607.859525680542,-870.6686207012561,262143.0
607.9601838588715,-870.6686207012561,262143.0
608.061895608902,-870.6686207012561,262143.0
608.1623258590698,-870.6686207012561,262143.0
608.2639021873474,-870.6686207012561,262143.0
608.3602817058563,-870.6686207012561,262143.0
608.4600975513458,-870.6686207012561,262143.0
608.5614004135132,-870.6686207012561,262143.0
608.6619553565979,-870.6686207012561,262143.0
608.759979724884,-870.6686207012561,262143.0
608.8601741790771,-870.6686207012561,262143.0
608.9600896835327,-870.6686207012561,262143.0
609.0602085590363,-870.6686207012561,262143.0
609.1600136756897,-870.6686207012561,262143.0
609.2595038414001,-870.6686207012561,262143.0
609.3603823184967,-870.6686207012561,262143.0
609.4594120979309,-870.6686207012561,262143.0
609.5601410865784,-870.6686207012561,262143.0
609.6600134372711,-870.6686207012561,262143.0
609.7600703239441,-870.6686207012561,262143.0
609.85990858078,-870.6686207012561,262143.0
609.9593389034271,-870.6686207012561,262143.0
610.0598392486572,-870.6686207012561,262143.0
610.1597211360931,-870.6686207012561,262143.0
610.2598955631256,-870.6686207012561,262143.0
610.3602659702301,-870.6686207012561,262143.0
610.460170507431,-870.6686207012561,262143.0
610.5593860149384,-870.6686207012561,262143.0
610.659339427948,-870.6686207012561,262143.0
610.7603008747101,-870.6686207012561,262143.0
610.8598892688751,-870.6686207012561,262143.0
610.9598269462585,-870.6686207012561,262143.0
611.0597720146179,-870.6686207012561,262143.0
611.159873008728,-870.6686207012561,262143.0
611.259752035141,-870.6686207012561,262143.0
611.3602859973907,-870.6686207012561,262143.0
611.4601058959961,-870.6686207012561,262143.0
611.5599837303162,-870.6686207012561,262143.0
611.6598999500275,-870.6686207012561,262143.0
611.7600350379944,-870.6686207012561,262143.0
611.8599607944489,-870.6686207012561,262143.0
611.9601001739502,-870.6686207012561,262143.0
612.0598955154419,-870.6686207012561,262143.0
612.1593480110168,-870.6686207012561,262143.0
612.260055065155,-870.6686207012561,262143.0
612.3599152565002,-870.6686207012561,262143.0
612.4593803882599,-870.6686207012561,262143.0
612.5599918365479,-870.6686207012561,262143.0
612.659835100174,-870.6686207012561,262143.0
612.7597193717957,-870.6686207012561,262143.0
612.8598203659058,-870.6686207012561,262143.0
612.9597465991974,-870.6686207012561,262143.0
613.0597357749939,-870.6686207012561,262143.0
613.1600637435913,-870.6686207012561,262143.0
613.2598564624786,-870.6686207012561,262143.0
613.3597388267517,-870.6686207012561,262143.0
613.459771156311,-870.6686207012561,262143.0
613.5599284172058,-870.6686207012561,262143.0
613.6598131656647,-870.6686207012561,262143.0
613.7599158287048,-870.6686207012561,262143.0
613.8597872257233,-870.6686207012561,262143.0
613.960186958313,-870.6686207012561,262143.0
614.0599236488342,-870.6686207012561,262143.0
614.1597542762756,-870.6686207012561,262143.0
614.2597105503082,-870.6686207012561,262143.0
614.359589099884,-870.6686207012561,262143.0
614.4593999385834,-870.6686207012561,262143.0
614.5601477622986,-870.6686207012561,262143.0
614.6599214076996,-870.6686207012561,262143.0
614.7598445415497,-870.6686207012561,262143.0
614.8593628406525,-870.6686207012561,262143.0
614.9594111442566,-870.6686207012561,262143.0
615.0601043701172,-870.6686207012561,262143.0
615.160270690918,-870.6686207012561,262143.0
615.2596819400787,-870.6686207012561,262143.0
615.3595836162567,-870.6686207012561,262143.0
615.4597852230072,-870.6686207012561,262143.0
615.5597994327545,-870.6686207012561,262143.0
615.6593155860901,-870.6686207012561,262143.0
615.7600064277649,-870.6686207012561,262143.0
615.8599381446838,-870.6686207012561,262143.0
615.9598426818848,-870.6686207012561,262143.0
616.0594127178192,-870.6686207012561,262143.0
616.1599218845367,-870.6686207012561,262143.0
616.2598795890808,-870.6686207012561,262143.0
616.3597145080566,-870.6686207012561,262143.0
616.4597625732422,-870.6686207012561,262143.0
616.5596976280212,-870.6686207012561,262143.0
616.660275220871,-870.6686207012561,262143.0
616.7600519657135,-870.6686207012561,262143.0
616.8608038425446,-870.6686207012561,262143.0
616.9595024585724,-870.6686207012561,262143.0
617.0621793270111,-870.6686207012561,262143.0
617.1617183685303,-870.6686207012561,262143.0
617.2638545036316,-870.6686207012561,262143.0
617.3603460788727,-870.6686207012561,262143.0
617.4620430469513,-870.6686207012561,262143.0
617.5593419075012,-870.6686207012561,262143.0
617.6593425273895,-870.6686207012561,262143.0
617.7593412399292,-870.6686207012561,262143.0
617.8595128059387,-870.6686207012561,262143.0
617.9595503807068,-870.6686207012561,262143.0
618.0596489906311,-870.6686207012561,262143.0
618.1596858501434,-870.6686207012561,262143.0
618.2598330974579,-870.6686207012561,262143.0
618.3602364063263,-870.6686207012561,262143.0
618.4600579738617,-870.6686207012561,262143.0
618.5598738193512,-870.6686207012561,262143.0
618.6595323085785,-870.6686207012561,262143.0
618.7601289749146,-870.6686207012561,262143.0
618.860116481781,-870.6686207012561,262143.0
618.9598908424377,-870.6686207012561,262143.0
619.0599756240845,-870.6686207012561,262143.0
619.1602969169617,-870.6686207012561,262143.0
619.25967669487,-870.6686207012561,262143.0
619.3595345020294,-870.6686207012561,262143.0
619.4595944881439,-870.6686207012561,262143.0
619.55956864357,-870.6686207012561,262143.0
619.6595599651337,-870.6686207012561,262143.0
619.7594606876373,-870.6686207012561,262143.0
619.8599469661713,-870.6686207012561,262143.0
619.9596748352051,-870.6686207012561,262143.0
620.0601587295532,-870.6686207012561,262143.0
620.1592707633972,-870.6686207012561,262143.0
620.2593953609467,-870.6686207012561,262143.0
620.359471321106,-870.6686207012561,262143.0
620.4594535827637,-870.6686207012561,262143.0
620.5597853660583,-870.6686207012561,262143.0
620.6594941616058,-870.6686207012561,262143.0
620.7596430778503,-870.6686207012561,262143.0
620.8595926761627,-870.6686207012561,262143.0
620.9594106674194,-870.6686207012561,262143.0
621.059401512146,-870.6686207012561,262143.0
621.1596496105194,-870.6686207012561,262143.0
621.2595105171204,-870.6686207012561,262143.0
621.3594670295715,-870.6686207012561,262143.0
621.4596083164215,-870.6686207012561,262143.0
621.5598096847534,-870.6686207012561,262143.0
621.6595406532288,-870.6686207012561,262143.0
621.7592902183533,-870.6686207012561,262143.0
621.8596165180206,-870.6686207012561,262143.0
621.959508895874,-870.6686207012561,262143.0
622.0592384338379,-870.6686207012561,262143.0
622.159871339798,-870.6686207012561,262143.0
622.2596011161804,-870.6686207012561,262143.0
622.360030412674,-870.6686207012561,262143.0
622.4594190120697,-870.6686207012561,262143.0
622.5595803260803,-870.6686207012561,262143.0
622.659904718399,-870.6686207012561,262143.0
622.7597868442535,-870.6686207012561,262143.0
622.859518289566,-870.6686207012561,262143.0
622.9595828056335,-870.6686207012561,262143.0
623.0597128868103,-870.6686207012561,262143.0
623.1600415706635,-870.6686207012561,262143.0
623.2597370147705,-870.6686207012561,262143.0
623.3600056171417,-870.6686207012561,262143.0
623.4598970413208,-870.6686207012561,262143.0
623.5598249435425,-870.6686207012561,262143.0
623.6595540046692,-870.6686207012561,262143.0
623.7598092556,-870.6686207012561,262143.0
623.8600904941559,-870.6686207012561,262143.0
623.9595572948456,-870.6686207012561,262143.0
624.0601284503937,-870.6686207012561,262143.0
624.1598567962646,-870.6686207012561,262143.0
624.2595438957214,-870.6686207012561,262143.0
624.3592836856842,-870.6686207012561,262143.0
624.4597978591919,-870.6686207012561,262143.0
624.5596368312836,-870.6686207012561,262143.0
624.6596007347107,-870.6686207012561,262143.0
624.7595136165619,-870.6686207012561,262143.0
624.8595247268677,-870.6686207012561,262143.0
624.9599640369415,-870.6686207012561,262143.0
625.0593008995056,-870.6686207012561,262143.0
625.1597726345062,-870.6686207012561,262143.0
625.2596316337585,-870.6686207012561,262143.0
625.3599762916565,-870.6686207012561,262143.0
625.459949016571,-870.6686207012561,262143.0
625.5597476959229,-870.6686207012561,262143.0
625.6595592498779,-870.6686207012561,262143.0
625.759614944458,-870.6686207012561,262143.0
625.8601999282837,-870.6686207012561,262143.0
625.9595129489899,-870.6686207012561,262143.0
626.0595548152924,-870.6686207012561,262143.0
626.1598663330078,-870.6686207012561,262143.0
626.2596094608307,-870.6686207012561,262143.0
626.3598985671997,-870.6686207012561,262143.0
626.4593789577484,-870.6686207012561,262143.0
626.5593991279602,-870.6686207012561,262143.0
626.6595551967621,-870.6686207012561,262143.0
626.7602353096008,-870.6686207012561,262143.0
626.8594048023224,-870.6686207012561,262143.0
626.9599988460541,-870.6686207012561,262143.0
627.0601019859314,-870.6686207012561,262143.0
627.1602659225464,-870.6686207012561,262143.0
627.2594277858734,-870.6686207012561,262143.0
627.3593227863312,-870.6686207012561,262143.0
627.4593179225922,-870.6686207012561,262143.0
627.5603652000427,-870.6686207012561,262143.0
627.6599168777466,-870.6686207012561,262143.0
627.7600402832031,-870.6686207012561,262143.0
627.8601894378662,-870.6686207012561,262143.0
627.9595522880554,-870.6686207012561,262143.0
628.0594248771667,-870.6686207012561,262143.0
628.1593759059906,-870.6686207012561,262143.0
628.259330034256,-870.6686207012561,262143.0
628.3594357967377,-870.6686207012561,262143.0
628.4593727588654,-870.6686207012561,262143.0
628.5602872371674,-870.6686207012561,262143.0
628.6596848964691,-870.6686207012561,262143.0
628.7595102787018,-870.6686207012561,262143.0
628.8592953681946,-870.6686207012561,262143.0
628.9595127105713,-870.6686207012561,262143.0
629.0597965717316,-870.6686207012561,262143.0
629.1598415374756,-870.6686207012561,262143.0
629.2593231201172,-870.6686207012561,262143.0
629.360054731369,-870.6686207012561,262143.0
629.460282087326,-870.6686207012561,262143.0
629.55939245224,-870.6686207012561,262143.0
629.6594605445862,-870.6686207012561,262143.0
629.7593343257904,-870.6686207012561,262143.0
629.8602879047394,-870.6686207012561,262143.0
629.9595229625702,-870.6686207012561,262143.0
630.0594975948334,-870.6686207012561,262143.0
630.159416437149,-870.6686207012561,262143.0
630.2599132061005,-870.6686207012561,262143.0
630.3598651885986,-870.6686207012561,262143.0
630.4600155353546,-870.6686207012561,262143.0
630.5596902370453,-870.6686207012561,262143.0
630.659642457962,-870.6686207012561,262143.0
630.7594275474548,-870.6686207012561,262143.0
630.859837770462,-870.6686207012561,262143.0
630.9596855640411,-870.6686207012561,262143.0
631.0599172115326,-870.6686207012561,262143.0
631.1592440605164,-870.6686207012561,262143.0
631.2599170207977,-870.6686207012561,262143.0
631.3598351478577,-870.6686207012561,262143.0
631.4595544338226,-870.6686207012561,262143.0
631.5593862533569,-870.6686207012561,262143.0
631.6602809429169,-870.6686207012561,262143.0
631.7590844631195,-870.6686207012561,262143.0
631.8599047660828,-870.6686207012561,262143.0
631.9598348140717,-870.6686207012561,262143.0
632.0600917339325,-870.6686207012561,262143.0
632.1595425605774,-870.6686207012561,262143.0
632.2600793838501,-870.6686207012561,262143.0
632.3594534397125,-870.6686207012561,262143.0
632.4599587917328,-870.6686207012561,262143.0
632.5593349933624,-870.6686207012561,262143.0
632.6595799922943,-870.6686207012561,262143.0
632.7599120140076,-870.6686207012561,262143.0
632.860164642334,-870.6686207012561,262143.0
632.9599587917328,-870.6686207012561,262143.0
633.0599646568298,-870.6686207012561,262143.0
633.1592247486115,-870.6686207012561,262143.0
633.2600984573364,-870.6686207012561,262143.0
633.3599138259888,-870.6686207012561,262143.0
633.4601359367371,-870.6686207012561,262143.0
633.5595808029175,-870.6686207012561,262143.0
633.6598711013794,-870.6686207012561,262143.0
633.7600696086884,-870.6686207012561,262143.0
633.8600630760193,-870.6686207012561,262143.0
633.9602246284485,-870.6686207012561,262143.0
634.060042142868,-870.6686207012561,262143.0
634.1599502563477,-870.6686207012561,262143.0
634.2601566314697,-870.6686207012561,262143.0
634.3591642379761,-870.6686207012561,262143.0
634.4593544006348,-870.6686207012561,262143.0
634.5601699352264,-870.6686207012561,262143.0
634.6601946353912,-870.6686207012561,262143.0
634.7592344284058,-870.6686207012561,262143.0
634.859370470047,-870.6686207012561,262143.0
634.9594917297363,-870.6686207012561,262143.0
635.0596964359283,-870.6686207012561,262143.0
635.1592552661896,-870.6686207012561,262143.0
635.2601323127747,-870.6686207012561,262143.0
635.3594245910645,-870.6686207012561,262143.0
635.4592905044556,-870.6686207012561,262143.0
635.559951543808,-870.6686207012561,262143.0
635.6594543457031,-870.6686207012561,262143.0
635.7597539424896,-870.6686207012561,262143.0
635.8590548038483,-870.6686207012561,262143.0
635.9597101211548,-870.6686207012561,262143.0
636.0602464675903,-870.6686207012561,262143.0
636.1600208282471,-870.6686207012561,262143.0
636.2595448493958,-870.6686207012561,262143.0
636.3595886230469,-870.6686207012561,262143.0
636.4593524932861,-870.6686207012561,262143.0
636.5593683719635,-870.6686207012561,262143.0
636.6595568656921,-870.6686207012561,262143.0
636.760039806366,-870.6686207012561,262143.0
636.8595876693726,-870.6686207012561,262143.0
636.9594769477844,-870.6686207012561,262143.0
637.0594108104706,-870.6686207012561,262143.0
637.1595249176025,-870.6686207012561,262143.0
637.2594707012177,-870.6686207012561,262143.0
637.3597314357758,-870.6686207012561,262143.0
637.4594013690948,-870.6686207012561,262143.0
637.5596737861633,-870.6686207012561,262143.0
637.6597080230713,-870.6686207012561,262143.0
637.7597007751465,-870.6686207012561,262143.0
637.8598563671112,-870.6686207012561,262143.0
637.9598591327667,-870.6686207012561,262143.0
638.0601985454559,-870.6686207012561,262143.0
638.1597390174866,-870.6686207012561,262143.0
638.2594907283783,-870.6686207012561,262143.0
638.3593347072601,-870.6686207012561,262143.0
638.4595160484314,-870.6686207012561,262143.0
638.5593876838684,-870.6686207012561,262143.0
638.6593854427338,-870.6686207012561,262143.0
638.7602686882019,-870.6686207012561,262143.0
638.8597085475922,-870.6686207012561,262143.0
638.9598488807678,-870.6686207012561,262143.0
639.059732913971,-870.6686207012561,262143.0
639.1596632003784,-870.6686207012561,262143.0
639.2601068019867,-870.6686207012561,262143.0
639.3600118160248,-870.6686207012561,262143.0
639.4602749347687,-870.6686207012561,262143.0
639.5602962970734,-870.6686207012561,262143.0
639.6594772338867,-870.6686207012561,262143.0
639.7598068714142,-870.6686207012561,262143.0
639.8596489429474,-870.6686207012561,262143.0
639.9600076675415,-870.6686207012561,262143.0
640.0594816207886,-870.6686207012561,262143.0
640.1598207950592,-870.6686207012561,262143.0
640.2597675323486,-870.6686207012561,262143.0
640.3601093292236,-870.6686207012561,262143.0
640.4599702358246,-870.6686207012561,262143.0
640.5599186420441,-870.6686207012561,262143.0
640.6599838733673,-870.6686207012561,262143.0
640.7602171897888,-870.6686207012561,262143.0
640.8600273132324,-870.6686207012561,262143.0
640.9599685668945,-870.6686207012561,262143.0
641.0597999095917,-870.6686207012561,262143.0
641.1597578525543,-870.6686207012561,262143.0
641.2600147724152,-870.6686207012561,262143.0
641.3600993156433,-870.6686207012561,262143.0
641.4597952365875,-870.6686207012561,262143.0
641.5590252876282,-870.6686207012561,262143.0
641.6594631671906,-870.6686207012561,262143.0
641.7600271701813,-870.6686207012561,262143.0
641.8594424724579,-870.6686207012561,262143.0
641.9600915908813,-870.6686207012561,262143.0
642.059770822525,-870.6686207012561,262143.0
642.1601259708405,-870.6686207012561,262143.0
642.2601630687714,-870.6686207012561,262143.0
642.3593337535858,-870.6686207012561,262143.0
642.4601504802704,-870.6686207012561,262143.0
642.5601985454559,-870.6686207012561,262143.0
642.6601777076721,-870.6686207012561,262143.0
642.7601635456085,-870.6686207012561,262143.0
642.8594720363617,-870.6686207012561,262143.0
642.9597446918488,-870.6686207012561,262143.0
643.0599555969238,-870.6686207012561,262143.0
643.1600332260132,-870.6686207012561,262143.0
643.2594039440155,-870.6686207012561,262143.0
643.3602285385132,-870.6686207012561,262143.0
643.4591417312622,-870.6686207012561,262143.0
643.5592799186707,-870.6686207012561,262143.0
643.6601469516754,-870.6686207012561,262143.0
643.7602207660675,-870.6686207012561,262143.0
643.8602566719055,-870.6686207012561,262143.0
643.9594080448151,-870.6686207012561,262143.0
644.0594007968903,-870.6686207012561,262143.0
644.1597890853882,-870.6686207012561,262143.0
644.259699344635,-870.6686207012561,262143.0
644.3593409061432,-870.6686207012561,262143.0
644.4602539539337,-870.6686207012561,262143.0
644.5597598552704,-870.6686207012561,262143.0
644.6598289012909,-870.6686207012561,262143.0
644.7597923278809,-870.6686207012561,262143.0
644.8596589565277,-870.6686207012561,262143.0
644.9598298072815,-870.6686207012561,262143.0
645.0600280761719,-870.6686207012561,262143.0
645.1600606441498,-870.6686207012561,262143.0
645.2601161003113,-870.6686207012561,262143.0
645.3598029613495,-870.6686207012561,262143.0
645.4600284099579,-870.6686207012561,262143.0
645.5602657794952,-870.6686207012561,262143.0
645.6602265834808,-870.6686207012561,262143.0
645.7594163417816,-870.6686207012561,262143.0
645.8599398136139,-870.6686207012561,262143.0
645.9603288173676,-870.6686207012561,262143.0
646.0597999095917,-870.6686207012561,262143.0
646.1597583293915,-870.6686207012561,262143.0
646.2601056098938,-870.6686207012561,262143.0
646.3598337173462,-870.6686207012561,262143.0
646.4601769447327,-870.6686207012561,262143.0
646.5600807666779,-870.6686207012561,262143.0
646.6602854728699,-870.6686207012561,262143.0
646.7602491378784,-870.6686207012561,262143.0
646.8600125312805,-870.6686207012561,262143.0
646.9595425128937,-870.6686207012561,262143.0
647.059547662735,-870.6686207012561,262143.0
647.159814119339,-870.6686207012561,262143.0
647.2598586082458,-870.6686207012561,262143.0
647.3593442440033,-870.6686207012561,262143.0
647.4596722126007,-870.6686207012561,262143.0
647.5598840713501,-870.6686207012561,262143.0
647.6598906517029,-870.6686207012561,262143.0
647.7599196434021,-870.6686207012561,262143.0
647.8597576618195,-870.6686207012561,262143.0
647.9598412513733,-870.6686207012561,262143.0
648.0600719451904,-870.6686207012561,262143.0
648.1597700119019,-870.6686207012561,262143.0
648.2601363658905,-870.6686207012561,262143.0
648.3596913814545,-870.6686207012561,262143.0
648.4599041938782,-870.6686207012561,262143.0
648.5598952770233,-870.6686207012561,262143.0
648.6598031520844,-870.6686207012561,262143.0
648.7598464488983,-870.6686207012561,262143.0
648.8599989414215,-870.6686207012561,262143.0
648.9593479633331,-870.6686207012561,262143.0
649.0596032142639,-870.6686207012561,262143.0
649.1597609519958,-870.6686207012561,262143.0
649.2599854469299,-870.6686207012561,262143.0
649.3600766658783,-870.6686207012561,262143.0
649.4594306945801,-870.6686207012561,262143.0
649.5597841739655,-870.6686207012561,262143.0
649.6598811149597,-870.6686207012561,262143.0
649.7599425315857,-870.6686207012561,262143.0
649.8597612380981,-870.6686207012561,262143.0
649.9598917961121,-870.6686207012561,262143.0
650.0598328113556,-870.6686207012561,262143.0
650.1598989963531,-870.6686207012561,262143.0
650.2598612308502,-870.6686207012561,262143.0
650.359797000885,-870.6686207012561,262143.0
650.4599471092224,-870.6686207012561,262143.0
650.5597438812256,-870.6686207012561,262143.0
650.6598644256592,-870.6686207012561,262143.0
650.7598073482513,-870.6686207012561,262143.0
650.8601355552673,-870.6686207012561,262143.0
650.9598801136017,-870.6686207012561,262143.0
651.0597946643829,-870.6686207012561,262143.0
651.1601762771606,-870.6686207012561,262143.0
651.2601211071014,-870.6686207012561,262143.0
651.3594191074371,-870.6686207012561,262143.0
651.4596791267395,-870.6686207012561,262143.0
651.5597953796387,-870.6686207012561,262143.0
651.6597490310669,-870.6686207012561,262143.0
651.7597613334656,-870.6686207012561,262143.0
651.859943151474,-870.6686207012561,262143.0
651.9602475166321,-870.6686207012561,262143.0
652.0598821640015,-870.6686207012561,262143.0
652.1599991321564,-870.6686207012561,262143.0
652.2597277164459,-870.6686207012561,262143.0
652.3600225448608,-870.6686207012561,262143.0
652.4600121974945,-870.6686207012561,262143.0
652.5599248409271,-870.6686207012561,262143.0
652.6599280834198,-870.6686207012561,262143.0
652.7598571777344,-870.6686207012561,262143.0
652.8601486682892,-870.6686207012561,262143.0
652.9593756198883,-870.6686207012561,262143.0
653.0595660209656,-870.6686207012561,262143.0
653.1597630977631,-870.6686207012561,262143.0
653.2596848011017,-870.6686207012561,262143.0
653.3597872257233,-870.6686207012561,262143.0
653.459713935852,-870.6686207012561,262143.0
653.5597906112671,-870.6686207012561,262143.0
653.6598703861237,-870.6686207012561,262143.0
653.7599136829376,-870.6686207012561,262143.0
653.8597712516785,-870.6686207012561,262143.0
653.95982670784,-870.6686207012561,262143.0
654.0598466396332,-870.6686207012561,262143.0
654.1602580547333,-870.6686207012561,262143.0
654.2601156234741,-870.6686207012561,262143.0
654.3600087165833,-870.6686207012561,262143.0
654.4594480991364,-870.6686207012561,262143.0
654.5599887371063,-870.6686207012561,262143.0
654.6601684093475,-870.6686207012561,262143.0
654.7599203586578,-870.6686207012561,262143.0
654.8600718975067,-870.6686207012561,262143.0
654.9597451686859,-870.6686207012561,262143.0
655.059743642807,-870.6686207012561,262143.0
655.1594669818878,-870.6686207012561,262143.0
655.2597100734711,-870.6686207012561,262143.0
655.3597877025604,-870.6686207012561,262143.0
655.4595291614532,-870.6686207012561,262143.0
655.5595948696136,-870.6686207012561,262143.0
655.6598103046417,-870.6686207012561,262143.0
655.7596471309662,-870.6686207012561,262143.0
655.8596918582916,-870.6686207012561,262143.0
655.9594836235046,-870.6686207012561,262143.0
656.059632062912,-870.6686207012561,262143.0
656.1596915721893,-870.6686207012561,262143.0
656.2594275474548,-870.6686207012561,262143.0
656.360141992569,-870.6686207012561,262143.0
656.4596519470215,-870.6686207012561,262143.0
656.5595366954803,-870.6686207012561,262143.0
656.6597204208374,-870.6686207012561,262143.0
656.7593522071838,-870.6686207012561,262143.0
656.8596692085266,-870.6686207012561,262143.0
656.9597885608673,-870.6686207012561,262143.0
657.0597321987152,-870.6686207012561,262143.0
657.1598947048187,-870.6686207012561,262143.0
657.2598028182983,-870.6686207012561,262143.0
657.3596494197845,-870.6686207012561,262143.0
657.4596366882324,-870.6686207012561,262143.0
657.5597054958344,-870.6686207012561,262143.0
657.6596922874451,-870.6686207012561,262143.0
657.7596433162689,-870.6686207012561,262143.0
657.8596804141998,-870.6686207012561,262143.0
657.9596605300903,-870.6686207012561,262143.0
658.0597081184387,-870.6686207012561,262143.0
658.1600358486176,-870.6686207012561,262143.0
658.2598507404327,-870.6686207012561,262143.0
658.3598096370697,-870.6686207012561,262143.0
658.4596810340881,-870.6686207012561,262143.0
658.5594141483307,-870.6686207012561,262143.0
658.6596126556396,-870.6686207012561,262143.0
658.7595131397247,-870.6686207012561,262143.0
658.8593871593475,-870.6686207012561,262143.0
658.9597063064575,-870.6686207012561,262143.0
659.0595734119415,-870.6686207012561,262143.0
659.1596298217773,-870.6686207012561,262143.0
659.2596712112427,-870.6686207012561,262143.0
659.3596112728119,-870.6686207012561,262143.0
659.4595103263855,-870.6686207012561,262143.0
659.5594868659973,-870.6686207012561,262143.0
659.6594834327698,-870.6686207012561,262143.0
659.760192155838,-870.6686207012561,262143.0
659.859904050827,-870.6686207012561,262143.0
659.9597609043121,-870.6686207012561,262143.0
660.059677362442,-870.6686207012561,262143.0
660.1594250202179,-870.6686207012561,262143.0
660.259379863739,-870.6686207012561,262143.0
660.3602950572968,-870.6686207012561,262143.0
660.4598054885864,-870.6686207012561,262143.0
660.5595784187317,-870.6686207012561,262143.0
660.659277677536,-870.6686207012561,262143.0
660.7597637176514,-870.6686207012561,249131.6
660.8597469329834,-870.6686207012561,237420.74
660.9603416919708,-870.6686207012561,226881.066
661.0600159168243,-870.6686207012561,217398.1594
661.1603317260742,-870.6686207012561,208861.14346
661.2600662708282,-870.6686207012561,201177.529114
661.3598506450653,-870.6686207012561,194264.7762026
661.4600038528442,-870.6686207012561,188043.89858234
661.5595972537994,-870.6686207012561,182444.60872410602
661.6601266860962,-870.6686207012561,177404.04785169542
661.7595958709717,-870.6686207012561,172868.44306652586
661.8593246936798,-870.6686207012561,168786.19875987328
661.9601652622223,-870.6686207012561,165104.97888388595
662.0600004196167,-870.6686207012561,161789.08099549738
662.1594099998474,-870.6686207012561,158805.17289594765
662.2601699829102,-870.6686207012561,156125.7556063529
662.3597404956818,-870.6686207012561,153715.68004571763
662.4599411487579,-870.6686207012561,151547.11204114588
662.5603375434875,-870.6686207012561,149596.2008370313
662.6600708961487,-870.6686207012561,147832.38075332815
662.7596476078033,-870.6686207012561,146247.54267799534
662.8595855236053,-870.6686207012561,144823.78841019582
662.9599578380585,-870.6686207012561,143544.20956917622
663.0592827796936,-870.6686207012561,142393.0886122586
663.1598837375641,-870.6686207012561,141356.57975103275
663.2594323158264,-870.6686207012561,140423.1217759295
663.3601534366608,-870.6686207012561,139584.40959833656
663.4597129821777,-870.6686207012561,138830.4686385029
663.56014585495,-870.6686207012561,138152.12177465262
663.6600947380066,-870.6686207012561,137539.80959718736
663.7595062255859,-870.6686207012561,136984.92863746863
663.8593664169312,-870.6686207012561,136487.5357737218
663.9596025943756,-870.6686207012561,136044.0821963496
664.0594303607941,-870.6686207012561,135643.77397671464
664.1595060825348,-870.6686207012561,135282.89657904318
664.2603421211243,-870.6686207012561,134955.30692113886
664.3600571155548,-870.6686207012561,134659.17622902498
664.4598116874695,-870.6686207012561,134393.05860612247
664.5598106384277,-870.6686207012561,134153.35274551023
664.6595509052277,-870.6686207012561,133939.1174709592
664.7596347332001,-870.6686207012561,133744.40572386328
664.860244512558,-870.6686207012561,133569.16515147695
664.95964884758,-870.6686207012561,133412.74863632926
665.059549331665,-870.6686207012561,133271.77377269632
665.1594817638397,-870.6686207012561,133144.6963954267
665.2603154182434,-870.6686207012561,133031.726755884
665.3602812290192,-870.6686207012561,132929.25408029562
665.4594542980194,-870.6686207012561,132838.42867226605
665.5603203773499,-870.6686207012561,132755.68580503945
665.6602628231049,-870.6686207012561,132680.41722453551
665.7601048946381,-870.6686207012561,132613.07550208198
665.8599057197571,-870.6686207012561,132550.86795187378
665.9597623348236,-870.6686207012561,132495.7811566864
666.0595335960388,-870.6686207012561,132445.10304101775
666.1595323085785,-870.6686207012561,132400.09273691598
666.260339975357,-870.6686207012561,132359.98346322437
666.3593909740448,-870.6686207012561,132324.58511690193
666.459484577179,-870.6686207012561,132293.62660521176
666.5603358745575,-870.6686207012561,132265.56394469057
666.6602857112885,-870.6686207012561,132239.50755022152
666.7602157592773,-870.6686207012561,132216.75679519938
666.8594954013824,-870.6686207012561,132195.98111567946
666.9595847129822,-870.6686207012561,132176.68300411152
667.0599298477173,-870.6686207012561,132159.71470370036
667.1598870754242,-870.6686207012561,132146.44323333033
667.2599008083344,-870.6686207012561,132133.79890999728
667.3599102497101,-870.6686207012561,132121.81901899754
667.4599027633667,-870.6686207012561,132110.93711709778
667.5598857402802,-870.6686207012561,132102.04340538802
667.659871339798,-870.6686207012561,132093.43906484923
667.7598135471344,-870.6686207012561,132086.8951583643
667.8598606586456,-870.6686207012561,132080.10564252787
667.9598863124847,-870.6686207012561,132073.4950782751
668.0599484443665,-870.6686207012561,132068.2455704476
668.160258769989,-870.6686207012561,132061.4210134028
668.2601158618927,-870.6686207012561,132055.37891206253
668.359662771225,-870.6686207012561,132049.3410208563
668.4598660469055,-870.6686207012561,132044.30691877066
668.5602009296417,-870.6686207012561,132041.4762268936
668.6603558063507,-870.6686207012561,132038.52860420424
668.7594037055969,-870.6686207012561,132035.37574378384
668.8596034049988,-870.6686207012561,132033.33816940547
668.9598784446716,-870.6686207012561,132031.40435246492
669.06005692482,-870.6686207012561,132030.06391721842
669.1600916385651,-870.6686207012561,132027.35752549657
669.2601838111877,-870.6686207012561,132028.2217729469
669.3594760894775,-870.6686207012561,132027.59959565222
669.460088968277,-870.6686207012561,132026.239636087
669.5602223873138,-870.6686207012561,132025.1156724783
669.6594433784485,-870.6686207012561,132024.3041052305
669.7595381736755,-870.6686207012561,132023.57369470745
669.8602516651154,-870.6686207012561,132023.0163252367
669.959451675415,-870.6686207012561,132022.81469271303
670.0595133304596,-870.6686207012561,132021.23322344173
670.1597907543182,-870.6686207012561,132021.00990109757
670.2600469589233,-870.6686207012561,132020.60891098782
670.3600063323975,-870.6686207012561,132019.84801988903
670.4603922367096,-870.6686207012561,132019.86321790013
670.5593819618225,-870.6686207012561,132019.4768961101
670.6596553325653,-870.6686207012561,132019.3292064991
670.7599527835846,-870.6686207012561,132018.3962858492
670.8600358963013,-870.6686207012561,132016.15665726428
670.9596011638641,-870.6686207012561,132015.44099153785
671.060179233551,-870.6686207012561,132015.99689238408
671.1594257354736,-870.6686207012561,132016.09720314568
671.2594928741455,-870.6686207012561,132015.7874828311
671.3596456050873,-870.6686207012561,132014.408734548
671.4599385261536,-870.6686207012561,132015.7678610932
671.5603234767914,-870.6686207012561,132015.59107498388
671.6595180034637,-870.6686207012561,132016.3319674855
671.7595348358154,-870.6686207012561,132015.59877073695
671.8602774143219,-870.6686207012561,132016.23889366325
671.9603981971741,-870.6686207012561,132017.11500429694
672.0597629547119,-870.6686207012561,132018.70350386723
672.1593170166016,-870.6686207012561,132018.43315348052
672.2602934837341,-870.6686207012561,132018.9898381325
672.3595547676086,-870.6686207012561,132019.59085431925
672.4599001407623,-870.6686207012561,132019.33176888732
672.559398651123,-870.6686207012561,132020.19859199857
672.6596140861511,-870.6686207012561,132021.27873279873
672.7600870132446,-870.6686207012561,132020.75085951886
672.8596110343933,-870.6686207012561,132020.87577356698
672.959639787674,-870.6686207012561,132021.08819621027
673.0596179962158,-870.6686207012561,132020.77937658926
673.15975522995,-870.6686207012561,132021.30143893033
673.2596619129181,-870.6686207012561,132022.2712950373
673.3594071865082,-870.6686207012561,132022.84416553358
673.459666967392,-870.6686207012561,132023.05974898022
673.5597169399261,-870.6686207012561,132023.6537740822
673.6599352359772,-870.6686207012561,132024.58839667396
673.7594876289368,-870.6686207012561,132024.82955700657
673.859405040741,-870.6686207012561,132024.8466013059
673.9595992565155,-870.6686207012561,132024.66194117532
674.0595715045929,-870.6686207012561,132026.3957470578
674.1603374481201,-870.6686207012561,132025.356172352
674.259663105011,-870.6686207012561,132026.3205551168
674.3594379425049,-870.6686207012561,132026.6884996051
674.460186958313,-870.6686207012561,132025.9196496446
674.5599663257599,-870.6686207012561,132026.12768468013
674.6601846218109,-870.6686207012561,132026.91491621212
674.7597136497498,-870.6686207012561,132028.0234245909
674.8603296279907,-870.6686207012561,132027.72108213181
674.9594204425812,-870.6686207012561,132028.94897391862
675.0600180625916,-870.6686207012561,132030.45407652677
675.15966629982,-870.6686207012561,132031.70866887408
675.2593569755554,-870.6686207012561,132030.33780198666
675.3601696491241,-870.6686207012561,132030.604021788
675.4595701694489,-870.6686207012561,132032.0436196092
675.5602221488953,-870.6686207012561,132032.33925764827
675.6603109836578,-870.6686207012561,132032.30533188346
675.7596814632416,-870.6686207012561,132031.47479869513
675.8601181507111,-870.6686207012561,132030.8273188256
675.9594483375549,-870.6686207012561,132031.44458694305
676.0599262714386,-870.6686207012561,132032.10012824874
676.1594848632812,-870.6686207012561,132032.79011542388
676.2600018978119,-870.6686207012561,132033.2111038815
676.3603093624115,-870.6686207012561,132032.68999349335
676.4594814777374,-870.6686207012561,132032.320994144
676.5594980716705,-870.6686207012561,132032.08889472962
676.6599073410034,-870.6686207012561,132033.18000525667
676.7594850063324,-870.6686207012561,132033.662004731
676.860151052475,-870.6686207012561,132032.89580425792
676.9596765041351,-870.6686207012561,132033.00622383214
677.0602097511292,-870.6686207012561,132034.80560144893
677.1603388786316,-870.6686207012561,132037.22504130405
677.260130405426,-870.6686207012561,132037.60253717363
677.3596615791321,-870.6686207012561,132037.54228345628
677.4599394798279,-870.6686207012561,132038.08805511065
677.5602715015411,-870.6686207012561,132037.8792495996
677.6602811813354,-870.6686207012561,132037.99132463965
677.7596387863159,-870.6686207012561,132037.09219217568
677.8600468635559,-870.6686207012561,132036.2829729581
677.9603209495544,-870.6686207012561,132036.4546756623
678.0595514774323,-870.6686207012561,132036.2092080961
678.159600019455,-870.6686207012561,132037.08828728646
678.2603659629822,-870.6686207012561,132036.3794585578
678.3601331710815,-870.6686207012561,132037.24151270202
678.4595937728882,-870.6686207012561,132036.4173614318
678.5603568553925,-870.6686207012561,132037.07562528862
678.6597695350647,-870.6686207012561,132037.86806275975
678.7595090866089,-870.6686207012561,132036.9812564838
678.8601257801056,-870.6686207012561,132037.28313083542
678.9594733715057,-870.6686207012561,132037.85481775188
679.0599591732025,-870.6686207012561,132036.4693359767
679.159574508667,-870.6686207012561,132036.72240237903
679.2602579593658,-870.6686207012561,132036.15016214113
679.3596215248108,-870.6686207012561,132036.73514592703
679.4594104290009,-870.6686207012561,132036.36163133432
679.5599822998047,-870.6686207012561,132037.3254682009
679.6597459316254,-870.6686207012561,132036.99292138082
679.760062456131,-870.6686207012561,132036.89362924275
679.859522819519,-870.6686207012561,132037.30426631848
679.9601562023163,-870.6686207012561,132037.17383968664
680.0603284835815,-870.6686207012561,132037.55645571798
680.1601474285126,-870.6686207012561,132037.0008101462
680.2598268985748,-870.6686207012561,132036.80072913156
680.3593747615814,-870.6686207012561,132036.9206562184
680.4600477218628,-870.6686207012561,132035.42859059657
680.5598061084747,-870.6686207012561,132035.5857315369
680.6595861911774,-870.6686207012561,132034.12715838323
680.7594938278198,-870.6686207012561,132033.1144425449
680.8598058223724,-870.6686207012561,132031.9029982904
680.9599726200104,-870.6686207012561,132032.11269846137
681.059497833252,-870.6686207012561,132032.70142861523
681.160178899765,-870.6686207012561,132034.9312857537
681.2600853443146,-870.6686207012561,132035.63815717833
681.3603937625885,-870.6686207012561,132036.1743414605
681.4602177143097,-870.6686207012561,132035.85690731445
681.5599203109741,-870.6686207012561,132035.871216583
681.6595196723938,-870.6686207012561,132037.2840949247
681.759884595871,-870.6686207012561,132038.25568543223
681.8600752353668,-870.6686207012561,132038.330116889
681.9599280357361,-870.6686207012561,132037.0971052001
682.0600354671478,-870.6686207012561,132037.4873946801
682.1599197387695,-870.6686207012561,132036.83865521208
682.2596259117126,-870.6686207012561,132037.85478969087
682.3598952293396,-870.6686207012561,132038.06931072177
682.4598717689514,-870.6686207012561,132038.56237964958
682.5597021579742,-870.6686207012561,132039.50614168463
682.6597285270691,-870.6686207012561,132039.55552751618
682.7595002651215,-870.6686207012561,132039.49997476456
682.8601117134094,-870.6686207012561,132040.4499772881
682.9601352214813,-870.6686207012561,132040.9049795593
683.0602643489838,-870.6686207012561,132039.21448160338
683.1603009700775,-870.6686207012561,132038.09303344303
683.2604186534882,-870.6686207012561,132037.78373009874
683.3599984645844,-870.6686207012561,132038.00535708887
683.4597899913788,-870.6686207012561,132037.80482137998
683.5597400665283,-870.6686207012561,132037.424339242
683.6602299213409,-870.6686207012561,132037.2819053178
683.7597289085388,-870.6686207012561,132035.75371478603
683.8594152927399,-870.6686207012561,132036.07834330742
683.959410905838,-870.6686207012561,132035.47050897666
684.0598042011261,-870.6686207012561,132035.923458079
684.1599628925323,-870.6686207012561,132036.4311122711
684.2597970962524,-870.6686207012561,132036.888001044
684.3594863414764,-870.6686207012561,132036.59920093958
684.4595308303833,-870.6686207012561,132037.93928084563
684.5601534843445,-870.6686207012561,132038.44535276107
684.65962266922,-870.6686207012561,132039.90081748497
684.7597696781158,-870.6686207012561,132040.5107357365
684.8599891662598,-870.6686207012561,132039.95966216284
684.9596519470215,-870.6686207012561,132039.26369594655
685.0597772598267,-870.6686207012561,132038.6373263519
685.1596398353577,-870.6686207012561,132038.4735937167
685.2595493793488,-870.6686207012561,132038.22623434506
685.3602375984192,-870.6686207012561,132037.60361091056
685.4595327377319,-870.6686207012561,132037.54324981952
685.5596857070923,-870.6686207012561,132036.78892483757
685.6598665714264,-870.6686207012561,132036.81003235382
685.7595219612122,-870.6686207012561,132036.82902911844
685.860137462616,-870.6686207012561,132037.5461262066
685.9596848487854,-870.6686207012561,132037.39151358596
686.0595967769623,-870.6686207012561,132037.25236222736
686.1601550579071,-870.6686207012561,132037.72712600464
686.2596051692963,-870.6686207012561,132037.05441340417
686.3594903945923,-870.6686207012561,132036.34897206374
686.4594073295593,-870.6686207012561,132035.81407485736
686.5602762699127,-870.6686207012561,132036.13266737162
686.6598308086395,-870.6686207012561,132037.11940063446
686.7599277496338,-870.6686207012561,132038.10746057102
686.8600101470947,-870.6686207012561,132037.99671451392
686.9599063396454,-870.6686207012561,132038.19704306254
687.0592942237854,-870.6686207012561,132038.37733875628
687.1599671840668,-870.6686207012561,132038.73960488065
687.2599942684174,-870.6686207012561,132038.26564439258
687.3596384525299,-870.6686207012561,132039.53907995333
687.4599132537842,-870.6686207012561,132039.48517195802
687.5599548816681,-870.6686207012561,132038.73665476224
687.6599128246307,-870.6686207012561,132040.06298928603
687.7599339485168,-870.6686207012561,132039.75669035743
687.8597249984741,-870.6686207012561,132038.9810213217
687.9602065086365,-870.6686207012561,132038.78291918954
688.0593609809875,-870.6686207012561,132040.4046272706
688.1597456932068,-870.6686207012561,132040.06416454352
688.2597997188568,-870.6686207012561,132040.15774808917
688.3601422309875,-870.6686207012561,132040.24197328027
688.4597265720367,-870.6686207012561,132040.31777595225
688.5596063137054,-870.6686207012561,132041.18599835702
688.6599199771881,-870.6686207012561,132040.96739852132
688.7599701881409,-870.6686207012561,132039.9706586692
688.860109090805,-870.6686207012561,132039.37359280227
688.9600458145142,-870.6686207012561,132039.93623352202
689.0602571964264,-870.6686207012561,132039.04261016982
689.1602275371552,-870.6686207012561,132040.53834915283
689.260027885437,-870.6686207012561,132039.78451423754
689.3597288131714,-870.6686207012561,132039.9060628138
689.4594156742096,-870.6686207012561,132040.2154565324
689.559427022934,-870.6686207012561,132040.89391087918
689.6599900722504,-870.6686207012561,132040.40451979128
689.7595629692078,-870.6686207012561,132040.36406781216
689.8594079017639,-870.6686207012561,132039.62766103094
689.9596276283264,-870.6686207012561,132040.16489492785
690.059407711029,-870.6686207012561,132040.34840543507
690.15953373909,-870.6686207012561,132040.61356489157
690.2596628665924,-870.6686207012561,132041.2522084024
690.3599252700806,-870.6686207012561,132041.12698756217
690.4594898223877,-870.6686207012561,132040.81428880594
690.5602729320526,-870.6686207012561,132041.13285992536
690.6598463058472,-870.6686207012561,132040.51957393283
690.7594876289368,-870.6686207012561,132040.66761653955
690.8596487045288,-870.6686207012561,132040.40085488558
690.9594945907593,-870.6686207012561,132038.76076939702
691.0597505569458,-870.6686207012561,132039.18469245732
691.1597385406494,-870.6686207012561,132038.7662232116
691.2594730854034,-870.6686207012561,132038.98960089043
691.3603405952454,-870.6686207012561,132039.0906408014
691.4596261978149,-870.6686207012561,132039.28157672126
691.5597302913666,-870.6686207012561,132039.55341904913
691.6603286266327,-870.6686207012561,132039.09807714424
691.7600815296173,-870.6686207012561,132039.58826942983
691.8600306510925,-870.6686207012561,132039.92944248684
691.9595673084259,-870.6686207012561,132039.73649823817
692.059504032135,-870.6686207012561,132038.96284841435
692.1596417427063,-870.6686207012561,132037.8665635729
692.2599182128906,-870.6686207012561,132037.9799072156
692.3594262599945,-870.6686207012561,132038.08191649403
692.4603772163391,-870.6686207012561,132037.17372484464
692.5598459243774,-870.6686207012561,132036.3563523602
692.6599349975586,-870.6686207012561,132036.9207171242
692.7600090503693,-870.6686207012561,132038.82864541176
692.8598024845123,-870.6686207012561,132039.24578087058
692.9597973823547,-870.6686207012561,132039.82120278353
693.0599584579468,-870.6686207012561,132038.83908250518
693.1595997810364,-870.6686207012561,132039.65517425467
693.2599530220032,-870.6686207012561,132039.3896568292
693.3597228527069,-870.6686207012561,132039.2506911463
693.4597153663635,-870.6686207012561,132039.62562203166
693.559446811676,-870.6686207012561,132038.3630598285
693.6598217487335,-870.6686207012561,132039.72675384567
693.7593743801117,-870.6686207012561,132039.5540784611
693.8594732284546,-870.6686207012561,132039.798670615
693.9594995975494,-870.6686207012561,132039.9188035535
694.0595433712006,-870.6686207012561,132040.22692319815
694.1596276760101,-870.6686207012561,132039.10423087835
694.260279417038,-870.6686207012561,132038.9938077905
694.3596568107605,-870.6686207012561,132040.19442701145
694.4598715305328,-870.6686207012561,132039.4749843103
694.5597145557404,-870.6686207012561,132039.32748587927
694.6596686840057,-870.6686207012561,132039.29473729135
694.7604033946991,-870.6686207012561,132039.7652635622
694.8603167533875,-870.6686207012561,132038.988737206
694.9601736068726,-870.6686207012561,132039.98986348542
695.0596952438354,-870.6686207012561,132041.49087713688
695.1603116989136,-870.6686207012561,132041.8417894232
695.2601163387299,-870.6686207012561,132042.8576104809
695.3593833446503,-870.6686207012561,132043.8718494328
695.4599924087524,-870.6686207012561,132044.68466448953
695.559898853302,-870.6686207012561,132046.21619804058
695.6602559089661,-870.6686207012561,132045.99457823654
695.7599461078644,-870.6686207012561,132046.39512041287
695.8598284721375,-870.6686207012561,132047.0556083716
695.9596652984619,-870.6686207012561,132046.85004753445
696.0597012042999,-870.6686207012561,132048.065042781
696.1597557067871,-870.6686207012561,132048.85853850291
696.2599828243256,-870.6686207012561,132048.17268465264
696.3596861362457,-870.6686207012561,132048.45541618738
696.4597132205963,-870.6686207012561,132049.30987456866
696.5599372386932,-870.6686207012561,132048.0788871118
696.6597235202789,-870.6686207012561,132048.07099840062
696.7595264911652,-870.6686207012561,132048.06389856056
696.859555721283,-870.6686207012561,132048.15750870452
696.9602575302124,-870.6686207012561,132047.74175783407
697.0596258640289,-870.6686207012561,132048.26758205067
697.1599931716919,-870.6686207012561,132047.34082384562
697.2597572803497,-870.6686207012561,132046.90674146105
697.3601479530334,-870.6686207012561,132047.21606731496
697.4594264030457,-870.6686207012561,132047.4944605835
697.5596137046814,-870.6686207012561,132047.44501452515
697.6595923900604,-870.6686207012561,132047.30051307264
697.7603347301483,-870.6686207012561,132046.9704617654
697.8603150844574,-870.6686207012561,132047.17341558886
697.9597382545471,-870.6686207012561,132047.75607402998
698.0600514411926,-870.6686207012561,132048.78046662698
698.1597580909729,-870.6686207012561,132048.6024199643
698.2596869468689,-870.6686207012561,132048.14217796788
698.359762430191,-870.6686207012561,132048.7279601711
698.4599313735962,-870.6686207012561,132049.65516415398
698.5596394538879,-870.6686207012561,132049.2896477386
698.6598608493805,-870.6686207012561,132049.06068296474
698.7603330612183,-870.6686207012561,132047.65461466828
698.8599729537964,-870.6686207012561,132047.18915320144
698.9596626758575,-870.6686207012561,132046.8702378813
699.0602986812592,-870.6686207012561,132045.68321409315
699.1596615314484,-870.6686207012561,132045.01489268383
699.259667634964,-870.6686207012561,132046.11340341545
699.3597912788391,-870.6686207012561,132046.9020630739
699.4593544006348,-870.6686207012561,132048.0118567665
699.5595922470093,-870.6686207012561,132048.71067108985
699.6597106456757,-870.6686207012561,132048.53960398087
699.7602255344391,-870.6686207012561,132048.28564358279
699.8595702648163,-870.6686207012561,132048.2570792245
699.9595875740051,-870.6686207012561,132047.63137130206
700.0601468086243,-870.6686207012561,132047.66823417187
700.1597917079926,-870.6686207012561,132047.5014107547
700.2598321437836,-870.6686207012561,132047.0512696792
700.3596425056458,-870.6686207012561,132046.7461427113
700.4596567153931,-870.6686207012561,132045.57152844017
700.5596868991852,-870.6686207012561,132046.21437559614
700.6597146987915,-870.6686207012561,132046.59293803654
700.7602112293243,-870.6686207012561,132046.1336442329
700.8597223758698,-870.6686207012561,132045.82027980962
700.9599087238312,-870.6686207012561,132044.93825182866
701.0598978996277,-870.6686207012561,132045.6444266458
701.1598210334778,-870.6686207012561,132045.27998398122
701.2596817016602,-870.6686207012561,132045.5519855831
701.3595752716064,-870.6686207012561,132044.8967870248
701.4597945213318,-870.6686207012561,132044.60710832232
701.5594673156738,-870.6686207012561,132044.4463974901
701.659425497055,-870.6686207012561,132043.90175774109
701.7603352069855,-870.6686207012561,132043.41158196697
701.859655380249,-870.6686207012561,132043.77042377027
701.959413766861,-870.6686207012561,132044.69338139324
702.0596730709076,-870.6686207012561,132044.62404325392
702.1600542068481,-870.6686207012561,132044.46163892854
702.2598690986633,-870.6686207012561,132044.4154750357
702.3594088554382,-870.6686207012561,132045.47392753215
702.4595606327057,-870.6686207012561,132044.92653477893
702.5600588321686,-870.6686207012561,132044.33388130105
702.6596043109894,-870.6686207012561,132043.90049317095
702.7599549293518,-870.6686207012561,132044.21044385387
702.859726190567,-870.6686207012561,132043.4893994685
702.959538936615,-870.6686207012561,132042.84045952166
703.0596952438354,-870.6686207012561,132043.45641356948
703.1601898670197,-870.6686207012561,132043.31077221254
703.2596781253815,-870.6686207012561,132042.97969499129
703.3596675395966,-870.6686207012561,132043.98172549217
703.459573507309,-870.6686207012561,132044.78355294294
703.5603272914886,-870.6686207012561,132045.50519764866
703.6595795154572,-870.6686207012561,132046.4546778838
703.7601199150085,-870.6686207012561,132047.00921009542
703.8596384525299,-870.6686207012561,132047.30828908586
703.9602673053741,-870.6686207012561,132047.4774601773
704.0595550537109,-870.6686207012561,132047.02971415955
704.1602985858917,-870.6686207012561,132047.6267427436
704.259693145752,-870.6686207012561,132048.26406846923
704.3593442440033,-870.6686207012561,132048.9376616223
704.4594485759735,-870.6686207012561,132050.54389546008
704.5601868629456,-870.6686207012561,132050.2895059141
704.6595423221588,-870.6686207012561,132050.46055532267
704.760101556778,-870.6686207012561,132051.4144997904
704.8595530986786,-870.6686207012561,132052.57304981136
704.9597141742706,-870.6686207012561,132053.21574483023
705.0601859092712,-870.6686207012561,132053.29417034722
705.1595048904419,-870.6686207012561,132052.5647533125
705.2600598335266,-870.6686207012561,132051.70827798126
705.359536409378,-870.6686207012561,132051.03745018312
705.4601736068726,-870.6686207012561,132050.63370516483
705.5594937801361,-870.6686207012561,132049.97033464836
705.6602158546448,-870.6686207012561,132049.67330118353
705.7595527172089,-870.6686207012561,132049.8059710652
705.8603293895721,-870.6686207012561,132049.32537395868
705.9595620632172,-870.6686207012561,132049.29283656282
706.0603153705597,-870.6686207012561,132049.36355290655
706.1595158576965,-870.6686207012561,132049.2271976159
706.2594561576843,-870.6686207012561,132050.00447785432
706.3601584434509,-870.6686207012561,132049.9040300689
706.4594802856445,-870.6686207012561,132051.113627062
706.560224533081,-870.6686207012561,132050.9022643558
706.6603820323944,-870.6686207012561,132049.81203792023
706.7597279548645,-870.6686207012561,132049.5308341282
706.8595750331879,-870.6686207012561,132048.57775071537
706.9594459533691,-870.6686207012561,132049.11997564384
707.0593845844269,-870.6686207012561,132049.90797807946
707.1601729393005,-870.6686207012561,132049.1171802715
707.2594568729401,-870.6686207012561,132049.80546224437
707.3593535423279,-870.6686207012561,132050.52491601993
707.4597568511963,-870.6686207012561,132050.37242441793
707.5595796108246,-870.6686207012561,132050.33518197614
707.6602110862732,-870.6686207012561,132050.20166377854
707.7593786716461,-870.6686207012561,132049.7814974007
707.8599712848663,-870.6686207012561,132050.20334766063
707.9602248668671,-870.6686207012561,132050.6830128946
708.0597636699677,-870.6686207012561,132050.01471160512
708.1595919132233,-870.6686207012561,132050.01324044462
708.2601597309113,-870.6686207012561,132050.31191640015
708.3596351146698,-870.6686207012561,132051.18072476014
708.4593839645386,-870.6686207012561,132050.76265228415
708.5599675178528,-870.6686207012561,132051.18638705573
708.6603364944458,-870.6686207012561,132052.06774835015
708.759959936142,-870.6686207012561,132052.26097351513
708.8602924346924,-870.6686207012561,132052.03487616364
708.9594159126282,-870.6686207012561,132052.13138854728
709.0596122741699,-870.6686207012561,132052.41824969254
709.1597385406494,-870.6686207012561,132052.87642472328
709.2602937221527,-870.6686207012561,132052.58878225094
709.359986782074,-870.6686207012561,132053.22990402585
709.4603691101074,-870.6686207012561,132052.90691362327
709.5603222846985,-870.6686207012561,132051.91622226094
709.6598663330078,-870.6686207012561,132051.62460003485
709.7600123882294,-870.6686207012561,132051.86214003136
709.8602294921875,-870.6686207012561,132051.97592602822
709.9602081775665,-870.6686207012561,132052.5783334254
710.0601525306702,-870.6686207012561,132052.22050008285
710.1601476669312,-870.6686207012561,132050.59845007458
710.2600200176239,-870.6686207012561,132051.3386050671
710.3602705001831,-870.6686207012561,132051.3047445604
710.459844827652,-870.6686207012561,132051.87427010437
710.5602645874023,-870.6686207012561,132050.78684309393
710.6594047546387,-870.6686207012561,132050.40815878453
710.7602264881134,-870.6686207012561,132049.86734290607
710.8594079017639,-870.6686207012561,132049.58060861548
710.9600636959076,-870.6686207012561,132050.32254775392
711.0602796077728,-870.6686207012561,132050.59029297854
711.1593906879425,-870.6686207012561,132050.0312636807
711.2601521015167,-870.6686207012561,132049.8281373126
711.3602380752563,-870.6686207012561,132049.54532358135
711.4593524932861,-870.6686207012561,132049.29079122323
711.5602076053619,-870.6686207012561,132049.6617121009
711.6595602035522,-870.6686207012561,132050.6955408908
711.7602252960205,-870.6686207012561,132053.12598680172
711.859534740448,-870.6686207012561,132053.01338812156
711.9599781036377,-870.6686207012561,132054.11204930942
712.060004234314,-870.6686207012561,132055.1008443785
712.160383939743,-870.6686207012561,132056.09075994065
712.2595248222351,-870.6686207012561,132055.6816839466
712.359620809555,-870.6686207012561,132054.11351555196
712.4602212905884,-870.6686207012561,132053.30216399676
712.5595247745514,-870.6686207012561,132053.1719475971
712.660058259964,-870.6686207012561,132053.0547528374
712.7603549957275,-870.6686207012561,132052.44927755368
712.8600702285767,-870.6686207012561,132052.8043497983
712.9593472480774,-870.6686207012561,132052.52391481848
713.0599510669708,-870.6686207012561,132051.17152333664
713.1601073741913,-870.6686207012561,132050.55437100297
713.259975194931,-870.6686207012561,132049.6989339027
713.3596258163452,-870.6686207012561,132049.12904051243
713.4600613117218,-870.6686207012561,132047.9161364612
713.5603241920471,-870.6686207012561,132047.02452281507
713.6593387126923,-870.6686207012561,132046.82207053358
713.7597875595093,-870.6686207012561,132047.03986348023
713.8602252006531,-870.6686207012561,132047.5358771322
713.9595868587494,-870.6686207012561,132048.182289419
714.060135602951,-870.6686207012561,132049.36406047712
714.1599032878876,-870.6686207012561,132050.1276544294
714.2598316669464,-870.6686207012561,132049.91488898647
714.3601186275482,-870.6686207012561,132049.32340008783
714.4593739509583,-870.6686207012561,132049.49106007905
714.5599408149719,-870.6686207012561,132050.34195407113
714.6594259738922,-870.6686207012561,132049.807758664
714.7601053714752,-870.6686207012561,132049.32698279762
714.8593535423279,-870.6686207012561,132049.49428451786
714.9596545696259,-870.6686207012561,132049.84485606608
715.0600533485413,-870.6686207012561,132050.86037045947
715.1595547199249,-870.6686207012561,132050.87433341352
715.2601244449615,-870.6686207012561,132050.48690007217
715.359631061554,-870.6686207012561,132049.33821006495
715.4602365493774,-870.6686207012561,132049.00438905845
715.5594408512115,-870.6686207012561,132049.1039501526
715.6599349975586,-870.6686207012561,132047.89355513736
715.7595138549805,-870.6686207012561,132048.80419962364
715.860221862793,-870.6686207012561,132048.8237796613
715.9593503475189,-870.6686207012561,132048.74140169515
716.0599782466888,-870.6686207012561,132048.36726152565
716.1594302654266,-870.6686207012561,132048.3305353731
716.259880065918,-870.6686207012561,132047.99748183577
716.3594493865967,-870.6686207012561,132048.1977336522
716.4601109027863,-870.6686207012561,132048.577960287
716.5596606731415,-870.6686207012561,132048.2201642583
716.6601610183716,-870.6686207012561,132049.09814783247
716.7596573829651,-870.6686207012561,132048.78833304922
716.8602185249329,-870.6686207012561,132049.1094997443
716.9600224494934,-870.6686207012561,132049.4985497699
717.0594367980957,-870.6686207012561,132050.2486947929
717.160210609436,-870.6686207012561,132050.62382531364
717.2594304084778,-870.6686207012561,132050.16144278226
717.3599426746368,-870.6686207012561,132049.74529850404
717.4603304862976,-870.6686207012561,132049.67076865365
717.5593974590302,-870.6686207012561,132049.2036917883
717.6594476699829,-870.6686207012561,132049.38332260947
717.759889125824,-870.6686207012561,132050.0449903485
717.8594167232513,-870.6686207012561,132050.34049131366
717.9600021839142,-870.6686207012561,132050.0064421823
718.060271024704,-870.6686207012561,132050.60579796406
718.1596059799194,-870.6686207012561,132050.84521816764
718.2600464820862,-870.6686207012561,132051.46069635087
718.3596160411835,-870.6686207012561,132050.5146267158
718.4602794647217,-870.6686207012561,132051.7631640442
718.5594348907471,-870.6686207012561,132051.6868476398
718.6600658893585,-870.6686207012561,132050.4181628758
718.7600865364075,-870.6686207012561,132051.17634658824
718.8598427772522,-870.6686207012561,132050.55871192942
718.9602606296539,-870.6686207012561,132050.60284073648
719.0596396923065,-870.6686207012561,132050.04255666284
719.1602640151978,-870.6686207012561,132049.13830099656
719.2596371173859,-870.6686207012561,132049.42447089692
719.3601171970367,-870.6686207012561,132050.38202380724
719.4594647884369,-870.6686207012561,132051.24382142653
719.5599224567413,-870.6686207012561,132051.51943928387
719.6602907180786,-870.6686207012561,132050.4674953555
719.7596139907837,-870.6686207012561,132049.92074581995
719.8600742816925,-870.6686207012561,132050.02867123796
719.9602780342102,-870.6686207012561,132050.92580411417
720.0594067573547,-870.6686207012561,132051.23322370276
720.1600255966187,-870.6686207012561,132051.9099013325
720.2594728469849,-870.6686207012561,132051.61891119924
720.3602619171143,-870.6686207012561,132051.35702007933
720.459504365921,-870.6686207012561,132052.0213180714
720.560028553009,-870.6686207012561,132052.31918626427
720.659588098526,-870.6686207012561,132052.18726763784
720.7601816654205,-870.6686207012561,132053.56854087405
720.8602952957153,-870.6686207012561,132053.11168678667
720.9596009254456,-870.6686207012561,132051.200518108
721.0603151321411,-870.6686207012561,132051.1804662972
721.1594488620758,-870.6686207012561,132051.66241966747
721.2602610588074,-870.6686207012561,132049.99617770073
721.3594138622284,-870.6686207012561,132049.09655993065
721.4603464603424,-870.6686207012561,132050.28690393758
721.5595111846924,-870.6686207012561,132049.55821354382
721.6602234840393,-870.6686207012561,132049.60239218944
721.7602453231812,-870.6686207012561,132049.14215297048
721.8596272468567,-870.6686207012561,132048.62793767345
721.9601945877075,-870.6686207012561,132047.9651439061
722.0599164962769,-870.6686207012561,132046.76862951549
722.1595883369446,-870.6686207012561,132047.89176656393
722.2595760822296,-870.6686207012561,132048.40258990755
722.360109090805,-870.6686207012561,132048.6623309168
722.4596009254456,-870.6686207012561,132047.8960978251
722.5602600574493,-870.6686207012561,132048.7064880426
722.6596400737762,-870.6686207012561,132049.13583923836
722.7600991725922,-870.6686207012561,132048.92225531454
722.8598425388336,-870.6686207012561,132049.83002978307
722.9603171348572,-870.6686207012561,132050.54702680476
723.0598466396332,-870.6686207012561,132049.8923241243
723.1593308448792,-870.6686207012561,132049.90309171187
723.260106086731,-870.6686207012561,132049.11278254067
723.3597633838654,-870.6686207012561,132048.6015042866
723.4594838619232,-870.6686207012561,132047.84135385795
723.5599238872528,-870.6686207012561,132048.35721847214
723.6594338417053,-870.6686207012561,132047.82149662494
723.7594821453094,-870.6686207012561,132047.93934696243
723.8594896793365,-870.6686207012561,132046.6454122662
723.9595272541046,-870.6686207012561,132047.18087103957
724.0597360134125,-870.6686207012561,132047.1627839356
724.1600415706635,-870.6686207012561,132046.74650554205
724.2599663734436,-870.6686207012561,132046.27185498786
724.3595678806305,-870.6686207012561,132045.84466948907
724.4596922397614,-870.6686207012561,132045.56020254016
724.5602016448975,-870.6686207012561,132046.20418228616
724.6597859859467,-870.6686207012561,132046.68376405755
724.7594048976898,-870.6686207012561,132046.3153876518
724.8595581054688,-870.6686207012561,132045.88384888662
724.9602475166321,-870.6686207012561,132046.19546399795
725.0597658157349,-870.6686207012561,132046.67591759816
725.1594893932343,-870.6686207012561,132046.10832583834
725.2595796585083,-870.6686207012561,132045.09749325452
725.3598484992981,-870.6686207012561,132045.18774392907
725.4595341682434,-870.6686207012561,132045.86896953618
725.5602178573608,-870.6686207012561,132045.58207258256
725.6595551967621,-870.6686207012561,132044.52386532433
725.7594411373138,-870.6686207012561,132043.3714787919
725.859452009201,-870.6686207012561,132042.9343309127
725.9597959518433,-870.6686207012561,132042.54089782145
726.0594096183777,-870.6686207012561,132041.7868080393
726.16002202034,-870.6686207012561,132041.50812723537
726.2602996826172,-870.6686207012561,132040.95731451185
726.3594098091125,-870.6686207012561,132041.16158306066
726.4600257873535,-870.6686207012561,132043.2454247546
726.559404373169,-870.6686207012561,132043.12088227915
726.6599566936493,-870.6686207012561,132044.00879405125
726.7600378990173,-870.6686207012561,132044.20791464613
726.8594801425934,-870.6686207012561,132043.98712318152
726.9598865509033,-870.6686207012561,132043.18841086337
727.0594255924225,-870.6686207012561,132044.06956977703
727.160151720047,-870.6686207012561,132044.56261279932
727.2597017288208,-870.6686207012561,132044.3063515194
727.3597152233124,-870.6686207012561,132044.07571636746
727.4602420330048,-870.6686207012561,132043.66814473073
727.5602331161499,-870.6686207012561,132043.40133025765
727.6596398353577,-870.6686207012561,132043.4611972319
727.7601127624512,-870.6686207012561,132043.7150775087
727.8596007823944,-870.6686207012561,132044.84356975782
727.9602673053741,-870.6686207012561,132044.25921278205
728.0598611831665,-870.6686207012561,132044.43329150384
728.1599745750427,-870.6686207012561,132044.68996235347
728.2598369121552,-870.6686207012561,132045.72096611813
728.3603568077087,-870.6686207012561,132045.24886950632
728.4597351551056,-870.6686207012561,132044.32398255568
728.5602016448975,-870.6686207012561,132045.39158430012
728.6596884727478,-870.6686207012561,132044.8524258701
728.760276556015,-870.6686207012561,132043.1671832831
728.859700679779,-870.6686207012561,132042.9504649548
728.959894657135,-870.6686207012561,132042.35541845934
729.0594029426575,-870.6686207012561,132041.4198766134
729.1601033210754,-870.6686207012561,132041.57788895204
729.2596735954285,-870.6686207012561,132040.82010005685
729.3597204685211,-870.6686207012561,132040.93809005118
729.4592733383179,-870.6686207012561,132039.94428104605
729.5601437091827,-870.6686207012561,132039.24985294143
729.6596140861511,-870.6686207012561,132039.3248676473
729.7600162029266,-870.6686207012561,132039.89238088258
729.859578371048,-870.6686207012561,132040.80314279432
729.9600582122803,-870.6686207012561,132039.72282851487
730.0596482753754,-870.6686207012561,132040.7505456634
730.1602370738983,-870.6686207012561,132041.27549109707
730.2596535682678,-870.6686207012561,132041.64794198738
730.3594913482666,-870.6686207012561,132043.38314778864
730.4602575302124,-870.6686207012561,132045.74483300978
730.5594973564148,-870.6686207012561,132046.0703497088
730.6602149009705,-870.6686207012561,132046.96331473795
730.7595517635345,-870.6686207012561,132047.06698326414
730.8601734638214,-870.6686207012561,132047.56028493773
730.9603056907654,-870.6686207012561,132047.90425644396
731.0593926906586,-870.6686207012561,132048.21383079956
731.1600661277771,-870.6686207012561,132047.6924477196
731.2602069377899,-870.6686207012561,132047.82320294765
731.3599145412445,-870.6686207012561,132048.2408826529
731.4603135585785,-870.6686207012561,132048.2167943876
731.5600070953369,-870.6686207012561,132048.19511494885
731.6601524353027,-870.6686207012561,132048.07560345397
731.7601561546326,-870.6686207012561,132047.9680431086
731.8598957061768,-870.6686207012561,132048.47123879773
731.959967136383,-870.6686207012561,132048.72411491798
732.0594544410706,-870.6686207012561,132049.05170342617
732.1598856449127,-870.6686207012561,132048.34653308356
732.2598066329956,-870.6686207012561,132047.8118797752
732.3592574596405,-870.6686207012561,132047.63069179768
732.459990978241,-870.6686207012561,132046.6676226179
732.5596506595612,-870.6686207012561,132046.50086035614
732.6600441932678,-870.6686207012561,132046.75077432054
732.7601613998413,-870.6686207012561,132045.77569688848
732.8596951961517,-870.6686207012561,132045.59812719963
732.9600040912628,-870.6686207012561,132046.73831447968
733.0595099925995,-870.6686207012561,132047.16448303172
733.1598727703094,-870.6686207012561,132046.54803472856
733.2603180408478,-870.6686207012561,132046.0932312557
733.3601658344269,-870.6686207012561,132045.98390813015
733.4603009223938,-870.6686207012561,132044.88551731713
733.5602214336395,-870.6686207012561,132043.09696558543
733.6596214771271,-870.6686207012561,132043.68726902688
733.7596380710602,-870.6686207012561,132043.7185421242
733.8596575260162,-870.6686207012561,132042.84668791178
733.9593217372894,-870.6686207012561,132042.0620191206
734.0603034496307,-870.6686207012561,132041.65581720855
734.1602652072906,-870.6686207012561,132041.0902354877
734.2594594955444,-870.6686207012561,132041.98121193895
734.3595027923584,-870.6686207012561,132041.88309074505
734.4595952033997,-870.6686207012561,132040.49478167054
734.5596454143524,-870.6686207012561,132040.34530350348
734.6596558094025,-870.6686207012561,132039.91077315313
734.7597110271454,-870.6686207012561,132040.0196958378
734.8596303462982,-870.6686207012561,132039.71772625402
734.9598660469055,-870.6686207012561,132040.1459536286
735.0594160556793,-870.6686207012561,132040.53135826575
735.159907579422,-870.6686207012561,132041.97822243918
735.259946346283,-870.6686207012561,132042.18040019527
735.360081911087,-870.6686207012561,132043.16236017575
735.4601540565491,-870.6686207012561,132043.14612415817
735.5600154399872,-870.6686207012561,132043.53151174236
735.660197019577,-870.6686207012561,132043.57836056812
735.7597124576569,-870.6686207012561,132044.7205245113
735.859530210495,-870.6686207012561,132043.84847206017
735.9593620300293,-870.6686207012561,132043.66362485415
736.0600185394287,-870.6686207012561,132043.09726236874
736.1598107814789,-870.6686207012561,132042.78753613186
736.2600021362305,-870.6686207012561,132041.80878251867
736.3597598075867,-870.6686207012561,132040.9279042668
736.4597098827362,-870.6686207012561,132041.03511384013
736.5594992637634,-870.6686207012561,132040.43160245614
736.6598777770996,-870.6686207012561,132041.38844221053
736.7594795227051,-870.6686207012561,132041.3495979895
736.8594899177551,-870.6686207012561,132040.81463819055
736.9594717025757,-870.6686207012561,132041.5331743715
737.0601677894592,-870.6686207012561,132043.27985693436
737.1596920490265,-870.6686207012561,132044.15187124093
737.2602586746216,-870.6686207012561,132043.63668411685
737.3592417240143,-870.6686207012561,132043.57301570516
