time_s,torque,deflection
0.750338077545166,-0.00018373269162821396,130509.0
0.8511316776275635,-0.0011942624955833907,130509.20000000001
0.9405066967010498,0.0004593317290705349,130509.08000000002
1.0360352993011475,0.0011942624955833907,130509.87200000002
1.1309325695037842,0.0017454605704680327,130510.18480000002
1.2259390354156494,0.0,130510.26632000002
1.3268096446990967,-0.0014698615330257117,130510.63968800002
1.4260776042938232,-0.00027559903744232096,130509.67571920004
1.5263442993164062,0.00018373269162821396,130509.00814728004
1.6264281272888184,-0.00036746538325642793,130508.50733255205
1.726238489151001,0.00036746538325642793,130508.65659929685
1.8259313106536865,0.0012861288413974978,130508.39093936718
1.9257373809814453,-0.0009186634581410698,130507.95184543048
2.0262928009033203,0.0004593317290705349,130507.25666088743
2.1258111000061035,-0.0017454605704680327,130505.6309947987
2.2260124683380127,0.0013779951872116046,130504.16789531884
2.325974702835083,-0.0004593317290705349,130502.85110578696
2.4264626502990723,0.0022966586453526745,130502.46599520827
2.5257792472839355,-0.0008267971123269628,130502.61939568745
2.6263396739959717,0.0011023961497692838,130501.85745611871
2.725492477416992,0.0007349307665128559,130501.77171050684
2.826643943786621,0.0012861288413974978,130501.79453945615
2.9263861179351807,0.00027559903744232096,130500.81508551053
3.0266082286834717,0.0019291932620962467,130500.83357695949
3.1266849040985107,0.0009186634581410698,130501.45021926354
3.2265121936798096,0.0035827874867501723,130500.4051973372
3.3265533447265625,0.0009186634581410698,130500.96467760348
3.4267213344573975,0.0010105298039551768,130502.36820984313
3.526729106903076,0.0023885249911667814,130502.43138885882
3.6267282962799072,-9.186634581410698e-05,130502.08824997293
3.725815534591675,0.0005511980748846419,130500.57942497564
3.8262810707092285,0.0010105298039551768,130500.9214824781
3.92648983001709,0.0011942624955833907,130503.4293342303
4.026348114013672,-0.0011023961497692838,130505.08640080727
4.126117467880249,0.0014698615330257117,130504.97776072656
4.226482391357422,-0.0008267971123269628,130504.6799846539
4.326504468917847,0.0022966586453526745,130503.81198618852
4.426425933837891,0.0023885249911667814,130504.73078756967
4.5261335372924805,0.0010105298039551768,130504.65770881271
4.626642227172852,0.0004593317290705349,130506.09193793143
4.726041078567505,0.0008267971123269628,130506.4827441383
4.825788736343384,9.186634581410698e-05,130506.83446972446
4.926741361618042,0.0032153221034937444,130506.95102275202
5.025976181030273,0.00027559903744232096,130506.95592047682
5.126631021499634,-0.0021129259537244604,130507.86032842915
5.225950241088867,0.00036746538325642793,130507.87429558624
5.326375484466553,0.0,130507.68686602762
5.426103591918945,0.0011942624955833907,130507.91817942486
5.526278257369995,0.0015617278788398188,130507.52636148236
5.626050233840942,0.0010105298039551768,130507.77372533413
5.726727485656738,0.0013779951872116046,130508.59635280073
5.826491117477417,0.0006430644206987489,130508.43671752066
5.926056146621704,0.0005511980748846419,130508.3930457686
6.026224374771118,0.0004593317290705349,130507.55374119173
6.126075744628906,0.0022966586453526745,130506.39836707257
6.226146936416626,-0.00018373269162821396,130506.05853036532
6.326416730880737,0.0007349307665128559,130506.5526773288
6.42608642578125,0.00018373269162821396,130507.69740959593
6.526298999786377,0.0021129259537244604,130507.92766863634
6.6258838176727295,-0.0015617278788398188,130508.13490177272
6.726754188537598,0.0006430644206987489,130509.22141159544
6.8259437084198,0.0006430644206987489,130508.89927043591
6.925973176956177,0.0009186634581410698,130509.90934339233
7.026294469833374,-0.0011023961497692838,130509.91840905309
7.12636661529541,0.0004593317290705349,130510.42656814778
7.22644829750061,-0.0011023961497692838,130511.883911333
7.326289892196655,0.0011942624955833907,130512.6955201997
7.42612624168396,-0.0008267971123269628,130512.72596817974
7.525751113891602,0.0022047922995385677,130512.05337136178
7.626344680786133,0.0008267971123269628,130511.94803422561
7.726212978363037,0.0009186634581410698,130511.35323080306
7.826275825500488,0.0008267971123269628,130510.61790772274
7.925766706466675,0.0017454605704680327,130510.75611695046
8.026243925094604,-0.0006430644206987489,130510.88050525541
8.126307487487793,-0.0008267971123269628,130510.49245472987
8.226028442382812,0.0005511980748846419,130509.74320925689
8.326674461364746,0.0013779951872116046,130510.06888833121
8.426567077636719,0.0012861288413974978,130508.6619994981
8.526421546936035,-0.0015617278788398188,130508.29579954829
8.626495599746704,0.0024803913369808887,130507.96621959347
8.726767539978027,-0.0009186634581410698,130506.66959763411
8.826383829116821,-0.00036746538325642793,130505.00263787071
8.925889015197754,0.0011942624955833907,130505.10237408365
9.02607798576355,-0.0013779951872116046,130504.89213667529
9.126303672790527,-0.0004593317290705349,130506.50292300776
9.226518630981445,0.00036746538325642793,130506.15263070699
9.326364755630493,-0.00036746538325642793,130506.5373676363
9.426259756088257,-0.00027559903744232096,130506.28363087267
9.526108503341675,-0.00036746538325642793,130506.8552677854
9.62598443031311,-0.0015617278788398188,130507.16974100686
9.726348638534546,-0.0004593317290705349,130507.65276690618
9.826653003692627,-0.0006430644206987489,130506.58749021556
9.926476240158081,0.0015617278788398188,130506.728741194
10.026585102081299,-0.0012861288413974978,130505.55586707461
10.12583065032959,0.0017454605704680327,130506.70028036715
10.226367950439453,-0.0011023961497692838,130505.53025233044
10.326711893081665,0.0009186634581410698,130504.77722709741
10.42642593383789,-0.0008267971123269628,130504.19950438768
10.52642822265625,0.0017454605704680327,130504.07955394892
10.626129627227783,-0.0005511980748846419,130505.57159855403
10.726445198059082,-0.00036746538325642793,130505.51443869864
10.82645058631897,0.00027559903744232096,130505.66299482877
10.926110744476318,-0.0009186634581410698,130504.8966953459
11.025907754898071,0.0004593317290705349,130504.60702581132
11.126416206359863,0.0024803913369808887,130504.4463232302
11.226085424423218,0.0005511980748846419,130504.80169090717
11.326090812683105,0.0009186634581410698,130504.62152181646
11.426257610321045,-0.00027559903744232096,130505.15936963481
11.526578426361084,0.0016535942246539257,130504.14343267134
11.625998497009277,0.00018373269162821396,130503.02908940421
11.726744413375854,-0.00036746538325642793,130503.9261804638
11.826195478439331,0.0006430644206987489,130502.63356241742
11.926647663116455,0.0026641240286091024,130503.17020617568
12.02626919746399,0.0,130504.0531855581
12.126126766204834,-0.00018373269162821396,130504.2478670023
12.225864171981812,0.0006430644206987489,130504.02308030207
12.326164960861206,0.0005511980748846419,130502.32077227187
12.425912618637085,-0.0010105298039551768,130502.88869504469
12.526487112045288,0.0020210596079103535,130502.79982554022
12.626485824584961,9.186634581410698e-05,130502.81984298621
12.726232767105103,-0.0006430644206987489,130503.6378586876
12.825943946838379,0.0012861288413974978,130505.07407281884
12.926525592803955,-0.0006430644206987489,130505.36666553696
13.026674509048462,-0.00036746538325642793,130506.72999898327
13.126044273376465,-0.00036746538325642793,130506.35699908495
13.226124286651611,-0.0006430644206987489,130506.32129917646
13.3261239528656,0.00036746538325642793,130505.48916925881
13.426465511322021,-9.186634581410698e-05,130504.64025233293
13.525883913040161,-0.00027559903744232096,130505.47622709964
13.625872611999512,0.0017454605704680327,130505.02860438969
13.726159572601318,-0.0007349307665128559,130505.82574395073
13.826669216156006,0.0004593317290705349,130505.34316955566
13.926424980163574,0.0008267971123269628,130506.3088526001
14.02610468864441,9.186634581410698e-05,130506.97796734009
14.125967025756836,0.00018373269162821396,130507.1801706061
14.226678848266602,0.0013779951872116046,130507.36215354549
14.326594829559326,-0.0024803913369808887,130507.02593819096
14.426626443862915,-0.0008267971123269628,130507.22334437186
14.526414394378662,-0.0009186634581410698,130505.60100993467
14.626545906066895,0.0006430644206987489,130505.24090894121
14.726118326187134,-9.186634581410698e-05,130504.41681804709
14.826666831970215,0.0012861288413974978,130505.3751362424
14.926640748977661,0.0006430644206987489,130505.43762261816
15.02637243270874,0.0012861288413974978,130505.59386035634
15.126291275024414,0.0012861288413974978,130505.4344743207
15.225846529006958,0.0021129259537244604,130504.39102688864
15.326028108596802,0.0006430644206987489,130503.45192419978
15.42616605758667,0.0013779951872116046,130503.4067317798
15.525890827178955,0.0012861288413974978,130501.96605860183
15.626404762268066,-0.0018373269162821396,130502.86945274165
15.726790428161621,0.0010105298039551768,130502.5825074675
15.826196908950806,-0.0007349307665128559,130503.22425672074
15.926293134689331,9.186634581410698e-05,130502.40183104867
16.026454210281372,-0.0007349307665128559,130503.16164794381
16.126541137695312,-0.0007349307665128559,130503.14548314943
16.225908041000366,-0.0007349307665128559,130502.4309348345
16.325774431228638,0.0009186634581410698,130501.78784135106
16.426511764526367,0.00018373269162821396,130502.20905721597
16.526060819625854,0.0008267971123269628,130501.78815149437
16.62662959098816,0.00036746538325642793,130502.10933634493
16.72609782218933,-0.0007349307665128559,130501.99840271045
16.826414346694946,0.0008267971123269628,130502.59856243941
16.92671036720276,0.0020210596079103535,130503.23870619547
17.026240825653076,-0.0009186634581410698,130503.11483557592
17.12650966644287,0.0009186634581410698,130503.70335201835
17.225943088531494,-0.0005511980748846419,130503.13301681652
17.326287984848022,-0.0016535942246539257,130502.91971513488
17.4267795085907,0.0012861288413974978,130501.92774362139
17.525848865509033,-0.00018373269162821396,130502.63496925926
17.626463651657104,-0.0010105298039551768,130502.87147233334
17.72593092918396,-0.0014698615330257117,130502.9843251
17.826310396194458,0.00036746538325642793,130502.38589259
17.9260516166687,-0.0006430644206987489,130502.24730333101
18.026495695114136,-0.0009186634581410698,130502.22257299791
18.12628197669983,-0.0022047922995385677,130502.10031569813
18.22610330581665,-0.0008267971123269628,130502.69028412833
18.326504230499268,-0.0018373269162821396,130501.2212557155
18.426635026931763,-0.0017454605704680327,130501.29913014395
18.52618098258972,0.0007349307665128559,130500.36921712956
18.62656283378601,-0.0023885249911667814,130499.63229541661
18.725821018218994,-0.00027559903744232096,130499.66906587496
18.826158046722412,0.0019291932620962467,130500.50215928747
18.92630434036255,-0.00036746538325642793,130500.55194335873
19.026092052459717,-0.0013779951872116046,130501.29674902286
19.126728296279907,-0.0005511980748846419,130501.26707412058
19.2267804145813,0.0005511980748846419,130503.14036670853
19.3266282081604,0.0004593317290705349,130503.22633003767
19.42584800720215,0.00018373269162821396,130504.20369703391
19.52614116668701,-0.0011023961497692838,130504.18332733051
19.626014232635498,-9.186634581410698e-05,130505.46499459745
19.726381301879883,-0.0017454605704680327,130505.8184951377
19.826306104660034,9.186634581410698e-05,130506.13664562395
19.926463842391968,-0.0006430644206987489,130506.82298106156
20.026572704315186,-0.0026641240286091024,130507.54068295541
20.126286268234253,-0.0006430644206987489,130507.28661465987
20.226311683654785,0.00036746538325642793,130508.65795319389
20.326129913330078,-0.0011942624955833907,130508.8921578745
20.426250219345093,-0.0015617278788398188,130506.80294208706
20.52632212638855,0.0012861288413974978,130506.92264787835
20.626020193099976,-0.0010105298039551768,130507.13038309052
20.726381063461304,-0.0007349307665128559,130507.71734478147
20.825724840164185,0.00018373269162821396,130507.54561030334
20.926336526870728,0.0009186634581410698,130507.391049273
21.026334524154663,-0.0027559903744232093,130508.5519443457
21.126385927200317,-0.0008267971123269628,130507.49674991114
21.226235151290894,0.0007349307665128559,130508.44707492003
21.32643485069275,0.00018373269162821396,130506.80236742803
21.426045179367065,-0.0004593317290705349,130506.52213068522
21.526257753372192,0.0007349307665128559,130506.8699176167
21.626109838485718,-0.0013779951872116046,130506.58292585504
21.72627019882202,0.0013779951872116046,130508.02463326954
21.826099634170532,0.0004593317290705349,130508.1221699426
21.926469326019287,0.00018373269162821396,130508.40995294835
22.026085138320923,0.0010105298039551768,130508.76895765352
22.12691020965576,-0.0007349307665128559,130508.99206188817
22.226369857788086,0.0009186634581410698,130509.89285569936
22.326245546340942,0.0019291932620962467,130510.10357012943
22.42659640312195,0.0012861288413974978,130510.09321311649
22.52590847015381,-0.00018373269162821396,130510.78389180484
22.626310348510742,-0.0013779951872116046,130509.70550262436
22.726035594940186,0.00018373269162821396,130509.83495236194
22.826261043548584,0.0006430644206987489,130509.65145712576
22.926172971725464,0.00018373269162821396,130510.08631141318
23.026134729385376,0.0014698615330257117,130508.97768027187
23.125640869140625,-0.0011942624955833907,130508.6799122447
23.23168420791626,0.0015617278788398188,130507.71192102024
23.326258659362793,-9.186634581410698e-05,130509.54072891822
23.42620062828064,0.0010105298039551768,130510.0866560264
23.526297330856323,-0.0006430644206987489,130510.67799042376
23.626323223114014,-0.00018373269162821396,130510.7101913814
23.725547075271606,0.0008267971123269628,130511.13917224326
23.825751543045044,0.0010105298039551768,130511.42525501893
23.925724267959595,0.0017454605704680327,130512.98272951704
24.02583885192871,0.0011942624955833907,130513.58445656535
24.126434564590454,0.0019291932620962467,130513.42601090882
24.226253986358643,0.0006430644206987489,130512.28340981794
24.326473712921143,-0.00018373269162821396,130511.25506883615
24.42644453048706,0.0018373269162821396,130510.52956195254
24.52645993232727,-0.0019291932620962467,130508.57660575729
24.6263427734375,0.0009186634581410698,130508.31894518157
24.725748300552368,-0.0011023961497692838,130508.68705066341
24.826353073120117,0.0019291932620962467,130509.11834559707
24.925615787506104,0.0004593317290705349,130508.50651103737
25.026134729385376,0.00027559903744232096,130507.85585993362
25.125868558883667,0.0,130507.67027394027
25.22554326057434,9.186634581410698e-05,130507.60324654623
25.32581090927124,0.0017454605704680327,130508.04292189161
25.426182508468628,0.00036746538325642793,130508.83862970246
25.52572989463806,0.0026641240286091024,130508.75476673222
25.625935554504395,-0.0004593317290705349,130507.779290059
25.725754261016846,0.0019291932620962467,130508.0013610531
25.826142072677612,-0.00027559903744232096,130506.8012249478
25.926114797592163,0.0012861288413974978,130505.22110245303
26.02643132209778,0.0009186634581410698,130503.99899220772
26.126232147216797,0.0017454605704680327,130504.69909298696
26.226574659347534,-9.186634581410698e-05,130504.72918368827
26.32584309577942,-0.0007349307665128559,130505.45626531944
26.425820350646973,-0.0009186634581410698,130506.51063878751
26.52613353729248,-0.00027559903744232096,130506.45957490877
26.625988006591797,0.00027559903744232096,130507.1136174179
26.726306676864624,0.0010105298039551768,130507.70225567611
26.826186418533325,0.0011942624955833907,130507.9320301085
26.92629837989807,-0.0019291932620962467,130508.13882709765
27.026509046554565,-0.00036746538325642793,130508.82494438789
27.126429796218872,0.0015617278788398188,130507.9424499491
27.22646999359131,0.0,130507.7482049542
27.32640838623047,0.0019291932620962467,130507.5733844588
27.4266357421875,-0.00027559903744232096,130508.71604601291
27.52653980255127,-9.186634581410698e-05,130508.54444141162
27.625997304916382,-0.0006430644206987489,130507.98999727046
27.726484537124634,0.0009186634581410698,130508.69099754341
27.826387643814087,0.0004593317290705349,130509.22189778907
27.925836086273193,-0.0006430644206987489,130509.39970801017
28.02674627304077,0.0,130509.65973720915
28.12671971321106,0.0026641240286091024,130509.79376348824
28.226337909698486,0.0013779951872116046,130509.91438713942
28.32667875289917,-0.0010105298039551768,130510.82294842548
28.426249504089355,0.0014698615330257117,130511.14065358293
28.526324033737183,-0.0019291932620962467,130510.62658822465
28.626437664031982,9.186634581410698e-05,130511.66392940219
28.726272106170654,0.0010105298039551768,130511.59753646198
28.82585310935974,-0.0019291932620962467,130511.93778281579
28.926025390625,-0.0006430644206987489,130513.04400453421
29.026294231414795,-0.0010105298039551768,130512.2396040808
29.126051664352417,-0.0009186634581410698,130511.31564367271
29.22674322128296,0.0010105298039551768,130510.68407930544
29.32591962814331,0.0019291932620962467,130510.8156713749
29.426485300064087,-0.0026641240286091024,130510.83410423742
29.526668548583984,-0.0006430644206987489,130511.35069381369
29.62590217590332,-0.0013779951872116046,130511.31562443232
29.725857734680176,0.0012861288413974978,130511.68406198909
29.82666516304016,-0.00027559903744232096,130510.51565579018
29.925997257232666,-0.0004593317290705349,130510.16409021115
30.026209354400635,0.0014698615330257117,130511.04768119004
30.126752376556396,0.0008267971123269628,130510.24291307105
30.225844383239746,0.0016535942246539257,130510.11862176395
30.32578182220459,0.00036746538325642793,130511.40675958755
30.426615953445435,-0.0007349307665128559,130512.1660836288
30.525936126708984,-0.0010105298039551768,130512.44947526592
30.626375198364258,0.00018373269162821396,130511.50452773934
30.725975275039673,0.0018373269162821396,130511.7540749654
30.82639217376709,0.0008267971123269628,130509.67866746886
30.926814794540405,-0.0017454605704680327,130510.41080072198
31.02625322341919,-0.00018373269162821396,130510.66972064978
31.12582278251648,-0.0021129259537244604,130510.8027485848
31.22658658027649,0.0006430644206987489,130511.42247372631
31.326191425323486,9.186634581410698e-05,130511.1802263537
31.42670512199402,0.0017454605704680327,130511.96220371834
31.526008129119873,0.0005511980748846419,130512.36598334652
31.626633644104004,-9.186634581410698e-05,130511.22938501187
31.726130485534668,-0.00018373269162821396,130511.10644651069
31.82664918899536,-0.0013779951872116046,130511.79580185963
31.926534414291382,0.0016535942246539257,130512.81622167367
32.02641582489014,0.00036746538325642793,130512.8345995063
32.12611150741577,0.0012861288413974978,130513.95113955566
32.22617220878601,-0.0004593317290705349,130514.65602560011
32.326438188552856,0.0008267971123269628,130514.8904230401
32.4260687828064,-0.0014698615330257117,130513.0013807361
32.5260968208313,0.00036746538325642793,130513.70124266249
32.62590026855469,0.0005511980748846419,130513.83111839624
32.72580885887146,0.0011023961497692838,130513.44800655662
32.82609248161316,-0.0007349307665128559,130514.10320590096
32.926313638687134,0.0012861288413974978,130514.79288531088
33.02628302574158,0.0,130514.61359677979
33.12601089477539,9.186634581410698e-05,130513.1522371018
33.22625279426575,0.0006430644206987489,130512.33701339163
33.32625436782837,-0.0008267971123269628,130512.10331205247
33.42629909515381,-0.0006430644206987489,130511.49298084722
33.52629518508911,-0.0004593317290705349,130511.6436827625
33.62596154212952,-0.0007349307665128559,130510.87931448626
33.726322174072266,-0.0008267971123269628,130510.59138303764
33.825732946395874,0.0016535942246539257,130511.43224473388
33.926029682159424,-0.00027559903744232096,130512.8890202605
34.02667713165283,0.0012861288413974978,130514.60011823445
34.1258430480957,-0.0020210596079103535,130515.14010641101
34.22654676437378,0.0027559903744232093,130514.92609576992
34.32673692703247,-0.00036746538325642793,130513.63348619292
34.426085472106934,0.0017454605704680327,130513.67013757364
34.52625584602356,-0.0007349307665128559,130512.80312381628
34.6262526512146,0.0004593317290705349,130512.12281143466
34.726656913757324,-0.00027559903744232096,130510.8105302912
34.82580590248108,0.0017454605704680327,130510.92947726208
34.92608118057251,0.0007349307665128559,130510.93652953587
35.02638101577759,0.0015617278788398188,130510.6428765823
35.126415729522705,0.0013779951872116046,130510.47858892407
35.22599697113037,-0.00018373269162821396,130510.43073003167
35.3261935710907,-0.0004593317290705349,130509.68765702851
35.426079750061035,9.186634581410698e-05,130510.21889132565
35.52641296386719,-0.00027559903744232096,130510.19700219309
35.626524209976196,0.00027559903744232096,130508.87730197379
35.72636580467224,0.0004593317290705349,130509.38957177641
35.82600522041321,-9.186634581410698e-05,130510.45061459877
35.92608380317688,0.0006430644206987489,130510.40555313889
36.02651882171631,-0.0004593317290705349,130510.764997825
36.12672734260559,-9.186634581410698e-05,130513.38849804249
36.226624727249146,-0.0006430644206987489,130512.64964823825
36.32654786109924,0.0012861288413974978,130512.88468341442
36.42663383483887,0.0007349307665128559,130513.49621507298
36.52593636512756,0.0011942624955833907,130514.2465935657
36.6266815662384,-0.0014698615330257117,130514.12193420914
36.72621822357178,-0.00036746538325642793,130514.30974078823
36.82562613487244,-0.0021129259537244604,130514.47876670942
36.92588233947754,0.0027559903744232093,130514.13089003849
37.0261869430542,-0.00018373269162821396,130513.51780103464
37.12638521194458,-9.186634581410698e-05,130514.66602093118
37.22613549232483,0.0016535942246539257,130515.09941883807
37.32639455795288,0.00027559903744232096,130516.28947695426
37.42625284194946,0.0007349307665128559,130515.46052925884
37.52643299102783,-0.0020210596079103535,130515.01447633296
37.626752853393555,0.0009186634581410698,130514.41302869967
37.72601866722107,-0.0009186634581410698,130514.7717258297
37.82603907585144,0.0010105298039551768,130513.99455324674
37.92600345611572,0.0009186634581410698,130513.19509792207
38.026360273361206,9.186634581410698e-05,130513.07558812987
38.12601923942566,-9.186634581410698e-05,130513.16802931688
38.226664781570435,0.0004593317290705349,130512.65122638519
38.32681465148926,-0.0014698615330257117,130512.68610374667
38.4263117313385,0.0004593317290705349,130513.417493372
38.526633977890015,0.0022966586453526745,130513.37574403481
38.62602186203003,-0.0009186634581410698,130511.93816963132
38.72630286216736,0.0015617278788398188,130512.8443526682
38.82606625556946,0.0012861288413974978,130513.45991740137
38.92652416229248,-9.186634581410698e-05,130511.91392566124
39.025837659835815,-0.0007349307665128559,130512.12253309513
39.12617111206055,-0.0019291932620962467,130512.61027978561
39.22658824920654,-0.0007349307665128559,130513.74925180705
39.326714515686035,0.0004593317290705349,130512.87432662635
39.426666021347046,-0.0006430644206987489,130513.18689396372
39.52671933174133,0.0,130512.86820456735
39.62587070465088,-0.00036746538325642793,130512.68138411062
39.72650671005249,-0.0005511980748846419,130512.41324569956
39.8259060382843,0.0,130512.1719211296
39.92640542984009,0.0,130512.15472901663
40.0261504650116,0.0019291932620962467,130511.53925611498
40.12628793716431,0.0010105298039551768,130511.98533050349
40.22654318809509,0.0011023961497692838,130512.68679745315
40.32667136192322,-0.0011942624955833907,130512.41811770784
40.426414489746094,-0.0009186634581410698,130511.97630593706
40.526066064834595,0.0022966586453526745,130511.77867534336
40.625932455062866,0.0010105298039551768,130510.70080780903
40.72614789009094,-0.0008267971123269628,130511.03072702812
40.8263373374939,0.00027559903744232096,130510.82765432532
40.925862312316895,0.0014698615330257117,130509.8448888928
41.02664661407471,-0.00036746538325642793,130508.86040000351
41.12647271156311,0.0012861288413974978,130508.37436000316
41.225857973098755,0.0012861288413974978,130509.33692400286
41.325769901275635,0.0014698615330257117,130510.50323160258
41.426830768585205,-0.00018373269162821396,130510.45290844233
41.52581596374512,0.0011942624955833907,130510.1076175981
41.62664175033569,0.0010105298039551768,130510.1968558383
41.72602844238281,0.0012861288413974978,130510.67717025446
41.826643228530884,0.0004593317290705349,130510.50945322902
41.926366567611694,0.0020210596079103535,130511.05850790613
42.02603793144226,0.00018373269162821396,130511.45265711551
42.12661075592041,0.0018373269162821396,130510.80739140397
42.22607183456421,0.0011023961497692838,130511.22665226358
42.32672905921936,0.0018373269162821396,130511.40398703722
42.42673945426941,0.0004593317290705349,130511.9635883335
42.52600598335266,0.0018373269162821396,130513.16722950016
42.62649083137512,-0.0015617278788398188,130512.25050655016
42.72664546966553,0.0010105298039551768,130512.62545589515
42.82613253593445,0.00018373269162821396,130512.76291030564
42.92670273780823,-0.0006430644206987489,130513.58661927508
43.026307821273804,0.0005511980748846419,130514.72795734758
43.12643766403198,-0.0008267971123269628,130514.15516161284
43.22596192359924,0.0005511980748846419,130512.63964545156
43.32605004310608,-0.00036746538325642793,130512.5756809064
43.42629289627075,0.00018373269162821396,130513.31811281576
43.52649283409119,0.0021129259537244604,130513.08630153419
43.62605166435242,-0.0010105298039551768,130512.87767138077
43.72610592842102,0.0011023961497692838,130512.68990424271
43.8263943195343,-0.0021129259537244604,130511.82091381843
43.925806522369385,0.0014698615330257117,130512.33882243659
44.02637267112732,0.0017454605704680327,130511.00494019294
44.12605929374695,0.0005511980748846419,130511.00444617365
44.226377725601196,0.00036746538325642793,130510.10400155629
44.325984954833984,-9.186634581410698e-05,130509.99360140067
44.42636680603027,0.0015617278788398188,130510.4942412606
44.5264413356781,0.0006430644206987489,130509.24481713455
44.626607179641724,0.0,130509.0203354211
44.72672128677368,-0.0014698615330257117,130508.81830187899
44.82653999328613,-0.0009186634581410698,130508.33647169109
44.92652916908264,-0.0018373269162821396,130508.30282452199
45.02637052536011,0.0007349307665128559,130507.2725420698
45.126503705978394,-0.0007349307665128559,130506.04528786281
45.22648906707764,0.0007349307665128559,130505.84075907653
45.32664108276367,-0.0007349307665128559,130505.85668316888
45.426366567611694,0.0014698615330257117,130506.671014852
45.5266170501709,-0.0007349307665128559,130507.8039133668
45.62598705291748,0.0005511980748846419,130506.12352203013
45.72630286216736,0.00027559903744232096,130505.51116982712
45.826043128967285,0.0007349307665128559,130505.16005284441
45.926162242889404,-0.00018373269162821396,130504.54404755996
46.026113748550415,-0.0010105298039551768,130504.08964280397
46.12661385536194,0.0010105298039551768,130504.68067852358
46.22608232498169,0.0007349307665128559,130505.81261067123
46.32622313499451,-0.0018373269162821396,130506.4313496041
46.42615842819214,0.0,130506.68821464368
46.52675819396973,-0.00036746538325642793,130507.21939317932
46.62617778778076,0.00036746538325642793,130507.8974538614
46.72678303718567,0.00027559903744232096,130507.70770847527
46.826425552368164,0.0011023961497692838,130508.13693762774
46.92653250694275,-0.0008267971123269628,130507.52324386497
47.02591061592102,-0.0018373269162821396,130505.97091947847
47.12679839134216,-9.186634581410698e-05,130504.77382753062
47.22609257698059,-0.0006430644206987489,130505.79644477756
47.32633948326111,-0.00027559903744232096,130505.9168002998
47.42606854438782,-0.0005511980748846419,130505.02512026983
47.52616763114929,0.0009186634581410698,130504.62260824285
47.62611675262451,0.00027559903744232096,130504.46034741857
47.72596883773804,-0.00036746538325642793,130504.91431267673
47.82610750198364,0.00036746538325642793,130505.72288140906
47.92595672607422,-0.0014698615330257117,130505.35059326816
48.02629327774048,0.00036746538325642793,130505.11553394135
48.12664198875427,0.0015617278788398188,130505.70398054723
48.2263126373291,-0.0005511980748846419,130505.43358249251
48.32597804069519,-0.00027559903744232096,130506.09022424325
48.42681360244751,0.0022047922995385677,130505.08120181893
48.526517152786255,-9.186634581410698e-05,130504.57308163703
48.62638211250305,-0.00036746538325642793,130503.21577347333
48.72581171989441,0.0,130504.294196126
48.82581353187561,9.186634581410698e-05,130504.3647765134
48.92628502845764,0.0011942624955833907,130504.92829886205
49.02601480484009,0.0011942624955833907,130504.73546897585
49.12641978263855,-0.0023885249911667814,130505.96192207826
49.22624492645264,0.0008267971123269628,130506.46572987044
49.32580018043518,-0.0004593317290705349,130508.3191568834
49.42632079124451,0.0012861288413974978,130508.58724119507
49.52609348297119,-0.0020210596079103535,130507.82851707557
49.62658667564392,-0.00018373269162821396,130506.94566536802
49.726253271102905,-0.0021129259537244604,130506.55109883123
49.82672715187073,-0.00027559903744232096,130506.0959889481
49.92624235153198,-0.00018373269162821396,130506.9863900533
50.0260705947876,0.0019291932620962467,130507.08775104798
50.12651777267456,0.00018373269162821396,130507.47897594319
50.2260205745697,-0.0018373269162821396,130507.23107834886
50.325788736343384,-0.00027559903744232096,130506.90797051397
50.42679738998413,0.00018373269162821396,130505.91717346257
50.52655339241028,-0.0010105298039551768,130506.12545611632
50.6261465549469,0.0004593317290705349,130505.9129105047
50.726454973220825,0.0007349307665128559,130506.22161945424
50.826367139816284,-0.0014698615330257117,130506.49945750882
50.926573753356934,0.0005511980748846419,130505.64951175795
51.02585983276367,0.0019291932620962467,130505.28456058215
51.126503467559814,0.0012861288413974978,130505.25610452394
51.22601127624512,-0.0005511980748846419,130505.23049407155
51.32653880119324,9.186634581410698e-05,130504.5074446644
51.42591571807861,-0.0009186634581410698,130504.15670019797
51.526660442352295,0.0012861288413974978,130503.84103017818
51.62601137161255,0.0004593317290705349,130503.55692716037
51.72673320770264,-0.0027559903744232093,130503.30123444434
51.82613396644592,0.0020210596079103535,130502.7711109999
51.92621445655823,-0.0013779951872116046,130502.29399989992
52.026655197143555,-0.0009186634581410698,130501.76459990993
52.12581920623779,-0.0009186634581410698,130502.08813991894
52.22646880149841,0.0009186634581410698,130502.67932592705
52.32615280151367,0.0015617278788398188,130503.81139333436
52.42631530761719,-0.00027559903744232096,130503.23025400093
52.52660870552063,0.0018373269162821396,130504.30722860084
52.62643647193909,0.00018373269162821396,130503.67650574076
52.72612977027893,0.0012861288413974978,130504.4088551667
52.82621693611145,-0.0019291932620962467,130506.06796965003
52.92621564865112,0.00018373269162821396,130506.36117268502
53.026100397109985,-9.186634581410698e-05,130506.92505541652
53.1260244846344,0.0016535942246539257,130507.63254987486
53.22610092163086,0.0010105298039551768,130508.56929488738
53.32652163505554,0.0009186634581410698,130509.41236539863
53.42671203613281,-9.186634581410698e-05,130509.37112885877
53.525882959365845,0.0,130511.23401597289
53.62580680847168,-0.0012861288413974978,130510.71061437561
53.72648048400879,0.0008267971123269628,130511.13955293805
53.826225996017456,-0.00036746538325642793,130511.52559764426
53.926472187042236,0.004133985561634814,130511.97303787984
54.02644205093384,-0.0004593317290705349,130511.97573409186
54.125938415527344,-0.00027559903744232096,130512.07816068268
54.22583341598511,-0.0004593317290705349,130512.2703446144
54.326125621795654,0.0014698615330257117,130511.14331015297
54.42617464065552,0.0011942624955833907,130510.22897913767
54.5261971950531,0.0,130509.7060812239
54.62640357017517,-0.00036746538325642793,130509.43547310152
54.72612476348877,-0.0006430644206987489,130510.19192579137
54.82586312294006,0.0011942624955833907,130509.97273321224
54.926438331604004,-0.0023885249911667814,130509.57545989103
55.02652716636658,-0.0011942624955833907,130509.31791390192
55.12655997276306,-0.0014698615330257117,130508.08612251173
55.22653770446777,0.0006430644206987489,130507.87751026056
55.32661557197571,0.0004593317290705349,130506.98975923451
55.42679572105408,0.0022047922995385677,130506.19078331106
55.52665734291077,-0.0007349307665128559,130506.57170497996
55.626177072525024,-0.0004593317290705349,130507.51453448198
55.72649598121643,-0.00036746538325642793,130509.1630810338
55.82593274116516,-0.0006430644206987489,130509.64677293043
55.925931453704834,-0.00018373269162821396,130510.38209563738
56.02588129043579,0.0010105298039551768,130511.04388607365
56.12623620033264,0.0013779951872116046,130511.33949746628
56.22622990608215,0.0005511980748846419,130511.10554771966
56.326171875,0.00027559903744232096,130511.3949929477
56.426477670669556,-0.0010105298039551768,130511.65549365294
56.52639675140381,0.0,130511.68994428765
56.62588286399841,0.0013779951872116046,130512.62094985889
56.72625231742859,-0.0015617278788398188,130512.658854873
56.82572603225708,0.0012861288413974978,130512.5929693857
56.926117181777954,-0.0005511980748846419,130513.53367244713
57.02638053894043,-0.0004593317290705349,130513.88030520242
57.126426219940186,0.0005511980748846419,130514.49227468218
57.22667169570923,-0.0013779951872116046,130514.94304721398
57.32587432861328,-0.0008267971123269628,130513.84874249258
57.42672252655029,0.0006430644206987489,130514.26386824333
57.5264036655426,0.0009186634581410698,130514.737481419
57.62622046470642,-0.0012861288413974978,130514.7637332771
57.72661733627319,0.0011023961497692838,130513.8873599494
57.82589840888977,0.0078086393941990935,130513.99862395445
57.92610001564026,0.0526394161514833,130513.09876155901
58.02611994743347,0.15056894078932134,130513.48888540312
58.12669777870178,0.23912809815412048,130513.23999686282
58.22629761695862,0.3233695372656566,130511.31599717654
58.32622194290161,0.46383318001542617,130510.98439745889
58.42658448219299,0.4169813436502316,130509.885957713
58.526175022125244,0.29810629216677714,130509.99736194171
58.6259126663208,0.2804679537704686,130510.09762574756
58.72587442398071,0.11492479861344783,130509.6878631728
58.82623600959778,-0.058610728629400255,130508.81907685554
58.92618417739868,-0.02462018067818067,130508.43716916998
59.026366233825684,-0.007073708627686238,130509.493452253
59.12671685218811,-0.006246911515359275,130509.3441070277
59.22659921646118,-0.0032153221034937444,130509.00969632494
59.32609462738037,-0.004042119215820707,130508.50872669244
59.42594909667969,-0.0031234557576796376,130508.7578540232
59.52576017379761,-0.0032153221034937444,130509.08206862089
59.626604318618774,-0.006063178823731061,130509.2738617588
59.72610545158386,-0.0022966586453526745,130509.14647558292
59.82609534263611,-0.005052649019775884,130508.63182802463
59.92608571052551,-0.0061550451695451674,130510.06864522217
60.02595233917236,-0.0016535942246539257,130511.46178069996
60.126617193222046,0.0032153221034937444,130510.41560262998
60.226019620895386,-0.004593317290705349,130509.97404236699
60.32638692855835,-0.0061550451695451674,130510.87663813028
60.425840854644775,-0.0023885249911667814,130510.38897431726
60.526145458221436,-0.005328248057218205,130509.95007688555
60.62618112564087,-0.003674653832564279,130508.95506919699
60.72594141960144,-0.0011023961497692838,130509.0595622773
60.82634353637695,-0.0037665201783783865,130508.75360604958
60.926658630371094,0.02976469604377066,130506.57824544462
61.02641153335571,0.13890191487092976,130506.72042090016
61.12664008140564,0.3004029508121298,130506.34837881016
61.22592091560364,0.3397217468205676,130507.11354092916
61.32624697685242,0.32033794785379105,130506.40218683625
61.426594495773315,0.39089130143902523,130506.06196815263
61.5261344909668,0.4279134388021103,130507.45577133737
61.62611365318298,0.4524417531344769,130508.61019420362
61.726553201675415,0.38216399858668504,130508.94917478325
61.825949907302856,0.2433539500615694,130510.15425730494
61.925920486450195,0.08571130064456181,130510.63883157444
62.026652812957764,-0.007349307665128558,130511.674948417
62.12639784812927,-0.005879446132102847,130512.7074535753
62.226577043533325,-0.0021129259537244604,130512.93670821778
62.326655864715576,-0.0021129259537244604,130511.843037396
62.42617130279541,-0.0026641240286091024,130512.8587336564
62.526732444763184,-0.0020210596079103535,130512.27286029076
62.6264066696167,-0.0024803913369808887,130512.54557426169
62.726654291152954,-0.0024803913369808887,130513.09101683553
62.826491832733154,-0.00486891632814767,130512.98191515198
62.9264190196991,-0.004133985561634814,130512.78372363679
63.02683138847351,-0.0026641240286091024,130514.50535127311
63.12620425224304,-0.0043177182532630285,130514.7548161458
63.22669768333435,-0.003399054795121958,130514.77933453122
63.32588815689087,-0.0025722576827949956,130515.60140107811
63.42628479003906,-0.0022966586453526745,130514.5412609703
63.526755809783936,-0.0037665201783783865,130514.58713487328
63.625826835632324,-0.0030315894118655303,130513.82842138594
63.726152181625366,-0.0010105298039551768,130512.44557924735
63.82622742652893,-0.0033071884493078513,130511.10102132263
63.92611503601074,-0.0026641240286091024,130510.29091919037
64.0267550945282,-0.0008267971123269628,130510.86182727135
64.12592101097107,-0.003399054795121958,130510.07564454422
64.22654557228088,-0.0024803913369808887,130509.8680800898
64.32593297958374,-0.0035827874867501723,130509.68127208082
64.42597937583923,-0.004960782673961777,130509.61314487274
64.52597570419312,-0.0005511980748846419,130508.05183038546
64.6262047290802,-0.0017454605704680327,130508.84664734693
64.72597169876099,-0.0025722576827949956,130508.46198261224
64.82627320289612,-0.0033071884493078513,130507.81578435101
64.92627143859863,-0.0033071884493078513,130507.63420591592
65.02594256401062,-0.0019291932620962467,130506.57078532432
65.1262047290802,-0.0029397230660514234,130505.9137067919
65.22592306137085,-0.0015617278788398188,130505.0223361127
65.32617926597595,-0.0032153221034937444,130505.82010250143
65.42592763900757,-0.0020210596079103535,130506.23809225128
65.52648186683655,-0.004042119215820707,130506.11428302615
65.62678289413452,-0.0022966586453526745,130506.80285472354
65.72674822807312,-0.0021129259537244604,130505.52256925119
65.82600116729736,-0.0023885249911667814,130504.47031232607
65.92663383483887,-0.003399054795121958,130504.82328109347
66.02625250816345,0.0004593317290705349,130504.04095298413
66.12607312202454,0.010564629768622304,130504.63685768572
66.22580909729004,-0.015617278788398187,130505.27317191716
66.32612252235413,-0.0015617278788398188,130503.54585472545
66.42590141296387,-0.0018373269162821396,130502.89126925291
66.52662944793701,0.0023885249911667814,130504.30214232762
66.62645316123962,0.010197164385365875,130503.07192809485
66.72669577598572,-0.01828140281700729,130502.36473528537
66.8261969089508,-0.13054207740184604,130501.92826175684
66.92573928833008,-0.12962341394370494,130501.53543558116
67.02617287635803,-0.10132857943296,130501.88189202304
67.1266040802002,-0.11859945244601211,130502.49370282074
67.22675395011902,-0.10206351019947285,130500.94433253867
67.32625722885132,-0.013871818217930154,130499.94989928481
67.42594122886658,0.006798109590243916,130499.85490935633
67.5265884399414,-0.0037665201783783865,130500.1694184207
67.6259593963623,-0.004593317290705349,130499.15247657863
67.72592687606812,-0.0023885249911667814,130499.73722892077
67.82609939575195,-0.005052649019775884,130499.8635060287
67.92608785629272,-0.005695713440474633,130500.07715542584
68.02668046951294,-0.004042119215820707,130501.96943988325
68.12579441070557,-0.0023885249911667814,130501.17249589492
68.22634887695312,-0.006430644206987489,130501.85524630544
68.32681369781494,-0.0032153221034937444,130502.8697216749
68.42659306526184,-0.0034909211409360655,130503.68274950741
68.5260877609253,-0.0038583865241924933,130504.01447455666
68.6262857913971,-0.004133985561634814,130504.71302710101
68.72648477554321,-0.0034909211409360655,130505.24172439091
68.82628560066223,-0.0032153221034937444,130505.91755195182
68.92570090293884,-0.004225851907448921,130505.42579675664
69.02595281600952,-0.005420114403032312,130506.18321708098
69.1267409324646,-0.0030315894118655303,130506.46489537289
69.22655868530273,-0.004960782673961777,130505.9184058356
69.32653522491455,-0.0028478567202373166,130505.22656525206
69.42671298980713,-0.0028478567202373166,130505.00390872685
69.52620005607605,-0.004593317290705349,130505.60351785418
69.62639379501343,-0.004133985561634814,130506.04316606876
69.72587060928345,-0.0031234557576796376,130505.13884946189
69.82603931427002,-0.00486891632814767,130504.3249645157
69.92617464065552,-0.004133985561634814,130504.39246806414
70.02640891075134,-0.0035827874867501723,130504.45322125772
70.12640333175659,-0.004042119215820707,130504.20789913194
70.22634840011597,-0.003674653832564279,130504.48710921875
70.32645344734192,-0.00578757978628874,130503.73839829687
70.42620253562927,-0.0023885249911667814,130503.36455846719
70.52667713165283,-0.0038583865241924933,130503.52810262048
70.62595200538635,-0.0035827874867501723,130504.17529235843
70.726553440094,-0.005052649019775884,130503.85776312259
70.82616543769836,-0.004960782673961777,130503.67198681034
70.92610168457031,-0.004225851907448921,130505.0047881293
71.02615928649902,-0.004777049982333563,130504.90430931636
71.12635564804077,-0.005052649019775884,130506.21387838473
71.226402759552,-0.004593317290705349,130505.49249054625
71.32672262191772,-0.004685183636519456,130505.74324149164
71.42662262916565,-0.005144515365589991,130505.46891734248
71.52608466148376,-0.0055119807488464186,130505.52202560824
71.62630653381348,-0.005052649019775884,130505.66982304741
71.72607898712158,-0.006430644206987489,130506.70284074268
71.82639241218567,-0.0032153221034937444,130505.93255666841
71.92676019668579,-0.004593317290705349,130505.33930100157
72.02635598182678,-0.004409584599077135,130504.50537090142
72.12624478340149,-0.0037665201783783865,130505.85483381127
72.22645163536072,-0.003674653832564279,130505.46935043014
72.32660675048828,-0.005236381711404098,130505.42241538713
72.42636561393738,-0.0024803913369808887,130505.68017384842
72.52667427062988,-0.0026641240286091024,130504.41215646359
72.62659072875977,-0.0033071884493078513,130504.07094081724
72.72643566131592,-0.0037665201783783865,130504.16384673552
72.82631826400757,-0.005971312477916954,130503.24746206198
72.92673826217651,-0.006522510552801596,130503.12271585577
73.02629828453064,-0.004042119215820707,130503.8104442702
73.12633466720581,-0.003674653832564279,130502.82939984318
73.22640252113342,-0.00486891632814767,130502.44645985885
73.32642388343811,-0.0038583865241924933,130501.50181387298
73.42637085914612,-0.0022966586453526745,130501.6516324857
73.52626490592957,-0.00486891632814767,130499.58646923713
73.62634515762329,-0.004501450944891242,130499.22782231342
73.72644972801208,-0.0034909211409360655,130499.90504008209
73.82604622840881,-0.0067062432444298095,130500.81453607389
73.92613244056702,-0.005328248057218205,130501.8330824665
74.02636647224426,-0.006338777861173382,130502.04977421986
74.1261956691742,-0.0033071884493078513,130501.94479679789
74.22601342201233,-0.004225851907448921,130501.85031711811
74.32626247406006,-0.0061550451695451674,130500.9652854063
74.42638516426086,-0.0038583865241924933,130501.56875686567
74.52685451507568,-0.0043177182532630285,130502.71188117912
74.62671160697937,-0.006522510552801596,130504.04069306121
74.72589612007141,-0.0024803913369808887,130505.13662375508
74.826420545578,-0.004685183636519456,130505.72296137958
74.92682003974915,-0.005052649019775884,130505.15066524163
75.0266056060791,-0.00578757978628874,130504.63559871746
75.12633037567139,-0.0035827874867501723,130503.67203884572
75.22681140899658,-0.00486891632814767,130503.90483496115
75.3266327381134,-0.004501450944891242,130504.41435146503
75.42660355567932,-0.004501450944891242,130505.97291631854
75.52666401863098,-0.005328248057218205,130507.67562468669
75.6268663406372,-0.004685183636519456,130509.10806221802
75.72606635093689,-0.005144515365589991,130511.59725599622
75.82678389549255,-0.005144515365589991,130512.53753039661
75.92597246170044,-0.0033071884493078513,130512.08377735695
76.02617406845093,-0.0061550451695451674,130511.57539962126
76.12668561935425,-0.004133985561634814,130512.61785965913
76.22667694091797,-0.0029397230660514234,130512.25607369322
76.32670283317566,-0.004960782673961777,130512.7304663239
76.4262170791626,-0.004042119215820707,130511.65741969152
76.52607870101929,-0.005695713440474633,130511.19167772237
76.62655663490295,-0.004685183636519456,130511.47250995014
76.72667813301086,-0.0016535942246539257,130511.42525895513
76.8264729976654,-0.0020210596079103535,130510.68273305963
76.92628502845764,-0.004133985561634814,130510.01445975367
77.02662205696106,-0.006522510552801596,130507.81301377832
77.12636160850525,-0.0013779951872116046,130505.03171240048
77.2266902923584,-0.004685183636519456,130503.62854116043
77.3266978263855,-0.004960782673961777,130503.3656870444
77.42656517028809,-0.004501450944891242,130504.02911833995
77.52618098258972,-0.004593317290705349,130504.42620650596
77.6263017654419,-0.004777049982333563,130505.08358585538
77.72676491737366,-0.0037665201783783865,130505.17522726985
77.82609462738037,-0.006063178823731061,130505.45770454287
77.9260265827179,-0.0029397230660514234,130505.31193408859
78.02662301063538,-0.005052649019775884,130505.28074067974
78.12639927864075,-0.004593317290705349,130505.75266661176
78.22665810585022,-0.00486891632814767,130506.57739995059
78.32645106315613,-0.0030315894118655303,130507.31965995554
78.4259443283081,-0.00578757978628874,130507.88769395999
78.52590131759644,-0.004685183636519456,130507.49892456399
78.62639546394348,-0.00486891632814767,130508.64903210758
78.72669386863708,-0.005603847094660526,130507.88412889684
78.82654762268066,-0.0043177182532630285,130507.39571600716
78.92650055885315,-0.0025722576827949956,130506.65614440644
79.02641367912292,-0.004685183636519456,130506.1905299658
79.12621903419495,-0.004685183636519456,130505.77147696921
79.22631907463074,-0.003674653832564279,130505.29432927229
79.32623982429504,-0.00486891632814767,130504.96489634506
79.42618298530579,-0.0035827874867501723,130504.46840671056
79.52642464637756,-0.0024803913369808887,130504.9215660395
79.62653660774231,-0.0037665201783783865,130504.92940943556
79.72614645957947,-0.004960782673961777,130506.136468492
79.82639145851135,-0.003399054795121958,130505.6228216428
79.92613196372986,-0.004225851907448921,130506.06053947852
80.02617597579956,-0.0022966586453526745,130506.35448553067
80.12589025497437,-0.0038583865241924933,130506.51903697761
80.2259407043457,-0.0024803913369808887,130506.46713327986
80.32616066932678,-0.003399054795121958,130505.42041995189
80.42638564109802,-0.005328248057218205,130505.97837795671
80.52660131454468,-0.0061550451695451674,130505.18054016105
80.62619876861572,-0.005328248057218205,130504.76248614494
80.72613668441772,-0.004225851907448921,130502.78623753045
80.82621812820435,-0.004042119215820707,130501.20761377741
80.92627382278442,-0.004960782673961777,130501.08685239968
81.0261492729187,-0.004593317290705349,130500.97816715972
81.1266622543335,-0.004593317290705349,130500.08035044375
81.22643065452576,-0.0013779951872116046,130499.87231539938
81.32621693611145,-0.0037665201783783865,130500.78508385943
81.42633390426636,-0.0039502528700066,130501.7065754735
81.52651500701904,-0.0026641240286091024,130503.03591792614
81.62649154663086,-0.006522510552801596,130504.43232613352
81.72590065002441,-0.004409584599077135,130505.68909352017
81.82623243331909,-0.0031234557576796376,130506.82018416814
81.92671751976013,-0.005971312477916954,130506.93816575133
82.02680158615112,-0.0025722576827949956,130506.8443491762
82.12656950950623,-0.0037665201783783865,130507.85991425857
82.22637820243835,-0.004960782673961777,130509.67392283272
82.3259289264679,-0.004133985561634814,130511.90653054944
82.4266836643219,-0.0016535942246539257,130513.6158774945
82.52592015266418,-0.0039502528700066,130513.15428974506
82.62660241127014,-0.003399054795121958,130513.23886077057
82.72662830352783,-0.003674653832564279,130513.41497469351
82.82584285736084,-0.005879446132102847,130513.67347722418
82.92654299736023,-0.004685183636519456,130514.20612950175
83.02658605575562,-0.0033071884493078513,130515.08551655158
83.12579870223999,-0.0038583865241924933,130515.17696489643
83.22638893127441,-0.0029397230660514234,130513.95926840679
83.32591342926025,-0.004042119215820707,130513.06334156611
83.42651128768921,-0.0031234557576796376,130511.9570074095
83.52664303779602,-0.005052649019775884,130511.16130666854
83.6267671585083,-0.004960782673961777,130512.34517600169
83.72580575942993,-0.004777049982333563,130511.31065840152
83.82653045654297,-0.004133985561634814,130510.47959256137
83.9266185760498,-0.0028478567202373166,130509.43163330524
84.02629232406616,-0.004409584599077135,130509.08846997473
84.12661814689636,-0.0023885249911667814,130509.37962297726
84.22600746154785,-0.0030315894118655303,130509.24166067953
84.32654738426208,-0.0026641240286091024,130509.51749461157
84.4258873462677,-0.0037665201783783865,130509.76574515042
84.52657008171082,-0.0029397230660514234,130509.28917063538
84.6265938282013,-0.0022966586453526745,130509.96025357186
84.7267575263977,-0.0015617278788398188,130509.46422821468
84.82607626914978,-0.005236381711404098,130508.91780539323
84.9265763759613,-0.005236381711404098,130509.02602485391
85.02641224861145,-0.0025722576827949956,130506.62342236852
85.12570977210999,-0.0038583865241924933,130507.06108013168
85.22624135017395,-0.005420114403032312,130507.65497211851
85.32578015327454,-0.0023885249911667814,130508.08947490666
85.42658638954163,-0.00486891632814767,130507.480527416
85.52646446228027,-0.0030315894118655303,130507.4324746744
85.62646818161011,-0.004685183636519456,130506.48922720696
85.72577857971191,-0.0026641240286091024,130506.04030448626
85.82634854316711,-0.0037665201783783865,130505.03627403764
85.92636847496033,-0.0032153221034937444,130505.1326466339
86.02656483650208,-0.0015617278788398188,130506.11938197051
86.12582588195801,-0.004593317290705349,130505.90744377347
86.2264633178711,-0.0061550451695451674,130506.21669939611
86.32617735862732,-0.004593317290705349,130506.59502945651
86.42665719985962,-0.004593317290705349,130507.53552651087
86.52663135528564,-0.0027559903744232093,130508.48197385977
86.62644481658936,-0.005052649019775884,130509.9337764738
86.72656464576721,-0.0035827874867501723,130510.44039882642
86.82628178596497,-0.0032153221034937444,130511.09635894377
86.92668032646179,-0.005971312477916954,130511.4867230494
87.0266261100769,-0.0014698615330257117,130511.43805074447
87.12648439407349,-0.0013779951872116046,130512.09424567003
87.22659683227539,-0.004409584599077135,130512.58482110302
87.3264639377594,-0.0043177182532630285,130513.22633899274
87.42666292190552,-0.0027559903744232093,130512.90370509347
87.5258674621582,-0.004501450944891242,130512.91333458413
87.62642860412598,-0.0033071884493078513,130513.42200112571
87.72645044326782,-0.004960782673961777,130513.47980101313
87.82663917541504,-0.004685183636519456,130513.63182091182
87.92656707763672,-0.0029397230660514234,130514.76863882063
88.02661061286926,-0.0039502528700066,130515.59177493857
88.12631177902222,-0.0025722576827949956,130515.53259744472
88.226233959198,-0.004133985561634814,130513.77933770025
88.3260715007782,-0.003674653832564279,130515.30140393024
88.42632985115051,-0.004777049982333563,130515.67126353722
88.52628636360168,-0.0039502528700066,130515.50413718351
88.62610626220703,-0.0033071884493078513,130516.55372346517
88.72645330429077,-0.0028478567202373166,130516.59835111865
88.82638025283813,-0.0025722576827949956,130516.0385160068
88.92598915100098,-0.0024803913369808887,130516.53466440612
89.02595925331116,-0.0030315894118655303,130515.78119796552
89.12588405609131,-0.0030315894118655303,130516.60307816896
89.22648119926453,-0.004042119215820707,130517.34277035206
89.32648396492004,-0.004409584599077135,130517.80849331686
89.42642259597778,-0.004225851907448921,130517.62764398518
89.52610373497009,-0.0012861288413974978,130518.26487958667
89.62657761573792,-0.005052649019775884,130517.03839162801
89.72661018371582,-0.00486891632814767,130517.83455246521
89.82684445381165,-0.005328248057218205,130517.35109721869
89.92670273780823,-0.0027559903744232093,130516.61598749683
90.02583479881287,-0.004685183636519456,130516.05438874716
90.12662100791931,-0.0027559903744232093,130515.84894987245
90.22605276107788,-0.0037665201783783865,130515.4640548852
90.32595777511597,-0.005971312477916954,130515.11764939668
90.42645692825317,-0.0032153221034937444,130515.805884457
90.52682948112488,-0.0011942624955833907,130514.82529601132
90.62659001350403,-0.003399054795121958,130516.34276641019
90.7260320186615,-0.0043177182532630285,130515.50848976917
90.82656788825989,-0.004409584599077135,130515.45764079226
90.92635869979858,-0.0020210596079103535,130515.71187671303
91.02593946456909,-0.0017454605704680327,130515.44068904173
91.12606954574585,-0.0022966586453526745,130515.79662013755
91.22634959220886,-0.0019291932620962467,130517.5169581238
91.32647609710693,-0.0011023961497692838,130518.56526231143
91.4264087677002,-0.0025722576827949956,130518.80873608029
91.52593684196472,-0.0022966586453526745,130518.32786247227
91.62594103813171,-0.005420114403032312,130518.19507622505
91.72669577598572,-0.0030315894118655303,130519.07556860254
91.82586979866028,-0.0024803913369808887,130519.36801174228
91.92611050605774,-0.0024803913369808887,130518.03121056806
92.02632164955139,-0.004960782673961777,130519.02808951127
92.12673473358154,-0.0032153221034937444,130519.32528056014
92.22639918327332,-0.004685183636519456,130518.19275250412
92.3262722492218,-0.004409584599077135,130518.77347725371
92.42595887184143,-0.004501450944891242,130518.59612952833
92.52654910087585,-0.0024803913369808887,130518.5365165755
92.62660026550293,-0.0021129259537244604,130517.28286491796
92.72633576393127,-0.0030315894118655303,130517.05457842616
92.82615065574646,-0.003674653832564279,130517.24912058355
92.92588949203491,-0.0019291932620962467,130516.7242085252
93.02625870704651,-0.0043177182532630285,130517.25178767268
93.12590098381042,-0.004685183636519456,130516.62660890541
93.22622299194336,-0.0031234557576796376,130516.76394801488
93.32644176483154,-0.0035827874867501723,130516.28755321339
93.42641925811768,-0.0019291932620962467,130515.25879789206
93.52617621421814,-0.004042119215820707,130514.23291810286
93.62631845474243,-0.006338777861173382,130513.80962629258
93.72602605819702,-0.0031234557576796376,130514.02866366334
93.8258113861084,-0.004042119215820707,130511.825797297
93.92676281929016,-0.0039502528700066,130511.44321756731
94.02662658691406,-0.0018373269162821396,130511.79889581059
94.12657427787781,-0.0032153221034937444,130512.21900622954
94.2263650894165,-0.0025722576827949956,130512.99710560658
94.32621574401855,-0.0021129259537244604,130512.69739504592
94.42588472366333,-0.005695713440474633,130512.22765554134
94.52599263191223,-0.0034909211409360655,130512.10488998721
94.62593412399292,-0.0010105298039551768,130512.7944009885
94.72598433494568,-0.0043177182532630285,130511.91496088964
94.82669830322266,-0.0034909211409360655,130511.42346480068
94.92625451087952,-0.0022966586453526745,130511.38111832063
95.02595615386963,-0.005052649019775884,130511.04300648857
95.12678098678589,-0.003399054795121958,130511.43870583971
95.2258563041687,-0.0026641240286091024,130511.69483525574
95.32667541503906,-0.004133985561634814,130511.12535173017
95.42606902122498,-0.004133985561634814,130511.21281655715
95.52581357955933,-0.00486891632814767,130511.29153490144
95.62585735321045,-0.004042119215820707,130512.6623814113
95.7266492843628,-0.004409584599077135,130512.99614327018
95.8265118598938,-0.0029397230660514234,130514.09652894316
95.92608833312988,-0.0025722576827949956,130514.58687604885
96.02574038505554,-0.004042119215820707,130514.42818844397
96.12612581253052,-0.004225851907448921,130514.48536959957
96.22597336769104,-0.0031234557576796376,130514.23683263961
96.3262026309967,-0.0035827874867501723,130514.41314937566
96.42599081993103,-0.004042119215820707,130514.1718344381
96.52624845504761,-0.004960782673961777,130513.75465099429
96.62590670585632,-0.0029397230660514234,130514.47918589487
96.72673225402832,-0.0016535942246539257,130515.13126730539
96.8263030052185,-0.005052649019775884,130516.51814057486
96.92596530914307,-0.0033071884493078513,130516.16632651738
97.02609515190125,-0.005052649019775884,130516.14969386565
97.12659454345703,-0.0018373269162821396,130515.4347244791
97.22666120529175,-0.0030315894118655303,130515.49125203119
97.32594680786133,-0.004225851907448921,130515.64212682807
97.42638564109802,-0.004133985561634814,130514.97791414527
97.52609658241272,-0.0022966586453526745,130515.48012273075
97.62588763237,-0.0018373269162821396,130514.73211045768
97.72658252716064,-0.0021129259537244604,130513.65889941191
97.82647681236267,-0.003674653832564279,130513.09300947073
97.92630624771118,-0.0025722576827949956,130512.78370852365
98.02580094337463,-0.0017454605704680327,130512.6053376713
98.12589693069458,-0.0022047922995385677,130511.34480390417
98.22579526901245,-0.0039502528700066,130510.41032351374
98.32612347602844,-0.003674653832564279,130510.16929116237
98.42587184906006,-0.004225851907448921,130510.95236204614
98.52674221992493,-0.0038583865241924933,130510.05712584153
98.62676239013672,-0.0039502528700066,130510.85141325738
98.72579050064087,-0.0018373269162821396,130509.36627193165
98.82604455947876,-0.0027559903744232093,130508.12964473848
98.92609119415283,-0.004042119215820707,130508.71668026462
99.02661633491516,-0.0030315894118655303,130507.74501223816
99.12635970115662,-0.0031234557576796376,130507.57051101435
99.22618675231934,-0.0030315894118655303,130508.01345991291
99.32663583755493,-0.0028478567202373166,130507.91211392161
99.42608523368835,-0.003399054795121958,130508.02090252945
99.52646780014038,-0.0022966586453526745,130508.31881227651
99.6263496875763,-0.0020210596079103535,130508.88693104885
99.72598314285278,-0.004225851907448921,130507.39823794397
99.82602071762085,-0.004777049982333563,130506.35841414957
99.92665243148804,-0.0019291932620962467,130506.1225727346
100.02596807479858,-0.0033071884493078513,130506.21031546114
100.12665390968323,-0.0031234557576796376,130506.08928391503
100.22645163536072,-0.003674653832564279,130506.68035552352
100.32665753364563,-0.0027559903744232093,130506.21231997116
100.42602515220642,-0.004133985561634814,130505.59108797405
100.52613091468811,-0.0039502528700066,130504.33197917666
100.62620067596436,-0.003674653832564279,130504.29878125899
100.72653365135193,-0.0033071884493078513,130504.46890313309
100.82661175727844,-0.0031234557576796376,130505.62201281979
100.92621374130249,-0.0035827874867501723,130504.65981153781
101.02668690681458,-0.0032153221034937444,130505.09383038402
101.12588572502136,-0.0022966586453526745,130504.98444734563
101.22648978233337,-0.0008267971123269628,130505.78600261107
101.32628273963928,-0.004409584599077135,130505.50740234998
101.42581534385681,-0.0033071884493078513,130505.95666211499
101.52659487724304,-0.0030315894118655303,130506.3609959035
101.62672901153564,-0.005695713440474633,130506.72489631314
101.7261414527893,-0.0004593317290705349,130507.05240668183
101.82588171958923,-0.004225851907448921,130506.24716601367
101.92642378807068,-0.004685183636519456,130505.5224494123
102.02641439437866,-0.0017454605704680327,130506.37020447108
102.1266131401062,-0.004133985561634814,130508.13318402399
102.22615098953247,-0.0011942624955833907,130509.21986562159
102.32576370239258,-0.004593317290705349,130509.09787905944
102.42607045173645,-0.0028478567202373166,130507.3880911535
102.52608823776245,-0.0024803913369808887,130508.14928203815
102.62606644630432,-0.0026641240286091024,130508.13435383435
102.72643327713013,-0.0011942624955833907,130506.52091845091
102.82639002799988,-0.0028478567202373166,130506.76882660584
102.9262638092041,-0.004225851907448921,130505.19194394526
103.02606773376465,-0.0034909211409360655,130504.77274955074
103.1258602142334,-0.0011023961497692838,130504.39547459567
103.22640705108643,-0.0013779951872116046,130504.1559271361
103.32636737823486,-0.003399054795121958,130503.6403344225
103.42589139938354,-0.0033071884493078513,130503.27630098024
103.52599835395813,-0.0039502528700066,130504.24867088223
103.62610006332397,-0.0025722576827949956,130504.323803794
103.72624230384827,-0.0020210596079103535,130503.8914234146
103.8267548084259,-0.0015617278788398188,130503.30228107315
103.92633509635925,-0.0034909211409360655,130502.37205296583
104.02598071098328,-0.003399054795121958,130502.53484766925
104.1262035369873,-0.0024803913369808887,130503.48136290233
104.22673797607422,-0.0034909211409360655,130502.9332266121
104.32593441009521,-0.003399054795121958,130504.4399039509
104.42599606513977,-0.0029397230660514234,130504.29591355582
104.52668571472168,-0.0011023961497692838,130504.56632220023
104.62589740753174,-0.0015617278788398188,130505.50968998022
104.72605562210083,-0.0017454605704680327,130506.65872098219
104.82584142684937,-0.004501450944891242,130507.49284888397
104.92660689353943,-0.005603847094660526,130507.94356399556
105.02593278884888,-0.0032153221034937444,130507.54920759602
105.12680387496948,-0.004960782673961777,130508.29428683642
105.22639536857605,-0.0031234557576796376,130508.86485815278
105.32660603523254,-0.0027559903744232093,130509.3783723375
105.42651915550232,-0.004501450944891242,130510.74053510375
105.52616143226624,-0.004042119215820707,130509.16648159338
105.6266131401062,-0.0023885249911667814,130508.64983343403
105.72627329826355,-0.0039502528700066,130508.38485009063
105.82598757743835,-0.0027559903744232093,130508.44636508156
105.92628240585327,-0.004685183636519456,130507.90172857342
106.0267333984375,-0.0020210596079103535,130507.61155571608
106.12621545791626,-0.0013779951872116046,130508.85040014448
106.22647190093994,-0.0033071884493078513,130509.46536013004
106.32603693008423,-0.0035827874867501723,130509.61882411705
106.42652344703674,-0.0030315894118655303,130509.55694170535
106.5258994102478,-0.0031234557576796376,130509.90124753481
106.62654209136963,-0.0029397230660514234,130509.61112278134
106.72594499588013,-0.003399054795121958,130509.9500105032
106.82600164413452,-0.003399054795121958,130509.75500945289
106.92602896690369,-0.0016535942246539257,130509.1795085076
107.02629566192627,-0.0026641240286091024,130509.46155765685
107.12665462493896,-0.003399054795121958,130509.11540189118
107.2266149520874,-0.0026641240286091024,130508.60386170205
107.32663607597351,-0.0039502528700066,130508.34347553186
107.42668104171753,-0.0012861288413974978,130508.60912797868
107.52588367462158,-0.0025722576827949956,130510.14821518082
107.62674498558044,-0.004042119215820707,130510.93339366274
107.72612404823303,-0.005052649019775884,130511.14005429647
107.82596969604492,-0.004225851907448921,130510.12604886683
107.92669653892517,-0.0029397230660514234,130510.01344398016
108.02654790878296,-0.0055119807488464186,130509.31209958215
108.12607765197754,-0.0038583865241924933,130509.68088962394
108.2264678478241,-0.005328248057218205,130510.51280066156
108.32603645324707,-0.0019291932620962467,130511.86152059541
108.4265992641449,-0.0028478567202373166,130513.57536853588
108.52650165557861,-0.0033071884493078513,130513.7178316823
108.62573766708374,-0.0043177182532630285,130512.54604851406
108.72643995285034,-0.004960782673961777,130511.49144366266
108.8259687423706,-0.0034909211409360655,130511.54229929639
108.92646551132202,-0.005052649019775884,130510.58806936674
109.02595233917236,-0.005328248057218205,130509.92926243006
109.1262857913971,-0.0019291932620962467,130509.73633618705
109.2262442111969,-0.0032153221034937444,130509.86270256835
109.32677221298218,-0.0031234557576796376,130508.77643231151
109.42596769332886,-0.0029397230660514234,130509.09878908037
109.52639102935791,-0.0022047922995385677,130510.08891017234
109.62668108940125,-0.0030315894118655303,130510.7800191551
109.72664737701416,-0.004042119215820707,130510.3020172396
109.82625031471252,-0.004501450944891242,130509.87181551565
109.92663812637329,-0.0018373269162821396,130509.7846339641
110.02609872817993,-0.004133985561634814,130509.6061705677
110.12590718269348,-0.0022966586453526745,130510.34555351092
110.22674942016602,-0.0019291932620962467,130509.81099815984
110.32604694366455,-0.0013779951872116046,130509.22989834385
110.42659139633179,-0.0021129259537244604,130508.20690850948
110.52576494216919,-0.0027559903744232093,130508.38621765854
110.62634706497192,-0.0033071884493078513,130507.54759589268
110.72675609588623,-0.0008267971123269628,130507.39283630342
110.82631945610046,-0.0017454605704680327,130507.15355267309
110.92672348022461,-0.003399054795121958,130506.83819740577
111.02599954605103,-0.0022047922995385677,130507.9543776652
111.12655758857727,-0.0026641240286091024,130508.55893989868
111.22586703300476,-0.0033071884493078513,130510.40304590881
111.32598280906677,-0.0028478567202373166,130509.66274131794
111.42614245414734,-0.004133985561634814,130508.69646718615
111.52611184120178,-0.0010105298039551768,130509.62682046754
111.6261374950409,-0.0028478567202373166,130510.4641384208
111.72665143013,-0.0011942624955833907,130510.81772457872
111.82647943496704,-0.0018373269162821396,130510.63595212085
111.92591547966003,-0.0021129259537244604,130511.07235690877
112.02582502365112,-0.0021129259537244604,130511.56512121791
112.12633419036865,-0.0038583865241924933,130511.30860909613
112.22645592689514,-0.0025722576827949956,130510.17774818651
112.3265151977539,-0.0024803913369808887,130510.55997336787
112.42636704444885,-0.0033071884493078513,130511.20397603109
112.52615976333618,-0.0019291932620962467,130511.98357842799
112.6258442401886,-0.0034909211409360655,130511.3852205852
112.72662782669067,-0.0028478567202373166,130510.54669852668
112.82591319084167,-0.0029397230660514234,130511.39202867402
112.9266939163208,-0.005052649019775884,130511.55282580662
113.02669596672058,-0.0031234557576796376,130512.19754322596
113.12624788284302,-0.0026641240286091024,130511.87778890337
113.226154088974,-0.0032153221034937444,130511.99001001303
113.3266327381134,-0.0018373269162821396,130512.99100901173
113.42673468589783,-0.0010105298039551768,130514.29190811056
113.52629780769348,-0.0021129259537244604,130514.46271729951
113.62618207931519,-0.0022047922995385677,130513.91644556957
113.72595071792603,-0.0029397230660514234,130515.12480101263
113.82656383514404,-0.0031234557576796376,130514.91232091137
113.92647695541382,-0.0032153221034937444,130514.62108882023
114.02655959129333,-0.0014698615330257117,130514.05897993821
114.12656283378601,-0.0039502528700066,130515.4530819444
114.2261574268341,-0.003674653832564279,130514.70777374996
114.32648968696594,-0.0022966586453526745,130514.93699637496
114.42604470252991,-0.0020210596079103535,130514.54329673748
114.52630162239075,-0.0032153221034937444,130514.68896706375
114.62670040130615,-0.0017454605704680327,130513.42007035737
114.7267198562622,-0.003674653832564279,130513.57806332163
114.8264844417572,-0.0022047922995385677,130513.32025698948
114.92593240737915,-0.0024803913369808887,130513.48823129054
115.0264663696289,-0.0030315894118655303,130512.53940816148
115.12571263313293,-0.0019291932620962467,130511.78546734534
115.22569799423218,-0.004777049982333563,130512.00692061082
115.32623529434204,-0.0030315894118655303,130511.20622854974
115.42585229873657,-0.0025722576827949956,130511.38560569477
115.52655792236328,-0.003399054795121958,130511.24704512529
115.62622785568237,-0.004225851907448921,130511.32234061277
115.72665905952454,-0.0014698615330257117,130510.6901065515
115.82594394683838,-0.003674653832564279,130510.82109589635
115.9259946346283,-0.0032153221034937444,130510.6389863067
116.0261013507843,-0.0024803913369808887,130509.87508767603
116.12668347358704,-0.005603847094660526,130510.48757890843
116.22645020484924,-0.0025722576827949956,130509.5388210176
116.3264548778534,-0.0027559903744232093,130510.28493891584
116.42619633674622,-0.0015617278788398188,130510.85644502426
116.52595710754395,-0.0038583865241924933,130510.87080052184
116.62588310241699,-0.0039502528700066,130509.48372046965
116.72614765167236,-0.0037665201783783865,130509.3353484227
116.82635545730591,9.186634581410698e-05,130510.40181358044
116.92636179924011,-0.0037665201783783865,130510.9616322224
117.0260534286499,-0.0034909211409360655,130511.56546900017
117.12613725662231,-0.004042119215820707,130511.00892210015
117.22614288330078,-0.0034909211409360655,130511.00802989014
117.32643437385559,-0.0021129259537244604,130510.00722690114
117.42592477798462,-0.004777049982333563,130508.00650421104
117.52620768547058,-0.0022047922995385677,130506.60585378992
117.62663888931274,-0.0031234557576796376,130506.94526841093
117.72659301757812,-0.004501450944891242,130505.75074156983
117.82596445083618,-0.00018373269162821396,130503.77566741286
117.92603874206543,-0.0029397230660514234,130500.39810067158
118.02677059173584,-0.0021129259537244604,130495.15829060442
118.12661957740784,-0.0018373269162821396,130484.14246154398
118.22611618041992,-0.0015617278788398188,130469.32821538959
118.32673692703247,-0.0007349307665128559,130451.59539385063
118.42673444747925,-0.0026641240286091024,130433.43585446557
118.52622866630554,-0.0031234557576796376,130415.89226901902
118.62630343437195,-0.0022966586453526745,130397.80304211713
118.72680878639221,-0.0011023961497692838,130380.62273790542
118.82678198814392,-0.0033071884493078513,130363.36046411488
118.92673826217651,-0.003399054795121958,130345.7244177034
119.02648901939392,-0.0020210596079103535,130325.15197593307
119.12654900550842,-0.0022047922995385677,130307.63677833976
119.22674775123596,-0.00018373269162821396,130292.77310050579
119.32591509819031,-0.0013779951872116046,130277.39579045522
119.42629909515381,-0.0026641240286091024,130263.05621140971
119.52598881721497,-0.0027559903744232093,130250.15059026875
119.62638282775879,-0.004685183636519456,130240.23553124188
119.72664546966553,-0.004042119215820707,130232.51197811769
119.82641553878784,-0.0030315894118655303,130223.36078030593
119.9263026714325,-0.004133985561634814,130216.32470227533
120.02580857276917,-0.0019291932620962467,130209.1922320478
120.12674713134766,-0.0034909211409360655,130202.37300884303
120.22585701942444,-0.0034909211409360655,130196.03570795874
120.32640767097473,-0.0016535942246539257,130189.13213716287
120.42642116546631,-0.0032153221034937444,130183.21892344659
120.52641010284424,-0.0037665201783783865,130176.79703110195
120.626309633255,0.00027559903744232096,130172.01732799175
120.72640442848206,-0.004593317290705349,130168.11559519258
120.82624435424805,-0.0035827874867501723,130164.80403567333
120.92667937278748,-0.004042119215820707,130161.223632106
121.02625775337219,-0.0016535942246539257,130158.70126889541
121.12615013122559,-0.004133985561634814,130156.63114200588
121.22610116004944,-0.0030315894118655303,130154.9680278053
121.32656359672546,-0.0023885249911667814,130155.17122502477
121.42661643028259,-0.0020210596079103535,130155.05410252229
121.52665114402771,-0.0026641240286091024,130154.44869227006
121.62666392326355,-0.0031234557576796376,130152.70382304305
121.7266960144043,-0.0025722576827949956,130152.93344073875
121.82605648040771,-0.0022047922995385677,130153.94009666488
121.92595839500427,-0.004133985561634814,130155.1460869984
122.02592444419861,-0.0035827874867501723,130163.23147829856
122.12640428543091,-0.0043177182532630285,130189.70833046871
122.2261209487915,-0.004133985561634814,130222.73749742184
122.32668948173523,-0.0028478567202373166,130251.36374767966
122.42623853683472,-0.0016535942246539257,130275.4273729117
122.52665686607361,-0.0025722576827949956,130299.68463562054
122.62646627426147,-0.0022966586453526745,130320.61617205848
122.72598552703857,-0.003399054795121958,130340.25455485263
122.82621645927429,-0.0029397230660514234,130357.22909936737
122.92675638198853,-0.0017454605704680327,130372.20618943062
123.02604651451111,-0.0021129259537244604,130385.68557048756
123.12671947479248,-0.00486891632814767,130396.3170134388
123.22610282897949,-0.0013779951872116046,130406.98531209493
123.32583928108215,-0.0035827874867501723,130416.98678088543
123.4261257648468,-0.0034909211409360655,130425.2881027969
123.52651333808899,-0.0017454605704680327,130432.7592925172
123.62607288360596,-0.0024803913369808887,130438.18336326549
123.72606158256531,-0.0032153221034937444,130442.46502693895
123.82584619522095,-0.0018373269162821396,130445.41852424506
123.92657017707825,-0.0016535942246539257,130448.07667182056
124.02614974975586,-0.0038583865241924933,130446.8690046385
124.12617897987366,-0.0032153221034937444,130442.08210417465
124.2262499332428,-0.0038583865241924933,130434.9738937572
124.32606291770935,-0.0043177182532630285,130427.47650438148
124.42590808868408,-0.0021129259537244604,130417.82885394334
124.52651596069336,0.0,130408.945968549
124.62602877616882,-0.0034909211409360655,130399.85137169411
124.72645401954651,-0.0008267971123269628,130392.5662345247
124.82601928710938,-0.0030315894118655303,130387.10961107223
124.9259033203125,-0.0022966586453526745,130381.398649965
125.02653694152832,-0.0010105298039551768,130375.55878496851
125.12591052055359,-0.0039502528700066,130369.40290647166
125.22591090202332,-0.003399054795121958,130364.7626158245
125.3266339302063,-0.0039502528700066,130361.38635424206
125.42652678489685,-0.0037665201783783865,130367.34771881787
125.52613735198975,-0.004777049982333563,130379.81294693607
125.62607979774475,-0.0024803913369808887,130391.43165224248
125.72590661048889,-0.0019291932620962467,130404.28848701823
125.82594347000122,-0.0017454605704680327,130415.35963831641
125.9258782863617,-0.0016535942246539257,130424.52367448476
126.02658367156982,-0.0028478567202373166,130432.97130703629
126.1260416507721,-0.0037665201783783865,130436.87417633267
126.22609615325928,-0.003399054795121958,130437.28675869941
126.32599639892578,-0.0018373269162821396,130434.55808282948
126.42631793022156,-0.0022047922995385677,130429.10227454653
126.5258367061615,-0.00018373269162821396,130421.0920470919
126.62594366073608,-0.0011942624955833907,130411.08284238272
126.7266538143158,-0.0022047922995385677,130402.97455814444
126.82599687576294,-0.00486891632814767,130394.77710233
126.92635035514832,-0.0022047922995385677,130384.999392097
127.02602410316467,-0.0018373269162821396,130376.3994528873
127.12618923187256,-0.0035827874867501723,130370.35950759858
127.22625303268433,-0.0039502528700066,130366.22355683873
127.32620549201965,-0.0039502528700066,130364.30120115486
127.42585396766663,-0.0011023961497692838,130363.07108103936
127.52651476860046,-0.0018373269162821396,130360.46397293542
127.6258852481842,-0.0043177182532630285,130357.91757564188
127.72598171234131,-0.0021129259537244604,130357.6258180777
127.82595205307007,-0.0028478567202373166,130362.46323626993
127.92648601531982,-0.0025722576827949956,130373.81691264294
128.0261960029602,-0.0018373269162821396,130385.93522137865
128.12622737884521,-0.0035827874867501723,130397.84169924079
128.22612833976746,-0.0015617278788398188,130410.5575293167
128.32585906982422,-0.0017454605704680327,130420.50177638503
128.4263401031494,-0.003674653832564279,130429.25159874653
128.526113986969,-0.0018373269162821396,130436.82643887188
128.6264612674713,-0.0037665201783783865,130443.9437949847
128.72629737854004,-0.004685183636519456,130450.44941548625
128.82651591300964,-0.0020210596079103535,130454.60447393762
128.92627429962158,-0.0023885249911667814,130456.04402654385
129.0263819694519,-0.0039502528700066,130457.53962388948
129.1263244152069,-0.0017454605704680327,130455.78566150053
129.2264063358307,-0.005420114403032312,130452.40709535047
129.32665729522705,-0.004593317290705349,130447.36638581542
129.42659664154053,-0.0016535942246539257,130441.92974723388
129.5267026424408,-0.0033071884493078513,130435.8367725105
129.62635111808777,-0.0043177182532630285,130430.85309525946
129.7258791923523,-0.004501450944891242,130426.96778573352
129.8265504837036,-0.0019291932620962467,130422.87100716018
129.92593717575073,-0.003674653832564279,130418.98390644416
130.0260670185089,-0.0032153221034937444,130414.78551579974
130.12606549263,-0.0011942624955833907,130415.00696421976
130.22610068321228,-0.0025722576827949956,130422.40626779778
130.32663130760193,-0.0022047922995385677,130431.165641018
130.4267542362213,-0.0033071884493078513,130438.2490769162
130.52624034881592,-0.0023885249911667814,130446.92416922459
130.62630462646484,-0.0028478567202373166,130453.73175230213
130.7265269756317,-0.0008267971123269628,130459.85857707192
130.8263063430786,-0.0032153221034937444,130464.77271936473
130.92639660835266,-0.0039502528700066,130468.59544742826
131.0264778137207,-0.0022966586453526745,130472.33590268545
131.12670063972473,-0.0034909211409360655,130475.6023124169
131.22669315338135,-0.0028478567202373166,130478.04208117521
131.32593393325806,-0.0026641240286091024,130481.53787305769
131.4265148639679,-0.0022966586453526745,130483.18408575193
131.52596831321716,-0.0013779951872116046,130485.36567717674
131.62664914131165,-0.0034909211409360655,130487.52910945906
131.72665214538574,-0.0013779951872116046,130490.27619851317
131.8263943195343,-0.003399054795121958,130492.44857866185
131.92656111717224,-0.004777049982333563,130494.50372079566
132.02587604522705,-0.0038583865241924933,130496.45334871611
132.1260426044464,-0.003399054795121958,130498.90801384451
132.226500749588,-0.0010105298039551768,130500.01721246006
132.32679295539856,-0.0033071884493078513,130499.91549121405
132.42581009864807,-0.0020210596079103535,130499.92394209265
132.52601289749146,-0.0031234557576796376,130500.13154788339
132.6260859966278,-0.004133985561634814,130502.81839309505
132.7259714603424,-0.0034909211409360655,130505.43655378555
132.82588410377502,-0.0034909211409360655,130505.59289840699
132.9261016845703,-0.0038583865241924933,130505.4336085663
133.02675676345825,-0.004501450944891242,130505.39024770967
133.12639951705933,-0.0038583865241924933,130505.2512229387
133.22603940963745,-0.0024803913369808887,130505.52610064484
133.3265814781189,-0.0025722576827949956,130506.27349058037
133.42651414871216,-0.0029397230660514234,130505.84614152233
133.52599596977234,-0.0014698615330257117,130505.7615273701
133.62638521194458,-0.0032153221034937444,130506.38537463309
133.72671794891357,-0.0043177182532630285,130506.04683716978
133.82620978355408,-0.0025722576827949956,130507.04215345281
133.926087141037,-0.005236381711404098,130508.33793810754
134.02628302574158,0.0020210596079103535,130507.50414429678
134.12588763237,0.01157515957257748,130507.35372986711
134.22676396369934,0.09572473233829948,130508.21835688042
134.32630276679993,0.29525843544653985,130507.99652119238
134.42674040794373,0.553035401800924,130507.29686907315
134.5260624885559,0.6472902726061978,130506.46718216583
134.6266474723816,0.7137096406297971,130506.62046394925
134.72594738006592,0.5191367201955186,130506.15841755432
134.82652616500854,0.43774313780421975,130506.8425757989
134.92676782608032,0.4790829934205679,130505.95831821901
135.02604460716248,0.5080208923520116,130506.0624863971
135.12625360488892,0.4631901155947274,130504.65623775739
135.2265763282776,0.46080159060356063,130503.79061398166
135.32638382911682,0.39888367352485254,130503.8115525835
135.42657160758972,0.3842769245404095,130503.23039732515
135.52649188041687,0.3998023369829936,130504.20735759265
135.62641191482544,0.39833247544996786,130504.08662183338
135.7262315750122,0.4194617349872125,130502.37795965004
135.82639741897583,0.3485409160187219,130502.14016368504
135.9267144203186,0.11657839283810176,130502.12614731654
136.02582383155823,-0.017822071087936753,130501.7135325849
136.1262743473053,-0.06292844688266329,130499.34217932641
136.22669219970703,-0.01001343169373766,130499.10796139378
136.3265359401703,-0.007073708627686238,130498.3971652544
136.42641639709473,-0.0038583865241924933,130498.05744872896
136.52635836601257,0.22011176457060033,130496.35170385607
136.6267328262329,0.40375258985300017,130495.91653347046
136.72585320472717,0.45804560022913743,130495.22488012342
136.82620978355408,0.5645186950276874,130495.40239211108
136.92665219306946,0.6631831504320383,130494.26215289999
137.02596759796143,0.7180273588830601,130493.03593761
137.1265892982483,0.7703911759971012,130492.832343849
137.22635698318481,0.7384216876537919,130493.2491094641
137.32611727714539,0.5881283459019129,130493.5241985177
137.42656588554382,0.7537633674047478,130493.87177866593
137.5268075466156,0.7931740297589996,130493.78460079934
137.6257884502411,0.8038305258734361,130493.50614071942
137.72583675384521,0.8087913085473979,130492.85552664747
137.8261480331421,0.8224793940736999,130492.76997398272
137.92625212669373,0.61311599196335,130492.39297658447
138.02590489387512,0.3025158767658543,130491.45367892603
138.126122713089,-0.011483293226763372,130491.80831103343
138.22592163085938,-0.035460409484245295,130492.02747993008
138.3262448310852,-0.022047922995385674,130493.22473193708
138.4265217781067,-0.009002901889782484,130493.10225874337
138.5266501903534,-0.0067062432444298095,130493.99203286904
138.6258189678192,-0.009921565347923555,130495.99282958213
138.72611689567566,-0.0016535942246539257,130496.39354662392
138.8262493610382,0.006981842281872131,130497.75419196153
138.92648220062256,0.0020210596079103535,130499.87877276537
139.0266535282135,-0.006981842281872131,130500.69089548883
139.12603497505188,-0.006798109590243916,130501.32180593995
139.22587299346924,-0.0038583865241924933,130501.38962534595
139.32625579833984,-0.005879446132102847,130501.95066281136
139.42631340026855,-0.005236381711404098,130501.55559653023
139.5260820388794,-0.0055119807488464186,130502.30003687722
139.62611508369446,-0.0038583865241924933,130500.7700331895
139.7267861366272,-0.005328248057218205,130501.09302987056
139.82581686973572,-0.0025722576827949956,130502.58372688352
139.92638635635376,-0.0038583865241924933,130503.02535419517
140.02612781524658,-0.0067062432444298095,130501.42281877565
140.12672352790833,-0.0038583865241924933,130501.3805368981
140.22652745246887,-0.0038583865241924933,130501.3424832083
140.32644033432007,-0.005695713440474633,130501.50823488747
140.42655611038208,-0.0067062432444298095,130500.95741139873
140.52644419670105,-0.006338777861173382,130501.76167025886
140.62628316879272,-0.0037665201783783865,130501.18550323298
140.7265658378601,-0.00486891632814767,130501.46695290969
140.82604718208313,-0.006063178823731061,130500.82025761872
140.92622065544128,-0.0043177182532630285,130500.73823185684
141.02601385116577,-0.0061550451695451674,130501.36440867116
141.12619757652283,-0.006889975936058024,130500.82796780406
141.2265124320984,-0.004685183636519456,130501.54517102365
141.32666873931885,-0.006063178823731061,130500.29065392129
141.42661356925964,-0.004225851907448921,130500.36158852917
141.52611422538757,-0.004777049982333563,130501.52542967624
141.6259891986847,-0.006889975936058024,130501.47288670862
141.72633838653564,-0.0038583865241924933,130500.62559803776
141.82607340812683,-0.005052649019775884,130500.56303823399
141.9262773990631,-0.0035827874867501723,130499.50673441059
142.02587509155273,-0.007992372085827308,130500.25606096954
142.12660121917725,-0.00486891632814767,130499.53045487258
142.2264153957367,-0.004960782673961777,130500.47740938532
142.32623434066772,-0.005879446132102847,130499.62966844678
142.4262399673462,-0.005879446132102847,130498.16670160211
142.52682328224182,-0.0029397230660514234,130497.15003144191
142.6258351802826,-0.006981842281872131,130498.03502829773
142.72645330429077,-0.006981842281872131,130497.43152546795
142.82663822174072,-0.004409584599077135,130497.38837292115
142.92651677131653,0.244731945248781,130497.04953562905
143.0257956981659,0.5276802903562305,130496.84458206614
143.12659668922424,0.725560399239817,130497.26012385954
143.22593641281128,0.7722285029133833,130496.0341114736
143.32649660110474,0.5331922711050769,130496.03070032624
143.42584371566772,0.37536588899644113,130496.52763029363
143.5261743068695,0.13338993412208333,130497.77486726426
143.62646961212158,-0.0032153221034937444,130499.19738053784
143.72610139846802,-0.030040295081212982,130498.17764248405
143.82674384117126,-0.01460674898444301,130497.65987823565
143.92611956596375,-0.007716773048384987,130496.59389041208
144.0261881351471,-0.005236381711404098,130497.03450137089
144.12618231773376,-0.00578757978628874,130497.8310512338
144.22623085975647,-0.0072574413193144515,130497.94794611042
144.32621812820435,-0.0055119807488464186,130498.35315149938
144.42597365379333,-0.006614376898615703,130498.91783634946
144.526202917099,-0.007441174010942665,130498.42605271452
144.62616515159607,-0.007441174010942665,130499.18344744308
144.72626399993896,-0.007073708627686238,130499.36510269878
144.82594513893127,-0.007716773048384987,130500.1285924289
144.92617273330688,-0.005879446132102847,130499.91573318602
145.0260317325592,-0.0037665201783783865,130499.42415986741
145.1267864704132,-0.004501450944891242,130499.88174388069
145.22665214538574,-0.008176104777455522,130500.89356949262
145.3259813785553,-0.006338777861173382,130500.30421254336
145.4262731075287,-0.004960782673961777,130500.67379128904
145.5262007713318,-0.0043177182532630285,130499.80641216013
145.6262390613556,-0.0030315894118655303,130500.92577094413
145.7265748977661,-0.005328248057218205,130501.63319384972
145.8261263370514,-0.006246911515359275,130501.06987446475
145.92641234397888,-0.004777049982333563,130500.16288701828
146.02676653862,-0.005420114403032312,130500.54659831646
146.12601709365845,-0.005971312477916954,130500.79193848482
146.2267324924469,-0.005236381711404098,130501.61274463634
146.32661533355713,-0.004501450944891242,130501.6514701727
146.42644357681274,-0.00578757978628874,130502.08632315544
146.52658414840698,-0.006522510552801596,130501.9776908399
146.62614583969116,-0.0043177182532630285,130502.47992175592
146.7267689704895,-0.0072574413193144515,130503.43192958033
146.82634377479553,-0.004501450944891242,130504.18873662231
146.92631649971008,-0.004960782673961777,130503.96986296008
147.0261676311493,-0.004225851907448921,130503.07287666407
147.12593269348145,-0.005695713440474633,130502.56558899766
147.22599530220032,-0.004042119215820707,130503.1090300979
147.32626938819885,-0.004685183636519456,130502.99812708811
147.42618703842163,-0.005328248057218205,130503.1983143793
147.52668237686157,-0.007992372085827308,130502.27848294139
147.62645483016968,-0.005328248057218205,130501.75063464725
147.72626185417175,-0.006063178823731061,130500.87557118254
147.8259572982788,-0.0033071884493078513,130500.88801406429
147.9260697364807,-0.004685183636519456,130501.99921265786
148.02615070343018,-0.007165574973500345,130502.09929139208
148.12621665000916,-0.006522510552801596,130500.78936225286
148.22593212127686,-0.0027559903744232093,130501.41042602758
148.3263282775879,-0.005879446132102847,130502.36938342483
148.42628836631775,-0.005052649019775884,130503.73244508235
148.52637434005737,-0.004685183636519456,130502.95920057413
148.62648797035217,-0.0043177182532630285,130503.46328051672
148.72633576393127,-0.004042119215820707,130503.01695246506
148.82672214508057,-0.003399054795121958,130501.81525721856
148.92595720291138,-0.004685183636519456,130501.93373149671
149.02672457695007,-0.007533040356756773,130501.54035834705
149.1266565322876,-0.0038583865241924933,130500.58632251235
149.2266547679901,-0.005603847094660526,130500.52769026111
149.32656598091125,-0.004225851907448921,130501.274921235
149.42632007598877,-0.005420114403032312,130502.1474291115
149.52657747268677,-0.0032153221034937444,130502.33268620036
149.62637519836426,-0.006246911515359275,130502.09941758032
149.7265625,-0.00578757978628874,130502.7894758223
149.82633757591248,-0.005052649019775884,130502.81052824008
149.9263162612915,-0.003399054795121958,130501.22947541607
150.02650928497314,-0.0061550451695451674,130500.70652787447
150.1265869140625,-0.006246911515359275,130499.43587508703
150.22635579109192,-0.005328248057218205,130500.39228757832
150.3259780406952,-0.004960782673961777,130499.2530588205
150.42598843574524,-0.006522510552801596,130499.32775293845
150.52604699134827,-0.005420114403032312,130500.39497764461
150.625914812088,-0.005052649019775884,130501.05547988015
150.72585654258728,-0.007441174010942665,130500.64993189213
150.82672214508057,-0.006246911515359275,130499.88493870292
150.92639923095703,-0.006614376898615703,130499.99644483264
151.02621030807495,-0.004133985561634814,130499.79680034937
151.12622618675232,-0.005879446132102847,130499.61712031445
151.2260661125183,-0.0078086393941990935,130499.25540828302
151.32600283622742,-0.006063178823731061,130498.92986745472
151.42620635032654,-0.004225851907448921,130498.43688070925
151.52626132965088,-0.00486891632814767,130497.39319263834
151.6259069442749,-0.00486891632814767,130496.0538733745
151.72619915008545,-0.004960782673961777,130496.44848603706
151.8258180618286,-0.006246911515359275,130495.50363743336
151.92623615264893,-0.0034909211409360655,130496.05327369003
152.0266149044037,-0.005236381711404098,130495.84794632104
152.12668871879578,-0.004685183636519456,130495.56315168894
152.226731300354,-0.005420114403032312,130496.30683652005
152.3267846107483,-0.006063178823731061,130495.87615286803
152.42656898498535,-0.005236381711404098,130496.48853758123
152.5258173942566,-0.0029397230660514234,130496.63968382312
152.6262912750244,-0.004409584599077135,130496.37571544081
152.72643542289734,-0.005328248057218205,130496.93814389672
152.826580286026,-0.006522510552801596,130497.24432950706
152.92650079727173,-0.006063178823731061,130497.01989655635
153.02619910240173,-0.004960782673961777,130497.41790690072
153.12642216682434,-0.005603847094660526,130497.37611621065
153.226256608963,-0.005328248057218205,130497.43850458959
153.3261902332306,-0.005971312477916954,130497.89465413064
153.42627906799316,-0.004225851907448921,130500.20518871758
153.52597188949585,-0.004685183636519456,130500.68466984582
153.62606120109558,-0.004501450944891242,130501.91620286125
153.72631430625916,-0.00578757978628874,130502.02458257513
153.82636833190918,-0.004501450944891242,130501.92212431763
153.92655491828918,-0.0037665201783783865,130502.32991188587
154.02640795707703,-0.006430644206987489,130502.49692069727
154.12642884254456,-0.006246911515359275,130502.74722862754
154.2265555858612,-0.0037665201783783865,130501.77250576479
154.3262860774994,-0.0061550451695451674,130502.7952551883
154.42674493789673,-0.006798109590243916,130502.11572966949
154.5260031223297,-0.0061550451695451674,130501.60415670254
154.6260747909546,-0.006063178823731061,130502.04374103229
154.72668528556824,-0.005695713440474633,130500.53936692906
154.82674622535706,-0.006981842281872131,130501.08543023617
154.92667078971863,-0.005144515365589991,130500.67688721255
155.0265336036682,-0.006614376898615703,130499.8091984913
155.12633061408997,-0.00486891632814767,130498.72827864217
155.22594094276428,-0.00486891632814767,130497.85545077796
155.32634592056274,-0.004042119215820707,130497.96990570016
155.42612528800964,-0.006430644206987489,130498.77291513015
155.52661728858948,-0.004685183636519456,130498.49562361714
155.62603640556335,-0.0055119807488464186,130499.34606125543
155.72671675682068,-0.004133985561634814,130498.4114551299
155.82632398605347,-0.005328248057218205,130498.87030961692
155.92675399780273,-0.004593317290705349,130500.08327865523
156.02613615989685,-0.006246911515359275,130501.4749507897
156.12673902511597,-0.004225851907448921,130501.62745571074
156.22636103630066,-0.005236381711404098,130501.66471013967
156.32590341567993,-0.005328248057218205,130501.4982391257
156.42625331878662,-0.005971312477916954,130502.34841521314
156.52666115760803,-0.005971312477916954,130502.41357369184
156.62647891044617,-0.005971312477916954,130503.67221632265
156.72672176361084,-0.0055119807488464186,130503.50499469039
156.82659339904785,-0.005695713440474633,130503.15449522136
156.92592644691467,-0.004225851907448921,130504.23904569921
157.02644395828247,-0.005144515365589991,130504.01514112929
157.12669157981873,-0.005420114403032312,130504.31362701637
157.22616958618164,-0.005420114403032312,130503.68226431473
157.32634019851685,-0.007073708627686238,130504.71403788327
157.42646408081055,-0.006889975936058024,130505.04263409495
157.5264618396759,-0.005879446132102847,130504.43837068547
157.62642192840576,-0.005420114403032312,130503.89453361693
157.72644519805908,-0.0035827874867501723,130504.00508025524
157.82643604278564,-0.005695713440474633,130504.10457222973
157.9260184764862,-0.0039502528700066,130503.99411500676
158.0264413356781,-0.0043177182532630285,130503.09470350608
158.12658262252808,-0.005052649019775884,130503.68523315547
158.22666931152344,-0.004685183636519456,130503.61670983993
158.32640957832336,-0.00578757978628874,130503.45503885594
158.42679619789124,-0.004225851907448921,130503.60953497035
158.52613520622253,-0.004409584599077135,130503.14858147333
158.62577867507935,-0.0067062432444298095,130504.333723326
158.72647190093994,-0.006246911515359275,130503.9003509934
158.82635951042175,-0.0032153221034937444,130503.71031589406
158.9266061782837,-0.0061550451695451674,130503.53928430466
159.02653622627258,-0.005328248057218205,130502.6853558742
159.1267421245575,-0.003674653832564279,130503.0168202868
159.22584223747253,-0.006614376898615703,130503.01513825812
159.32585978507996,-0.004501450944891242,130502.51362443232
159.4263310432434,-0.004225851907448921,130501.96226198909
159.52675676345825,-0.0032153221034937444,130501.56603579018
159.6265046596527,-0.005052649019775884,130500.20943221117
159.72596144676208,-0.005236381711404098,130499.58848899006
159.82618284225464,-0.006246911515359275,130499.82964009106
159.92592072486877,-0.005603847094660526,130501.64667608196
160.02627611160278,-0.005328248057218205,130501.38200847377
160.12630987167358,-0.005144515365589991,130502.3438076264
160.2265248298645,-0.0024803913369808887,130501.80942686377
160.32644319534302,-0.004593317290705349,130500.82848417739
160.42660284042358,-0.0030315894118655303,130499.84563575966
160.52675938606262,-0.005052649019775884,130500.7610721837
160.62666583061218,-0.005236381711404098,130500.98496496533
160.72648763656616,-0.005420114403032312,130500.6864684688
160.82605361938477,-0.005603847094660526,130499.81782162192
160.92618656158447,-0.006063178823731061,130499.13603945974
161.02624201774597,-0.005328248057218205,130498.72243551377
161.12617325782776,-0.004593317290705349,130498.3501919624
161.2264347076416,-0.007349307665128558,130499.31517276616
161.32590126991272,-0.006246911515359275,130500.18365548956
161.426598072052,-0.005052649019775884,130501.1652899406
161.5265874862671,-0.0031234557576796376,130499.74876094655
161.62598609924316,-0.003674653832564279,130500.5738848519
161.72635626792908,-0.006338777861173382,130500.31649636671
161.82582068443298,-0.005420114403032312,130501.38484673004
161.9262797832489,-0.00486891632814767,130502.44636205703
162.0263693332672,-0.004501450944891242,130502.80172585134
162.1263084411621,-0.007073708627686238,130501.72155326621
162.22679710388184,-0.004409584599077135,130503.04939793958
162.32603478431702,-0.006338777861173382,130503.14445814563
162.42612099647522,-0.003399054795121958,130503.53001233107
162.52672386169434,-0.004225851907448921,130504.67701109797
162.6258373260498,-0.005879446132102847,130504.80930998818
162.72628331184387,-0.004960782673961777,130505.82837898936
162.82671427726746,-0.0037665201783783865,130505.34554109043
162.92677569389343,-0.005328248057218205,130505.2109869814
163.0267767906189,-0.0055119807488464186,130505.08988828326
163.1257140636444,-0.006981842281872131,130504.88089945493
163.22648739814758,-0.0029397230660514234,130504.89280950945
163.3259792327881,-0.00578757978628874,130505.0035285585
163.42629313468933,-0.004685183636519456,130505.20317570266
163.52603578567505,-0.005971312477916954,130505.7828581324
163.62602639198303,-0.004225851907448921,130506.30457231916
163.72659254074097,-0.0039502528700066,130505.47411508724
163.82594966888428,-0.006614376898615703,130506.22670357852
163.92647433280945,-0.004685183636519456,130505.50403322067
164.0261528491974,-0.0026641240286091024,130506.75362989861
164.12616276741028,-0.004960782673961777,130505.77826690875
164.22665143013,-0.007349307665128558,130505.30044021788
164.32608079910278,-0.0055119807488464186,130505.6703961961
164.42581462860107,-0.005695713440474633,130505.9033565765
164.52596020698547,-0.006889975936058024,130504.31302091885
164.626389503479,-0.0026641240286091024,130503.18171882698
164.72637295722961,-0.005236381711404098,130503.36354694428
164.82614302635193,-0.004777049982333563,130504.32719224985
164.92591619491577,-0.005879446132102847,130504.49447302488
165.02587246894836,-0.004042119215820707,130503.3450257224
165.12586164474487,-0.0022966586453526745,130504.11052315017
165.22597408294678,-0.00578757978628874,130503.59947083515
165.32672309875488,-0.004501450944891242,130503.73952375163
165.4258518218994,-0.005328248057218205,130503.56557137647
165.52632117271423,-0.0032153221034937444,130502.90901423883
165.62607789039612,-0.0034909211409360655,130502.31811281494
165.72634053230286,-0.005328248057218205,130501.08630153345
165.8266248703003,-0.004593317290705349,130500.57767138012
165.92595958709717,-0.005603847094660526,130499.5199042421
166.02668404579163,-0.0039502528700066,130499.4679138179
166.12639951705933,-0.006798109590243916,130499.92112243612
166.22642350196838,-0.006063178823731061,130500.52901019252
166.3263714313507,-0.00486891632814767,130502.37610917326
166.42644047737122,-0.005052649019775884,130501.93849825594
166.5263376235962,0.0,130501.04464843035
166.62588763237,0.032061354689123335,130501.34018358731
166.72648525238037,0.07753519586710629,130500.80616522858
166.82657027244568,0.03132642392261048,130502.22554870573
166.92669987678528,-0.10105298039551767,130503.20299383515
167.0260889530182,-0.16370582824073865,130503.88269445163
167.125914812088,-0.1383507167960451,130505.99442500647
167.22592639923096,0.09333620734713269,130506.09498250582
167.3265790939331,0.21166006075570248,130507.18548425524
167.42664003372192,0.10105298039551767,130508.56693582973
167.52636170387268,-0.14689428695675708,130510.11024224677
167.6261477470398,-0.19549158389241966,130509.3992180221
167.72654366493225,0.0016535942246539257,130507.7592962199
167.8267297744751,0.1316444735516153,130507.78336659791
167.92637634277344,-0.07468733914686898,130508.20502993812
168.02663350105286,-0.22562374531944676,130506.98452694432
168.1262183189392,-0.08644623141107467,130505.98607424989
168.2259964942932,0.1539679955844433,130506.0874668249
168.32663321495056,0.017822071087936753,130505.17872014242
168.42600345611572,-0.22819600300224174,130503.86084812817
168.5259189605713,-0.0035827874867501723,130503.07476331537
168.62617373466492,0.1551622580800267,130503.56728698383
168.7267804145813,-0.15690771865049472,130503.91055828545
168.82616090774536,-0.1830896272075152,130503.81950245691
168.92599391937256,0.1512120052100201,130503.43755221122
169.02582621574402,-0.11042334766855659,130503.3937969901
169.1261076927185,-0.20054423291219553,130503.9544172911
169.22662830352783,0.15488665904258436,130503.35897556199
169.32611083984375,-0.0960003313757418,130504.52307800579
169.4261815547943,-0.19365425697613753,130503.37077020522
169.52658200263977,0.10858602075227446,130502.43369318469
169.62579917907715,-0.19181693005985537,130503.19032386622
169.7263879776001,-0.02287472010771264,130503.5712914796
169.82625722885132,-0.06237724880777864,130503.61416233165
169.9262716770172,-0.15157947059327653,130503.75274609849
170.02671718597412,0.07138015069756112,130504.17747148864
170.1263415813446,-0.19668584638800304,130503.75972433978
170.2260456085205,0.0882835583273568,130503.5837519058
170.32671284675598,-0.13917751390837207,130504.12537671521
170.42598748207092,-0.04133985561634814,130504.01283904369
170.52598094940186,-0.005971312477916954,130504.61155513932
170.62642621994019,-0.0072574413193144515,130504.85039962539
170.72646021842957,-0.0031234557576796376,130503.86535966284
170.82625555992126,-0.0029397230660514234,130502.77882369656
170.92648315429688,-0.0034909211409360655,130502.4009413269
171.0267367362976,-0.0043177182532630285,130501.3608471942
171.12607979774475,-0.0028478567202373166,130500.32476247479
171.22618746757507,-0.0037665201783783865,130498.6922862273
171.32627415657043,-0.004501450944891242,130498.12305760458
171.42622423171997,-0.0033071884493078513,130497.21075184413
171.52663731575012,-0.003674653832564279,130497.08967665973
171.6259913444519,-0.005420114403032312,130495.68070899376
171.726713180542,-0.0004593317290705349,130494.41263809439
171.82606649398804,-0.004501450944891242,130494.77137428496
171.92590999603271,-0.0022966586453526745,130495.19423685648
172.02663254737854,-0.0013779951872116046,130494.97481317083
172.12667441368103,-0.0024803913369808887,130495.17733185375
172.22665882110596,-0.0026641240286091024,130496.35959866836
172.32591915130615,-0.003399054795121958,130497.02363880153
172.426762342453,-0.0022966586453526745,130497.42127492139
172.52643966674805,-0.004501450944891242,130497.67914742925
172.62594556808472,-0.0029397230660514234,130498.21123268633
172.7263536453247,-0.005695713440474633,130497.6901094177
172.8268141746521,-0.004501450944891242,130497.12109847592
172.92610549926758,-0.004409584599077135,130497.50898862834
173.02579760551453,-0.0026641240286091024,130498.95808976551
173.1267421245575,-0.004409584599077135,130499.36228078896
173.22600936889648,-0.0016535942246539257,130499.62605271007
173.32579445838928,-0.0022966586453526745,130500.26344743907
173.42650818824768,-0.004225851907448921,130500.03710269516
173.5265233516693,-0.0005511980748846419,130500.23339242564
173.62642312049866,-0.0014698615330257117,130500.11005318307
173.72656750679016,-0.004685183636519456,130500.79904786477
173.8260931968689,-0.0028478567202373166,130501.9191430783
173.92591977119446,-0.0039502528700066,130502.22722877047
174.02646112442017,-0.0023885249911667814,130503.10450589343
174.12600326538086,-0.0019291932620962467,130504.19405530408
174.2260971069336,-0.0015617278788398188,130504.27464977367
174.3267867565155,-0.004225851907448921,130503.34718479631
174.42665314674377,-0.0014698615330257117,130502.21246631668
174.5258824825287,-0.0037665201783783865,130501.691219685
174.62647914886475,-0.0030315894118655303,130499.5220977165
174.7266767024994,-0.0027559903744232093,130499.16988794485
174.82596254348755,-0.0024803913369808887,130500.65289915036
174.9266848564148,-0.0029397230660514234,130500.28760923533
175.0260033607483,-0.0022966586453526745,130500.7588483118
175.1267445087433,-0.004777049982333563,130502.08296348061
175.2264964580536,-0.0039502528700066,130501.37466713255
175.326491355896,-0.0022966586453526745,130501.7372004193
175.42602443695068,-0.003399054795121958,130503.26348037737
175.52648258209229,-0.003399054795121958,130502.83713233963
175.62648224830627,-0.003674653832564279,130502.65341910567
175.72606921195984,-0.0033071884493078513,130503.0880771951
175.82648038864136,-0.005420114403032312,130503.5792694756
175.92599439620972,-0.0043177182532630285,130503.32134252804
176.02578926086426,-0.0026641240286091024,130504.28920827524
176.12647557258606,-0.005052649019775884,130505.56028744772
176.22595643997192,-0.0031234557576796376,130505.10425870295
176.32628345489502,-0.003399054795121958,130504.39383283266
176.4258120059967,-0.0022966586453526745,130504.9544495494
176.52657675743103,-0.0038583865241924933,130504.05900459447
176.62648725509644,-0.0027559903744232093,130503.35310413502
176.72621750831604,-0.003674653832564279,130502.11779372153
176.82660055160522,-0.003399054795121958,130501.10601434937
176.92603278160095,-0.0013779951872116046,130499.59541291444
177.0260922908783,-0.0026641240286091024,130499.335871623
177.12651300430298,-0.0031234557576796376,130499.2022844607
177.22641444206238,-0.003674653832564279,130499.18205601463
177.32665252685547,-0.0026641240286091024,130497.96385041317
177.42669343948364,-0.004042119215820707,130497.76746537186
177.5265510082245,-0.0025722576827949956,130499.29071883467
177.6267602443695,-0.0026641240286091024,130498.5616469512
177.72662138938904,-0.0020210596079103535,130498.40548225609
177.82647228240967,-0.0010105298039551768,130498.56493403048
177.9265477657318,-0.0011942624955833907,130499.30844062744
178.02663826942444,-0.0035827874867501723,130499.37759656471
178.1264967918396,-0.0022047922995385677,130499.83983690824
178.2263355255127,-0.0024803913369808887,130500.35585321742
178.3261308670044,-0.004225851907448921,130501.02026789568
178.4261269569397,-0.0013779951872116046,130501.21824110612
178.52645444869995,-0.0020210596079103535,130501.59641699551
178.6264636516571,-0.0022047922995385677,130502.63677529596
178.72658944129944,-0.0004593317290705349,130502.17309776637
178.8259768486023,-0.004042119215820707,130501.35578798974
178.926025390625,-0.0029397230660514234,130501.22020919077
179.0264163017273,-0.0020210596079103535,130501.79818827168
179.12634706497192,-0.004593317290705349,130501.81836944452
179.2267668247223,-0.0035827874867501723,130501.33653250006
179.32654857635498,-0.0017454605704680327,130501.60287925007
179.42665195465088,-0.0034909211409360655,130501.54259132508
179.52650237083435,-0.0029397230660514234,130501.08833219256
179.62657237052917,-0.0030315894118655303,130500.87949897331
179.7258644104004,-0.0005511980748846419,130500.691549076
179.82637333869934,-0.0017454605704680327,130502.7223941684
179.9264636039734,-0.0022047922995385677,130503.45015475157
180.02676844596863,-0.0033071884493078513,130502.70513927643
180.1264510154724,-0.0013779951872116046,130503.0346253488
180.22634315490723,-0.0005511980748846419,130502.13116281392
180.3259139060974,-0.0018373269162821396,130501.61804653253
180.42589163780212,-0.0014698615330257117,130500.75624187928
180.52628016471863,-0.0031234557576796376,130501.18061769135
180.6260962486267,-0.0021129259537244604,130501.06255592222
180.72627425193787,-0.0038583865241924933,130500.15630033
180.82563757896423,-0.0025722576827949956,130500.140670297
180.9266836643219,-0.0013779951872116046,130500.5266032673
181.02610635757446,-0.004225851907448921,130501.27394294058
181.12647676467896,-0.0023885249911667814,130500.14654864652
181.22644329071045,-0.004042119215820707,130499.93189378188
181.32647347450256,-0.0023885249911667814,130498.3387044037
181.42615175247192,-0.0022966586453526745,130497.60483396333
181.52611994743347,-0.003399054795121958,130497.544350567
181.62577199935913,-0.0026641240286091024,130498.2899155103
181.726243019104,-0.003674653832564279,130498.56092395927
181.82640552520752,-0.0019291932620962467,130498.50483156335
181.9263243675232,-0.004225851907448921,130498.75434840702
182.02662801742554,-0.0034909211409360655,130498.57891356632
182.12651872634888,-0.0007349307665128559,130497.8210222097
182.2263081073761,-0.0016535942246539257,130498.23891998873
182.3264536857605,-0.0032153221034937444,130498.51502798987
182.42658805847168,-0.0011942624955833907,130497.86352519089
182.52613806724548,-0.0023885249911667814,130498.3771726718
182.62643337249756,-0.0014698615330257117,130498.43945540462
182.72669124603271,-0.0019291932620962467,130497.69550986416
182.82638812065125,-0.0023885249911667814,130498.42595887775
182.9263985157013,-0.0016535942246539257,130499.38336298997
183.02646660804749,-0.0018373269162821396,130499.74502669099
183.12662649154663,-0.0007349307665128559,130499.7705240219
183.22621130943298,-0.005236381711404098,130499.39347161971
183.3259937763214,-0.0033071884493078513,130498.95412445774
183.42630529403687,9.186634581410698e-05,130499.55871201197
183.52605772018433,-0.0029397230660514234,130498.90284081078
183.6260793209076,-0.0018373269162821396,130499.01255672971
183.72658705711365,9.186634581410698e-05,130499.51130105674
183.82611227035522,-0.0037665201783783865,130499.56017095107
183.92661929130554,-0.0023885249911667814,130499.10415385597
184.02675938606262,-0.0023885249911667814,130498.29373847038
184.1259422302246,-0.0022966586453526745,130498.66436462334
184.22599029541016,-0.0016535942246539257,130497.49792816101
184.32652497291565,-0.0029397230660514234,130497.54813534491
184.42609024047852,-0.0010105298039551768,130496.69332181042
184.52679753303528,-0.0021129259537244604,130497.12398962938
184.6266210079193,-0.004501450944891242,130496.11159066645
184.72666478157043,-0.0024803913369808887,130496.10043159981
184.82640719413757,-0.0038583865241924933,130496.29038843984
184.92647433280945,-0.0020210596079103535,130497.06134959587
185.02656722068787,-0.0029397230660514234,130497.05521463628
185.12624764442444,-0.004042119215820707,130496.74969317266
185.22663950920105,-0.0027559903744232093,130496.17472385541
185.32671999931335,-0.0008267971123269628,130495.85725146988
185.42658591270447,-0.0034909211409360655,130495.57152632289
185.5267550945282,-0.0022047922995385677,130494.91437369061
185.62581419944763,-0.0008267971123269628,130495.32293632155
185.72661066055298,-0.0031234557576796376,130495.2906426894
185.82642817497253,-0.004042119215820707,130494.96157842047
185.92651104927063,-0.0032153221034937444,130495.06542057842
186.0258071422577,-0.0034909211409360655,130495.85887852058
186.126562833786,-0.0028478567202373166,130496.37299066853
186.22652673721313,-0.0030315894118655303,130497.3356916017
186.3265562057495,-0.0031234557576796376,130497.60212244153
186.42670726776123,-0.0008267971123269628,130497.34191019739
186.52672624588013,-0.0034909211409360655,130499.10771917764
186.62657952308655,-0.0028478567202373166,130499.39694725988
186.72626566886902,-0.0029397230660514234,130498.55725253391
186.82602620124817,-0.0016535942246539257,130497.70152728051
186.92594599723816,-0.003399054795121958,130498.63137455247
187.0259130001068,-0.0035827874867501723,130498.46823709722
187.12616515159607,-0.005879446132102847,130497.0214133875
187.22599124908447,-0.0013779951872116046,130496.71927204877
187.32633781433105,-0.0021129259537244604,130497.14734484389
187.42599773406982,-0.004409584599077135,130497.6326103595
187.52596139907837,-0.0020210596079103535,130498.36934932356
187.6260941028595,-0.004133985561634814,130499.23241439121
187.72630953788757,-0.0030315894118655303,130499.6091729521
187.8259506225586,-0.004777049982333563,130498.1482556569
187.92670440673828,-0.0007349307665128559,130497.0334300912
188.02621030807495,-0.003399054795121958,130497.83008708208
188.12668299674988,-0.0026641240286091024,130495.44707837387
188.2261893749237,-0.0021129259537244604,130493.30237053649
188.3260555267334,-0.0029397230660514234,130492.77213348285
188.4267258644104,-0.0022047922995385677,130492.29492013458
188.52578377723694,-0.0025722576827949956,130491.96542812113
188.62652921676636,0.00018373269162821396,130489.96888530902
188.72638177871704,-0.0033071884493078513,130489.27199677812
188.82608246803284,-0.0011023961497692838,130488.24479710031
188.9266276359558,-0.0011023961497692838,130488.52031739028
189.02657961845398,-0.0016535942246539257,130486.96828565127
189.12639927864075,-0.003399054795121958,130486.17145708614
189.22614359855652,-0.0016535942246539257,130486.15431137753
189.3261616230011,-0.0055119807488464186,130486.13888023979
189.42605257034302,-0.0015617278788398188,130486.02499221581
189.52607607841492,-0.0030315894118655303,130488.42249299423
189.62591671943665,-0.0039502528700066,130487.88024369482
189.72597765922546,-0.0031234557576796376,130487.99221932533
189.82592582702637,-0.0031234557576796376,130486.99299739281
189.92599248886108,-0.0031234557576796376,130486.49369765352
190.0261585712433,-0.0010105298039551768,130486.64432788818
190.12671852111816,-0.0026641240286091024,130487.77989509936
190.22627592086792,-0.00486891632814767,130487.80190558943
190.3260054588318,-0.00486891632814767,130487.72171503048
190.42603516578674,-0.0017454605704680327,130488.44954352743
190.52607941627502,-0.0020210596079103535,130487.9045891747
190.6261806488037,-0.0010105298039551768,130487.61413025722
190.72616934776306,-0.0035827874867501723,130489.25271723152
190.82671928405762,-0.004225851907448921,130488.82744550837
190.9265491962433,-0.0019291932620962467,130488.94470095754
191.02664875984192,-0.00027559903744232096,130489.6502308618
191.12653040885925,-0.0027559903744232093,130489.98520777562
191.22630500793457,-0.0035827874867501723,130490.68668699806
191.32647562026978,-0.0019291932620962467,130492.21801829826
191.426429271698,-0.0027559903744232093,130493.39621646842
191.52660489082336,-0.0024803913369808887,130494.45659482159
191.6261727809906,-0.0014698615330257117,130492.71093533943
191.7262418270111,-0.0039502528700066,130492.83984180549
191.82606863975525,-0.0015617278788398188,130493.65585762495
191.92591428756714,-0.0004593317290705349,130491.99027186245
192.02585339546204,-0.0023885249911667814,130491.9912446762
192.12638998031616,-0.004042119215820707,130491.79212020859
192.2266969680786,-9.186634581410698e-05,130492.21290818774
192.32623195648193,-0.0022047922995385677,130491.09161736898
192.42581820487976,-0.0020210596079103535,130490.38245563209
192.5259268283844,-0.0014698615330257117,130490.2442100689
192.62641191482544,-0.0011023961497692838,130490.819789062
192.72625255584717,-0.0013779951872116046,130489.93781015581
192.82612824440002,-0.0037665201783783865,130491.24402914023
192.92625284194946,-0.0026641240286091024,130491.41962622621
193.02668690681458,-0.0032153221034937444,130493.0776636036
193.1265037059784,-0.0038583865241924933,130494.16989724324
193.22608256340027,-0.0039502528700066,130494.35290751891
193.32660579681396,-0.0027559903744232093,130494.11761676702
193.4259033203125,-0.004133985561634814,130495.20585509032
193.52656483650208,-0.0025722576827949956,130493.78526958129
193.6266851425171,-0.0033071884493078513,130492.50674262317
193.7260615825653,-0.0018373269162821396,130492.15606836087
193.8265233039856,-0.0028478567202373166,130491.64046152479
193.92608904838562,-0.0031234557576796376,130491.07641537231
194.0267858505249,-0.0022047922995385677,130491.46877383509
194.1258590221405,-0.0011023961497692838,130492.32189645158
194.2265784740448,-0.0027559903744232093,130492.68970680643
194.32670855522156,-0.0008267971123269628,130492.22073612579
194.42599606513977,-0.0016535942246539257,130491.19866251321
194.5264618396759,-0.0035827874867501723,130491.57879626189
194.62620949745178,-0.0027559903744232093,130492.6209166357
194.72669076919556,-0.0034909211409360655,130493.95882497214
194.82633757591248,-0.00036746538325642793,130493.16294247494
194.92605233192444,-0.004777049982333563,130492.94664822746
195.02642965316772,-0.00027559903744232096,130493.35198340472
195.12611722946167,-0.0023885249911667814,130492.21678506424
195.22601175308228,-0.0012861288413974978,130490.69510655782
195.32634592056274,-0.0018373269162821396,130489.62559590203
195.42632007598877,-0.0029397230660514234,130489.76303631184
195.5261800289154,-0.0029397230660514234,130489.98673268066
195.62591886520386,-0.0026641240286091024,130490.08805941259
195.72598838806152,-0.0023885249911667814,130490.27925347134
195.8258924484253,-0.0039502528700066,130491.7513281242
195.92636680603027,-0.0032153221034937444,130491.17619531178
196.0261788368225,-0.0043177182532630285,130492.05857578061
196.12635231018066,-0.004042119215820707,130493.15271820256
196.2266082763672,-0.0024803913369808887,130493.83744638231
196.32578706741333,-0.0038583865241924933,130493.35370174408
196.4261167049408,-0.0026641240286091024,130493.11833156968
196.52596974372864,-0.0030315894118655303,130492.2064984127
196.62613463401794,-0.0043177182532630285,130492.28584857144
196.72609424591064,-0.0022966586453526745,130492.8572637143
196.82624745368958,-0.0033071884493078513,130493.57153734287
196.92666506767273,-0.0014698615330257117,130492.8143836086
197.02632331848145,-0.0014698615330257117,130493.43294524774
197.1259536743164,-0.00018373269162821396,130494.28965072296
197.22595286369324,-0.0037665201783783865,130493.76068565066
197.326087474823,-0.0033071884493078513,130494.0846170856
197.42622566223145,-0.0020210596079103535,130493.37615537703
197.525794506073,-0.0018373269162821396,130494.53853983933
197.62602019309998,-0.0028478567202373166,130494.6846858554
197.72618079185486,-0.0025722576827949956,130494.61621726988
197.8262164592743,-0.0025722576827949956,130496.25459554291
197.92668199539185,-0.0022966586453526745,130497.82913598862
198.02672219276428,-0.004225851907448921,130497.84622238977
198.12645983695984,-0.0014698615330257117,130498.76160015078
198.22634649276733,-0.0032153221034937444,130498.18544013571
198.32664513587952,-0.0030315894118655303,130499.56689612214
198.42638492584229,-0.0023885249911667814,130499.91020650993
198.5265543460846,-0.0012861288413974978,130500.21918585894
198.6262104511261,-0.005603847094660526,130499.19726727305
198.7257947921753,-0.0024803913369808887,130499.47754054575
198.82584834098816,-0.0022047922995385677,130499.32978649117
198.92590999603271,-0.0022047922995385677,130499.79680784207
199.02619743347168,-0.0019291932620962467,130501.11712705786
199.12655425071716,-0.0026641240286091024,130501.70541435208
199.22641777992249,0.0005511980748846419,130502.23487291687
199.32641172409058,-0.0010105298039551768,130502.01138562518
199.4267373085022,-0.0027559903744232093,130500.41024706267
199.52650833129883,-0.0020210596079103535,130500.8692223564
199.62618136405945,-0.0021129259537244604,130500.68230012077
199.72605276107788,-0.0035827874867501723,130500.9140701087
199.8261911869049,-0.0029397230660514234,130502.12266309783
199.9265320301056,-0.00486891632814767,130501.41039678805
200.0267527103424,-0.0022966586453526745,130500.36935710926
200.12656807899475,-0.0024803913369808887,130500.63242139833
200.22591948509216,-0.0031234557576796376,130500.3691792585
200.32655310630798,-0.0027559903744232093,130500.83226133266
200.42672157287598,-0.0022966586453526745,130500.24903519939
200.5258936882019,-0.0028478567202373166,130502.42413167945
200.6265218257904,-0.004133985561634814,130501.6817185115
200.72660732269287,-0.0026641240286091024,130501.61354666036
200.82651162147522,-0.0022966586453526745,130500.65219199432
200.9264645576477,-0.003674653832564279,130499.88697279489
201.0264220237732,-0.0030315894118655303,130498.6982755154
201.12608933448792,-0.0011023961497692838,130497.42844796387
201.2259178161621,-0.0018373269162821396,130497.38560316748
201.32588529586792,-0.0012861288413974978,130497.24704285074
201.42660474777222,-0.004501450944891242,130497.42233856567
201.52609968185425,-0.003399054795121958,130496.9801047091
201.6263997554779,-0.0022966586453526745,130497.6820942382
201.72636365890503,-0.0033071884493078513,130497.7138848144
201.82626962661743,-0.0017454605704680327,130499.14249633295
201.92650079727173,-0.0022047922995385677,130499.42824669965
202.02656888961792,-0.0013779951872116046,130498.08542202969
202.12604570388794,-0.004960782673961777,130498.37687982673
202.22585439682007,-9.186634581410698e-05,130498.13919184406
202.326504945755,-0.0033071884493078513,130497.92527265966
202.42613101005554,-0.0034909211409360655,130497.4327453937
202.52586817741394,-0.0023885249911667814,130497.48947085433
202.62633872032166,-0.0024803913369808887,130497.2405237689
202.7259919643402,-0.0006430644206987489,130498.01647139201
202.82656621932983,-0.0033071884493078513,130498.31482425281
202.92588543891907,0.0008267971123269628,130498.98334182754
203.02662014961243,-0.0019291932620962467,130499.48500764478
203.12657356262207,-0.0029397230660514234,130498.03650688031
203.22611165046692,-0.0028478567202373166,130498.03285619228
203.32614421844482,-0.0029397230660514234,130497.42957057305
203.42614150047302,-0.0026641240286091024,130496.58661351574
203.52568459510803,-0.003399054795121958,130495.92795216417
203.62612867355347,-0.0004593317290705349,130497.33515694775
203.72617936134338,-0.0028478567202373166,130497.10164125299
203.82610964775085,-0.00486891632814767,130496.2914771277
203.92578101158142,-0.0026641240286091024,130497.46232941494
204.02660822868347,-0.0028478567202373166,130497.21609647345
204.12599992752075,-0.004225851907448921,130497.1944868261
204.2266125679016,-0.0021129259537244604,130496.7750381435
204.32590913772583,-0.004685183636519456,130497.19753432916
204.42602133750916,-0.0010105298039551768,130497.57778089624
204.5260670185089,-0.0026641240286091024,130497.22000280663
204.62627696990967,-0.0016535942246539257,130497.39800252597
204.7258689403534,-0.0015617278788398188,130497.25820227338
204.82653880119324,-0.003674653832564279,130496.63238204605
204.92597460746765,-0.0026641240286091024,130495.56914384145
205.02591753005981,-0.0019291932620962467,130495.11222945731
205.1261739730835,-0.0025722576827949956,130494.10100651158
205.22600150108337,-0.0030315894118655303,130493.39090586042
205.32621502876282,-0.0030315894118655303,130492.85181527438
205.42587304115295,0.0,130494.76663374694
205.52591633796692,-0.0006430644206987489,130494.48997037225
205.62625122070312,-0.0027559903744232093,130495.34097333503
205.72583746910095,-0.0031234557576796376,130495.70687600152
205.82625722885132,-0.0024803913369808887,130496.23618840138
205.92654085159302,-0.0021129259537244604,130496.81256956124
206.0266819000244,-0.003674653832564279,130497.73131260513
206.12592887878418,-0.0035827874867501723,130497.75818134462
206.225932598114,-0.0008267971123269628,130498.08236321017
206.32638359069824,-0.004225851907448921,130498.27412688916
206.42655754089355,-0.0026641240286091024,130498.34671420025
206.5260100364685,-0.0024803913369808887,130498.01204278023
206.6258683204651,-0.0009186634581410698,130497.51083850222
206.72657823562622,-0.0037665201783783865,130497.659754652
206.82611083984375,-0.0013779951872116046,130496.79377918682
206.92584681510925,-0.0008267971123269628,130498.01440126813
207.026198387146,-0.0027559903744232093,130500.01296114131
207.1257288455963,-0.0027559903744232093,130500.51166502718
207.22621726989746,-0.0022047922995385677,130500.26049852447
207.32627201080322,-0.004593317290705349,130500.13444867203
207.4266004562378,-0.0033071884493078513,130499.12100380483
207.52606415748596,-0.0033071884493078513,130498.00890342436
207.62671327590942,-0.0032153221034937444,130498.50801308193
207.72586679458618,-0.0032153221034937444,130498.55721177373
207.82634449005127,-0.0033071884493078513,130497.40149059636
207.92660427093506,-0.0021129259537244604,130496.06134153673
208.02576327323914,-0.0019291932620962467,130495.55520738306
208.12615942955017,-0.0033071884493078513,130495.89968664476
208.226243019104,-0.0029397230660514234,130496.90971798029
208.32588815689087,-0.0023885249911667814,130496.41874618226
208.42603969573975,-0.0029397230660514234,130495.67687156404
208.52661871910095,-0.004685183636519456,130495.60918440763
208.62627935409546,-0.0022047922995385677,130497.24826596686
208.72657990455627,-0.0043177182532630285,130497.32343937019
208.82624888420105,-0.0025722576827949956,130498.39109543317
208.92668342590332,-0.0029397230660514234,130498.95198588984
209.02591180801392,-0.004409584599077135,130499.45678730085
209.12660264968872,-0.00036746538325642793,130500.21110857076
209.22641730308533,-0.0021129259537244604,130499.58999771369
209.3266031742096,-0.0034909211409360655,130498.93099794233
209.4258406162262,-0.0030315894118655303,130498.6378981481
209.5262792110443,-0.004685183636519456,130499.2741083333
209.625892162323,-0.005236381711404098,130499.14669749996
209.72654581069946,-0.0013779951872116046,130498.83202774997
209.82616424560547,-0.0025722576827949956,130499.04882497499
209.92658734321594,-0.004960782673961777,130499.7439424775
210.02586579322815,-0.004501450944891242,130499.36954822975
210.12608766555786,-0.004133985561634814,130499.23259340678
210.22673654556274,-0.0014698615330257117,130499.20933406611
210.32665419578552,-0.0030315894118655303,130499.3884006595
210.4264132976532,-0.0022047922995385677,130499.34956059355
210.5265862941742,-0.00018373269162821396,130500.11460453419
210.62663292884827,-0.0011023961497692838,130499.20314408078
210.7261929512024,-0.00036746538325642793,130499.6828296727
210.82623958587646,-0.003399054795121958,130500.11454670544
210.92603754997253,-0.0018373269162821396,130499.4030920349
211.02664422988892,-0.0027559903744232093,130499.66278283141
211.12590312957764,-0.0013779951872116046,130500.19650454826
211.22671055793762,-0.0039502528700066,130501.17685409344
211.32591128349304,0.00036746538325642793,130501.35916868411
211.42589735984802,-0.003399054795121958,130501.8232518157
211.52648735046387,-0.0014698615330257117,130501.44092663414
211.62580347061157,-0.0022966586453526745,130501.19683397072
211.72627234458923,-0.0030315894118655303,130503.67715057365
211.8265244960785,-0.0031234557576796376,130503.4094355163
211.92595601081848,-0.0016535942246539257,130502.36849196468
212.02632451057434,-0.0015617278788398188,130502.03164276821
212.12607431411743,-0.0024803913369808887,130502.1284784914
212.22588181495667,-0.0025722576827949956,130500.71563064227
212.32640743255615,-0.0011023961497692838,130501.64406757805
212.42634987831116,-0.0016535942246539257,130500.57966082025
212.52668523788452,-0.003399054795121958,130499.72169473823
212.626620054245,-0.0014698615330257117,130500.7495252644
212.7260639667511,-0.0035827874867501723,130501.07457273797
212.82592225074768,-0.003399054795121958,130500.66711546417
212.92679500579834,-0.0019291932620962467,130500.60040391775
213.02664756774902,-0.0028478567202373166,130499.94036352597
213.1260049343109,-0.0009186634581410698,130499.74632717337
213.22614693641663,-0.0022047922995385677,130498.47169445604
213.3259608745575,-0.0018373269162821396,130497.92452501044
213.42622447013855,-0.0031234557576796376,130499.0320725094
213.52654433250427,-0.0020210596079103535,130499.02886525847
213.62601947784424,-0.0019291932620962467,130498.62597873263
213.72643733024597,-0.0007349307665128559,130498.86338085937
213.82654428482056,-0.0024803913369808887,130498.77704277344
213.92673897743225,-0.0030315894118655303,130498.39933849609
214.026132106781,-0.0014698615330257117,130499.15940464649
214.12674641609192,-0.0010105298039551768,130498.64346418183
214.22606873512268,-0.0023885249911667814,130497.47911776365
214.32637572288513,-0.0026641240286091024,130498.2312059873
214.4264886379242,-0.0015617278788398188,130497.70808538857
214.52592587471008,-0.0014698615330257117,130496.73727684972
214.62635207176208,-0.005052649019775884,130496.06354916474
214.7261893749237,-0.0032153221034937444,130496.35719424827
214.82594084739685,-0.0014698615330257117,130497.02147482344
214.92607712745667,-0.0007349307665128559,130498.7193273411
215.026513338089,-0.0011023961497692838,130498.34739460699
215.12665915489197,-0.0024803913369808887,130497.9126551463
215.22590613365173,-0.0008267971123269628,130497.92138963168
215.3264458179474,-0.0018373269162821396,130496.42925066852
215.4260094165802,-0.0030315894118655303,130496.48632560167
215.52670907974243,-0.0006430644206987489,130498.03769304151
215.626127243042,-0.0033071884493078513,130498.23392373735
215.72586584091187,-0.0029397230660514234,130498.21053136363
215.82674431800842,-0.0027559903744232093,130499.58947822727
215.92656540870667,-0.003674653832564279,130500.93053040454
216.02591824531555,-0.004133985561634814,130499.73747736408
216.12678337097168,-0.0026641240286091024,130499.06372962767
216.22671747207642,-0.0020210596079103535,130498.05735666491
216.32660341262817,-0.00018373269162821396,130497.45162099841
216.42599773406982,-0.00578757978628874,130496.40645889858
216.5260727405548,-0.0022966586453526745,130496.56581300872
216.62612652778625,-0.004501450944891242,130497.40923170786
216.72674918174744,-9.186634581410698e-05,130498.06830853707
216.825834274292,-0.0025722576827949956,130497.46147768336
216.92605924606323,-0.0023885249911667814,130497.41532991502
217.0264322757721,-0.0043177182532630285,130497.27379692353
217.1258602142334,-0.0011023961497692838,130497.14641723118
217.22662568092346,-0.0031234557576796376,130496.73177550807
217.32664942741394,-0.0021129259537244604,130497.05859795726
217.42596578598022,9.186634581410698e-05,130496.65273816155
217.52627277374268,-0.004225851907448921,130496.9874643454
217.62607717514038,-0.0025722576827949956,130497.48871791085
217.72587299346924,-0.0025722576827949956,130496.73984611976
217.82621598243713,-0.0017454605704680327,130497.16586150779
217.92673182487488,-0.0029397230660514234,130497.24927535701
218.02605390548706,-0.0033071884493078513,130497.52434782131
218.12596607208252,-0.004685183636519456,130497.17191303917
218.22594094276428,-0.0011023961497692838,130497.85472173526
218.32666754722595,-0.0038583865241924933,130497.86924956174
218.42601537704468,-0.0029397230660514234,130496.58232460557
218.525860786438,-0.0008267971123269628,130496.62409214501
218.6262984275818,-0.0021129259537244604,130497.26168293052
218.72600317001343,-0.0030315894118655303,130496.73551463746
218.82651734352112,-0.0026641240286091024,130497.66196317373
218.9267680644989,-0.0013779951872116046,130497.59576685635
219.02584171295166,-0.0027559903744232093,130497.23619017072
219.12646627426147,-0.0029397230660514234,130496.61257115366
219.22593069076538,-0.0019291932620962467,130495.8513140383
219.32601809501648,-0.0020210596079103535,130495.96618263447
219.42608404159546,-0.004960782673961777,130495.86956437102
219.5260705947876,-0.0018373269162821396,130494.88260793393
219.6264545917511,-0.0007349307665128559,130494.29434714053
219.72656202316284,-0.0022047922995385677,130494.96491242648
219.82618069648743,-0.0027559903744232093,130494.96842118383
219.92606115341187,-0.0010105298039551768,130494.87157906545
220.0262541770935,-0.0013779951872116046,130495.58442115891
220.12588500976562,-0.0018373269162821396,130496.52597904303
220.22664165496826,-0.0025722576827949956,130495.77338113872
220.3258409500122,-0.0017454605704680327,130496.19604302484
220.42673754692078,-0.0032153221034937444,130496.47643872237
220.52596759796143,-0.0008267971123269628,130498.12879485014
220.6267125606537,-0.0014698615330257117,130499.21591536514
220.72653126716614,-0.0022966586453526745,130498.49432382864
220.8267867565155,-0.003399054795121958,130499.14489144577
220.92620086669922,-0.0017454605704680327,130498.7304023012
221.02585911750793,-0.0034909211409360655,130497.75736207108
221.12601256370544,-0.0027559903744232093,130497.88162586399
221.2262840270996,-0.0029397230660514234,130499.79346327759
221.32652926445007,-0.0032153221034937444,130499.31411694983
221.42597556114197,-0.003399054795121958,130498.48270525485
221.52599239349365,-0.0029397230660514234,130497.53443472937
221.6260416507721,-0.0022047922995385677,130497.58099125644
221.7265067100525,-0.0013779951872116046,130497.6228921308
221.82635116577148,-0.0011942624955833907,130497.26060291773
221.92640829086304,-0.0019291932620962467,130497.13454262596
222.02614903450012,-0.003399054795121958,130496.42108836336
222.12619256973267,-0.00027559903744232096,130495.37897952704
222.22600555419922,-0.0028478567202373166,130495.14108157434
222.32598972320557,-0.0007349307665128559,130494.72697341692
222.42594838142395,-0.0030315894118655303,130495.65427607525
222.52577757835388,-0.0038583865241924933,130495.38884846773
222.62619304656982,-0.0019291932620962467,130496.44996362097
222.72643637657166,-0.0032153221034937444,130495.80496725887
222.8259699344635,-0.0023885249911667814,130494.92447053298
222.9264304637909,-0.0038583865241924933,130495.43202347968
223.02611804008484,-0.004960782673961777,130495.5888211317
223.12604427337646,-0.0024803913369808887,130495.42993901853
223.22662663459778,-0.0019291932620962467,130494.68694511669
223.32603645324707,0.0,130494.31825060502
223.42581868171692,-0.0024803913369808887,130493.98642554453
223.52643752098083,0.00036746538325642793,130493.98778299007
223.62638449668884,-0.0028478567202373166,130493.28900469106
223.72608637809753,-0.005052649019775884,130493.56010422196
223.82679724693298,-0.0021129259537244604,130494.00409379977
223.92640852928162,-0.003674653832564279,130496.6036844198
224.0263524055481,0.0011942624955833907,130496.3433159778
224.1262891292572,-0.0007349307665128559,130497.10898438003
224.22636580467224,-0.0022966586453526745,130497.69808594203
224.3262002468109,-0.0025722576827949956,130498.22827734784
224.4263837337494,-0.0032153221034937444,130499.30544961305
224.52667474746704,-0.0024803913369808887,130499.17490465175
224.6266987323761,-0.0019291932620962467,130499.25741418658
224.7267279624939,-0.0011023961497692838,130499.23167276793
224.82581853866577,-0.0015617278788398188,130499.90850549114
224.9261667728424,-0.0031234557576796376,130498.81765494202
225.02653098106384,-0.0011942624955833907,130498.73588944782
225.12643361091614,-0.0019291932620962467,130499.76230050303
225.22587633132935,-0.005052649019775884,130499.18607045274
225.32633805274963,-0.004133985561634814,130497.96746340746
225.42626643180847,-0.004777049982333563,130496.37071706672
225.52652025222778,-0.0014698615330257117,130495.63364536004
225.62592387199402,-0.0025722576827949956,130494.77028082403
225.72638130187988,-0.0016535942246539257,130494.79325274163
225.82612943649292,-0.0032153221034937444,130495.51392746746
225.9264280796051,-0.0007349307665128559,130494.66253472072
226.02630615234375,-0.004133985561634814,130494.49628124865
226.12617087364197,-0.0024803913369808887,130495.1466531238
226.22582459449768,-0.0023885249911667814,130496.13198781142
226.3259358406067,-0.00036746538325642793,130497.11878903028
226.4260025024414,-0.0022047922995385677,130497.90691012726
226.52774739265442,-0.004960782673961777,130497.21621911455
226.62623262405396,-0.0028478567202373166,130498.0945972031
226.72662615776062,-0.003399054795121958,130499.4851374828
226.82654571533203,-0.0026641240286091024,130500.83662373452
226.92593479156494,-0.0011023961497692838,130500.85296136107
227.02672338485718,-0.0023885249911667814,130500.36766522497
227.1263463497162,-0.0023885249911667814,130500.23089870249
227.2266047000885,-0.0028478567202373166,130499.20780883225
227.32655596733093,-0.004501450944891242,130498.98702794901
227.42642402648926,-0.0028478567202373166,130498.68832515411
227.5261151790619,-0.0033071884493078513,130498.41949263871
227.6267294883728,-0.0024803913369808887,130496.77754337485
227.72649455070496,-0.0021129259537244604,130495.99978903736
227.8259027004242,-0.0014698615330257117,130494.89981013363
227.92658376693726,-0.0043177182532630285,130494.80982912026
228.02594256401062,-0.0026641240286091024,130494.72884620825
228.12618255615234,-0.0033071884493078513,130495.85596158744
228.22669005393982,-0.0023885249911667814,130495.7703654287
228.32662677764893,-0.0014698615330257117,130495.89332888584
228.42637276649475,-0.0021129259537244604,130496.90399599726
228.52666091918945,-0.0019291932620962467,130497.51359639753
228.62664890289307,-0.004225851907448921,130498.66223675778
228.7266788482666,-0.0039502528700066,130498.396013082
228.82652282714844,-0.0025722576827949956,130497.9564117738
228.92614483833313,-0.0021129259537244604,130497.96077059643
229.02644896507263,-0.00018373269162821396,130498.16469353679
229.12615060806274,-0.0028478567202373166,130499.2482241831
229.22620630264282,-0.0039502528700066,130497.6234017648
229.32604432106018,-0.004685183636519456,130496.96106158833
229.4268138408661,-0.0012861288413974978,130495.76495542949
229.5263330936432,-0.0013779951872116046,130494.98845988655
229.62652730941772,-0.0026641240286091024,130495.68961389789
229.72655582427979,-0.004133985561634814,130496.1206525081
229.8261318206787,-0.0023885249911667814,130496.7085872573
229.9262523651123,-0.0012861288413974978,130495.83772853157
230.0263364315033,-0.0022047922995385677,130495.45395567841
230.12619471549988,-0.0033071884493078513,130495.50856011058
230.2266445159912,-0.004593317290705349,130495.55770409953
230.3264331817627,-0.0024803913369808887,130494.90193368957
230.4261829853058,-0.0020210596079103535,130495.41174032062
230.52591753005981,-0.0032153221034937444,130495.77056628856
230.6260359287262,-0.0016535942246539257,130494.9935096597
230.72629165649414,-0.0023885249911667814,130494.79415869374
230.8258500099182,-0.0026641240286091024,130494.61474282437
230.92662811279297,-0.0022966586453526745,130494.55326854193
231.02620434761047,-0.0014698615330257117,130495.79794168774
231.12617230415344,-0.0043177182532630285,130496.71814751896
231.22645783424377,-0.0022047922995385677,130496.24633276706
231.32621908187866,-0.0022966586453526745,130495.52169949035
231.42616868019104,-0.0034909211409360655,130495.16952954131
231.5260956287384,-0.0032153221034937444,130495.55257658719
231.6265730857849,-0.0013779951872116046,130495.69731892846
231.72674942016602,-0.0032153221034937444,130495.52758703561
231.82588958740234,-0.0005511980748846419,130495.67482833205
231.92629051208496,-0.0018373269162821396,130496.00734549886
232.02609729766846,-0.0026641240286091024,130496.00661094899
232.12605953216553,-0.0026641240286091024,130495.20594985409
232.22673153877258,-0.0034909211409360655,130496.18535486868
232.32638120651245,-0.0022966586453526745,130495.86681938182
232.4267475605011,-0.0029397230660514234,130495.08013744364
232.52595973014832,-0.0032153221034937444,130494.77212369928
232.62653756141663,-0.0025722576827949956,130494.89491132936
232.7258276939392,-0.003399054795121958,130494.70542019643
232.82610440254211,-0.0031234557576796376,130493.93487817679
232.92605900764465,-0.004409584599077135,130494.54139035911
233.02603387832642,-0.0024803913369808887,130494.7872513232
233.12666964530945,-0.0033071884493078513,130495.50852619088
233.2266764640808,-0.0034909211409360655,130495.1576735718
233.3261969089508,-0.0028478567202373166,130496.14190621462
233.42679071426392,-0.0012861288413974978,130497.62771559316
233.5263547897339,-0.0024803913369808887,130498.06494403385
233.6260130405426,-0.0014698615330257117,130497.75844963046
233.72663569450378,-0.0043177182532630285,130499.08260466742
233.82642698287964,-0.0029397230660514234,130497.5743442007
233.92622900009155,-0.0025722576827949956,130497.31690978062
234.02625346183777,-0.0013779951872116046,130497.58521880256
234.12615203857422,-0.0016535942246539257,130497.1266969223
234.2262680530548,-0.0026641240286091024,130498.01402723008
234.32631611824036,-0.0009186634581410698,130497.41262450707
234.42620539665222,-0.0021129259537244604,130497.97136205637
234.52595400810242,-0.0018373269162821396,130496.27422585074
234.6260826587677,-0.0019291932620962467,130495.84680326567
234.72583389282227,-0.0014698615330257117,130495.36212293911
234.82578873634338,-0.0030315894118655303,130494.92591064521
234.9266448020935,-0.0017454605704680327,130494.03331958069
235.02621841430664,-9.186634581410698e-05,130493.82998762262
235.1259307861328,-0.0032153221034937444,130493.54698886037
235.22664046287537,-0.0025722576827949956,130493.39228997433
235.32633900642395,-0.0017454605704680327,130493.35306097691
235.4260540008545,-0.0019291932620962467,130493.31775487922
235.52671337127686,-0.0043177182532630285,130493.0859793913
235.6262285709381,-0.0020210596079103535,130493.27738145216
235.72664189338684,-0.0021129259537244604,130492.44964330694
235.82597470283508,-0.0017454605704680327,130492.80467897626
235.92671275138855,-0.0017454605704680327,130492.82421107864
236.0259087085724,-0.0024803913369808887,130493.64178997079
236.12586879730225,-0.0030315894118655303,130493.17761097371
236.2265818119049,0.0006430644206987489,130492.65984987635
236.32603120803833,-0.0017454605704680327,130492.59386488871
236.4265913963318,-0.0008267971123269628,130492.83447839985
236.52649354934692,-0.003674653832564279,130493.75103055986
236.62592458724976,-0.0014698615330257117,130493.27592750388
236.72589635849,-0.0013779951872116046,130494.1483347535
236.82577228546143,-0.0035827874867501723,130494.53350127816
236.92621874809265,-0.0012861288413974978,130494.28015115033
237.02679681777954,-0.0021129259537244604,130494.95213603531
237.12642812728882,-0.004042119215820707,130495.25692243178
237.22664403915405,-0.004593317290705349,130494.63123018862
237.3267159461975,-0.0018373269162821396,130495.66810716977
237.42665028572083,-0.0012861288413974978,130495.5012964528
237.52641892433167,-0.0017454605704680327,130495.25116680753
237.626202583313,-0.004685183636519456,130495.32605012678
237.72621607780457,-0.0018373269162821396,130494.6934451141
237.8264012336731,-0.0017454605704680327,130492.22410060269
237.92674493789673,-0.005420114403032312,130492.70169054242
238.02621579170227,-0.0014698615330257117,130493.03152148818
238.12607312202454,-0.0019291932620962467,130493.72836933937
238.22661137580872,-0.0026641240286091024,130493.25553240543
238.32608819007874,-0.0024803913369808887,130493.02997916489
238.42636561393738,-0.0017454605704680327,130492.62698124841
238.52665066719055,-0.003399054795121958,130491.06428312357
238.6263370513916,-0.0018373269162821396,130491.75785481122
238.72675132751465,-0.0018373269162821396,130493.2820693301
238.8257932662964,-0.004777049982333563,130493.05386239711
238.926518201828,-0.0028478567202373166,130493.9484761574
239.02590131759644,-0.003399054795121958,130494.35362854166
239.12639236450195,-0.004501450944891242,130493.51826568751
239.22641801834106,-0.003399054795121958,130494.26643911877
239.32668113708496,-0.0026641240286091024,130494.1397952069
239.42580318450928,-0.0022966586453526745,130495.4258156862
239.52674341201782,-0.0020210596079103535,130495.68323411759
239.6259639263153,-0.0030315894118655303,130494.31491070583
239.72603559494019,-0.005144515365589991,130493.88341963524
239.82661080360413,-0.0030315894118655303,130493.49507767172
239.92676448822021,-0.0030315894118655303,130493.94556990455
240.0260148048401,-0.0025722576827949956,130493.9510129141
240.12638235092163,-0.0021129259537244604,130494.1559116227
240.2262463569641,-0.0022047922995385677,130494.44032046043
240.32623887062073,-0.0013779951872116046,130493.0962884144
240.42664074897766,-0.0039502528700066,130492.88665957296
240.52660369873047,-0.003674653832564279,130492.69799361567
240.6259114742279,-0.0011942624955833907,130492.92819425411
240.7267735004425,-0.0027559903744232093,130492.13537482871
240.8259778022766,-0.005603847094660526,130491.42183734584
240.92668533325195,-0.003674653832564279,130492.57965361126
241.02604579925537,-0.0023885249911667814,130493.52168825014
241.1262969970703,-0.0029397230660514234,130494.56951942513
241.2262668609619,-0.0022047922995385677,130493.51256748263
241.32667446136475,-0.0024803913369808887,130494.16131073437
241.42661666870117,-0.0035827874867501723,130494.14517966093
241.5264072418213,-0.0022966586453526745,130494.13066169486
241.6266951560974,-0.0027559903744232093,130494.51759552538
241.725891828537,-0.0019291932620962467,130494.36583597284
241.8265459537506,-0.0026641240286091024,130493.22925237556
241.92676854133606,-0.0030315894118655303,130493.30632713801
242.02638411521912,-0.0026641240286091024,130492.57569442422
242.12631559371948,-0.006430644206987489,130493.8181249818
242.2265796661377,0.00027559903744232096,130493.43631248362
242.32600116729736,-0.0027559903744232093,130492.29268123527
242.42657613754272,-0.0024803913369808887,130489.96341311175
242.52579307556152,-9.186634581410698e-05,130489.26707180058
242.62597560882568,-0.0027559903744232093,130489.14036462053
242.72589445114136,-0.0021129259537244604,130490.32632815848
242.8267788887024,-0.0017454605704680327,130490.09369534264
242.9259283542633,-0.0009186634581410698,130489.78432580837
243.0265018939972,-0.0011942624955833907,130488.70589322754
243.1264717578888,-0.0022966586453526745,130489.4353039048
243.22666144371033,-0.0037665201783783865,130489.49177351432
243.32651019096375,-0.0022966586453526745,130489.4425961629
243.4264211654663,-0.004225851907448921,130491.39833654661
243.52678203582764,-0.004042119215820707,130491.85850289196
243.62645769119263,-0.00486891632814767,130492.07265260277
243.72588276863098,-0.0027559903744232093,130492.56538734249
243.82636523246765,0.0006430644206987489,130492.80884860824
243.92645263671875,-0.0021129259537244604,130492.12796374742
244.02648401260376,-0.003399054795121958,130492.61516737269
244.12612652778625,9.186634581410698e-05,130493.55365063541
244.22585463523865,-0.0014698615330257117,130493.19828557187
244.32659244537354,-0.0023885249911667814,130492.87845701468
244.42658519744873,-0.0023885249911667814,130493.29061131322
244.52656483650208,-0.004042119215820707,130491.8615501819
244.62629628181458,0.0015617278788398188,130491.27539516371
244.72651720046997,-0.0009186634581410698,130491.54785564734
244.82675576210022,-0.0032153221034937444,130491.99307008261
244.92632412910461,-0.0021129259537244604,130491.29376307435
245.0265200138092,-0.0024803913369808887,130491.66438676692
245.1263725757599,-0.0022966586453526745,130491.79794809023
245.22579717636108,-0.0018373269162821396,130491.1181532812
245.32627296447754,-0.003399054795121958,130489.8063379531
245.4262421131134,-0.0008267971123269628,130489.82570415779
245.5259289741516,-0.004042119215820707,130489.44313374202
245.62588047981262,-0.0019291932620962467,130489.79882036783
245.7259497642517,-0.0017454605704680327,130490.21893833103
245.82615733146667,-0.0032153221034937444,130491.39704449793
245.9264121055603,-0.0032153221034937444,130491.15734004814
246.02604150772095,-0.0012861288413974978,130491.44160604334
246.12648057937622,-0.0011942624955833907,130490.797445439
246.22619724273682,-0.0029397230660514234,130490.01770089511
246.32630228996277,-0.0030315894118655303,130489.5159308056
246.42579817771912,-0.003674653832564279,130488.76433772504
246.5261833667755,-0.0035827874867501723,130488.68790395254
246.62666153907776,-0.0022966586453526745,130488.21911355728
246.72621989250183,-0.0031234557576796376,130487.79720220156
246.82646226882935,-0.0007349307665128559,130489.01748198141
246.925950050354,-0.0034909211409360655,130489.01573378328
247.0259256362915,-0.0015617278788398188,130490.01416040494
247.12587809562683,-0.0023885249911667814,130491.21274436444
247.22603750228882,-0.004225851907448921,130490.991469928
247.3268039226532,-0.0033071884493078513,130491.79232293522
247.42622327804565,-0.0018373269162821396,130492.2130906417
247.52667927742004,-0.0038583865241924933,130492.89178157752
247.62617921829224,-0.0037665201783783865,130491.80260341977
247.72609877586365,-0.0014698615330257117,130490.82234307779
247.82590889930725,-0.005144515365589991,130489.84010877002
247.92645049095154,-0.0022966586453526745,130490.25609789303
248.02641606330872,-0.0022966586453526745,130490.43048810372
248.12655305862427,-0.004501450944891242,130491.68743929335
248.226389169693,-0.0029397230660514234,130491.91869536403
248.32667636871338,-0.0012861288413974978,130491.22682582763
248.4265148639679,-0.0032153221034937444,130490.40414324487
248.5267210006714,-0.0022966586453526745,130490.6637289204
248.6259651184082,-0.0025722576827949956,130490.49735602835
248.72634315490723,-0.0008267971123269628,130490.54762042552
248.8262221813202,-0.0013779951872116046,130491.39285838298
248.92585015296936,-0.0015617278788398188,130492.0535725447
249.02609205245972,-0.0018373269162821396,130492.14821529023
249.12576532363892,-0.0029397230660514234,130492.23339376121
249.22627425193787,-0.0025722576827949956,130490.5100543851
249.32623076438904,-0.0038583865241924933,130490.7590489466
249.42620468139648,-0.0022966586453526745,130490.88314405193
249.52609992027283,-0.0025722576827949956,130490.69482964673
249.62594485282898,-0.0016535942246539257,130490.72534668207
249.72595858573914,-0.0022047922995385677,130490.35281201387
249.82603549957275,-0.0037665201783783865,130490.01753081247
249.9265332221985,-0.0025722576827949956,130490.21577773122
250.02668952941895,-0.0011023961497692838,130489.9941999581
250.12616181373596,-0.0019291932620962467,130490.9947799623
250.22642731666565,-0.003399054795121958,130491.29530196608
250.32623410224915,-0.0018373269162821396,130492.56577176947
250.4261119365692,-0.0037665201783783865,130492.20919459252
250.5262327194214,-0.0018373269162821396,130492.78827513328
250.62634229660034,-0.0035827874867501723,130490.90944761995
250.72596192359924,-0.0017454605704680327,130491.21850285796
250.82586407661438,-0.0031234557576796376,130491.09665257216
250.92584443092346,-0.0026641240286091024,130490.28698731495
251.02611875534058,-0.0013779951872116046,130489.75828858346
251.12576413154602,-0.0021129259537244604,130489.28245972512
251.22679543495178,-0.0037665201783783865,130488.35421375261
251.325852394104,-0.0021129259537244604,130489.31879237735
251.42588233947754,-0.0011023961497692838,130488.58691313962
251.52673506736755,-0.0009186634581410698,130487.72822182566
251.62594652175903,0.0010105298039551768,130488.95539964309
251.72603464126587,-0.0021129259537244604,130488.75985967879
251.82663130760193,-0.0016535942246539257,130488.98387371091
251.9258406162262,-0.0033071884493078513,130489.58548633983
252.02579021453857,-0.0021129259537244604,130490.12693770585
252.1266393661499,-0.004777049982333563,130489.81424393527
252.2261357307434,-0.0023885249911667814,130489.33281954174
252.3262119293213,0.0,130489.59953758756
252.4262285232544,-0.0019291932620962467,130489.83958382881
252.52594709396362,-0.0012861288413974978,130490.45562544595
252.62672781944275,-0.0020210596079103535,130490.61006290135
252.726567029953,-0.00578757978628874,130491.94905661122
252.8264355659485,-0.0011023961497692838,130492.4541509501
252.9264793395996,-0.0019291932620962467,130491.90873585509
253.0262689590454,-0.0013779951872116046,130492.31786226959
253.12614560127258,-0.0024803913369808887,130491.98607604264
253.22662806510925,-0.0033071884493078513,130491.78746843837
253.326425075531,-0.0035827874867501723,130491.10872159453
253.4258005619049,-0.0026641240286091024,130491.69784943508
253.52633237838745,-0.0016535942246539257,130491.02806449158
253.6262538433075,-0.0014698615330257117,130491.32525804243
253.72604155540466,-0.0029397230660514234,130490.6927322382
253.82657074928284,-0.0024803913369808887,130490.22345901438
253.92669653892517,-0.00027559903744232096,130491.30111311295
254.02584552764893,-0.0033071884493078513,130491.67100180166
254.12650322914124,-0.0025722576827949956,130491.1039016215
254.22665214538574,-0.0030315894118655303,130491.79351145936
254.3257975578308,-0.004409584599077135,130491.01416031341
254.42600917816162,-0.0028478567202373166,130490.71274428208
254.52613878250122,-0.0035827874867501723,130491.14146985387
254.62681198120117,-0.0023885249911667814,130492.52732286848
254.7260205745697,-0.0027559903744232093,130494.07459058164
254.82668566703796,-0.0010105298039551768,130494.26713152349
254.92607355117798,-0.0034909211409360655,130494.54041837114
255.02581524848938,-0.0029397230660514234,130494.28637653402
255.12602257728577,-0.0010105298039551768,130493.85773888062
255.22647833824158,-0.0020210596079103535,130493.07196499256
255.3259665966034,-0.0038583865241924933,130492.1647684933
255.4265604019165,-0.0024803913369808887,130492.54829164398
255.5261538028717,-0.0016535942246539257,130492.49346247959
255.6263620853424,9.186634581410698e-05,130491.84411623163
255.72599172592163,-0.0017454605704680327,130491.45970460847
255.82636523246765,-0.0022966586453526745,130490.51373414762
255.92582273483276,-0.0011023961497692838,130489.86236073286
256.0259041786194,-0.0011942624955833907,130489.77612465958
256.12611150741577,-0.0028478567202373166,130489.89851219363
256.22582364082336,-0.004777049982333563,130489.50866097427
256.3266649246216,-0.0030315894118655303,130488.85779487685
256.4261260032654,0.00018373269162821396,130488.77201538917
256.52631187438965,-0.0014698615330257117,130487.99481385027
256.625935792923,-0.0015617278788398188,130487.69533246524
256.72615909576416,-0.0022966586453526745,130487.92579921872
256.8258900642395,0.0004593317290705349,130488.63321929685
256.9262728691101,-0.0008267971123269628,130488.06989736717
257.02634477615356,-0.0019291932620962467,130487.56290763046
257.1265141963959,-0.0029397230660514234,130487.50661686741
257.22590017318726,-0.0008267971123269628,130487.85595518068
257.3258957862854,-0.0025722576827949956,130488.77035966261
257.42618060112,-0.0014698615330257117,130489.09332369635
257.52602910995483,-0.0027559903744232093,130489.38399132671
257.6259136199951,-0.0017454605704680327,130490.24559219404
257.7264611721039,-0.0029397230660514234,130489.72103297464
257.8264491558075,-0.0027559903744232093,130490.54892967718
257.9264905452728,-0.0012861288413974978,130489.99403670947
258.0262179374695,-0.0034909211409360655,130490.19463303853
258.12626004219055,-0.0026641240286091024,130490.17516973468
258.22632360458374,-0.0016535942246539257,130490.6576527612
258.32654428482056,-0.0031234557576796376,130490.99188748508
258.42642045021057,-0.0004593317290705349,130491.89269873658
258.52656412124634,-0.0024803913369808887,130491.70342886292
258.62613821029663,-0.0011942624955833907,130490.33308597663
258.7264471054077,-0.0016535942246539257,130491.19977737896
258.8265371322632,-0.0018373269162821396,130491.67979964108
258.92589712142944,-0.0029397230660514234,130492.21181967697
259.02591824531555,-0.0035827874867501723,130493.3906377093
259.12586426734924,-0.0023885249911667814,130494.05157393837
259.22629475593567,-0.0024803913369808887,130493.54641654453
259.3264420032501,-0.0026641240286091024,130493.99177489008
259.4262537956238,-0.004133985561634814,130494.29259740107
259.52661395072937,-0.0022966586453526745,130494.26333766096
259.626562833786,-0.0043177182532630285,130493.83700389486
259.7261891365051,-0.0010105298039551768,130492.95330350538
259.82666993141174,-0.0039502528700066,130492.55797315485
259.92675590515137,-0.0029397230660514234,130491.30217583937
260.0260145664215,-0.0027559903744232093,130491.27195825544
260.12646317481995,-0.0032153221034937444,130490.8447624299
260.2267506122589,-0.0017454605704680327,130490.86028618691
260.32668590545654,-0.0015617278788398188,130490.97425756822
260.4267420768738,-0.0025722576827949956,130491.47683181141
260.5261676311493,-0.0032153221034937444,130490.72914863026
260.6264877319336,-0.0015617278788398188,130490.75623376724
260.7265465259552,-0.0021129259537244604,130488.98061039053
260.8266394138336,-0.0032153221034937444,130489.28254935147
260.9266359806061,-0.0038583865241924933,130489.85429441632
261.02590584754944,-0.0015617278788398188,130489.4688649747
261.12658953666687,-0.0027559903744232093,130489.02197847723
261.22661781311035,-0.00027559903744232096,130488.11978062951
261.3258488178253,-0.0019291932620962467,130488.40780256657
261.42630529403687,-0.0014698615330257117,130487.96702230992
261.5266752243042,-0.0029397230660514234,130487.27032007894
261.6267161369324,-0.0023885249911667814,130486.94328807105
261.7266387939453,-0.0012861288413974978,130485.44895926394
261.82666873931885,-0.0039502528700066,130484.30406333756
261.9265720844269,-0.0030315894118655303,130484.07365700381
262.026654958725,-0.0014698615330257117,130482.96629130344
262.126517534256,-0.0028478567202373166,130483.0696621731
262.22611021995544,-0.0014698615330257117,130482.8626959558
262.3259210586548,-0.0019291932620962467,130482.47642636023
262.4258987903595,-0.004133985561634814,130483.9287837242
262.525860786438,-0.0028478567202373166,130484.6359053518
262.6257834434509,-0.0007349307665128559,130485.77231481663
262.7266764640808,-0.0024803913369808887,130486.49508333497
262.82624530792236,-0.0010105298039551768,130487.44557500149
262.9259145259857,-0.0035827874867501723,130488.30101750135
263.02628803253174,-0.0024803913369808887,130489.3709157512
263.1260368824005,-0.0031234557576796376,130489.63382417608
263.2258679866791,-0.0027559903744232093,130489.67044175847
263.32617020606995,-0.0011023961497692838,130490.70339758262
263.4259102344513,-0.0027559903744232093,130491.43305782437
263.5262188911438,-0.0024803913369808887,130490.68975204194
263.6265411376953,-0.005971312477916954,130491.62077683775
263.72658014297485,-0.0021129259537244604,130491.55869915399
263.826336145401,-0.0031234557576796376,130492.0028292386
263.9267280101776,-0.0020210596079103535,130491.60254631474
264.0260479450226,-0.0032153221034937444,130491.24229168327
264.1266436576843,-0.003399054795121958,130491.01806251495
264.22586965560913,-0.0019291932620962467,130490.31625626347
264.3263828754425,-0.0025722576827949956,130489.88463063713
264.42664647102356,-0.0028478567202373166,130488.39616757342
264.52610421180725,-0.0022966586453526745,130488.95655081607
264.62664890289307,-0.0022047922995385677,130488.26089573446
264.7263855934143,-0.0008267971123269628,130487.93480616102
264.8264968395233,-0.0014698615330257117,130488.64132554492
264.9264030456543,-0.004501450944891242,130490.57719299043
265.02659273147583,-0.0017454605704680327,130490.71947369138
265.1265730857849,-0.0037665201783783865,130490.44752632224
265.22595977783203,-0.0026641240286091024,130489.80277369003
265.32583475112915,-0.0033071884493078513,130490.82249632102
265.42602825164795,-0.0008267971123269628,130492.44024668892
265.52648854255676,-0.0021129259537244604,130493.99622202003
265.6259481906891,-0.0020210596079103535,130494.29659981802
265.72636246681213,-0.0029397230660514234,130495.56693983621
265.82657623291016,-0.004685183636519456,130495.71024585259
265.92627453804016,-0.0027559903744232093,130495.83922126734
266.02629470825195,-0.0035827874867501723,130496.1552991406
266.126681804657,-0.0015617278788398188,130496.23976922655
266.2262952327728,-0.00036746538325642793,130496.9157923039
266.32664823532104,-0.0034909211409360655,130497.62421307352
266.426278591156,-0.003674653832564279,130497.86179176618
266.5264205932617,-0.0018373269162821396,130497.57561258956
266.62646198272705,-0.0031234557576796376,130497.9180513306
266.7264144420624,-0.0020210596079103535,130498.02624619755
266.8265323638916,-0.004409584599077135,130499.0236215778
266.9267282485962,-0.0027559903744232093,130499.42125942002
267.02652621269226,-0.0025722576827949956,130499.27913347802
267.126681804657,-0.004960782673961777,130499.25122013022
267.2265648841858,-0.0011942624955833907,130499.9260981172
267.3261659145355,-0.0010105298039551768,130499.63348830548
267.42573523521423,-0.0011942624955833907,130499.07013947493
267.5262656211853,-0.0026641240286091024,130497.76312552745
267.62633752822876,-0.00036746538325642793,130498.3868129747
267.7264347076416,-0.004593317290705349,130497.94813167723
267.82615542411804,-0.0019291932620962467,130497.55331850951
267.92622327804565,-0.0031234557576796376,130498.59798665857
268.02604269981384,-0.0016535942246539257,130498.23818799271
268.1266927719116,-0.0020210596079103535,130497.71436919345
268.2263894081116,-0.0031234557576796376,130498.24293227411
268.32666063308716,-0.0023885249911667814,130498.11863904669
268.42640709877014,-0.0023885249911667814,130498.70677514203
268.5258800983429,-0.0027559903744232093,130498.73609762781
268.62653517723083,-0.0011942624955833907,130498.06248786503
268.72645831108093,-0.004225851907448921,130499.75623907853
268.82640314102173,-0.0027559903744232093,130500.08061517068
268.9263823032379,-0.0037665201783783865,130500.27255365362
269.0262506008148,-0.0032153221034937444,130500.64529828826
269.1268005371094,-0.00486891632814767,130500.28076845943
269.2260022163391,-0.0006430644206987489,130499.5526916135
269.32680320739746,-0.004501450944891242,130500.59742245215
269.42606711387634,-0.0039502528700066,130499.73768020693
269.52652049064636,-0.0023885249911667814,130499.56391218625
269.626571893692,-0.0035827874867501723,130498.70752096763
269.7266936302185,-0.0004593317290705349,130499.23676887088
269.82622933387756,-0.0021129259537244604,130499.41309198379
269.9258134365082,-0.0022047922995385677,130499.57178278542
270.0267677307129,-0.0023885249911667814,130499.81460450689
270.12670946121216,-0.0029397230660514234,130499.8331440562
270.22614908218384,-0.0016535942246539257,130499.2498296506
270.3262724876404,-0.0033071884493078513,130500.32484668554
270.42589950561523,-0.0027559903744232093,130501.09236201699
270.5264277458191,-0.0018373269162821396,130500.4831258153
270.62665915489197,-0.0030315894118655303,130499.63481323377
270.72612142562866,-0.003399054795121958,130499.1713319104
270.8263795375824,-0.004042119215820707,130498.75419871937
270.9262487888336,-0.003674653832564279,130498.37877884743
271.0257248878479,0.00018373269162821396,130498.94090096268
271.1266212463379,-0.004777049982333563,130499.14681086643
271.225843667984,-0.003399054795121958,130499.0321297798
271.32622265815735,-0.004225851907448921,130498.32891680181
271.42654180526733,-0.0022966586453526745,130497.59602512163
271.52619218826294,-0.0013779951872116046,130496.03642260947
271.6264600753784,-0.004042119215820707,130497.53278034853
271.7266728878021,-0.0022966586453526745,130497.17950231367
271.82675552368164,-0.0015617278788398188,130498.7615520823
271.92636728286743,-0.0011942624955833907,130497.38539687407
272.0267159938812,-0.0004593317290705349,130497.44685718667
272.1264135837555,-0.0014698615330257117,130497.10217146802
272.2259476184845,-0.0024803913369808887,130495.79195432123
272.3262324333191,-0.0010105298039551768,130495.51275888912
272.42574405670166,-0.0033071884493078513,130496.56148300022
272.52617621421814,-0.0006430644206987489,130496.80533470018
272.6266977787018,-0.0029397230660514234,130496.32480123016
272.7261698246002,-0.0015617278788398188,130497.19232110716
272.82595658302307,-0.0013779951872116046,130496.47308899644
272.92615580558777,0.0004593317290705349,130495.5257800968
273.02619457244873,-0.0015617278788398188,130495.47320208712
273.1261613368988,-0.0005511980748846419,130495.7258818784
273.22685623168945,-0.005144515365589991,130495.85329369057
273.32665634155273,-0.0031234557576796376,130495.9679643215
273.4262783527374,-0.0026641240286091024,130493.97116788937
273.526584148407,-0.0016535942246539257,130493.97405110043
273.62635922431946,-0.0026641240286091024,130493.6766459904
273.7259166240692,-0.0022966586453526745,130491.90898139137
273.826030254364,-0.004685183636519456,130492.61808325225
273.9260506629944,-0.0029397230660514234,130492.15627492704
274.02591276168823,-0.0022047922995385677,130492.24064743434
274.1267604827881,-0.0035827874867501723,130492.61658269091
274.22608852386475,-0.0028478567202373166,130491.85492442183
274.32649993896484,-0.0031234557576796376,130492.06943197965
274.42608737945557,-0.0026641240286091024,130490.36248878168
274.52630949020386,-0.0014698615330257117,130490.42623990352
274.6261532306671,-0.0011023961497692838,130490.28361591318
274.7263226509094,-0.0022966586453526745,130489.65525432187
274.82643389701843,-0.0022047922995385677,130490.2897288897
274.9260709285736,-0.0021129259537244604,130490.36075600074
275.0262680053711,-0.0043177182532630285,130491.12468040067
275.1263618469238,-0.0024803913369808887,130492.1122123606
275.22586131095886,-0.0035827874867501723,130491.60099112455
275.3261647224426,-0.0031234557576796376,130491.2408920121
275.42664861679077,-0.0027559903744232093,130492.21680281089
275.5258285999298,-0.0010105298039551768,130491.8951225298
275.62604427337646,-0.0035827874867501723,130491.50561027681
275.7259500026703,-0.003674653832564279,130490.85504924913
275.8258900642395,-0.0024803913369808887,130490.76954432423
275.9266881942749,-0.0021129259537244604,130491.79258989182
276.0263068675995,-0.0026641240286091024,130491.51333090264
276.12615299224854,-0.0010105298039551768,130492.26199781237
276.22634625434875,-0.0022966586453526745,130491.73579803114
276.326584815979,-0.0021129259537244604,130491.36221822802
276.4262545108795,-0.003399054795121958,130491.52599640522
276.52580428123474,-0.0008267971123269628,130491.77339676471
276.62630701065063,-0.0029397230660514234,130491.39605708825
276.7267870903015,-0.0025722576827949956,130491.45645137942
276.8266749382019,-0.0025722576827949956,130491.01080624148
276.92630219459534,-0.0029397230660514234,130490.90972561734
277.02637791633606,-0.0016535942246539257,130490.3187530556
277.12675523757935,-0.0023885249911667814,130491.38687775005
277.2262272834778,-0.0025722576827949956,130492.84818997505
277.3266019821167,-0.0033071884493078513,130492.46337097755
277.4267067909241,-0.0021129259537244604,130492.81703387981
277.5260832309723,-0.0025722576827949956,130491.73533049182
277.6266691684723,-0.0030315894118655303,130492.06179744264
277.7267346382141,-0.0010105298039551768,130492.45561769839
277.82662558555603,-0.004133985561634814,130492.71005592855
277.9266691207886,-0.004225851907448921,130494.0390503357
278.0264792442322,-0.0022047922995385677,130494.63514530213
278.1259443759918,-0.0016535942246539257,130496.17163077192
278.22675824165344,-0.0011942624955833907,130496.65446769474
278.32663583755493,-0.0033071884493078513,130496.98902092526
278.4259865283966,-0.0023885249911667814,130496.19011883275
278.5260808467865,-0.0022047922995385677,130496.27110694947
278.6262664794922,-0.003674653832564279,130494.94399625453
278.7258803844452,-0.0027559903744232093,130495.74959662909
278.8259451389313,-0.0005511980748846419,130495.37463696618
278.92607069015503,-0.0026641240286091024,130493.83717326957
279.0261871814728,-0.0028478567202373166,130493.95345594261
279.1261570453644,-0.0020210596079103535,130494.25811034835
279.22675466537476,-0.0011023961497692838,130495.93229931353
279.3261544704437,-0.004042119215820707,130495.83906938217
279.4268124103546,-0.0029397230660514234,130495.15516244396
279.52604842185974,-0.0025722576827949956,130495.73964619957
279.6263921260834,-0.0038583865241924933,130496.36568157961
279.72582244873047,-0.0032153221034937444,130497.42911342165
279.82592582702637,-0.0033071884493078513,130497.48620207948
279.92615723609924,-0.0021129259537244604,130497.63758187153
280.026668548584,-0.0018373269162821396,130496.47382368438
280.1267342567444,-0.0015617278788398188,130495.42644131595
280.2266993522644,-0.0043177182532630285,130495.38379718436
280.32581973075867,-0.0024803913369808887,130495.64541746593
280.42664313316345,-0.005236381711404098,130495.68087571935
280.52643036842346,-0.0021129259537244604,130494.61278814742
280.625940322876,-0.0010105298039551768,130495.35150933269
280.72656416893005,-0.0010105298039551768,130495.01635839941
280.82608437538147,-0.0027559903744232093,130494.01472255947
280.9258782863617,-0.0014698615330257117,130492.91325030352
281.02624583244324,-0.0031234557576796376,130493.42192527317
281.12643337249756,-0.0038583865241924933,130492.77973274585
281.2261612415314,-0.0011023961497692838,130492.80175947127
281.32661604881287,-0.0028478567202373166,130491.52158352415
281.42610478401184,-0.0034909211409360655,130491.26942517175
281.5260226726532,-0.0024803913369808887,130491.54248265456
281.62628269195557,-0.003674653832564279,130491.28823438913
281.7265074253082,-0.0022047922995385677,130493.35941095022
281.8261263370514,-0.0019291932620962467,130494.0234698552
281.92628598213196,-0.0038583865241924933,130493.92112286968
282.02658462524414,-0.0010105298039551768,130493.22901058271
282.12625646591187,-0.0016535942246539257,130493.50610952445
282.22631096839905,-0.004777049982333563,130493.955498572
282.3259344100952,-0.004593317290705349,130494.4599487148
282.4262764453888,-0.0018373269162821396,130493.91395384332
282.5263180732727,-0.0012861288413974978,130494.42255845899
282.626060962677,-0.0022966586453526745,130494.9803026131
282.72600960731506,-0.0024803913369808887,130494.48227235179
282.8260340690613,-0.0013779951872116046,130494.33404511662
282.92584466934204,-0.0039502528700066,130493.70064060496
283.0258939266205,-0.0029397230660514234,130493.23057654448
283.1264314651489,-0.0032153221034937444,130492.70751889003
283.22579407691956,-0.00036746538325642793,130493.33676700105
283.326101064682,-0.0024803913369808887,130494.20309030094
283.42612767219543,-0.0016535942246539257,130493.38278127086
283.5263350009918,-0.0023885249911667814,130492.74450314378
283.6261639595032,-0.003399054795121958,130492.57005282941
283.726589679718,-0.0012861288413974978,130492.91304754648
283.82662773132324,-0.0015617278788398188,130493.82174279183
283.9258277416229,-0.0028478567202373166,130493.93956851265
284.0266435146332,-0.0015617278788398188,130493.8456116614
284.12629795074463,-0.0008267971123269628,130493.56105049526
284.22610092163086,-0.0021129259537244604,130493.90494544574
284.3260385990143,-0.0018373269162821396,130492.41445090118
284.4263813495636,-0.004960782673961777,130492.37300581107
284.5260081291199,-0.0020210596079103535,130491.43570522996
284.6264009475708,-0.0027559903744232093,130490.39213470697
284.7258768081665,-0.0027559903744232093,130489.65292123628
284.8262906074524,-0.0027559903744232093,130487.18762911265
284.926634311676,-0.0034909211409360655,130486.4688662014
285.02595496177673,-0.0011942624955833907,130486.12197958126
285.1266276836395,-0.0025722576827949956,130485.80978162315
285.22675490379333,-0.0013779951872116046,130485.42880346083
285.3263940811157,-0.0019291932620962467,130485.98592311476
285.4265875816345,0.0,130486.18733080328
285.5266447067261,-0.0019291932620962467,130485.26859772296
285.6259002685547,-0.0014698615330257117,130486.64173795067
285.7265188694,-0.0026641240286091024,130487.2775641556
285.8263030052185,-0.0019291932620962467,130487.74980774005
285.9258348941803,-0.0028478567202373166,130487.87482696606
286.0261437892914,-0.0037665201783783865,130488.18734426946
286.12627935409546,-0.004042119215820707,130487.46860984253
286.2262816429138,-0.0026641240286091024,130486.12174885828
286.32661485671997,-0.0022047922995385677,130485.50957397245
286.4259271621704,-0.003674653832564279,130485.25861657521
286.5258991718292,-0.0017454605704680327,130486.7327549177
286.6260724067688,-0.0026641240286091024,130487.55947942594
286.72634720802307,-0.0039502528700066,130487.20353148333
286.82609367370605,-0.0019291932620962467,130485.883178335
286.92623496055603,-0.0025722576827949956,130485.79486050151
287.0263419151306,-0.0014698615330257117,130486.71537445136
287.1262004375458,-0.0032153221034937444,130487.54383700623
287.2265510559082,-0.0006430644206987489,130487.88945330562
287.3260588645935,-0.0025722576827949956,130486.90050797506
287.42680954933167,-0.0013779951872116046,130486.91045717755
287.5258090496063,-0.0024803913369808887,130487.3194114598
287.62647771835327,-0.00036746538325642793,130486.58747031383
287.7267665863037,-0.0024803913369808887,130487.12872328244
287.82621693611145,-0.0022966586453526745,130487.31585095421
287.92597007751465,-0.0012861288413974978,130488.28426585879
288.0267515182495,-0.0031234557576796376,130488.05583927291
288.1266710758209,-0.0022047922995385677,130488.55025534563
288.2261483669281,-0.0021129259537244604,130488.39522981107
288.32614731788635,-0.0032153221034937444,130487.85570682997
288.4266707897186,-0.0015617278788398188,130487.77013614697
288.52661299705505,-0.00027559903744232096,130487.89312253226
288.62673783302307,-0.0033071884493078513,130487.50381027904
288.726336479187,-0.004133985561634814,130487.95342925114
288.8259871006012,-0.0022047922995385677,130489.65808632603
288.9259195327759,-0.0004593317290705349,130490.19227769344
289.026709318161,-0.0006430644206987489,130491.0730499241
289.12587690353394,-0.0014698615330257117,130492.6657449317
289.22656655311584,-0.0021129259537244604,130493.49917043853
289.32674288749695,-0.0017454605704680327,130493.14925339469
289.42609095573425,-0.0022047922995385677,130492.43432805523
289.52644872665405,-0.0031234557576796376,130493.1908952497
289.6262011528015,-0.0026641240286091024,130494.87180572473
289.7261109352112,0.0,130495.28462515227
289.8260612487793,-0.0020210596079103535,130495.65616263705
289.92636370658875,-0.0031234557576796376,130495.19054637336
290.0263328552246,-0.0026641240286091024,130493.87149173602
290.12640142440796,-0.0011942624955833907,130492.78434256242
290.2265431880951,-0.0043177182532630285,130491.60590830618
290.3258144855499,-0.0039502528700066,130491.64531747556
290.4265215396881,-0.003399054795121958,130490.48078572801
290.5261335372925,-0.0023885249911667814,130489.03270715522
290.626704454422,-0.0032153221034937444,130489.3294364397
290.72601413726807,-0.0029397230660514234,130488.89649279573
290.8265564441681,-0.0020210596079103535,130489.00684351615
290.9264965057373,-0.0011942624955833907,130488.70615916455
291.02621364593506,-0.0022047922995385677,130489.33554324809
291.1259229183197,-0.0031234557576796376,130490.60198892328
291.2260756492615,-0.0022966586453526745,130490.54179003095
291.3267161846161,-0.0022966586453526745,130490.78761102786
291.426575422287,-0.0024803913369808887,130490.80884992509
291.5266761779785,-0.0029397230660514234,130492.02796493258
291.6260287761688,-0.005144515365589991,130492.82516843933
291.72625970840454,-0.0032153221034937444,130492.8426515954
291.82611894607544,-0.0011942624955833907,130493.25838643586
291.9260323047638,-0.0013779951872116046,130493.23254779229
292.02679085731506,-0.0029397230660514234,130494.10929301305
292.12619948387146,-0.0005511980748846419,130492.89836371175
292.226571559906,-0.0005511980748846419,130493.40852734058
292.3261914253235,-0.0018373269162821396,130492.76767460653
292.4261243343353,-0.0028478567202373166,130493.99090714588
292.5262014865875,-0.0032153221034937444,130493.89181643129
292.62628650665283,-0.0029397230660514234,130495.70263478816
292.72650504112244,-0.0006430644206987489,130495.33237130934
292.82658767700195,-0.00036746538325642793,130494.6991341784
292.92620730400085,-0.0021129259537244604,130495.22922076056
293.02604031562805,-0.0025722576827949956,130496.40629868451
293.1261372566223,-0.0031234557576796376,130497.36566881607
293.22676062583923,-0.0029397230660514234,130497.22910193447
293.326290845871,-0.0021129259537244604,130497.30619174102
293.42630648612976,-0.004225851907448921,130497.27557256693
293.52576661109924,-0.0039502528700066,130497.14801531025
293.6261568069458,-0.0035827874867501723,130495.93321377922
293.72626090049744,-0.0024803913369808887,130495.43989240131
293.8262062072754,-0.0019291932620962467,130496.09590316117
293.9261062145233,-0.0033071884493078513,130496.08631284506
294.02610898017883,-0.0030315894118655303,130496.37768156055
294.1262631416321,-0.0016535942246539257,130496.1399134045
294.2258825302124,-0.0029397230660514234,130497.12592206406
294.32675433158875,-0.00018373269162821396,130496.91332985766
294.4264588356018,-0.0029397230660514234,130496.8219968719
294.5259931087494,-0.0031234557576796376,130497.03979718473
294.626727104187,-0.0015617278788398188,130496.23581746625
294.7258017063141,-0.0024803913369808887,130495.01223571962
294.8258557319641,-0.0022047922995385677,130494.71101214766
294.92676854133606,-0.0022047922995385677,130494.3399109329
295.0266191959381,-0.0018373269162821396,130494.00591983962
295.126690864563,-0.0022966586453526745,130493.90532785567
295.22635078430176,-0.004042119215820707,130495.7147950701
295.32665181159973,-0.0035827874867501723,130496.34331556309
295.42656683921814,-9.186634581410698e-05,130496.90898400678
295.5259373188019,-0.004501450944891242,130496.9180856061
295.62660670280457,-0.0022966586453526745,130497.4262770455
295.7267277240753,-0.0034909211409360655,130497.88364934095
295.82588481903076,-0.0006430644206987489,130497.69528440686
295.92678689956665,-0.003399054795121958,130498.32575596619
296.0259816646576,-0.0020210596079103535,130498.99318036957
296.1261336803436,-0.003674653832564279,130500.19386233261
296.2266902923584,-0.0026641240286091024,130499.77447609937
296.32672786712646,-0.0043177182532630285,130500.09702848943
296.42614483833313,-0.0005511980748846419,130500.6873256405
296.52640318870544,-0.0022966586453526745,130501.41859307645
296.62629866600037,-0.004409584599077135,130501.07673376882
296.7266445159912,-0.004685183636519456,130501.46906039193
296.8264088630676,-0.0031234557576796376,130500.32215435273
296.92579460144043,-0.0021129259537244604,130498.98993891745
297.02636218070984,-0.004042119215820707,130498.89094502572
297.12641286849976,-0.0029397230660514234,130498.40185052317
297.2264530658722,-0.0016535942246539257,130497.66166547086
297.3258864879608,-0.0011942624955833907,130496.49549892379
297.4263205528259,-0.0027559903744232093,130495.64594903142
297.52635526657104,-0.0035827874867501723,130494.88135412827
297.6263039112091,-0.0014698615330257117,130495.49321871545
297.725821018219,-0.0030315894118655303,130494.4438968439
297.8262355327606,-0.0037665201783783865,130494.99950715952
297.9258952140808,-0.0034909211409360655,130495.09955644357
298.0263640880585,-0.0021129259537244604,130496.38960079922
298.1263539791107,-0.004042119215820707,130497.15064071931
298.22683811187744,0.0015617278788398188,130496.33557664737
298.326607465744,-0.0019291932620962467,130496.50201898263
298.4262661933899,-0.0015617278788398188,130496.35181708437
298.5265305042267,-0.0022047922995385677,130496.51663537594
298.6258056163788,-0.0018373269162821396,130496.16497183836
298.7259726524353,-0.0028478567202373166,130494.34847465453
298.825959444046,-0.0024803913369808887,130493.61362718907
298.9263710975647,-0.0012861288413974978,130493.85226447017
299.0264480113983,-0.0029397230660514234,130494.26703802316
299.12651205062866,-0.004685183636519456,130496.24033422084
299.2263219356537,-0.004501450944891242,130496.21630079877
299.3262300491333,-0.0027559903744232093,130496.1946707189
299.4266576766968,-0.0022047922995385677,130496.57520364702
299.526570558548,-0.0009186634581410698,130496.31768328234
299.6263930797577,-0.0023885249911667814,130494.68591495411
299.72587394714355,-0.004501450944891242,130494.01732345871
299.8266234397888,-0.0022966586453526745,130493.11559111284
299.9261145591736,-0.0038583865241924933,130492.90403200156
300.02612590789795,-0.004042119215820707,130492.3136288014
300.1266565322876,-0.0011942624955833907,130492.18226592128
300.2266023159027,-0.0008267971123269628,130492.06403932915
300.32626271247864,-0.0030315894118655303,130492.05763539624
300.42574071884155,-0.0038583865241924933,130492.05187185662
300.52652978897095,-0.0006430644206987489,130492.44668467097
300.6265139579773,-0.0028478567202373166,130491.30201620387
300.7267735004425,-0.0011023961497692838,130491.0718145835
300.82636737823486,-0.0022047922995385677,130490.36463312517
300.92670369148254,-0.0026641240286091024,130490.12816981265
301.0260360240936,-0.0026641240286091024,130489.7153528314
301.1259455680847,-0.0015617278788398188,130488.74381754825
301.2258789539337,-0.0029397230660514234,130490.26943579342
301.3258514404297,-0.0016535942246539257,130490.74249221408
301.42660212516785,-0.004225851907448921,130490.66824299267
301.52591919898987,-0.0015617278788398188,130489.5014186934
301.626247882843,-0.0019291932620962467,130490.45127682405
301.72620129585266,-0.0026641240286091024,130488.80614914166
301.82644152641296,-0.0018373269162821396,130488.1255342275
301.9266676902771,-0.0035827874867501723,130488.01298080475
302.02641892433167,-0.0026641240286091024,130487.81168272428
302.1258752346039,-0.0032153221034937444,130489.03051445185
302.2267818450928,-0.0033071884493078513,130489.02746300667
302.325884103775,-0.0020210596079103535,130488.72471670601
302.4265568256378,-0.0010105298039551768,130489.7522450354
302.52616333961487,-0.0007349307665128559,130490.67702053188
302.62658619880676,-0.0033071884493078513,130490.7093184787
302.72610902786255,-0.004133985561634814,130491.23838663084
302.8266272544861,-0.0007349307665128559,130491.81454796775
302.92614793777466,-0.0023885249911667814,130492.03309317099
303.0263385772705,-0.004409584599077135,130490.9297838539
303.12619376182556,-0.0004593317290705349,130490.93680546852
303.22598147392273,-0.0022047922995385677,130491.44312492167
303.32642340660095,0.0,130492.59881242951
303.42593455314636,-0.0025722576827949956,130493.73893118656
303.5267610549927,-0.0022966586453526745,130493.0650380679
303.6264719963074,-0.00036746538325642793,130494.1585342611
303.72626972198486,-0.004593317290705349,130494.542680835
303.8258366584778,-0.0015617278788398188,130494.9884127515
303.92666697502136,-0.0030315894118655303,130494.08957147636
304.0257918834686,-0.0015617278788398188,130492.68061432872
304.12604665756226,-0.0021129259537244604,130492.21255289586
304.2266252040863,-0.0024803913369808887,130491.69129760627
304.3262212276459,-0.004042119215820707,130490.02216784564
304.42682814598083,0.0008267971123269628,130490.61995106109
304.5259006023407,-0.0026641240286091024,130489.55795595498
304.626757144928,-0.0029397230660514234,130489.60216035949
304.72601413726807,-0.0011942624955833907,130489.84194432353
304.8263521194458,-0.0034909211409360655,130490.95774989118
304.9259612560272,-0.0028478567202373166,130491.46197490208
305.0262041091919,0.0007349307665128559,130492.01577741187
305.12654662132263,-0.0011023961497692838,130492.41419967069
305.226514339447,-0.0027559903744232093,130491.07277970362
305.32660579681396,-0.0023885249911667814,130492.56550173328
305.42590832710266,-0.0023885249911667814,130492.70895155997
305.5263819694519,-0.0022047922995385677,130492.43805640397
305.62607741355896,-0.0032153221034937444,130492.39425076358
305.7258405685425,-0.0055119807488464186,130493.65482568722
305.8261983394623,-0.0024803913369808887,130491.8893431185
305.9263575077057,-0.0017454605704680327,130490.90040880664
306.02677297592163,-0.0011023961497692838,130491.21036792599
306.12627840042114,-0.0014698615330257117,130492.4893311334
306.2264893054962,-0.0016535942246539257,130492.14039802007
306.32674860954285,-0.003399054795121958,130491.42635821807
306.4266803264618,-0.0029397230660514234,130492.08372239627
306.52583932876587,-0.0011023961497692838,130492.67535015666
306.62583446502686,-0.0007349307665128559,130493.80781514099
306.72656536102295,-0.0022966586453526745,130493.1270336269
306.8260271549225,-0.0021129259537244604,130495.21433026422
306.9260427951813,-0.0022047922995385677,130496.0928972378
307.02661085128784,-0.0028478567202373166,130497.28360751402
307.1264626979828,-0.0028478567202373166,130497.65524676263
307.2259271144867,-0.0031234557576796376,130496.98972208638
307.3259015083313,-0.0013779951872116046,130497.09074987775
307.4265568256378,-0.0025722576827949956,130497.78167489
307.52596640586853,-0.0009186634581410698,130497.603507401
307.62586212158203,-0.0022966586453526745,130497.44315666091
307.7266926765442,-0.0018373269162821396,130497.49884099483
307.8260350227356,-0.0012861288413974978,130497.54895689535
307.92587542533875,-0.0034909211409360655,130496.89406120582
308.0267503261566,-0.0014698615330257117,130496.50465508524
308.1264326572418,-0.0025722576827949956,130495.45418957673
308.2260456085205,-9.186634581410698e-05,130495.60877061906
308.3262746334076,-0.0020210596079103535,130496.14789355716
308.42646312713623,-0.0009186634581410698,130496.53310420144
308.5264117717743,-0.0025722576827949956,130496.77979378132
308.6258354187012,-0.0019291932620962467,130496.60181440318
308.7257707118988,0.00018373269162821396,130496.34163296287
308.8262324333191,-0.0034909211409360655,130497.10746966657
308.9264907836914,-0.0008267971123269628,130496.89672269992
309.02619314193726,-0.0015617278788398188,130495.80705042994
309.1259195804596,-0.0034909211409360655,130495.12634538696
309.2260682582855,-0.0026641240286091024,130494.81371084826
309.3255717754364,-0.0022047922995385677,130493.93233976344
309.42679953575134,-0.0035827874867501723,130493.0391057871
309.5258688926697,-0.0029397230660514234,130492.6351952084
309.6267638206482,-0.0018373269162821396,130491.17167568755
309.72605776786804,-0.0022047922995385677,130490.9545081188
309.82650089263916,-0.0018373269162821396,130491.05905730692
309.92629313468933,-0.0030315894118655303,130489.75315157624
310.026296377182,-0.0010105298039551768,130490.37783641863
310.126348733902,-0.0022966586453526745,130489.94005277677
310.2262692451477,-0.0013779951872116046,130490.44604749909
310.3266282081604,-0.0032153221034937444,130490.10144274918
310.4264678955078,-0.0023885249911667814,130490.39129847426
310.52603697776794,-0.0015617278788398188,130491.85216862684
310.62602949142456,-0.0022047922995385677,130490.96695176416
310.7264595031738,-0.003674653832564279,130490.87025658775
310.8258512020111,-0.0014698615330257117,130491.68323092899
310.925897359848,-0.0027559903744232093,130491.8149078361
311.0264973640442,-0.0020210596079103535,130492.4334170525
311.12675619125366,-0.0018373269162821396,130492.59007534725
311.2263240814209,-0.0027559903744232093,130492.83106781253
311.32603573799133,-0.0012861288413974978,130494.54796103128
311.42599606513977,-0.0020210596079103535,130495.79316492815
311.5258991718292,-0.0033071884493078513,130495.41384843533
311.62625455856323,-0.0015617278788398188,130495.97246359181
311.7262420654297,-0.00027559903744232096,130495.67521723264
311.82609581947327,-0.004409584599077135,130495.20769550938
311.9265401363373,-0.006338777861173382,130494.88692595845
312.02659249305725,-0.0022047922995385677,130493.99823336261
312.1263961791992,-0.0011942624955833907,130494.99841002634
312.2259464263916,-0.0055119807488464186,130494.99856902371
312.32611894607544,-0.0020210596079103535,130493.89871212133
312.4266381263733,-0.0025722576827949956,130491.3088409092
312.52621722221375,-0.0029397230660514234,130491.87795681828
312.6261806488037,-0.0005511980748846419,130492.09016113647
312.7261002063751,-0.0020210596079103535,130491.58114502282
312.8260281085968,-0.0031234557576796376,130492.02303052055
312.9261214733124,-0.0022047922995385677,130491.0207274685
313.0261609554291,-0.0006430644206987489,130490.11865472165
313.1266894340515,-0.0033071884493078513,130488.80678924949
313.2258641719818,-0.0021129259537244604,130489.32611032453
313.3260395526886,-0.0022966586453526745,130489.79349929208
313.4266812801361,-0.0022966586453526745,130490.61414936288
313.5264792442322,-0.0022966586453526745,130490.4527344266
313.6264488697052,-0.0005511980748846419,130489.50746098395
313.7258188724518,-0.0010105298039551768,130490.35671488557
313.82589173316956,-0.0028478567202373166,130490.721043397
313.92668652534485,-0.0006430644206987489,130491.5489390573
314.0266942977905,-0.0022966586453526745,130490.59404515158
314.12570691108704,-0.0023885249911667814,130489.83464063643
314.22585344314575,-0.0008267971123269628,130489.85117657279
314.3260645866394,-0.0035827874867501723,130489.56605891552
314.42614483833313,-0.0027559903744232093,130490.40945302397
314.52671575546265,-0.003674653832564279,130491.76850772157
314.62593150138855,-0.0018373269162821396,130492.09165694941
314.72615790367126,-0.0023885249911667814,130493.28249125447
314.8264870643616,-0.0031234557576796376,130493.95424212902
314.92678213119507,-0.0011942624955833907,130495.15881791613
315.02600264549255,-0.0030315894118655303,130494.84293612452
315.12622570991516,-0.004777049982333563,130494.15864251208
315.2262897491455,-0.0029397230660514234,130495.64277826087
315.3266282081604,-0.0032153221034937444,130496.27850043478
315.42613410949707,-0.0016535942246539257,130495.35065039131
315.5257875919342,-0.0004593317290705349,130496.31558535217
315.6263372898102,-0.0019291932620962467,130496.38402681696
315.7263994216919,-0.0035827874867501723,130495.84562413527
315.826318025589,-0.0022966586453526745,130495.16106172174
315.9261348247528,-0.0033071884493078513,130495.24495554957
316.02677750587463,-0.0022966586453526745,130496.52045999462
316.12640047073364,-0.004133985561634814,130495.76841399516
316.2257647514343,-0.0022047922995385677,130495.09157259564
316.3263564109802,-0.004960782673961777,130495.08241533609
316.4267542362213,-0.0025722576827949956,130495.27417380248
316.5261902809143,-0.0008267971123269628,130495.74675642223
316.6260805130005,-0.0032153221034937444,130495.97208078002
316.7262489795685,-0.0020210596079103535,130496.17487270202
316.8260669708252,-0.0032153221034937444,130496.25738543182
316.92629647254944,-0.0033071884493078513,130495.33164688863
317.02663826942444,-0.0029397230660514234,130496.69848219978
317.126403093338,-0.0011023961497692838,130496.62863397981
317.2267429828644,0.00027559903744232096,130496.36577058182
317.32584500312805,-0.0027559903744232093,130495.92919352364
317.4265868663788,-0.005144515365589991,130495.13627417128
317.5263328552246,-0.0038583865241924933,130494.12264675416
317.62587451934814,-0.0029397230660514234,130493.21038207875
317.7262828350067,-0.0015617278788398188,130492.88934387088
317.8258247375488,-0.0026641240286091024,130492.90040948379
317.92623138427734,-0.0024803913369808887,130492.01036853541
318.0258364677429,-0.0023885249911667814,130491.50933168187
318.12597703933716,-0.0004593317290705349,130491.95839851369
318.22589325904846,-0.0018373269162821396,130492.16255866233
318.3264887332916,-0.0028478567202373166,130492.7463027961
318.42583680152893,-0.0013779951872116046,130491.67167251649
318.5261332988739,-0.003399054795121958,130491.50450526483
318.6266345977783,-0.0007349307665128559,130491.55405473836
318.7262978553772,-0.0034909211409360655,130492.39864926452
318.8264343738556,-0.0018373269162821396,130493.05878433806
318.92653131484985,-0.0031234557576796376,130492.35290590426
319.0263521671295,-0.004225851907448921,130492.51761531385
319.12587690353394,-0.0029397230660514234,130492.06585378246
319.2265257835388,-0.003399054795121958,130491.85926840422
319.32608675956726,-0.0016535942246539257,130492.07334156381
319.42582869529724,-0.0020210596079103535,130492.16600740743
319.52585530281067,-0.0022966586453526745,130492.2494066667
319.6261839866638,-0.004593317290705349,130492.72446600003
319.72672939300537,-0.0005511980748846419,130493.25201940002
319.82639050483704,-0.0017454605704680327,130493.62681746003
319.9266562461853,-0.003399054795121958,130494.36413571403
320.0265829563141,-0.003674653832564279,130495.42772214263
320.12594175338745,-0.0031234557576796376,130494.68494992837
320.22584652900696,-0.00018373269162821396,130495.81645493554
320.32607531547546,-0.0031234557576796376,130496.13480944198
320.425984621048,-0.0005511980748846419,130496.02132849778
320.5261962413788,-0.0028478567202373166,130495.51919564801
320.6265170574188,-0.0016535942246539257,130495.46727608322
320.7267441749573,-0.00018373269162821396,130496.0205484749
320.82601046562195,-0.0009186634581410698,130497.51849362742
320.9262328147888,-0.0025722576827949956,130497.96664426467
321.0265212059021,-0.0034909211409360655,130497.26997983821
321.12594532966614,-0.004042119215820707,130497.54298185439
321.22588539123535,-0.0019291932620962467,130497.58868366896
321.32640171051025,-0.0027559903744232093,130497.02981530207
321.4261965751648,-0.0034909211409360655,130498.52683377186
321.5264837741852,-0.0027559903744232093,130498.07415039468
321.6267442703247,-0.0021129259537244604,130497.36673535522
321.72659516334534,-9.186634581410698e-05,130497.1300618197
321.8260612487793,-0.003674653832564279,130496.31705563774
321.92616391181946,-0.0018373269162821396,130496.28535007397
322.02579832077026,-0.0010105298039551768,130495.55681506658
322.12612652778625,-0.003674653832564279,130495.00113355993
322.2261037826538,-0.0030315894118655303,130494.30102020394
322.3259479999542,-0.003674653832564279,130493.97091818356
322.4262685775757,-0.0015617278788398188,130493.27382636521
322.52613162994385,-0.0039502528700066,130493.64644372869
322.626211643219,-0.0031234557576796376,130494.88179935583
322.72612714767456,-0.00036746538325642793,130496.59361942025
322.82584857940674,-0.0023885249911667814,130496.93425747823
322.9260268211365,-0.0027559903744232093,130496.84083173041
323.0262939929962,-0.0014698615330257117,130497.65674855738
323.12637090682983,-0.0029397230660514234,130499.49107370165
323.22610902786255,-0.0023885249911667814,130499.24196633148
323.3264310359955,-0.0018373269162821396,130499.61776969834
323.42624258995056,-0.0004593317290705349,130498.3559927285
323.5263350009918,-0.0039502528700066,130497.32039345565
323.62673592567444,-0.0023885249911667814,130496.4883541101
323.7258651256561,-0.0007349307665128559,130495.3395186991
323.8260247707367,-0.004042119215820707,130494.1055668292
323.92658281326294,-0.0023885249911667814,130492.79501014628
324.0265874862671,-0.0023885249911667814,130491.51550913166
324.1267249584198,-0.0022047922995385677,130492.1639582185
324.2265546321869,-0.0007349307665128559,130490.64756239665
324.3262016773224,-0.0019291932620962467,130489.982806157
324.42667722702026,-0.0033071884493078513,130488.8845255413
324.5266623497009,-0.0019291932620962467,130489.09607298719
324.62659668922424,-0.0020210596079103535,130487.68646568847
324.7267451286316,-0.0028478567202373166,130487.01781911963
324.82624435424805,-0.0011942624955833907,130486.71603720766
324.9265682697296,-0.0026641240286091024,130486.1444334869
325.0263545513153,0.0005511980748846419,130486.82999013821
325.12592124938965,-0.0038583865241924933,130488.0469911244
325.22578287124634,-0.0022966586453526745,130487.74229201196
325.3262722492218,-0.0034909211409360655,130489.06806281077
325.426308631897,-0.0028478567202373166,130488.8612565297
325.52606439590454,-0.0005511980748846419,130488.27513087673
325.62624311447144,-0.0032153221034937444,130489.94761778906
325.72611236572266,-0.00027559903744232096,130490.25285601016
325.82628059387207,-0.0043177182532630285,130492.72757040914
325.925993680954,-0.0030315894118655303,130492.95481336823
326.0262231826782,-0.0029397230660514234,130492.7593320314
326.12597608566284,-0.0024803913369808887,130494.48339882826
326.2266936302185,-0.0029397230660514234,130495.13505894544
326.32648253440857,-0.0014698615330257117,130496.12155305089
326.4265491962433,-0.0030315894118655303,130497.0093977458
326.52619528770447,-0.0018373269162821396,130496.80845797123
326.62606382369995,-0.0038583865241924933,130496.0276121741
326.72620964050293,-0.0016535942246539257,130497.0248509567
326.8258922100067,-0.0015617278788398188,130497.72236586103
326.9262385368347,-0.003399054795121958,130498.05012927494
327.0262851715088,-0.0015617278788398188,130497.54511634745
327.12613582611084,-0.0021129259537244604,130496.5906047127
327.2258315086365,-0.0025722576827949956,130497.03154424144
327.32614302635193,-0.0037665201783783865,130497.0283898173
327.42615962028503,-0.0021129259537244604,130495.32555083557
327.52615880966187,-0.0020210596079103535,130495.39299575202
327.62583208084106,-0.0022047922995385677,130495.95369617682
327.72653579711914,-0.004409584599077135,130496.85832655914
327.82593607902527,-0.0015617278788398188,130496.47249390323
327.9262602329254,0.00036746538325642793,130495.42524451291
328.0266184806824,-0.0016535942246539257,130496.18272006162
328.12609910964966,-0.0030315894118655303,130495.46444805546
328.22588324546814,-0.0019291932620962467,130496.41800324991
328.32622385025024,-0.0038583865241924933,130497.07620292493
328.42653822898865,-0.00027559903744232096,130496.36858263244
328.52645230293274,-0.00486891632814767,130497.43172436919
328.6258456707001,-0.003399054795121958,130498.48855193227
328.7267472743988,-0.0018373269162821396,130498.03969673906
328.8267161846161,-0.0012861288413974978,130499.23572706516
328.9264860153198,-0.004593317290705349,130498.01215435864
329.02594542503357,-0.0014698615330257117,130499.31093892279
329.1260278224945,-0.0015617278788398188,130497.97984503052
329.2266833782196,0.00027559903744232096,130498.38186052747
329.3261368274689,-0.0008267971123269628,130498.54367447473
329.4259457588196,-0.0018373269162821396,130498.78930702727
329.5265543460846,-0.0039502528700066,130499.11037632455
329.62675738334656,-0.0033071884493078513,130498.6993386921
329.72588896751404,-0.0007349307665128559,130498.12940482289
329.826203584671,0.0015617278788398188,130497.91646434061
329.92636132240295,-0.0030315894118655303,130497.52481790655
330.0258538722992,-0.0015617278788398188,130497.17233611591
330.12644362449646,-0.005695713440474633,130496.95510250432
330.22659134864807,-0.0004593317290705349,130496.45959225389
330.3260884284973,-0.0012861288413974978,130496.2136330285
330.42653799057007,-0.0038583865241924933,130495.59226972565
330.5266032218933,-0.0032153221034937444,130494.73304275308
330.62660002708435,-0.0043177182532630285,130494.95973847777
330.72581815719604,-0.0021129259537244604,130496.36376462999
330.82655596733093,-0.0024803913369808887,130496.727388167
330.92591762542725,-0.0017454605704680327,130497.45464935031
331.0262360572815,-0.0005511980748846419,130497.60918441528
331.12597012519836,-0.0027559903744232093,130496.44826597377
331.22660303115845,-0.0019291932620962467,130496.00343937639
331.3260142803192,-0.0007349307665128559,130494.20309543876
331.4266359806061,-0.0010105298039551768,130494.58278589489
331.52655959129333,-0.0023885249911667814,130494.3245073054
331.62622904777527,-0.0020210596079103535,130494.29205657486
331.72613072395325,-0.0016535942246539257,130495.56285091738
331.8262481689453,-0.0030315894118655303,130495.30656582565
331.92668294906616,-0.0011942624955833907,130494.5759092431
332.02656602859497,-0.0030315894118655303,130493.51831831879
332.1264226436615,-9.186634581410698e-05,130493.46648648691
332.2259714603424,-0.0025722576827949956,130494.51983783822
332.32601141929626,-0.0028478567202373166,130494.2678540544
332.42589807510376,-0.0020210596079103535,130494.44106864897
332.526052236557,-0.0014698615330257117,130494.39696178408
332.62587308883667,-0.0033071884493078513,130495.35726560568
332.72593355178833,-0.0028478567202373166,130495.42153904511
332.8265070915222,-0.0028478567202373166,130495.87938514061
332.92578387260437,-0.0022966586453526745,130496.79144662655
333.0263419151306,-0.0016535942246539257,130496.31230196389
333.12596368789673,-0.0039502528700066,130495.2810717675
333.2262616157532,-0.0021129259537244604,130495.45296459075
333.3261992931366,-0.0005511980748846419,130495.20766813168
333.4259443283081,-0.0012861288413974978,130495.18690131852
333.5265951156616,-0.0016535942246539257,130494.66821118667
333.62673258781433,-0.0022966586453526745,130494.201390068
333.72666668891907,-0.0021129259537244604,130493.2812510612
333.82666516304016,-0.0024803913369808887,130492.45312595509
333.9264757633209,-0.0031234557576796376,130491.90781335958
334.02659034729004,-0.0018373269162821396,130491.01703202362
334.1266305446625,-0.0014698615330257117,130491.81532882125
334.22622418403625,-0.0017454605704680327,130492.93379593913
334.32578921318054,-0.0012861288413974978,130493.64041634521
334.4267544746399,0.00036746538325642793,130492.7763747107
334.52642941474915,-0.0022047922995385677,130492.99873723963
334.62632942199707,-0.0018373269162821396,130491.89886351567
334.7262978553772,-0.0022966586453526745,130491.60897716411
334.8261115550995,-0.0018373269162821396,130491.4480794477
334.9266035556793,-0.0019291932620962467,130491.80327150293
335.02620363235474,-0.0034909211409360655,130492.72294435264
335.1265697479248,-0.0005511980748846419,130494.0506499174
335.226624250412,-0.0017454605704680327,130494.84558492566
335.32617926597595,-0.0018373269162821396,130495.6610264331
335.4264726638794,-0.0027559903744232093,130494.99492378978
335.5258047580719,-0.0018373269162821396,130494.4954314108
335.6260952949524,-0.0026641240286091024,130494.14588826973
335.72676157951355,-0.0008267971123269628,130494.13129944276
335.82663559913635,-0.0011942624955833907,130495.91816949849
335.9262127876282,-0.0030315894118655303,130496.32635254864
336.02613592147827,-0.0026641240286091024,130496.49371729378
336.1265561580658,-0.004133985561634814,130495.5443455644
336.22655177116394,-0.0012861288413974978,130495.78991100796
336.32641649246216,-0.0015617278788398188,130496.31091990718
336.42666959762573,-0.0006430644206987489,130495.97982791647
336.5260820388794,-0.0034909211409360655,130496.18184512483
336.62657356262207,-0.0026641240286091024,130496.06366061234
336.7266902923584,-0.0011023961497692838,130496.25729455112
336.8259382247925,-0.004501450944891242,130496.13156509602
336.9258267879486,-0.004133985561634814,130496.21840858641
337.0264415740967,-0.0033071884493078513,130497.49656772777
337.1257960796356,-0.004409584599077135,130497.04691095499
337.22644424438477,-0.0029397230660514234,130496.54221985949
337.3265881538391,-0.0024803913369808887,130496.88799787355
337.4259970188141,0.0,130497.6991980862
337.5266435146332,-0.0007349307665128559,130498.32927827758
337.6262266635895,-0.0026641240286091024,130497.89635044982
337.72671842575073,-0.0023885249911667814,130497.90671540485
337.8262515068054,-0.0024803913369808887,130498.81604386437
337.9259536266327,-0.0033071884493078513,130498.63443947793
338.0265724658966,-0.0018373269162821396,130497.97099553014
338.1261432170868,-0.0020210596079103535,130498.87389597713
338.2266683578491,-0.0032153221034937444,130499.98650637941
338.3262755870819,-0.0032153221034937444,130500.28785574148
338.425945520401,-0.0039502528700066,130501.55907016734
338.5264890193939,-0.003674653832564279,130501.30316315062
338.6267092227936,-0.003674653832564279,130502.17284683556
338.7263116836548,-0.005420114403032312,130502.255562152
338.8259687423706,-0.0013779951872116046,130502.2300059368
338.926016330719,-0.0025722576827949956,130502.00700534313
339.0262784957886,-0.0026641240286091024,130501.50630480882
339.12637209892273,-0.0019291932620962467,130501.15567432794
339.22654008865356,-0.0012861288413974978,130501.54010689515
339.326730966568,-0.0010105298039551768,130500.28609620564
339.42621397972107,-0.0014698615330257117,130497.95748658507
339.5268030166626,-0.0034909211409360655,130496.86173792656
339.62675976753235,-0.0027559903744232093,130496.47556413391
339.72627544403076,-0.004042119215820707,130495.62800772053
339.826340675354,-0.0011023961497692838,130495.16520694848
339.92640805244446,-0.0031234557576796376,130494.74868625365
340.0259168148041,-0.0019291932620962467,130494.57381762829
340.1261098384857,-0.00036746538325642793,130494.01643586546
340.22649335861206,-0.0008267971123269628,130494.0147922789
340.3260061740875,-0.0037665201783783865,130493.71331305102
340.4268147945404,-0.0009186634581410698,130492.04198174592
340.52593183517456,-0.0035827874867501723,130490.93778357134
340.62593698501587,-0.0022966586453526745,130490.14400521421
340.7264156341553,-0.0011023961497692838,130488.92960469279
340.8264949321747,-0.0028478567202373166,130489.43664422352
340.9266004562378,-0.0012861288413974978,130488.19297980117
341.0267241001129,-0.0004593317290705349,130488.27368182107
341.12589025497437,-0.0031234557576796376,130489.14631363896
341.22625756263733,-0.0026641240286091024,130488.23168227507
341.3264510631561,-0.0039502528700066,130488.90851404757
341.4265739917755,-0.0018373269162821396,130489.51766264281
341.5259907245636,-0.0034909211409360655,130489.36589637854
341.6267650127411,-0.0035827874867501723,130489.32930674069
341.7263216972351,-0.0019291932620962467,130489.39637606662
341.82645320892334,-0.0029397230660514234,130490.75673845997
341.9269437789917,-0.0022047922995385677,130491.58106461397
342.02629375457764,-0.004777049982333563,130492.62295815257
342.1261410713196,-0.0029397230660514234,130494.66066233732
342.226393699646,-0.005420114403032312,130495.4945961036
342.32631254196167,-0.0025722576827949956,130495.74513649325
342.4258162975311,-0.0029397230660514234,130497.07062284392
342.52606749534607,-0.0030315894118655303,130496.56356055953
342.62583684921265,-0.0011942624955833907,130496.10720450358
342.7267425060272,-0.0015617278788398188,130496.99648405323
342.8261423110962,-0.0028478567202373166,130497.19683564792
342.92664909362793,-0.0012861288413974978,130497.27715208313
343.0263991355896,-0.0022047922995385677,130498.54943687482
343.12673687934875,-0.0028478567202373166,130498.69449318734
343.22649097442627,0.0,130497.32504386861
343.3263704776764,-0.0037665201783783865,130497.79253948174
343.4265787601471,-0.0029397230660514234,130496.91328553358
343.5265395641327,-0.0019291932620962467,130495.42195698022
343.62635040283203,-0.0009186634581410698,130497.17976128221
343.72609782218933,-0.0033071884493078513,130497.561785154
343.82588934898376,-0.00036746538325642793,130497.2056066386
343.92610263824463,-0.0034909211409360655,130496.68504597474
344.0263180732727,-0.0027559903744232093,130497.11654137727
344.1260471343994,-0.0013779951872116046,130496.70488723955
344.2258925437927,-0.0011023961497692838,130496.63439851561
344.3262801170349,-0.0035827874867501723,130497.57095866406
344.4266481399536,-0.0035827874867501723,130496.91386279766
344.5265793800354,-0.0006430644206987489,130496.62247651789
344.6266529560089,-0.0029397230660514234,130495.8602288661
344.72636318206787,-0.0026641240286091024,130496.5742059795
344.8259677886963,-0.0022047922995385677,130495.21678538156
344.92676424980164,-0.0028478567202373166,130494.89510684341
345.0260736942291,-0.0026641240286091024,130494.90559615908
345.1262285709381,-0.0029397230660514234,130494.31503654318
345.2260172367096,-0.0015617278788398188,130494.18353288887
345.3259584903717,-0.0012861288413974978,130494.76517959998
345.4263997077942,-0.0020210596079103535,130495.58866164
345.52669739723206,-0.0014698615330257117,130496.12979547601
345.62604308128357,-0.0022966586453526745,130496.11681592841
345.72644305229187,-0.0029397230660514234,130497.00513433557
345.8261284828186,-0.004501450944891242,130497.40462090203
345.9258522987366,-0.0004593317290705349,130499.06415881185
346.0266466140747,-0.0015617278788398188,130499.85774293066
346.12618374824524,-0.0043177182532630285,130499.6719686376
346.22583627700806,-0.0030315894118655303,130500.30477177385
346.32658553123474,-0.00027559903744232096,130499.77429459647
346.426472902298,-0.0031234557576796376,130499.39686513683
346.5259037017822,-0.0014698615330257117,130498.75717862316
346.6260099411011,-0.0034909211409360655,130499.58146076083
346.7260763645172,-0.0034909211409360655,130499.52331468475
346.8258309364319,-0.0014698615330257117,130498.87098321627
346.9261167049408,-0.0013779951872116046,130497.98388489465
347.02620005607605,-0.0023885249911667814,130497.5854964052
347.12593841552734,-0.0011023961497692838,130497.72694676468
347.2258870601654,-0.004593317290705349,130497.95425208822
347.3258173465729,-0.0035827874867501723,130498.9588268794
347.42592668533325,-0.0015617278788398188,130498.46294419147
347.5263695716858,-0.0009186634581410698,130498.01664977233
347.62617325782776,-0.0010105298039551768,130497.91498479509
347.72612714767456,-0.0037665201783783865,130497.0234863156
347.82618379592896,-0.0038583865241924933,130495.32113768403
347.92630910873413,-0.0035827874867501723,130495.98902391562
348.026437997818,-0.0029397230660514234,130496.99012152407
348.1259114742279,-0.0007349307665128559,130496.89110937167
348.2263865470886,-0.0020210596079103535,130496.00199843451
348.32588291168213,-0.00486891632814767,130495.70179859106
348.42602348327637,-0.0019291932620962467,130494.73161873197
348.5260202884674,-0.00018373269162821396,130493.95845685877
348.62611198425293,-0.0027559903744232093,130492.4626111729
348.726265668869,-0.0034909211409360655,130492.81635005563
348.82651019096375,-0.0022047922995385677,130493.53471505006
348.92582988739014,-0.0032153221034937444,130493.58124354505
349.0258071422577,-0.0025722576827949956,130493.42311919054
349.1268079280853,-0.0029397230660514234,130491.88080727149
349.22611784935,-0.004133985561634814,130491.79272654434
349.3258171081543,-0.0010105298039551768,130492.8134538899
349.4259309768677,-0.0019291932620962467,130492.13210850093
349.52654504776,-0.0020210596079103535,130492.51889765084
349.6261386871338,-0.0035827874867501723,130492.56700788575
349.7268352508545,-0.0008267971123269628,130491.91030709719
349.82682728767395,-0.0024803913369808887,130492.01927638748
349.92611956596375,-0.0020210596079103535,130494.11734874874
350.02664852142334,-0.0024803913369808887,130493.80561387388
350.1259000301361,-0.00027559903744232096,130493.92505248649
350.22578859329224,-0.0018373269162821396,130494.13254723785
350.3260660171509,-0.00018373269162821396,130494.41929251407
350.42669677734375,-0.0009186634581410698,130494.57736326267
350.52643275260925,-0.0021129259537244604,130494.7196269364
350.6264910697937,-0.0030315894118655303,130494.84766424277
350.7265679836273,-0.0032153221034937444,130494.5628978185
350.82640171051025,-0.0034909211409360655,130494.90660803665
350.9263582229614,-0.0021129259537244604,130493.91594723298
351.0264880657196,-0.0024803913369808887,130493.32435250969
351.1262490749359,-0.0015617278788398188,130493.09191725873
351.22671461105347,-0.0012861288413974978,130492.38272553287
351.32643127441406,-0.0009186634581410698,130493.84445297958
351.4263274669647,-0.0013779951872116046,130492.76000768163
351.5263879299164,-0.0024803913369808887,130492.48400691347
351.6262540817261,-0.0015617278788398188,130492.33560622213
351.72614645957947,0.00018373269162821396,130491.50204559992
351.8259139060974,-0.0043177182532630285,130490.55184103992
351.9261713027954,-0.0032153221034937444,130490.29665693594
352.02614307403564,-0.0006430644206987489,130490.46699124234
352.1267375946045,-0.00027559903744232096,130489.42029211811
352.22594928741455,-0.0014698615330257117,130489.3782629063
352.32609939575195,-0.0019291932620962467,130489.54043661569
352.42655634880066,-0.0023885249911667814,130490.18639295413
352.52587723731995,-0.0025722576827949956,130490.76775365873
352.6266610622406,-0.00486891632814767,130490.49097829286
352.72616243362427,-0.0029397230660514234,130491.54188046358
352.8267590999603,-0.0029397230660514234,130491.88769241722
352.9261600971222,-0.005695713440474633,130493.1989231755
353.0266852378845,-0.0028478567202373166,130492.37903085795
353.1262743473053,-0.004133985561634814,130493.54112777216
353.2258472442627,-0.0014698615330257117,130492.98701499494
353.3263578414917,-0.0013779951872116046,130493.58831349545
353.42629170417786,-0.0015617278788398188,130494.82948214591
353.5260863304138,-0.0011942624955833907,130495.04653393132
353.62642526626587,-0.0029397230660514234,130494.24188053819
353.7263469696045,-0.00027559903744232096,130494.31769248437
353.8260962963104,-0.0032153221034937444,130494.18592323594
353.9265568256378,-0.0029397230660514234,130494.46733091235
354.0260863304138,-0.0011023961497692838,130493.92059782112
354.12663102149963,-0.0022047922995385677,130495.12853803902
354.2258110046387,-0.0030315894118655303,130495.01568423511
354.3263475894928,-0.0017454605704680327,130494.91411581161
354.4262249469757,-0.0010105298039551768,130496.32270423046
354.52644968032837,-0.0016535942246539257,130496.99043380743
354.62635254859924,-0.0018373269162821396,130497.3913904267
354.7263569831848,-0.0012861288413974978,130498.55225138404
354.8266632556915,-0.0032153221034937444,130499.39702624564
354.92634749412537,-0.004225851907448921,130500.65732362108
355.02606081962585,-0.0014698615330257117,130500.29159125897
355.1261041164398,-0.0022047922995385677,130500.26243213307
355.22586941719055,-0.004042119215820707,130498.03618891977
355.32618403434753,-0.005052649019775884,130497.53257002779
355.42613887786865,-0.0011942624955833907,130496.37931302501
355.5262084007263,-0.0012861288413974978,130496.44138172251
355.6266071796417,-0.0035827874867501723,130496.69724355027
355.7258667945862,-0.004593317290705349,130497.52751919524
355.82604718208313,-0.0028478567202373166,130498.77476727571
355.9261348247528,-0.0028478567202373166,130499.99729054814
356.0266184806824,-0.0025722576827949956,130499.49756149334
356.1266281604767,-0.0017454605704680327,130498.94780534401
356.2264885902405,-0.0015617278788398188,130499.05302480962
356.3265154361725,-0.0022966586453526745,130498.14772232866
356.42584133148193,-0.003399054795121958,130498.23295009581
356.52586793899536,-0.0007349307665128559,130497.90965508623
356.62643814086914,-0.003674653832564279,130497.71868957761
356.7266173362732,-0.0022047922995385677,130497.54682061986
356.82666397094727,-0.0023885249911667814,130497.79213855787
356.92654061317444,-0.004133985561634814,130499.01292470208
357.0263829231262,-0.0032153221034937444,130498.71163223188
357.1266577243805,-0.0026641240286091024,130499.04046900869
357.2258548736572,-0.0020210596079103535,130497.63642210783
357.3267478942871,-0.0018373269162821396,130497.17277989705
357.4259080886841,-0.004501450944891242,130498.65550190734
357.52617502212524,-0.0029397230660514234,130498.4899517166
357.6266417503357,-0.0016535942246539257,130500.14095654494
357.726042509079,-0.0015617278788398188,130500.62686089045
357.82640314102173,-0.0024803913369808887,130500.5641748014
357.92673993110657,-0.003674653832564279,130500.60775732127
358.02571153640747,-0.0039502528700066,130501.24698158914
358.12635707855225,-0.005144515365589991,130501.82228343023
358.22659707069397,-0.0022966586453526745,130501.54005508721
358.32597970962524,0.0,130500.9860495785
358.42615604400635,-0.00036746538325642793,130498.88744462065
358.52588987350464,-0.0009186634581410698,130499.09870015859
358.62649297714233,-0.0024803913369808887,130497.58883014275
358.7263813018799,-0.003399054795121958,130498.02994712847
358.8265130519867,-0.003399054795121958,130497.72695241563
358.92658853530884,-0.0028478567202373166,130497.75425717408
359.02638816833496,-0.004225851907448921,130498.27883145667
359.1264612674713,-0.0026641240286091024,130498.150948311
359.22637915611267,-0.0031234557576796376,130498.23585347991
359.3264536857605,-0.0024803913369808887,130498.51226813193
359.4268219470978,-0.0027559903744232093,130498.16104131874
359.52656078338623,-0.0030315894118655303,130498.04493718687
359.6261374950409,-0.0029397230660514234,130497.7404434682
359.72619795799255,-0.0025722576827949956,130496.56639912138
359.82586097717285,-0.0011023961497692838,130497.30975920925
359.92595195770264,-0.0019291932620962467,130496.97878328833
360.0265517234802,-0.0043177182532630285,130496.98090495949
360.12605381011963,-0.0032153221034937444,130496.98281446354
360.2267310619354,0.0005511980748846419,130495.98453301718
360.3259928226471,-0.0015617278788398188,130496.88607971546
360.4264566898346,-0.0013779951872116046,130496.99747174392
360.5262734889984,-0.0020210596079103535,130497.79772456952
360.6263725757599,-0.0032153221034937444,130499.11795211257
360.7266607284546,-0.0025722576827949956,130498.80615690132
360.826767206192,-0.0032153221034937444,130499.6255412112
360.92664194107056,-0.0032153221034937444,130498.56298709009
361.02658247947693,-0.0034909211409360655,130497.00668838108
361.1261749267578,-0.003674653832564279,130497.40601954298
361.22614312171936,-0.0017454605704680327,130496.86541758868
361.3262972831726,-0.0019291932620962467,130497.07887582981
361.4258849620819,-0.004133985561634814,130497.07098824684
361.52586460113525,-0.0028478567202373166,130498.36388942215
361.62607431411743,-0.0028478567202373166,130498.12750047994
361.72591280937195,-0.0026641240286091024,130498.71475043194
361.82623767852783,-0.004593317290705349,130499.84327538875
361.926472902298,-0.0037665201783783865,130498.85894784988
362.0262784957886,-0.0022047922995385677,130499.0730530649
362.12629985809326,-0.0011942624955833907,130500.0657477584
362.22622442245483,-0.0022047922995385677,130500.35917298257
362.32666993141174,-0.0016535942246539257,130500.52325568431
362.42605924606323,-0.0021129259537244604,130500.77093011589
362.52652382850647,-0.0030315894118655303,130500.0938371043
362.62621331214905,-9.186634581410698e-05,130501.38445339388
362.7267277240753,-0.0034909211409360655,130501.2460080545
362.82631945610046,-0.0019291932620962467,130501.52140724906
362.9262454509735,-0.0011023961497692838,130501.76926652415
363.026136636734,-0.0034909211409360655,130502.59233987174
363.12616300582886,-0.0019291932620962467,130501.43310588457
363.22666478157043,0.0006430644206987489,130502.38979529613
363.32611656188965,-0.0013779951872116046,130503.75081576653
363.4263656139374,-0.00036746538325642793,130503.77573418987
363.5259985923767,0.00018373269162821396,130503.39816077088
363.6263179779053,-0.0020210596079103535,130503.95834469379
363.7259087562561,-0.0038583865241924933,130502.56251022441
363.8265645503998,-0.0030315894118655303,130503.10625920197
363.9267086982727,-0.0014698615330257117,130501.39563328179
364.0262269973755,-0.0023885249911667814,130501.35606995362
364.1262540817261,-0.0016535942246539257,130500.52046295826
364.22641825675964,-0.0022047922995385677,130499.46841666244
364.3259801864624,-0.0004593317290705349,130499.0215749962
364.42675399780273,-0.0017454605704680327,130499.11941749658
364.5265200138092,-0.0026641240286091024,130498.40747574692
364.62669110298157,-0.0013779951872116046,130499.46672817224
364.72666335105896,0.00018373269162821396,130497.420055355
364.8259015083313,-0.003399054795121958,130496.3780498195
364.92631459236145,-0.0022966586453526745,130495.44024483755
365.02595257759094,-0.0011942624955833907,130495.1962203538
365.1261923313141,-0.0026641240286091024,130495.47659831842
365.22640919685364,-0.0033071884493078513,130495.42893848658
365.3262960910797,-0.0029397230660514234,130495.28604463793
365.4261074066162,-0.0028478567202373166,130495.55744017415
365.5266754627228,-0.004042119215820707,130496.80169615673
365.62661504745483,-0.003674653832564279,130496.72152654106
365.72622203826904,-0.004133985561634814,130497.54937388696
365.82592034339905,-0.0013779951872116046,130497.59443649827
365.92605996131897,-0.0026641240286091024,130497.93499284846
366.026043176651,-0.0023885249911667814,130498.84149356361
366.12657713890076,-0.0033071884493078513,130498.55734420726
366.22607421875,-0.0022047922995385677,130497.40160978654
366.3264248371124,-0.0027559903744232093,130498.9614488079
366.4261541366577,-0.0033071884493078513,130499.86530392712
366.52608919143677,-0.0013779951872116046,130499.87877353441
366.6262164115906,-0.0005511980748846419,130500.29089618096
366.7264337539673,-0.0019291932620962467,130500.66180656286
366.8259382247925,-0.0018373269162821396,130500.89562590657
366.9261600971222,-0.0028478567202373166,130499.90606331592
367.0262544155121,-0.0009186634581410698,130499.61545698433
367.1260275840759,-0.0030315894118655303,130500.3539112859
367.22618412971497,-0.0011942624955833907,130499.0185201573
367.32595467567444,-0.0035827874867501723,130498.71666814158
367.4259970188141,-0.0004593317290705349,130499.04500132742
367.52654123306274,-0.004777049982333563,130498.54050119469
367.62606716156006,-0.0016535942246539257,130499.58645107521
367.72663855552673,-0.0043177182532630285,130499.9278059677
367.82602286338806,-0.0025722576827949956,130501.23502537093
367.9260137081146,-0.0016535942246539257,130501.91152283385
368.0258221626282,-0.0031234557576796376,130501.22037055047
368.12622904777527,-0.0014698615330257117,130501.09833349542
368.2259006500244,-0.0008267971123269628,130500.58850014588
368.3262474536896,-0.003674653832564279,130500.7296501313
368.4264979362488,-0.0016535942246539257,130500.85668511817
368.52590346336365,-0.004960782673961777,130501.07101660635
368.6262240409851,-0.0024803913369808887,130502.16391494572
368.7267677783966,-0.0026641240286091024,130502.94752345115
368.82638359069824,-0.0027559903744232093,130504.35277110603
368.92603874206543,0.0004593317290705349,130505.21749399543
369.0260443687439,-0.0012861288413974978,130505.59574459589
369.125990152359,-0.0012861288413974978,130504.9361701363
369.22579288482666,-0.0034909211409360655,130504.34255312267
369.3266339302063,-0.003674653832564279,130505.0082978104
369.4262914657593,-0.0018373269162821396,130504.50746802936
369.52674293518066,-0.004501450944891242,130503.15672122643
369.6266407966614,-0.0028478567202373166,130502.9410491038
369.72667360305786,-0.0016535942246539257,130502.44694419342
369.82650780677795,-0.0028478567202373166,130503.20224977408
369.9258167743683,-0.0024803913369808887,130503.08202479668
370.0259201526642,-0.0014698615330257117,130502.47382231701
370.12628626823425,-0.0079005057400132,130502.42644008531
370.2264025211334,-0.03794080082122618,130501.2837960768
370.32616543769836,-0.08460890449479253,130499.95541646912
370.426064491272,-0.11814012071694158,130502.05987482221
370.52620244026184,-0.037114003708899224,130500.95388734
370.6261832714081,0.0023885249911667814,130500.658498606
370.72638726234436,-0.00018373269162821396,130498.99264874542
370.8263442516327,0.0011942624955833907,130498.89338387089
370.92614340782166,-0.0028478567202373166,130498.0040454838
371.0261170864105,-0.0012861288413974978,130497.20364093542
371.12658309936523,-0.0005511980748846419,130495.78327684189
371.22603392601013,-0.0032153221034937444,130495.4049491577
371.326464176178,-0.0010105298039551768,130494.66445424194
371.4266450405121,-0.0027559903744232093,130494.29800881776
371.52613592147827,-0.0037665201783783865,130494.36820793599
371.62651348114014,-0.0027559903744232093,130494.83138714239
371.725834608078,-0.0023885249911667814,130494.64824842816
371.8265528678894,0.0018373269162821396,130494.78342358535
371.926073551178,-0.0027559903744232093,130495.40508122683
372.02598762512207,-0.0011942624955833907,130495.36457310415
372.1265904903412,-0.004777049982333563,130495.02811579373
372.2264745235443,-0.0023885249911667814,130495.82530421436
372.3259742259979,-0.0018373269162821396,130495.34277379293
372.4265275001526,-0.0017454605704680327,130495.00849641363
372.5257019996643,-0.0023885249911667814,130494.80764677227
372.6262435913086,-0.0018373269162821396,130494.72688209504
372.7267735004425,-0.0015617278788398188,130495.45419388554
372.8266775608063,-0.0008267971123269628,130494.80877449698
372.92585039138794,-0.0016535942246539257,130495.32789704729
373.0261278152466,-0.0011023961497692838,130494.49510734256
373.1258633136749,-0.0035827874867501723,130494.9455966083
373.22640109062195,-0.0034909211409360655,130494.75103694748
373.3258488178253,-0.0020210596079103535,130494.77593325273
373.4266290664673,-0.0033071884493078513,130493.19833992748
373.52608847618103,-0.0027559903744232093,130491.57850593473
373.6259660720825,-0.0032153221034937444,130492.02065534126
373.7262234687805,-0.0034909211409360655,130491.51858980714
373.8259391784668,-0.0027559903744232093,130490.86673082643
373.9261875152588,-0.0024803913369808887,130490.1800577438
374.02603697776794,-0.0013779951872116046,130489.16205196943
374.1266052722931,-0.0017454605704680327,130489.74584677248
374.2257766723633,-0.0021129259537244604,130491.17126209525
374.3259847164154,-0.005052649019775884,130491.95413588572
374.4259536266327,-0.004042119215820707,130491.35872229715
374.5260088443756,0.00018373269162821396,130492.72285006744
374.62634563446045,-0.0031234557576796376,130492.2505650607
374.7261199951172,-0.00486891632814767,130493.02550855464
374.8267488479614,-0.006246911515359275,130493.42295769918
374.9261419773102,-0.004042119215820707,130494.28066192925
375.0261137485504,-0.0016535942246539257,130493.95259573634
375.12624073028564,-0.0032153221034937444,130495.45733616271
375.2267062664032,-0.0023885249911667814,130495.81160254646
375.3266019821167,-0.0013779951872116046,130496.13044229182
375.42637753486633,-0.0038583865241924933,130496.71739806264
375.5259048938751,-0.004409584599077135,130496.84565825638
375.6265754699707,-0.0011023961497692838,130497.06109243075
375.7263870239258,-0.0022966586453526745,130495.35498318769
375.82582926750183,-0.0034909211409360655,130496.51948486891
375.9266149997711,-0.0009186634581410698,130495.66753638202
376.02603006362915,-0.005328248057218205,130494.90078274383
376.1266646385193,-0.010289030731179982,130493.91070446945
376.2267074584961,-0.03298001814726441,130493.11963402251
376.32658338546753,-0.048689163281476704,130492.90767062028
376.4260370731354,-0.07128828435174701,130494.31690355825
376.52617502212524,-0.07983185451245897,130494.48521320244
376.6267364025116,-0.07312561126802916,130494.4366918822
376.7259511947632,-0.07863759201687558,130493.49302269399
376.8259582519531,-0.09122328139340824,130492.54372042458
376.9266309738159,-0.09526540060922895,130492.58934838213
377.0266809463501,-0.10876975344390266,130493.83041354391
377.1265184879303,-0.1301746120185896,130493.24737218952
377.22611594200134,-0.13789138506697457,130492.62263497057
377.3263077735901,-0.13596219180487834,130492.7603714735
377.4267830848694,-0.15617278788398187,130493.08433432617
377.52642154693604,-0.17840444357099575,130493.27590089355
377.6259686946869,-0.1816197656744895,130492.6483108042
377.72671461105347,-0.15176320328490472,130494.08347972378
377.82611203193665,-0.17959870606657916,130492.3751317514
377.92638778686523,-0.1775776464586688,130493.83761857626
378.0266184806824,-0.19631838100474663,130492.85385671863
378.12617802619934,-0.20017676752893912,130492.66847104678
378.22650957107544,-0.20118729733289428,130492.8016239421
378.3263592720032,-0.19062266756427199,130492.1214615479
378.426481962204,-0.18501882046961146,130491.4093153931
378.52656865119934,-0.18759107815240647,130490.0683838538
378.62591528892517,-0.18832600891891932,130491.06154546842
378.72636318206787,-0.1921843954431118,130491.55539092158
378.8267288208008,-0.1868561473858936,130492.39985182942
378.92639899253845,-0.18924467237706039,130491.65986664649
379.02617168426514,-0.18740734546077825,130491.79387998184
379.1262855529785,-0.18042550317890613,130491.91449198365
379.2263693809509,-0.17555658685075845,130491.1230427853
379.32580375671387,-0.15755078307119347,130491.01073850677
379.4262948036194,-0.10628936210692178,130490.7096646561
379.5259964466095,-0.07441174010942665,130490.9386981905
379.6264109611511,-0.06063178823731061,130490.24482837145
379.72602677345276,-0.05098582192682938,130490.82034553432
379.82622599601746,-0.01433114994700069,130490.73831098089
379.92597579956055,-0.015066080713513546,130490.26447988281
380.0260670185089,-0.0029397230660514234,130489.03803189454
380.12657284736633,-0.004225851907448921,130488.1342287051
380.22672510147095,-0.0024803913369808887,130487.4208058346
380.32592487335205,-0.005695713440474633,130487.77872525115
380.425931930542,-0.007716773048384987,130486.50085272604
380.52643609046936,-0.010564629768622304,130486.35076745343
380.62591075897217,-0.006063178823731061,130486.5156907081
380.7265954017639,-0.00881916919815427,130486.36412163729
380.82627296447754,-0.0028478567202373166,130487.02770947356
380.92647337913513,-0.004042119215820707,130486.62493852622
381.0262882709503,-0.0026641240286091024,130487.7624446736
381.1265411376953,-0.0034909211409360655,130488.08620020625
381.2262101173401,-0.0007349307665128559,130489.37758018564
381.32651710510254,-0.0009186634581410698,130489.33982216706
381.4261403083801,-0.0038583865241924933,130490.40583995036
381.52610325813293,-0.00036746538325642793,130490.26525595531
381.62630915641785,-0.004593317290705349,130490.23873035978
381.7259929180145,-0.005144515365589991,130490.9148573238
381.8266746997833,-0.004501450944891242,130492.22337159142
381.9266963005066,-0.0158010114800264,130491.50103443228
382.02627444267273,-0.022415388378642105,130489.95093098906
382.1262402534485,-0.03472547871773244,130489.95583789016
382.22667479515076,-0.035827874867501726,130490.66025410114
382.326256275177,-0.05466047575939365,130490.39422869103
382.4260747432709,-0.05245568345985509,130490.45480582194
382.526104927063,-0.0697265564729072,130490.90932523974
382.6266152858734,-0.0525475498056692,130491.61839271577
382.7268295288086,-0.04051305850402118,130491.0565534442
382.8259439468384,-0.03748146909215565,130491.15089809978
382.926228761673,-0.02066992780817407,130490.3358082898
383.02623462677,-0.008176104777455522,130489.90222746083
383.12599444389343,-0.006246911515359275,130490.71200471475
383.22633051872253,-0.011483293226763372,130491.04080424327
383.3263986110687,-0.014055550909558368,130492.23672381895
383.42660450935364,-0.030132161427027092,130493.51305143705
383.5265123844147,-0.04630063829030992,130494.36174629335
383.62662863731384,-0.052180084422412766,130494.42557166402
383.7258183956146,-0.053741812301252585,130494.78301449762
383.82598757743835,-0.06063178823731061,130494.60471304785
383.92651748657227,-0.05594660460079115,130494.04424174307
384.0263316631317,-0.05420114403032312,130495.13981756876
384.12665605545044,-0.030315894118655304,130494.02583581189
384.22662138938904,-0.010472763422808196,130495.3232522307
384.3267171382904,-0.00946223361885302,130495.99092700762
384.4260210990906,-0.0022966586453526745,130495.89183430685
384.5262484550476,-0.015157947059327652,130496.40265087617
384.6266849040985,-0.03858386524192493,130496.46238578856
384.7264311313629,-0.055487272871720617,130496.51614720971
384.82637786865234,-0.06403084303243256,130498.16453248875
384.9262857437134,-0.060080590162425965,130496.94807923988
385.02615189552307,-0.06219351611615043,130497.65327131591
385.12654209136963,-0.05603847094660526,130497.58794418431
385.22672271728516,-0.030591493156097625,130497.02914976588
385.3264515399933,-0.011667025918391586,130497.4262347893
385.42608761787415,-0.011115827843506945,130496.88361131036
385.5258345603943,-0.011207694189321053,130496.89525017932
385.6266899108887,-0.022139789341199784,130498.20572516139
385.72621393203735,-0.042074786382860996,130496.98515264525
385.8257529735565,-0.055487272871720617,130497.98663738073
385.92638087272644,-0.06063178823731061,130497.98797364267
386.0261240005493,-0.06421457572406078,130497.8891762784
386.12598037719727,-0.04317718253263028,130496.60025865056
386.2263720035553,-0.023242185490969066,130497.1402327855
386.32641792297363,-0.00854357016071195,130497.82620950695
386.42613887786865,-0.005971312477916954,130497.24358855626
386.5260901451111,-0.008727302852340163,130496.51922970063
386.62588596343994,-0.009278500927224806,130495.66730673057
386.72659134864807,-0.022690987416084423,130496.90057605751
386.82623076438904,-0.040421192158207074,130496.41051845175
386.9266166687012,-0.04124798927053404,130496.26946660658
387.02668952941895,-0.043820246953329034,130495.94251994592
387.12597703933716,-0.045565707523797065,130495.14826795133
387.2260203361511,-0.026916839323533347,130494.6334411562
387.3260509967804,0.0011942624955833907,130494.07009704059
387.42604970932007,0.0018373269162821396,130494.36308733653
387.5259289741516,-0.0016535942246539257,130493.92677860288
387.6262092590332,-0.015892877825840507,130493.6341007426
387.7264699935913,-0.03334748353052083,130493.77069066833
387.82628536224365,-0.04942409404798956,130493.3936216015
387.9259135723114,-0.058243263246143824,130494.35425944136
388.02573132514954,-0.04969969308543188,130494.81883349724
388.1260416507721,-0.056681535367304005,130495.5369501475
388.2259678840637,-0.05420114403032312,130495.78325513276
388.32587718963623,-0.017546472050494432,130495.90492961949
388.4263825416565,-0.005603847094660526,130496.11443665755
388.5264127254486,-0.00578757978628874,130496.70299299179
388.6261079311371,-0.006981842281872131,130496.83269369262
388.72611451148987,-0.02315031914515496,130496.34942432336
388.82650899887085,-0.04290158349518796,130494.71448189103
388.9263424873352,-0.055579139217534726,130495.04303370194
389.02584624290466,-0.06375524399499025,130494.43873033175
389.1267786026001,-0.06449017476150311,130495.59485729858
389.2265589237213,-0.06917535839802255,130495.93537156872
389.32681012153625,-0.04905662866473313,130496.44183441186
389.42636132240295,-0.016168476863282828,130495.99765097068
389.52588987350464,-0.009186634581410698,130497.49788587361
389.6263699531555,0.00027559903744232096,130497.74809728625
389.7266185283661,0.0020210596079103535,130498.57328755764
389.82586646080017,0.0039502528700066,130497.91595880187
389.9259362220764,-0.0031234557576796376,130497.52436292169
390.0264160633087,-0.03068335950191173,130497.57192662952
390.1260757446289,-0.04143172196216225,130497.11473396658
390.2266743183136,-0.05080208923520116,130496.20326056992
390.3263580799103,-0.058702594975214364,130496.18293451294
390.42630529403687,-0.06871602666895202,130496.56464106165
390.52591371536255,-0.046943702711008665,130498.2081769555
390.6266493797302,0.00018373269162821396,130498.88735925994
390.7258253097534,0.0020210596079103535,130500.09862333395
390.8259847164154,-0.0019291932620962467,130499.68876100057
390.9260563850403,-0.006430644206987489,130500.61988490052
391.0259292125702,-0.024436447986552458,130500.15789641047
391.1265652179718,-0.058978194012656686,130501.24210676944
391.22577953338623,-0.055579139217534726,130501.21789609251
391.3266706466675,-0.06118298631219525,130500.49610648328
391.42636728286743,-0.04749490078589331,130500.44649583496
391.5259199142456,-0.014790481676071224,130500.60184625146
391.6263608932495,-0.0027559903744232093,130499.74166162632
391.7260718345642,-0.006063178823731061,130498.3674954637
391.8261561393738,-0.009186634581410698,130498.03074591733
391.9264087677002,-0.016168476863282828,130498.0276713256
392.02644205093384,-0.05732459978800276,130498.72490419305
392.1260497570038,-0.050710222889387056,130498.95241377375
392.22653889656067,-0.048505430589848485,130498.45717239639
392.3258786201477,-0.047035569056822775,130498.11145515676
392.42653942108154,-0.043360915224258494,130499.60030964109
392.5288665294647,-0.01800580377956497,130500.24027867698
392.6256766319275,-0.004777049982333563,130499.51625080929
392.72598242759705,-0.0012861288413974978,130500.16462572837
392.8263533115387,0.0014698615330257117,130500.94816315554
392.9263505935669,-0.004685183636519456,130501.55334683998
393.02621269226074,-0.02958096335214245,130501.09801215598
393.1266906261444,-0.055487272871720617,130500.68821094038
393.2267394065857,-0.060356189199868286,130500.41938984634
393.3266324996948,-0.06531697187383007,130501.2774508617
393.42634654045105,-0.06421457572406078,130500.34970577553
393.5262644290924,-0.0539255449928808,130499.81473519799
393.6266860961914,-0.0249876460614371,130499.2332616782
393.72577834129333,-0.003399054795121958,130499.90993551038
393.82566595077515,-0.006798109590243916,130500.61894195934
393.92573642730713,-0.009278500927224806,130501.05704776342
394.02567958831787,-0.009645966310481233,130502.15134298707
394.1262745857239,-0.01552541244258408,130502.13620868836
394.22595977783203,-0.05052649019775884,130502.32258781954
394.32630610466003,-0.0645820411073172,130502.09032903759
394.42584228515625,-0.0697265564729072,130501.78129613382
394.5258548259735,-0.07036962089360595,130500.60316652044
394.6260190010071,-0.029121631623071912,130499.24284986839
394.7256495952606,-0.0012861288413974978,130499.21856488156
394.8257029056549,0.008451703814897842,130498.4967083934
394.9260153770447,0.009186634581410698,130498.24703755407
395.02589750289917,0.005603847094660526,130498.02233379867
395.125923871994,-0.01433114994700069,130496.72010041881
395.22586369514465,-0.037205870054713326,130496.24809037693
395.32595324516296,-0.04409584599077135,130495.92328133924
395.42615008354187,-0.05585473825497705,130494.53095320532
395.5257375240326,-0.05052649019775884,130493.9778578848
395.6260666847229,-0.02976469604377066,130493.68007209634
395.72611808776855,-0.013504352834673727,130492.5120648867
395.82597494125366,-0.007073708627686238,130492.86085839804
395.9261043071747,-0.0016535942246539257,130492.47477255823
396.0259966850281,-0.0026641240286091024,130491.4272953024
396.12676644325256,-0.025171378753065313,130491.88456577217
396.2266821861267,-0.04299344984100207,130491.69610919495
396.3261778354645,-0.051996351730784554,130491.02649827546
396.42593598365784,-0.060080590162425965,130491.52384844792
396.5262496471405,-0.06614376898615702,130492.17146360314
396.6261103153229,-0.06246911515359275,130493.25431724283
396.72607493400574,-0.027651770090046202,130494.92888551854
396.8261172771454,0.0014698615330257117,130495.33599696669
396.9264225959778,0.0031234557576796376,130496.00239727003
397.0261733531952,0.0030315894118655303,130495.10215754302
397.12593698501587,-9.186634581410698e-05,130494.89194178872
397.2261245250702,-0.022415388378642105,130496.00274760986
397.3259074687958,-0.046759970019380453,130496.10247284887
397.4263188838959,-0.05208821807659866,130496.19222556398
397.52641892433167,-0.05879446132102847,130496.47300300759
397.62629199028015,-0.05980499112498364,130496.42570270684
397.72628116607666,-0.014514882638628903,130497.38313243617
397.82665491104126,0.016535942246539256,130497.04481919255
397.92609000205994,0.01828140281700729,130495.8403372733
398.02616333961487,0.0008267971123269628,130495.95630354597
398.12613129615784,-0.03922692966262368,130496.86067319138
398.22723960876465,-0.060448055545682396,130497.67460587223
398.32676243782043,-0.05245568345985509,130498.20714528502
398.435355424881,-0.013320620143045513,130498.78643075653
398.5323495864868,0.00973783265629534,130499.0077876809
398.6298587322235,-0.0024803913369808887,130498.5070089128
398.7283215522766,-0.010197164385365875,130498.95630802153
398.8276057243347,-0.022966586453526745,130497.86067721939
398.9261999130249,-0.051904485384970445,130498.27460949744
399.0271906852722,-0.07165574973500345,130498.9471485477
399.1356346607208,-0.07606533433408058,130498.75243369292
399.23481130599976,-0.039502528700066,130498.27719032363
399.3350245952606,0.004042119215820707,130499.24947129127
399.4258391857147,-0.004042119215820707,130499.12452416215
399.52712297439575,-0.010197164385365875,130498.71207174593
399.62826895713806,0.0024803913369808887,130498.34086457134
399.7305574417114,0.013963684563744262,130498.2067781142
399.83067297935486,-0.03068335950191173,130497.88610030279
399.93140053749084,-0.07615720067989469,130497.59749027251
400.03335428237915,-0.09967498520830607,130497.13774124527
400.1345579624176,-0.09241754388899162,130497.72396712075
400.23580622673035,-0.04501450944891242,130497.95157040868
400.3274562358856,-0.04804609886077795,130496.15641336782
400.42804169654846,-0.0067062432444298095,130495.74077203103
400.52769708633423,0.010380897076994088,130496.16669482793
400.6292338371277,-0.004501450944891242,130495.55002534515
400.72976565361023,-0.047311168094265096,130495.99502281063
400.8305447101593,-0.10086924770388947,130496.09552052956
400.9342007637024,-0.11152574381832588,130495.98596847661
401.0335485935211,-0.05805953055451561,130496.38737162895
401.13443636894226,0.006430644206987489,130496.84863446606
401.23486328125,0.016903407629795683,130497.26377101947
401.334100484848,0.018648868200263718,130497.93739391753
401.43511629104614,0.010748362460250517,130497.44365452578
401.53725576400757,-0.013596219180487833,130497.29928907321
401.6286554336548,-0.037205870054713326,130495.46936016591
401.73091650009155,-0.06742989782755453,130494.42242414932
401.83342361450195,-0.08525196891549128,130493.4801817344
401.93412256240845,-0.07340121030547148,130494.33216356096
402.0324590206146,-0.005420114403032312,130493.79894720486
402.1330711841583,0.014423016292814797,130494.31905248438
402.22640681266785,0.015066080713513546,130494.58714723594
402.3275921344757,0.0034909211409360655,130494.62843251236
402.42859387397766,-0.032061354689123335,130494.16558926112
402.52940797805786,-0.06724616513592631,130495.14903033501
402.63024163246155,-0.09140701408503644,130495.63412730151
402.73134565353394,-0.04510637579472653,130496.37071457137
402.8356885910034,0.016260343209096934,130496.73364311423
402.925981760025,0.02462018067818067,130497.16027880281
403.0277900695801,0.00036746538325642793,130495.84425092253
403.12957978248596,-9.186634581410698e-05,130496.85982583028
403.23006868362427,-0.03794080082122618,130496.57384324726
403.33124232292175,-0.058335129591957934,130497.81645892255
403.43193221092224,0.014239283601186582,130497.13481303031
403.53445506095886,0.005236381711404098,130496.22133172728
403.6350269317627,-0.07560600260501005,130495.89919855456
403.72682332992554,-0.10537069864878071,130495.5092786991
403.82701444625854,-0.03527667679261708,130495.35835082919
403.9294099807739,0.024436447986552458,130495.12251574628
404.0300612449646,-0.04574944021542528,130496.21026417166
404.13347005844116,0.038859464279367255,130496.6892377545
404.2344801425934,-0.029948428735398876,130496.82031397906
404.3314402103424,-0.013412486488859619,130496.53828258117
404.4329068660736,-0.010197164385365875,130495.78445432306
404.53502130508423,-0.061826050732893996,130495.30600889077
404.6274845600128,0.021956056649571568,130495.6754080017
404.73148488998413,-0.06678683340685578,130495.70786720153
404.8326675891876,0.04657623732775224,130496.23708048138
404.9347519874573,-0.05567100556334883,130496.01337243326
405.03515887260437,-0.05815139690032972,130497.01203518994
405.1261212825775,0.011115827843506945,130497.41083167095
405.22779870033264,-0.08120984969967057,130496.46974850386
405.330139875412,0.02287472010771264,130496.82277365348
405.43396258354187,-0.005328248057218205,130496.34049628813
405.53570532798767,-0.08773236025247216,130496.50644665932
405.6267251968384,0.016352209554911044,130497.45580199339
405.728675365448,-0.01552541244258408,130496.81022179406
405.8328902721405,-0.015157947059327652,130496.92919961466
405.93411588668823,-0.01524981340514176,130495.8362796532
406.02858710289,-0.07000215551034952,130496.35265168789
406.1318666934967,0.005052649019775884,130496.5173865191
406.23442578315735,-0.06449017476150311,130496.86564786719
406.3351607322693,0.02985656238958477,130497.57908308046
406.4268674850464,-0.03334748353052083,130496.52117477241
406.5304491519928,0.043820246953329034,130495.96905729518
406.63402915000916,-0.03619534025075815,130495.67215156567
406.72599506378174,-0.028754166239815485,130495.9049364091
406.82846570014954,0.0055119807488464186,130495.4144427682
406.9317886829376,-0.10518696595715249,130494.77299849139
407.03461503982544,-0.006246911515359275,130494.89569864226
407.1265082359314,0.00486891632814767,130495.40612877804
407.2298846244812,-0.07808639394199093,130495.66551590024
407.3348181247711,0.021404858574686925,130495.49896431022
407.4271149635315,-0.05401741133869491,130495.2490678792
407.53046441078186,-0.04969969308543188,130495.62416109128
407.6335098743439,0.0025722576827949956,130496.06174498216
407.72596073150635,-0.07082895262267648,130496.05557048395
407.83070397377014,0.03794080082122618,130495.55001343557
407.9341387748718,-0.016995273975609793,130495.09501209202
408.0345139503479,-0.021956056649571568,130494.4855108828
408.1270306110382,0.005052649019775884,130494.53695979452
408.23141717910767,-0.008635436506526057,130493.88326381508
408.33407759666443,-0.0078086393941990935,130493.79493743357
408.42800879478455,-0.0038583865241924933,130492.81544369023
408.531368970871,-0.005328248057218205,130492.5338993212
408.6271905899048,-0.004133985561634814,130492.2805093891
408.730322599411,-0.004685183636519456,130492.25245845018
408.83386993408203,-0.0022966586453526745,130491.92721260517
408.92582869529724,-0.0023885249911667814,130491.93449134465
409.029221534729,-0.0027559903744232093,130490.64104221019
409.1330156326294,-0.004685183636519456,130490.27693798917
409.22592854499817,-0.01552541244258408,130489.64924419025
409.3306384086609,-0.07046148723942006,130488.38431977123
409.4350061416626,-0.08488450353223485,130488.74588779411
409.52872920036316,-0.0906720833185236,130489.27129901471
409.6340551376343,-0.08470077084060663,130489.64416911325
409.7267770767212,-0.08699742948595932,130489.77975220194
409.82992815971375,-0.07670839875477933,130489.60177698176
409.9347276687622,-0.06889975936058024,130490.44159928359
410.0256700515747,-0.06632750167778524,130489.09743935523
410.1281931400299,-0.0868136967943311,130489.78769541971
410.2312104701996,-0.09508166791760073,130490.90892587775
410.334969997406,-0.08405770641990788,130491.11803328998
410.42791080474854,-0.05291501518892562,130490.30622996099
410.5308449268341,-0.0024803913369808887,130489.77560696489
410.6258957386017,-0.0029397230660514234,130489.4980462684
410.72867608070374,-0.0019291932620962467,130489.54824164156
410.8314018249512,-0.003399054795121958,130490.5934174774
410.9340386390686,-0.0038583865241924933,130490.93407572966
411.0274188518524,-0.011207694189321053,130491.24066815671
411.1314580440521,-0.06302031322847738,130492.01660134105
411.23674845695496,-0.07477920549268309,130492.11494120695
411.3295319080353,-0.05723273344218865,130491.00344708626
411.4324736595154,0.010564629768622304,130491.80310237763
411.53553915023804,-0.019659398004218894,130493.72279213987
411.6280002593994,-0.05052649019775884,130492.75051292588
411.73116970062256,-0.07817826028780504,130493.17546163329
411.8350100517273,0.0011023961497692838,130493.05791546997
411.93040776252747,0.017454605704680326,130492.15212392298
412.03296661376953,-0.028846032585629594,130492.63691153067
412.1258020401001,0.04630063829030992,130492.97322037761
412.23091435432434,-0.0072574413193144515,130493.57589833986
412.33347940444946,-0.04832169789822027,130493.51830850588
412.42662239074707,0.0011942624955833907,130493.4664776553
412.53262853622437,-0.04014559312076475,130492.21982988977
412.62649416923523,-0.09186634581410698,130492.49784690079
412.73031878471375,-0.06568443725708649,130492.54806221071
412.8355338573456,-0.010289030731179982,130492.49325598964
412.92904686927795,-0.008359837469083736,130491.44393039067
413.03285336494446,-0.06531697187383007,130490.39953735161
413.127032995224,-0.0038583865241924933,130490.85958361645
413.2254693508148,-0.048597296935662594,130490.7736252548
413.329567193985,-0.08194478046618343,130490.09626272932
413.4330325126648,-0.02315031914515496,130490.88663645639
413.5273199081421,0.0026641240286091024,130491.49797281074
413.6318008899689,-0.0394106623542519,130492.24817552968
413.72627425193787,-0.0579676642087015,130492.7233579767
413.8329837322235,0.016627808592353365,130492.85102217903
413.9279396533966,0.022690987416084423,130493.26591996114
414.0327444076538,-0.02985656238958477,130492.23932796503
414.12759160995483,-0.07082895262267648,130491.91539516853
414.2325313091278,-0.08846729101898503,130491.82385565169
414.3258695602417,-0.028478567202373163,130490.64147008653
414.4317672252655,0.03298001814726441,130490.97732307788
414.5278732776642,0.04630063829030992,130490.9795907701
414.6330072879791,-0.011115827843506945,130491.58163169309
414.7267324924469,-0.05815139690032972,130493.02346852378
414.83398151397705,0.003399054795121958,130494.2211216714
414.92900133132935,-0.014239283601186582,130494.49900950426
415.034672498703,-0.07165574973500345,130494.74910855383
415.131046295166,-0.03490921140936065,130493.37419769846
415.2274570465088,0.022139789341199784,130493.23677792861
415.3323051929474,-0.04657623732775224,130492.51310013577
415.4275658130646,-0.09425487080527377,130492.16179012219
415.5335199832916,-0.08846729101898503,130491.94561110997
415.62824177742004,-0.05594660460079115,130491.25104999897
415.73342514038086,0.03298001814726441,130491.62594499908
415.8286564350128,0.015157947059327652,130491.96335049917
415.92596530914307,-0.07964812182083075,130491.26701544925
416.0336983203888,-0.016352209554911044,130491.84031390432
416.13021540641785,0.02553884413632174,130492.3562825139
416.235671043396,-0.04777049982333563,130492.3206542625
416.33216667175293,-0.06825669493988148,130493.18858883626
416.4284121990204,0.0022966586453526745,130492.66972995264
416.53690242767334,-0.023058452799340854,130491.10275695738
416.63241362571716,-0.08001558720408718,130492.49248126164
416.72873091697693,-0.06660310071522756,130492.04323313548
416.83556604385376,0.02526324509887942,130490.93890982194
416.9327349662781,-0.06127485265800936,130490.94501883976
417.02972960472107,-0.10739175825669106,130490.05051695579
417.12674045562744,-0.021956056649571568,130490.5454652602
417.2372422218323,0.012677555722346764,130490.39091873419
417.3323402404785,-0.07753519586710629,130490.45182686078
417.42948818206787,-0.01800580377956497,130488.6066441747
417.5265564918518,0.03426614698866191,130488.34597975723
417.62602829933167,-0.04933222770217545,130487.31138178152
417.7345321178436,-0.07404427472617023,130486.28024360337
417.832715511322,0.01984313069584711,130486.45221924303
417.93220257759094,-0.05741646613381687,130485.70699731872
418.0259029865265,-0.08846729101898503,130487.03629758686
418.1356098651886,0.005420114403032312,130489.13266782818
418.23413467407227,-0.0027559903744232093,130490.71940104537
418.33355498313904,-0.09058021697270949,130491.84746094083
418.43308424949646,-0.037297736400527436,130491.56271484675
418.53223276138306,0.01763833839630854,130492.70644336208
418.6336874961853,-0.07248254684733041,130492.63579902587
418.7342760562897,-0.038767597933553145,130494.07221912328
418.83446407318115,-0.0022047922995385677,130493.96499721096
418.93480348587036,-0.06917535839802255,130495.66849748987
419.0348343849182,-0.018097670125379075,130494.0016477409
419.1352846622467,-0.0078086393941990935,130495.60148296681
419.2356758117676,-0.07064521993104828,130495.04133467014
419.33673763275146,0.012034491301648015,130495.73720120313
419.4265208244324,0.025446977790507634,130495.26348108282
419.5262370109558,-0.07312561126802916,130495.73713297454
419.62626338005066,-0.10573816403203713,130495.66341967709
419.7266802787781,0.012218223993276229,130495.8970777094
419.82627630233765,-0.07036962089360595,130496.00736993845
419.92590618133545,0.03656280563401458,130497.4066329446
420.0261859893799,0.008084238431641414,130499.36596965014
420.12577295303345,-0.09884818809597912,130499.22937268513
420.2262363433838,-0.07909692374594611,130498.60643541663
420.3262279033661,-0.007165574973500345,130498.44579187497
420.4263684749603,-0.066970566098484,130499.10121268747
420.5263819694519,0.03040776046446941,130498.69109141873
420.6266713142395,-0.027468037398417987,130498.82198227686
420.7266933917999,-0.09250941023480573,130497.23978404918
420.8263599872589,-0.0006430644206987489,130496.11580564427
420.9265112876892,0.0020210596079103535,130496.00422507984
421.0266361236572,-0.11777265533368515,130496.20380257186
421.1266393661499,-0.07992372085827308,130496.58342231468
421.2258765697479,-0.006798109590243916,130496.02508008321
421.3262429237366,-0.05015902481450241,130495.62257207489
421.4263997077942,-0.11418986784693498,130494.9603148674
421.5265221595764,-0.03674653832564279,130495.06428338068
421.6259880065918,0.012310090339090335,130494.05785504261
421.72646927833557,-0.06605190264034293,130493.85206953835
421.8260838985443,-0.10922908517297321,130495.16686258452
421.9264123439789,-0.012218223993276229,130496.55017632607
422.02676939964294,0.015433546096769973,130495.49515869348
422.1263303756714,-0.10555443134040893,130493.14564282412
422.22642636299133,-0.10564629768622302,130490.83107854171
422.32593178749084,0.0016535942246539257,130490.44797068754
422.4263873100281,0.03334748353052083,130489.7031736188
422.52582597732544,-0.09140701408503644,130490.13285625691
422.62587881088257,-0.06669496706104167,130489.81957063123
422.7258508205414,0.011667025918391586,130490.3376135681
422.82600355148315,-0.05144515365589991,130489.6038522113
422.9266908168793,-0.12089611109136479,130490.44346699017
423.0261561870575,-0.04170732099960457,130490.49912029116
423.12669348716736,-0.027835502781674414,130490.34920826205
423.22643518447876,-0.13476792930929493,130490.11428743585
423.32608342170715,-0.06393897668661847,130489.90285869226
423.42619919776917,-0.013320620143045513,130491.21257282305
423.52587604522705,-0.15093640617257778,130491.59131554075
423.6265170574188,-0.09260127658061984,130491.33218398667
423.72570610046387,0.0022047922995385677,130491.598965588
423.82659363746643,-0.05475234210520776,130490.1390690292
423.92672538757324,-0.030132161427027092,130489.32516212628
424.0264935493469,-0.004225851907448921,130490.19264591366
424.12572503089905,0.03775706812959797,130489.9733813223
424.22617077827454,0.028202968164930845,130490.87604319007
424.3258707523346,0.020761794153988176,130490.88843887107
424.42579674720764,0.011391426880949266,130490.49959498396
424.52665400505066,0.00486891632814767,130489.74963548557
424.62656450271606,-0.05649780267567579,130489.77467193702
424.7257251739502,-0.1052788323029666,130489.69720474331
424.82964038848877,-0.022782853761898533,130488.22748426898
424.9287645816803,-0.0033071884493078513,130487.60473584208
425.02772760391235,-0.0078086393941990935,130486.24426225788
425.12761902809143,-0.005603847094660526,130486.3198360321
425.22700023651123,-0.0014698615330257117,130486.7878524289
425.3274450302124,-0.07551413625919594,130487.80906718601
425.42650604248047,-0.12153917551206354,130486.92816046742
425.52806067466736,-0.016811541283981577,130485.33534442069
425.62616324424744,-0.006981842281872131,130485.10180997863
425.73659229278564,-0.06586816994871471,130485.09162898076
425.82626128196716,-0.08993715255201074,130486.1824660827
425.92745208740234,-0.007349307665128558,130486.76421947443
426.0268120765686,0.014423016292814797,130488.28779752698
426.12581038475037,0.007349307665128558,130488.45901777428
426.22846031188965,0.0025722576827949956,130491.11311599685
426.3279142379761,-0.0007349307665128559,130491.50180439716
426.4263005256653,-0.005052649019775884,130491.85162395745
426.53665924072266,-0.11143387747251177,130491.96646156171
426.6257483959198,-0.03151015661423869,130492.16981540553
426.7266035079956,0.021772323957943356,130494.05283386499
426.82646441459656,-0.0723906805015163,130494.84755047849
426.9265236854553,-0.016260343209096934,130495.76279543064
427.0264537334442,0.008084238431641414,130495.98651588758
427.12617468833923,-0.09535726695504304,130494.48786429883
427.22639560699463,-0.028754166239815485,130494.13907786895
427.32615900039673,-0.005328248057218205,130493.52517008207
427.42607402801514,-0.09774579194620983,130493.97265307387
427.52630949020386,-0.08442517180316432,130493.67538776649
427.62597727775574,0.0009186634581410698,130494.60784898985
427.7261562347412,-0.07018588820197773,130494.84706409086
427.8260817527771,-0.08148544873711289,130495.06235768177
427.92632961273193,0.01947566531259068,130495.0561219136
428.02608823776245,-0.024344581640738352,130495.05050972225
428.1263973712921,-0.07147201704337523,130495.44545875004
428.2263386249542,-0.06623563533197113,130495.90091287503
428.32640743255615,0.004042119215820707,130495.11082158753
428.42658948898315,-0.061826050732893996,130495.79973942878
428.5262758731842,-0.07652466606315111,130495.2197654859
428.6262059211731,0.007533040356756773,130495.49778893733
428.7264151573181,-0.010380897076994088,130494.14801004359
428.82637214660645,-0.10279844096598571,130494.23320903923
428.92575097084045,-0.10187977750784465,130494.70988813532
429.02631306648254,0.0067062432444298095,130494.13889932178
429.12659883499146,-0.06540883821964417,130494.02500938962
429.22633242607117,-0.0908558160101518,130493.82250845066
429.32630825042725,0.011942624955833907,130494.24025760559
429.4266917705536,0.009921565347923555,130493.81623184503
429.52629470825195,-0.10169604481621643,130493.73460866054
429.6265459060669,-0.11354680342623623,130493.1611477945
429.726469039917,-0.017179006667238005,130493.44503301506
429.82673931121826,-0.08580316699037592,130493.10052971356
429.9265275001526,-0.09967498520830607,130492.5904767422
430.02658867836,-0.03151015661423869,130493.13142906799
430.12678813934326,0.013596219180487833,130491.2182861612
430.22645711898804,0.0072574413193144515,130491.59645754508
430.3257405757904,0.007165574973500345,130491.43681179057
430.42651414871216,-0.07422800741779845,130490.59313061152
430.52660369873047,-0.14257656870349403,130489.33381755037
430.62667298316956,-0.058978194012656686,130488.20043579534
430.72669434547424,-0.029305364314700127,130488.38039221581
430.82646560668945,-0.018740734546077824,130488.84235299424
430.92675018310547,-0.08938595447712609,130489.05811769482
431.0258686542511,-0.06375524399499025,130489.05230592535
431.12585496902466,-0.03895133062518136,130490.24707533282
431.2265639305115,-0.03316375083889262,130490.42236779955
431.32624197006226,0.004409584599077135,130489.9801310196
431.42596650123596,0.0008267971123269628,130488.88211791764
431.5264182090759,-0.016352209554911044,130488.89390612589
431.6263120174408,-0.026365641248648704,130488.5045155133
431.7266767024994,-0.025079512407251207,130489.85406396196
431.8257715702057,-0.030040295081212982,130490.46865756577
431.9258849620819,-0.03187762199749512,130491.0217918092
432.0258951187134,-0.03298001814726441,130491.61961262827
432.1258327960968,-0.02801923547330263,130492.25765136545
432.22668504714966,-0.02158859126631514,130492.33188622892
432.3261127471924,-0.008267971123269628,130492.59869760602
432.4258258342743,-0.10619749576110767,130491.63882784543
432.5258250236511,-0.07422800741779845,130490.97494506088
432.62597131729126,0.003399054795121958,130490.9774505548
432.72585582733154,-0.0028478567202373166,130492.07970549932
432.82594537734985,-0.013963684563744262,130492.77173494938
432.92593264579773,-0.03794080082122618,130494.49456145444
433.0263433456421,-0.07312561126802916,130495.24510530899
433.12621903419495,-0.01460674898444301,130496.02059477809
433.22597455978394,-0.004685183636519456,130496.61853530028
433.3260509967804,-0.028478567202373163,130496.25668177026
433.42605423927307,-0.07055335358523417,130496.63101359324
433.5263273715973,-0.09058021697270949,130496.46791223391
433.62666869163513,-0.008451703814897842,130496.12112101052
433.72602677345276,0.024803913369808885,130496.30900890948
433.8263168334961,0.0025722576827949956,130494.57810801853
433.92656350135803,-0.0008267971123269628,130494.92029721668
434.026043176651,-0.06485764014475953,130494.62826749502
434.1264822483063,-0.11538413034251838,130494.56544074553
434.226158618927,-0.007716773048384987,130495.10889667098
434.3265607357025,-0.06347964495754793,130495.39800700388
434.4265716075897,-0.0920500785057352,130495.3582063035
434.5261619091034,-0.058978194012656686,130494.82238567315
434.6264052391052,0.004501450944891242,130494.64014710583
434.72650599479675,-0.015341679750955866,130493.87613239525
434.8259859085083,-0.10619749576110767,130494.38851915573
434.9263427257538,-0.09113141504759413,130495.04966724016
435.02631092071533,-0.012126357647462121,130494.14470051616
435.12669587135315,0.010105298039551769,130494.43023046454
435.2264621257782,-0.00854357016071195,130494.5872074181
435.3267192840576,-0.1026147082743575,130494.42848667629
435.4258921146393,-0.05484420845102187,130495.98563800866
435.5259017944336,0.0006430644206987489,130494.5870742078
435.6261818408966,-0.04611690559868171,130495.72836678702
435.7262427806854,-0.11134201112669766,130494.75553010833
435.8266797065735,-0.005420114403032312,130494.3799770975
435.9259569644928,-0.05456860941357955,130493.74197938776
436.0268223285675,-0.11125014478088356,130493.467781449
436.12654542922974,-0.01763833839630854,130493.9210033041
436.2264552116394,-0.02342591818259728,130493.92890297368
436.32610869407654,-0.10380897076994089,130493.73601267631
436.4267475605011,0.005971312477916954,130494.16241140869
436.5266809463501,-0.017454605704680326,130494.54617026783
436.6267309188843,-0.09250941023480573,130494.99155324104
436.7266671657562,-0.022599121070270317,130495.19239791694
436.82576727867126,-0.016535942246539256,130495.07315812525
436.92681074142456,-0.11584346207158891,130495.06584231273
437.02655053138733,-0.03500107775517476,130495.45925808145
437.1262676715851,-0.005144515365589991,130495.11333227331
437.22582626342773,-0.0856194342987477,130494.40199904598
437.3261721134186,-0.06880789301476613,130496.26179914139
437.4262583255768,0.010472763422808196,130495.43561922725
437.5259053707123,-0.09195821215992109,130495.89205730453
437.6263086795807,-0.08387397372827968,130496.30285157409
437.72667479515076,-0.03444987968029012,130496.37256641669
437.8261387348175,-0.01763833839630854,130496.33530977502
437.92602276802063,-0.05162888634752812,130495.70177879752
438.0258343219757,-0.053741812301252585,130495.73160091777
438.12676668167114,-0.0013779951872116046,130494.158440826
438.2261643409729,-0.04786236616914974,130493.8425967434
438.32633543014526,-0.046759970019380453,130493.95833706907
438.4267578125,-0.023609650874225493,130492.56250336216
438.5258605480194,-0.008176104777455522,130492.70625302594
438.6264123916626,-0.07193134877244577,130491.03562772335
438.72611474990845,-0.08920222178549787,130491.53206495102
438.82622957229614,-0.006614376898615703,130491.27885845592
438.9259822368622,-0.0078086393941990935,130489.95097261033
439.0261890888214,-0.03261255276400798,130489.6558753493
439.1266977787018,-0.07027775454779184,130489.19028781437
439.22682785987854,-0.007349307665128558,130490.17125903294
439.32612919807434,-0.009370367273038912,130489.75413312965
439.4258553981781,-0.038859464279367255,130489.97871981669
439.5266487598419,-0.08607876602781825,130490.28084783502
439.6266841888428,-0.03316375083889262,130491.05276305153
439.72669744491577,0.0006430644206987489,130491.94748674637
439.8266923427582,-0.08516010256967717,130491.85273807174
439.92632842063904,-0.08323090930758092,130492.36746426456
440.02664494514465,-0.020761794153988176,130492.63071783811
440.12659430503845,-0.009554099964667126,130492.8676460543
440.22646474838257,-0.027835502781674414,130492.38088144889
440.32600259780884,-0.13476792930929493,130492.942793304
440.42599725723267,-0.1353191273841796,130492.9485139736
440.5266709327698,-0.0328881518014503,130492.75366257626
440.6258726119995,-0.033898681605405476,130492.57829631864
440.72667026519775,-0.07588160164245236,130492.82046668677
440.8261480331421,-0.15552972346328311,130492.2384200181
440.9259042739868,-0.064398308415689,130492.21457801628
441.02628231048584,-0.058978194012656686,130491.89312021466
441.12605905532837,-0.06476577379894542,130491.8038081932
441.225946187973,-0.12190664089531997,130491.92342737388
441.3259656429291,-0.09820512367528036,130490.3310846365
441.42598938941956,-0.03647093928820047,130489.99797617286
441.52605724334717,-0.08920222178549787,130488.99817855557
441.6259460449219,-0.1275104879899805,130489.19836070003
441.7260901927948,-0.07872945836268969,130489.67852463003
441.8261229991913,-0.052271950768226876,130489.11067216704
441.9263439178467,-0.09710272752551108,130488.29960495034
442.02603340148926,-0.08176104777455521,130486.76964445531
442.12605476379395,-0.028846032585629594,130486.59268000978
442.2263391017914,-0.048689163281476704,130486.1334120088
442.32639026641846,-0.09710272752551108,130486.12007080793
442.4262607097626,-0.07652466606315111,130486.30806372713
442.5261104106903,-0.03261255276400798,130486.77725735444
442.62616419792175,-0.09021275158945306,130486.699531619
442.72630190849304,-0.06476577379894542,130488.0295784571
442.8260805606842,-0.02406898260329603,130487.9266206114
442.92629981040955,-0.06522510552801596,130488.13395855026
443.02638125419617,-0.05952939208754132,130488.52056269524
443.126211643219,-0.024436447986552458,130489.36850642572
443.2262809276581,-0.06788922955662506,130490.13165578315
443.3265025615692,-0.06632750167778524,130489.61849020483
443.42623949050903,-0.048872895973104916,130490.05664118435
443.5261731147766,-0.05089395558101527,130490.55097706591
443.62612438201904,-0.09058021697270949,130490.89587935933
443.7263638973236,-0.023517784528411387,130490.3062914234
443.8261682987213,-0.021956056649571568,130491.07566228107
443.92581033706665,-0.020761794153988176,130490.76809605297
444.0258686542511,-0.011391426880949266,130490.99128644768
444.1262857913971,-0.02250725472445621,130491.59215780291
444.2264380455017,-0.006338777861173382,130492.63294202261
444.32649540901184,0.0004593317290705349,130492.16964782035
444.4266450405121,0.005052649019775884,130492.55268303833
444.5267150402069,-0.0022966586453526745,130492.49741473449
444.62666368484497,-0.005236381711404098,130492.34767326104
444.7265968322754,-0.0029397230660514234,130493.21290593495
444.8259711265564,-0.0017454605704680327,130493.79161534147
444.92603874206543,0.0012861288413974978,130493.21245380733
445.02655816078186,-0.0031234557576796376,130492.39120842659
445.12650060653687,-0.00036746538325642793,130491.75208758394
445.2266869544983,-0.0035827874867501723,130491.37687882555
445.32573080062866,-0.0020210596079103535,130491.13919094301
445.4261841773987,-0.0039502528700066,130491.32527184872
445.5255823135376,-0.0011942624955833907,130492.59274466385
445.626492023468,-0.0022966586453526745,130492.93347019747
445.72629165649414,-0.0017454605704680327,130493.34012317772
445.82579231262207,-0.0009186634581410698,130493.60611085995
445.9267327785492,-0.0035827874867501723,130492.64549977396
446.02579498291016,-0.00036746538325642793,130491.98094979658
446.1257448196411,-0.0020210596079103535,130490.88285481693
446.22587537765503,-0.0022047922995385677,130489.69456933523
446.326220035553,-0.0026641240286091024,130489.2251124017
446.4264385700226,-0.0009186634581410698,130488.10260116155
446.52576637268066,-0.0022047922995385677,130488.3923410454
446.6266973018646,-0.0019291932620962467,130488.25310694086
446.72554540634155,-0.0010105298039551768,130488.72779624678
446.82608675956726,-0.003399054795121958,130489.0550166221
446.92620754241943,-0.0004593317290705349,130489.14951495989
447.02582478523254,-0.0011942624955833907,130488.4345634639
447.12555289268494,0.00036746538325642793,130488.49110711753
447.22590494155884,0.01249382303071855,130487.94199640579
447.3259837627411,0.0460250392528676,130488.24779676522
447.42616534233093,0.07707586413803576,130489.7230170887
447.52569007873535,0.08323090930758092,130488.95071537983
447.6258587837219,0.08414957276572199,130489.55564384186
447.72595381736755,0.0368384046714569,130488.70007945767
447.8260250091553,-0.058702594975214364,130489.03007151191
447.92573165893555,-0.10334963904087036,130489.82706436071
448.0258903503418,-0.1301746120185896,130490.34435792464
448.1264228820801,-0.11464919957600551,130491.40992213218
448.22557973861694,-0.08488450353223485,130490.86892991897
448.326726436615,0.006889975936058024,130491.68203692709
448.4260239601135,0.0722069478098881,130493.11383323438
448.52597212791443,0.09186634581410698,130493.60244991095
448.62601947784424,0.09361180638457502,130493.94220491985
448.7261862754822,0.057049000750560436,130494.44798442785
448.82624650001526,-0.037114003708899224,130492.80318598507
448.92624020576477,-0.0816691814287411,130493.32286738657
449.02665662765503,-0.10187977750784465,130493.59058064791
449.1261086463928,-0.12199850724113408,130494.13152258313
449.2267391681671,-0.08497636987804896,130494.01837032483
449.32604455947876,-0.023701517220039603,130492.81653329235
449.4266743659973,0.05291501518892562,130493.33487996312
449.5262989997864,0.07670839875477933,130493.40139196682
449.6261942386627,0.07652466606315111,130492.46125277015
449.7259826660156,0.07725959682966398,130491.51512749314
449.8261594772339,0.047035569056822775,130491.36361474382
449.9258134365082,-0.026824972977719238,130490.62725326946
450.026490688324,-0.10068551501226125,130490.4645279425
450.1262104511261,-0.0972864602171393,130489.31807514824
450.2261743545532,-0.08653809775688878,130489.18626763343
450.3262481689453,-0.03481734506354655,130489.8676408701
450.42657375335693,0.029029765277257806,130490.4808767831
450.52635622024536,0.06788922955662506,130490.33278910478
450.6264626979828,0.08056678527897182,130491.1995101943
450.72579288482666,0.08295531027013861,130490.87955917488
450.8263394832611,0.04960782673961777,130489.8916032574
450.9261736869812,-0.05466047575939365,130489.40244293166
451.02584314346313,-0.10647309479855,130489.56219863851
451.126348733902,-0.12025304667066604,130489.80597877466
451.22655725479126,-0.12025304667066604,130490.7253808972
451.325398683548,-0.06090738727475293,130491.25284280749
451.4259431362152,0.021496724920501035,130492.22755852675
451.5263147354126,0.05971312477916954,130492.30480267407
451.6264023780823,0.06283658053684918,130492.07432240667
451.7258195877075,0.032245087380751554,130491.866890166
451.8259253501892,-0.025998175865392277,130491.0802011494
451.926007270813,-0.09618406406737001,130492.57218103447
452.02578020095825,-0.12438703223230085,130492.41496293103
452.12673258781433,-0.11345493708042212,130491.07346663793
452.2267174720764,-0.07266627953895863,130489.66611997414
452.3263008594513,-0.018465135508635502,130489.59950797673
452.4258015155792,0.04951596039380366,130489.63955717906
452.5263292789459,0.07523853722175362,130490.27560146117
452.6265528202057,0.0684404276315097,130489.84804131505
452.7267141342163,0.0394106623542519,130490.46323718356
452.8260476589203,-0.03132642392261048,130491.1169134652
452.92625427246094,-0.09370367273038913,130490.70522211868
453.0265872478485,-0.12006931397903782,130489.23469990681
453.1258087158203,-0.11997744763322372,130488.21122991614
453.2265450954437,-0.10334963904087036,130488.09010692453
453.3265218734741,-0.09397927176783144,130487.98109623208
453.42663502693176,-0.010748362460250517,130486.78298660887
453.52571415901184,0.04262598445774564,130485.80468794798
453.62658500671387,0.05989685747079775,130485.6242191532
453.72660875320435,0.05098582192682938,130485.36179723789
453.8257620334625,0.03261255276400798,130485.72561751411
453.92639684677124,-0.06173418438707989,130485.7530557627
454.02619981765747,-0.13513539469255137,130485.87775018644
454.12574076652527,-0.1274186216441664,130486.3899751678
454.22563433647156,-0.10968841690204374,130487.75097765101
454.3260986804962,-0.050710222889387056,130488.17587988591
454.42582535743713,0.0004593317290705349,130488.35829189733
454.5265414714813,0.03601160755912994,130487.92246270759
454.62580037117004,0.05447674306776544,130487.53021643683
454.7258532047272,0.06430644206987489,130487.97719479314
454.8258662223816,0.04446331137402778,130487.67947531384
454.9258363246918,-0.07781079490454862,130487.61152778246
455.0261261463165,-0.13228753797231405,130486.85037500421
455.1261160373688,-0.11373053611786445,130486.2653375038
455.2259795665741,-0.07036962089360595,130485.03880375344
455.3259792327881,0.0055119807488464186,130485.3349233781
455.42640233039856,0.04758676713170742,130485.6014310403
455.5255722999573,0.05769206517125919,130487.04128793627
455.6260724067688,0.06825669493988148,130487.83715914264
455.7265100479126,0.06586816994871471,130487.95344322838
455.82661294937134,-0.00486891632814767,130488.35809890555
455.92594814300537,-0.08442517180316432,130487.922289015
456.0263452529907,-0.10978028324785784,130488.3300601135
456.1266522407532,-0.10757549094831928,130489.49705410215
456.22623658180237,-0.0711964180059329,130490.14734869194
456.3259530067444,0.012953154759789084,130490.43261382275
456.4259328842163,0.04317718253263028,130490.18935244047
456.5265679359436,0.06752176417336864,130489.37041719642
456.62651538848877,0.06899162570639435,130489.43337547679
456.726277589798,0.05502794114265008,130488.6900379291
456.82652974128723,-0.03077522584772584,130488.3210341362
456.9262228012085,-0.08956968716875431,130487.58893072259
457.02648425102234,-0.11878318513764033,130485.63003765033
457.1261975765228,-0.10895348613553088,130484.9670338853
457.2264893054962,-0.07340121030547148,130484.97033049677
457.3263530731201,-0.009921565347923555,130483.5732974471
457.4264221191406,0.030040295081212982,130484.11596770238
457.52612233161926,0.06219351611615043,130484.70437093214
457.62603974342346,0.06752176417336864,130485.23393383893
457.7257523536682,0.060172456508240074,130485.81054045504
457.82612013816833,0.0006430644206987489,130486.42948640954
457.92647099494934,-0.08332277565339503,130486.8865377686
458.02639150619507,-0.12190664089531997,130487.29788399175
458.12657737731934,-0.1366052562255771,130488.26809559258
458.2266581058502,-0.1249382303071855,130488.54128603333
458.32623267173767,-0.03904319697099547,130487.88715743
458.42630887031555,0.06550070456545828,130487.298441687
458.52654933929443,0.07285001223058683,130486.5685975183
458.62619161605835,0.04969969308543188,130485.31173776646
458.72621726989746,0.015066080713513546,130485.08056398982
458.8265643119812,-0.06145858534963757,130484.87250759084
458.9266781806946,-0.10178791116203054,130485.38525683177
459.02650141716003,-0.10831042171483213,130485.9467311486
459.1266107559204,-0.11125014478088356,130486.35205803374
459.22606134414673,-0.08598689968200414,130487.01685223037
459.32589840888977,0.03169388930586691,130486.91516700735
459.42593121528625,0.0735849429970997,130486.9236503066
459.526730298996,0.07597346798826647,130486.23128527595
459.626318693161,0.050067158468688304,130487.10815674836
459.7266480922699,-0.008084238431641414,130487.39734107353
459.8261675834656,-0.05907006035847079,130487.05760696618
459.9263668060303,-0.09664339579644055,130486.35184626956
460.026700258255,-0.11960998224996729,130485.81666164262
460.1265332698822,-0.08414957276572199,130486.13499547835
460.22667813301086,-0.026641240286091026,130486.42149593052
460.32677459716797,0.03968626139169422,130485.67934633748
460.42663979530334,0.08617063237363234,130485.71141170374
460.5265636444092,0.08883475640224145,130485.64027053337
460.62659549713135,0.06568443725708649,130485.57624348004
460.7266495227814,-0.008084238431641414,130485.11861913204
460.82672023773193,-0.06945095743546488,130484.20675721885
460.9257438182831,-0.10380897076994089,130483.98608149697
461.02671217918396,-0.09655152945062644,130483.48747334728
461.12619185447693,-0.09701086117969697,130484.23872601257
461.2263195514679,-0.07588160164245236,130484.71485341131
461.32595896720886,-0.0024803913369808887,130485.44336807018
461.42593264579773,0.05291501518892562,130485.49903126317
461.5258631706238,0.07036962089360595,130486.14912813685
461.6259186267853,0.05484420845102187,130487.13421532317
461.72593569755554,0.012126357647462121,130487.52079379086
461.8257746696472,-0.010289030731179982,130487.76871441177
461.9258961677551,-0.0019291932620962467,130487.8918429706
462.02577686309814,9.186634581410698e-05,130488.20265867354
462.1259331703186,0.0,130487.2823928062
462.22622776031494,0.0015617278788398188,130487.75415352557
462.325706243515,0.0010105298039551768,130487.47873817301
462.4258449077606,-0.0039502528700066,130487.53086435572
462.5263910293579,0.0,130487.47777792015
462.62673163414,-0.0023885249911667814,130488.13000012815
462.7258150577545,-0.0020210596079103535,130488.31700011533
462.8257246017456,-0.00027559903744232096,130488.0853001038
462.9259490966797,0.0008267971123269628,130488.37677009343
463.02570819854736,-0.0024803913369808887,130489.53909308408
463.12577843666077,0.00018373269162821396,130489.98518377569
463.22600769996643,-0.0015617278788398188,130490.08666539812
463.3259906768799,0.00027559903744232096,130490.47799885832
463.42594170570374,-0.0016535942246539257,130491.13019897249
463.52636432647705,-0.0018373269162821396,130492.51717907524
463.6259696483612,-0.0028478567202373166,130491.86546116772
463.72616624832153,0.0,130492.37891505094
463.8257191181183,0.00018373269162821396,130492.64102354585
463.9260084629059,-0.0016535942246539257,130492.97692119126
464.0260851383209,-0.0023885249911667814,130492.77922907214
464.12594079971313,-0.0017454605704680327,130493.50130616492
464.2261292934418,-0.0022047922995385677,130493.55117554843
464.3262484073639,-0.0006430644206987489,130494.7960579936
464.4263174533844,-0.0011942624955833907,130495.61645219426
464.5266993045807,-0.0022047922995385677,130495.55480697483
464.62648582458496,0.0007349307665128559,130495.29932627735
464.72599935531616,-0.0014698615330257117,130496.66939364962
464.82626032829285,-0.0020210596079103535,130495.90245428466
464.9261586666107,-0.00027559903744232096,130494.8122088562
465.0260353088379,-0.0009186634581410698,130495.73098797057
465.126131772995,0.0008267971123269628,130495.35788917351
465.2266037464142,-0.0038583865241924933,130495.52210025616
465.3262765407562,0.00027559903744232096,130495.86989023053
465.4261074066162,-0.0005511980748846419,130495.28290120748
465.52620577812195,0.0015617278788398188,130495.45461108674
465.6262435913086,-0.0023885249911667814,130495.50914997807
465.72680830955505,0.00018373269162821396,130495.15823498026
465.82643961906433,0.0,130494.84241148224
465.9263217449188,0.00018373269162821396,130494.95817033402
466.0266213417053,-0.0030315894118655303,130493.86235330062
466.1262574195862,-0.0029397230660514234,130494.27611797056
466.2263927459717,-0.0015617278788398188,130494.24850617349
466.32621240615845,-0.0029397230660514234,130493.62365555615
466.4266881942749,-0.0015617278788398188,130494.16129000054
466.52613162994385,-9.186634581410698e-05,130493.94516100049
466.6262295246124,-0.0010105298039551768,130492.95064490044
466.7267174720764,-0.0011942624955833907,130492.8555804104
466.82609009742737,0.00036746538325642793,130494.17002236936
466.9261906147003,-0.0012861288413974978,130494.45302013242
467.0259623527527,-0.0014698615330257117,130495.00771811919
467.12630224227905,-0.0026641240286091024,130494.30694630728
467.2257993221283,-0.00027559903744232096,130493.87625167656
467.3264367580414,-0.0006430644206987489,130492.1886265089
467.4262595176697,-0.0004593317290705349,130492.06976385802
467.52598905563354,0.0006430644206987489,130492.46278747222
467.62642312049866,0.0006430644206987489,130492.916508725
467.72649931907654,-0.0005511980748846419,130493.2248578525
467.82660460472107,-9.186634581410698e-05,130492.70237206726
467.926611661911,-0.0011942624955833907,130492.23213486053
468.0257935523987,-0.0008267971123269628,130491.10892137449
468.1258707046509,-0.0017454605704680327,130490.99802923705
468.22665429115295,-0.0013779951872116046,130490.39822631334
468.3267765045166,-0.0017454605704680327,130490.05840368201
468.42649579048157,-0.0008267971123269628,130489.4525633138
468.52632212638855,-0.0012861288413974978,130489.00730698241
468.6260437965393,0.0008267971123269628,130488.90657628418
468.7265202999115,0.0,130488.81591865576
468.8263826370239,-0.0024803913369808887,130487.63432679018
468.92578625679016,-0.0009186634581410698,130489.87089411117
469.02639389038086,-0.00027559903744232096,130490.18380470006
469.1258535385132,0.00018373269162821396,130489.06542423007
469.2264587879181,0.0009186634581410698,130488.75888180707
469.3266143798828,0.00027559903744232096,130487.88299362636
469.42585825920105,9.186634581410698e-05,130486.99469426373
469.52625846862793,-0.0014698615330257117,130486.19522483737
469.62632942199707,-0.0018373269162821396,130485.37570235365
469.7265384197235,0.0026641240286091024,130485.63813211829
469.82633352279663,0.00036746538325642793,130486.97431890646
469.92654967308044,0.0008267971123269628,130486.57688701582
470.02637910842896,-0.00018373269162821396,130485.61919831423
470.1265392303467,0.0005511980748846419,130486.35727848281
470.22609853744507,-0.0014698615330257117,130486.92155063454
470.32664012908936,-0.0008267971123269628,130486.92939557107
470.4262833595276,0.0010105298039551768,130487.53645601397
470.52631640434265,0.0,130487.28281041258
470.6259648799896,-0.0005511980748846419,130488.45452937132
470.72659635543823,0.00018373269162821396,130489.50907643419
470.82588815689087,9.186634581410698e-05,130488.95816879076
470.92606139183044,-0.0011023961497692838,130488.1623519117
471.026287317276,0.0010105298039551768,130488.64611672053
471.126336812973,0.0017454605704680327,130487.88150504848
471.2267894744873,0.0005511980748846419,130489.49335454364
471.32678389549255,0.0022966586453526745,130490.64401908928
471.42590403556824,0.0011942624955833907,130491.47961718036
471.5258665084839,-0.0014698615330257117,130491.33165546233
471.6259160041809,-0.0011942624955833907,130490.0984899161
471.7258780002594,0.0011023961497692838,130491.08864092448
471.8261790275574,0.0004593317290705349,130491.47977683204
471.9259181022644,-0.0018373269162821396,130490.03179914884
472.02605271339417,0.0009186634581410698,130489.22861923395
472.1262056827545,-0.0011023961497692838,130488.80575731056
472.22601079940796,-0.0017454605704680327,130488.72518157952
472.3258340358734,0.0010105298039551768,130488.45266342157
472.426194190979,-0.0010105298039551768,130489.20739707943
472.52600145339966,-0.00018373269162821396,130488.58665737149
472.62671089172363,0.0015617278788398188,130489.32799163435
472.7267725467682,-0.0025722576827949956,130490.29519247092
472.82619071006775,-0.0004593317290705349,130490.66567322382
472.9259886741638,-0.0023885249911667814,130491.59910590143
473.02585554122925,9.186634581410698e-05,130490.9391953113
473.1259939670563,-0.00027559903744232096,130490.44527578018
473.22581458091736,-0.0011023961497692838,130490.10074820215
473.3265435695648,0.0,130488.89067338195
473.42669916152954,0.00036746538325642793,130488.00160604375
473.5261631011963,0.0019291932620962467,130488.10144543939
473.6264715194702,-0.0010105298039551768,130486.99130089545
473.7264084815979,9.186634581410698e-05,130486.69217080591
473.82616782188416,0.0025722576827949956,130487.42295372533
473.92627906799316,-0.0009186634581410698,130487.1806583528
474.02623081207275,-0.0008267971123269628,130487.46259251752
474.12642312049866,0.0005511980748846419,130487.01633326577
474.22644114494324,0.00027559903744232096,130488.01469993919
474.32647728919983,-0.0015617278788398188,130488.61322994527
474.42630791664124,0.00027559903744232096,130489.55190695076
474.526572227478,-9.186634581410698e-05,130489.49671625567
474.6267042160034,-0.0009186634581410698,130489.3470446301
474.7265315055847,-9.186634581410698e-05,130491.0123401671
474.8319752216339,-0.0014698615330257117,130490.0111061504
474.93146109580994,-0.0014698615330257117,130490.90999553536
475.03104519844055,-9.186634581410698e-05,130491.61899598183
475.13006711006165,-0.0026641240286091024,130492.25709638365
475.22698760032654,-0.0027559903744232093,130491.83138674528
475.3257682323456,-0.00027559903744232096,130492.14824807075
475.43395233154297,-0.0012861288413974978,130492.63342326367
475.53155612945557,-0.00018373269162821396,130492.67008093731
475.6300542354584,-0.0011023961497692838,130492.60307284359
475.7280523777008,-9.186634581410698e-05,130491.94276555923
475.8257305622101,0.0013779951872116046,130491.34848900331
475.93591237068176,0.0011023961497692838,130491.41364010298
476.034428358078,0.0008267971123269628,130491.97227609268
476.1321794986725,-0.00036746538325642793,130491.77504848341
476.23128390312195,-0.00027559903744232096,130492.29754363507
476.33144450187683,-0.0008267971123269628,130493.86778927156
476.4284861087799,-0.0010105298039551768,130494.2810103444
476.53536081314087,-0.0019291932620962467,130495.05290930996
476.63326239585876,-0.0024803913369808887,130494.44761837897
476.73028922080994,0.0010105298039551768,130494.40285654107
476.8288927078247,-0.0023885249911667814,130494.06257088698
476.929172039032,0.0006430644206987489,130492.95631379829
477.0266020298004,9.186634581410698e-05,130492.66068241847
477.1346528530121,-0.0026641240286091024,130491.69461417662
477.23306107521057,0.0004593317290705349,130492.02515275896
477.3336868286133,0.0011023961497692838,130492.52263748307
477.43373680114746,0.00027559903744232096,130494.07037373476
477.52559304237366,0.0,130494.9633363613
477.6328868865967,-0.0009186634581410698,130495.06700272518
477.72998785972595,-0.00018373269162821396,130495.86030245267
477.8273437023163,-0.0021129259537244604,130496.0742722074
477.93471360206604,0.0009186634581410698,130496.36684498668
478.0311691761017,-0.0011023961497692838,130495.63016048801
478.131963968277,-0.0011942624955833907,130495.26714443922
478.2292685508728,-0.0025722576827949956,130493.84042999531
478.32596945762634,0.0011942624955833907,130493.75638699578
478.4339482784271,-0.0015617278788398188,130493.78074829621
478.5308277606964,-9.186634581410698e-05,130494.0026734666
478.6299510002136,0.0,130493.70240611995
478.7748429775238,-0.0007349307665128559,130493.23216550794
478.83927631378174,-0.0019291932620962467,130493.70894895715
478.9545838832855,0.0015617278788398188,130494.83805406145
479.0703365802765,0.0010105298039551768,130494.65424865531
479.186399936676,-0.0018373269162821396,130494.78882378979
479.25121426582336,0.0006430644206987489,130493.60994141082
479.3659086227417,-0.0019291932620962467,130493.94894726973
479.48172211647034,-0.0007349307665128559,130494.85405254277
479.54634833335876,0.00036746538325642793,130494.9686472885
479.6620557308197,0.00027559903744232096,130494.27178255965
479.7765245437622,-0.0025722576827949956,130493.54460430368
479.84164571762085,0.0007349307665128559,130493.49014387332
479.95813608169556,0.0012861288413974978,130493.34112948598
480.07361936569214,-0.0022047922995385677,130493.00701653739
480.188924074173,-0.0016535942246539257,130492.90631488366
480.2550115585327,-0.0016535942246539257,130492.5156833953
480.3706259727478,-9.186634581410698e-05,130492.66411505576
480.48524618148804,-0.0006430644206987489,130492.2977035502
480.55109000205994,-0.0018373269162821396,130492.46793319518
480.6649227142334,-0.0008267971123269628,130492.32113987567
480.7798433303833,0.0005511980748846419,130493.7890258881
480.84440183639526,-0.00036746538325642793,130493.81012329928
480.9597647190094,-0.00018373269162821396,130494.22911096936
481.07464933395386,-0.0011942624955833907,130494.30619987243
481.1304244995117,0.0012861288413974978,130494.1755798852
481.226619720459,-9.186634581410698e-05,130494.25802189668
481.334431886673,-0.0014698615330257117,130493.532219707
481.4320721626282,-0.0004593317290705349,130493.67899773631
481.5304186344147,-0.00036746538325642793,130493.71109796269
481.62706542015076,-0.00027559903744232096,130493.23998816643
481.7284429073334,-0.0010105298039551768,130493.01598934979
481.82954239845276,-0.0017454605704680327,130493.51439041481
481.9352436065674,-0.0012861288413974978,130494.26295137334
482.0305528640747,-0.0007349307665128559,130495.43665623601
482.12581515312195,-9.186634581410698e-05,130494.49299061242
482.2333273887634,-0.0030315894118655303,130494.04369155118
482.3303575515747,-0.0027559903744232093,130495.03932239607
482.42886090278625,0.0011023961497692838,130494.63539015647
482.5344717502594,-0.0018373269162821396,130494.87185114082
482.63174414634705,-0.0022047922995385677,130494.38466602674
482.7277662754059,-0.0007349307665128559,130495.14619942407
482.83376574516296,-0.0006430644206987489,130495.93157948166
482.93115305900574,0.00018373269162821396,130494.9384215335
483.02767992019653,-0.0013779951872116046,130494.54457938016
483.134557723999,0.00027559903744232096,130495.29012144214
483.2315762042999,-0.0009186634581410698,130496.16110929794
483.32767605781555,-0.0006430644206987489,130495.94499836816
483.4330413341522,-0.0006430644206987489,130496.35049853135
483.52990794181824,-0.0017454605704680327,130495.9154486782
483.63561153411865,-0.0007349307665128559,130495.9239038104
483.7329902648926,-0.0010105298039551768,130495.33151342937
483.82800793647766,0.00018373269162821396,130495.29836208643
483.9339671134949,-0.0020210596079103535,130494.86852587778
484.0306329727173,-0.0007349307665128559,130494.08167329
484.1262288093567,-0.0006430644206987489,130495.47350596101
484.2311098575592,-0.00027559903744232096,130495.12615536491
484.32668566703796,0.0009186634581410698,130493.61353982842
484.4360091686249,-0.0005511980748846419,130494.3521858456
484.53111839294434,-0.00027559903744232096,130494.11696726103
484.6262013912201,-0.0005511980748846419,130492.70527053492
484.73105573654175,0.0,130492.43474348143
484.82573556900024,-0.0018373269162821396,130490.79126913329
484.9317834377289,-0.0012861288413974978,130490.01214221996
485.0264985561371,-0.0017454605704680327,130490.11092799797
485.1351315975189,-0.0011023961497692838,130488.89983519819
485.2306411266327,-0.0004593317290705349,130489.10985167838
485.33584809303284,9.186634581410698e-05,130488.69886651055
485.472580909729,-0.0010105298039551768,130489.82897985949
485.5965316295624,-0.0007349307665128559,130491.04608187354
485.66979598999023,-0.00018373269162821396,130491.2414736862
485.793338060379,-0.0005511980748846419,130492.31732631757
485.866667509079,-0.00036746538325642793,130492.98559368582
485.99113726615906,0.0011023961497692838,130492.58703431726
486.0644612312317,0.0006430644206987489,130492.42833088554
486.18849444389343,0.0005511980748846419,130492.785497797
486.2621862888336,-0.00018373269162821396,130493.1069480173
486.3853795528412,0.0006430644206987489,130491.59625321558
486.45750999450684,0.0005511980748846419,130492.63662789403
486.58179092407227,-0.0014698615330257117,130492.57296510463
486.65516114234924,-0.0011023961497692838,130492.91566859417
486.77933073043823,-0.0009186634581410698,130492.32410173475
486.8519968986511,0.00018373269162821396,130491.79169156127
486.97690296173096,0.0005511980748846419,130492.41252240515
487.04928493499756,9.186634581410698e-05,130492.27127016465
487.17221784591675,-0.0008267971123269628,130491.4441431482
487.29608035087585,9.186634581410698e-05,130491.09972883339
487.368212223053,0.00018373269162821396,130490.18975595005
487.4928994178772,-0.0009186634581410698,130489.37078035505
487.56577229499817,-0.0004593317290705349,130488.13370231954
487.688982963562,-0.0004593317290705349,130489.82033208759
487.7616939544678,9.186634581410698e-05,130490.43829887884
487.88586139678955,0.0007349307665128559,130490.89446899095
487.95879340171814,-0.0017454605704680327,130491.10502209187
488.0274043083191,9.186634581410698e-05,130491.0945198827
488.13308906555176,-0.0004593317290705349,130490.58506789444
488.23039412498474,-0.0008267971123269628,130490.426561105
488.3261034488678,-0.0023885249911667814,130491.18390499451
488.4347405433655,0.0004593317290705349,130490.86551449506
488.531564950943,0.0014698615330257117,130491.37896304556
488.62645840644836,-0.0017454605704680327,130492.641066741
488.73250365257263,-0.0011942624955833907,130492.47696006691
488.82759380340576,0.0007349307665128559,130493.22926406022
488.93353056907654,-0.0005511980748846419,130493.30633765421
489.0306644439697,-0.0012861288413974978,130494.2757038888
489.1281912326813,-0.0020210596079103535,130493.94813349993
489.23388862609863,0.0019291932620962467,130492.45332014994
489.3308656215668,-0.0021129259537244604,130493.00798813495
489.4273805618286,-0.0024803913369808887,130493.30718932147
489.5336060523987,0.0,130492.37647038931
489.6306686401367,-0.0009186634581410698,130493.63882335038
489.72891497612,-0.0016535942246539257,130492.77494101535
489.8355224132538,-0.0014698615330257117,130493.29744691381
489.9324789047241,9.186634581410698e-05,130491.96770222244
490.0288722515106,0.0011942624955833907,130491.67093200018
490.13530564308167,0.0012861288413974978,130491.80383880017
490.2319757938385,0.00027559903744232096,130492.62345492016
490.32806301116943,-0.0005511980748846419,130492.16110942815
490.4267027378082,0.0007349307665128559,130491.94499848534
490.53445172309875,-0.00036746538325642793,130493.15049863682
490.6317319869995,-0.0017454605704680327,130491.83544877314
490.7284343242645,-0.0005511980748846419,130491.85190389583
490.8349447250366,-0.0007349307665128559,130491.36671350624
490.93285608291626,-0.0015617278788398188,130492.23004215561
491.0310323238373,-0.0006430644206987489,130492.90703794005
491.1293911933899,-0.0014698615330257117,130491.71633414605
491.2353518009186,0.0009186634581410698,130490.54470073145
491.33251905441284,-0.00027559903744232096,130488.79023065831
491.4314112663269,-0.0018373269162821396,130489.51120759248
491.5279598236084,-0.0012861288413974978,130489.16008683325
491.63477897644043,-0.0009186634581410698,130490.24407814992
491.73128056526184,-0.00018373269162821396,130491.11967033494
491.8297076225281,-0.0015617278788398188,130491.10770330146
491.92668628692627,-0.0009186634581410698,130491.49693297132
492.0320363044739,0.0016535942246539257,130493.74723967418
492.12831830978394,-0.0018373269162821396,130493.87251570677
492.23489022254944,0.0020210596079103535,130494.48526413609
492.3322682380676,-0.0005511980748846419,130495.6367377225
492.468031167984,-0.0011942624955833907,130496.27306395024
492.59267830848694,-0.0014698615330257117,130496.24575755523
492.6679127216339,-0.0008267971123269628,130497.42118179971
492.7927198410034,-0.0006430644206987489,130496.87906361974
492.86797404289246,0.0015617278788398188,130497.09115725776
492.99261116981506,-0.0011942624955833907,130496.08204153199
493.0663995742798,0.0008267971123269628,130495.1738373788
493.19052958488464,-0.00027559903744232096,130494.45645364092
493.2641499042511,-0.0007349307665128559,130494.71080827682
493.388769865036,9.186634581410698e-05,130493.13972744913
493.4627094268799,-0.0022966586453526745,130492.12575470422
493.5870189666748,0.0020210596079103535,130492.4131792338
493.6615436077118,-0.0015617278788398188,130492.17186131042
493.78740787506104,-0.0011023961497692838,130492.65467517938
493.8619363307953,-0.0014698615330257117,130492.48920766145
493.98917722702026,-0.0006430644206987489,130492.1402868953
494.0642740726471,-0.00036746538325642793,130492.12625820577
494.1909577846527,0.0004593317290705349,130493.3136323852
494.266224861145,-0.0014698615330257117,130492.88226914668
494.39255714416504,-0.00027559903744232096,130493.39404223202
494.4679310321808,-0.0021129259537244604,130494.25463800882
494.59439063072205,-0.0009186634581410698,130495.52917420793
494.67010617256165,0.0009186634581410698,130494.47625678714
494.797301530838,-0.0009186634581410698,130494.22863110842
494.8735420703888,-0.0030315894118655303,130494.20576799757
495.00018858909607,-0.00027559903744232096,130495.58519119782
495.04680585861206,-0.0022047922995385677,130494.92667207806
495.13366198539734,-0.0009186634581410698,130494.83400487027
495.2332077026367,-0.00036746538325642793,130494.75060438324
495.3322787284851,-0.0020210596079103535,130495.47554394492
495.4297580718994,0.0024803913369808887,130495.02798955044
495.5281925201416,0.00018373269162821396,130495.3251905954
495.6263768672943,-0.00036746538325642793,130494.89267153587
495.7274808883667,-0.0018373269162821396,130494.40340438229
495.8364198207855,-0.0017454605704680327,130494.96306394406
495.93610548973083,0.0007349307665128559,130494.66675754965
496.03429675102234,-0.0019291932620962467,130494.7000817947
496.1337914466858,-9.186634581410698e-05,130493.33007361523
496.2337234020233,-0.0012861288413974978,130494.1970662537
496.3327057361603,-0.0011023961497692838,130493.97735962833
496.43247079849243,0.0013779951872116046,130494.0796236655
496.53159070014954,-0.0005511980748846419,130493.77166129896
496.63036370277405,-0.0010105298039551768,130492.69449516907
496.73026943206787,0.00018373269162821396,130492.82504565216
496.829660654068,-0.0006430644206987489,130492.94254108696
496.9273045063019,-0.0013779951872116046,130491.34828697826
497.02663016319275,0.00027559903744232096,130490.61345828045
497.1261568069458,0.0,130488.55211245241
497.2344696521759,0.0008267971123269628,130487.89690120716
497.33357977867126,-0.0015617278788398188,130486.90721108645
497.4330461025238,-0.0024803913369808887,130485.41648997781
497.53173065185547,0.00027559903744232096,130485.27484098004
497.62890434265137,-0.0007349307665128559,130484.04735688205
497.72798347473145,-0.0007349307665128559,130483.84262119383
497.83576107025146,-0.0004593317290705349,130484.05835907446
497.93353295326233,-0.0034909211409360655,130483.45252316703
498.0284655094147,-0.0009186634581410698,130482.50727085033
498.1352467536926,-0.00018373269162821396,130481.0565437653
498.2328431606293,-0.0013779951872116046,130480.95088938877
498.3304331302643,-0.0004593317290705349,130480.85580044989
498.4353985786438,-0.0012861288413974978,130480.0702204049
498.5300636291504,-0.0018373269162821396,130480.86319836442
498.62615180015564,-0.0007349307665128559,130479.87687852798
498.73501801490784,-0.0020210596079103535,130479.88919067518
498.8298285007477,-0.0010105298039551768,130480.90027160766
498.92639994621277,-0.0004593317290705349,130481.1102444469
499.03176760673523,0.0011023961497692838,130482.09922000222
499.12717366218567,-0.0004593317290705349,130481.48929800201
499.2334668636322,-0.0034909211409360655,130482.34036820181
499.33065700531006,-0.0011942624955833907,130483.30633138162
499.42865467071533,-0.00018373269162821396,130483.57569824347
499.53411412239075,-0.0029397230660514234,130483.51812841912
499.6707410812378,0.0,130482.56631557722
499.7950351238251,0.0005511980748846419,130482.8096840195
499.86813521385193,0.0,130482.72871561756
499.9922502040863,-0.0013779951872116046,130481.4558440558
500.06508445739746,-0.0009186634581410698,130480.01025965023
500.1886897087097,-0.0026641240286091024,130481.00923368521
500.26173973083496,0.00018373269162821396,130481.10831031669
500.3859612941742,-0.0007349307665128559,130480.89747928502
500.4589629173279,0.00018373269162821396,130480.80773135652
500.5826561450958,0.0005511980748846419,130480.72695822087
500.65484595298767,9.186634581410698e-05,130480.15426239878
500.77814626693726,0.0009186634581410698,130480.93883615891
500.8510670661926,-0.0015617278788398188,130480.34495254302
500.97555470466614,0.0010105298039551768,130480.31045728872
501.0504295825958,0.00018373269162821396,130481.27941155985
501.1748917102814,-0.00018373269162821396,130481.15147040387
501.24767231941223,0.0017454605704680327,130481.53632336349
501.3715810775757,0.0004593317290705349,130482.68269102715
501.4958860874176,0.0004593317290705349,130483.71442192444
501.5685739517212,0.0,130484.642979732
501.6925208568573,-0.004042119215820707,130485.7786817588
501.76608300209045,0.0011023961497692838,130486.90081358292
501.88957619667053,-0.0006430644206987489,130487.71073222463
501.96118092536926,-0.0009186634581410698,130488.83965900217
502.0837070941925,-0.00027559903744232096,130489.25569310196
502.15644669532776,0.0012861288413974978,130489.63012379178
502.2277834415436,-0.00018373269162821396,130489.26711141261
502.3336133956909,-0.0006430644206987489,130488.54040027135
502.42946338653564,0.0004593317290705349,130488.58636024423
502.53497219085693,0.0020210596079103535,130487.5277242198
502.63165831565857,-0.0004593317290705349,130487.37495179783
502.72792387008667,-0.0011023961497692838,130487.23745661805
502.83262753486633,-0.0008267971123269628,130488.01371095625
502.9277973175049,-0.0026641240286091024,130489.21233986062
503.0320620536804,0.0,130489.09110587457
503.1260244846344,-0.0020210596079103535,130489.68199528712
503.23118567466736,-0.00018373269162821396,130488.6137957584
503.32647228240967,0.00018373269162821396,130489.15241618257
503.4342575073242,-0.0007349307665128559,130490.23717456432
503.52958846092224,-0.0022047922995385677,130489.7134571079
503.63477540016174,-0.0013779951872116046,130490.34211139711
503.72984433174133,0.0,130489.10790025741
503.8355162143707,-0.0006430644206987489,130488.79711023168
503.9302010536194,-0.0024803913369808887,130487.91739920851
504.0339825153351,0.00036746538325642793,130488.42565928766
504.13044714927673,0.0010105298039551768,130488.7830933589
504.225994348526,-0.00018373269162821396,130488.104784023
504.33106327056885,-0.0011023961497692838,130487.69430562071
504.4259572029114,0.00018373269162821396,130487.92487505864
504.53102111816406,0.0004593317290705349,130488.73238755278
504.62611842155457,0.0010105298039551768,130488.0591487975
504.73340368270874,-0.0017454605704680327,130488.05323391776
504.8279242515564,-0.0010105298039551768,130487.94791052598
504.93292260169983,-0.0006430644206987489,130488.75311947339
505.0301659107208,0.0014698615330257117,130488.27780752606
505.1259195804596,-0.0012861288413974978,130489.15002677345
505.2313303947449,-0.0022047922995385677,130488.53502409611
505.32672667503357,-0.0010105298039551768,130489.78152168651
505.4330086708069,-0.0017454605704680327,130489.40336951787
505.5295932292938,0.0016535942246539257,130487.76303256609
505.6352369785309,-0.0011942624955833907,130488.28672930949
505.7317969799042,-0.00036746538325642793,130488.65805637854
505.82642364501953,-0.0007349307665128559,130488.79225074069
505.9323830604553,0.0007349307665128559,130489.71302566663
506.02748441696167,-0.0016535942246539257,130490.84172309998
506.12566900253296,0.0010105298039551768,130492.05755078998
506.2316210269928,-9.186634581410698e-05,130492.55179571098
506.32663679122925,-0.0012861288413974978,130491.5966161399
506.43343210220337,-0.0017454605704680327,130491.53695452592
506.5418276786804,-0.0009186634581410698,130490.78325907333
506.6649446487427,-0.0019291932620962467,130490.004933166
506.78852438926697,0.0015617278788398188,130490.10443984941
506.86171317100525,-0.00027559903744232096,130489.79399586447
506.9860475063324,-0.00036746538325642793,130490.81459627803
507.0588881969452,-0.0009186634581410698,130491.43313665022
507.1824359893799,-0.0033071884493078513,130491.5898229852
507.2557256221771,-0.0012861288413974978,130491.0308406867
507.3795540332794,0.0,130490.72775661803
507.45162177085876,-0.0012861288413974978,130489.95498095623
507.5758800506592,-0.0019291932620962467,130490.1594828606
507.6490445137024,0.0012861288413974978,130489.84353457454
507.7734754085541,-0.0017454605704680327,130490.55918111709
507.8998291492462,-0.0031234557576796376,130490.80326300538
507.9724142551422,-0.0006430644206987489,130490.32293670485
508.09825229644775,-0.0007349307665128559,130490.39064303438
508.1717483997345,0.0013779951872116046,130490.45157873095
508.2985544204712,-0.0011942624955833907,130491.30642085787
508.37245869636536,-0.0006430644206987489,130491.17577877209
508.4970271587372,-0.0022047922995385677,130490.25820089488
508.5710873603821,0.0007349307665128559,130488.43238080539
508.696475982666,0.00018373269162821396,130489.08914272486
508.76976442337036,-0.0013779951872116046,130488.78022845238
508.89417552948,-0.0014698615330257117,130490.70220560714
508.9676651954651,-0.0006430644206987489,130490.73198504644
509.09393644332886,-0.0018373269162821396,130491.1587865418
509.1384744644165,0.0008267971123269628,130491.04290788762
509.2262465953827,-0.0015617278788398188,130490.93861709886
509.3336730003357,0.0023885249911667814,130490.04475538897
509.43429350852966,0.0005511980748846419,130489.64027985008
509.5307548046112,-0.0022966586453526745,130489.67625186508
509.6277401447296,-0.0025722576827949956,130489.10862667859
509.7339189052582,-0.0015617278788398188,130488.29776401074
509.83163380622864,0.0006430644206987489,130488.16798760966
509.9273953437805,-0.0027559903744232093,130488.1511888487
510.03325867652893,-0.0016535942246539257,130489.23606996384
510.1332721710205,-0.0014698615330257117,130490.51246296745
510.22932267189026,-0.0031234557576796376,130489.76121667071
510.32576513290405,-0.0015617278788398188,130490.88509500364
510.43390941619873,-0.0011942624955833907,130490.79658550328
510.530446767807,-0.0008267971123269628,130491.11692695296
510.6267466545105,-0.0017454605704680327,130491.00523425767
510.73300766944885,-0.0016535942246539257,130490.20471083191
510.83213210105896,0.0,130489.08423974871
510.92836833000183,0.0009186634581410698,130487.27581577386
511.0343110561371,-0.0004593317290705349,130487.44823419646
511.13111448287964,-0.0016535942246539257,130487.50341077682
511.22680711746216,0.0,130488.05306969913
511.3350191116333,-0.0019291932620962467,130489.24776272922
511.432169675827,-0.0028478567202373166,130488.3229864563
511.5296862125397,-0.0017454605704680327,130488.29068781067
511.63552021980286,-0.0017454605704680327,130488.8616190296
511.73185443878174,-0.00036746538325642793,130489.27545712664
511.8272421360016,-0.0011023961497692838,130488.74791141399
511.93262243270874,-0.0004593317290705349,130489.4731202726
512.0290811061859,-0.00027559903744232096,130491.32580824534
512.1365106105804,-0.0004593317290705349,130490.69322742081
512.231273651123,-0.0011023961497692838,130491.12390467872
512.3266468048096,-0.0019291932620962467,130490.71151421085
512.4319219589233,-0.0013779951872116046,130491.84036278976
512.5269644260406,0.00036746538325642793,130493.15632651078
512.6326093673706,0.0010105298039551768,130493.8406938597
512.7302312850952,-0.0004593317290705349,130493.95662447374
512.8284268379211,-0.0005511980748846419,130493.56096202637
512.933972120285,9.186634581410698e-05,130493.10486582373
513.0296082496643,-0.0006430644206987489,130492.99437924135
513.1260087490082,-0.0023885249911667814,130492.99494131723
513.231454372406,-0.0016535942246539257,130492.19544718551
513.3269147872925,-0.0009186634581410698,130492.77590246696
513.4324026107788,-0.0013779951872116046,130492.39831222026
513.5471429824829,-0.0016535942246539257,130491.35848099824
513.6702134609222,-0.0021129259537244604,130490.52263289843
513.7930974960327,-0.0013779951872116046,130490.0703696086
513.8659172058105,0.00036746538325642793,130489.16333264775
513.9896051883698,0.0017454605704680327,130490.14699938297
514.0622100830078,-0.0008267971123269628,130489.53229944466
514.1863327026367,-0.00027559903744232096,130489.6790695002
514.2584266662598,-0.0006430644206987489,130490.91116255018
514.3817892074585,-0.0034909211409360655,130491.72004629517
514.4549922943115,-0.0014698615330257117,130492.44804166566
514.5784287452698,-0.0017454605704680327,130492.1032374991
514.6504440307617,-0.0011023961497692838,130491.09291374919
514.7733962535858,0.0,130490.98362237428
514.8964140415192,-0.0008267971123269628,130491.18526013686
514.9694926738739,0.0010105298039551768,130491.06673412317
515.0924248695374,-0.00036746538325642793,130490.56006071086
515.1642994880676,-0.0019291932620962467,130490.40405463977
515.2882599830627,0.0006430644206987489,130490.1636491758
515.3610105514526,-0.0011023961497692838,130489.54728425821
515.4836549758911,0.0010105298039551768,130490.79255583239
515.5562691688538,-0.0010105298039551768,130490.81330024917
515.6794435977936,0.0012861288413974978,130490.53197022426
515.7528681755066,0.0,130488.67877320183
515.8776593208313,-0.0023885249911667814,130488.71089588164
515.9509544372559,0.0011023961497692838,130488.93980629348
516.0740947723389,-0.00036746538325642793,130487.84582566413
516.1276116371155,-0.0026641240286091024,130488.16124309773
516.2331967353821,-0.0039502528700066,130487.94511878796
516.3286530971527,0.00018373269162821396,130488.25060690918
516.4342036247253,-0.0016535942246539257,130488.12554621826
516.53089594841,0.00018373269162821396,130488.71299159643
516.6265068054199,-0.0022966586453526745,130488.34169243679
516.7327265739441,-0.0013779951872116046,130488.70752319311
516.8319931030273,-9.186634581410698e-05,130488.9367708738
516.927604675293,0.0009186634581410698,130489.74309378641
517.0341448783875,0.0009186634581410698,130488.56878440778
517.1314287185669,-0.0020210596079103535,130488.01190596701
517.2277162075043,-0.00018373269162821396,130487.6107153703
517.3340721130371,0.0014698615330257117,130486.84964383328
517.4315531253815,-0.00018373269162821396,130486.26467944996
517.5276956558228,0.0010105298039551768,130487.03821150496
517.6342051029205,0.0,130486.83439035446
517.7310371398926,-0.0011023961497692838,130487.85095131901
517.827005147934,-0.0019291932620962467,130487.7658561871
517.9346303939819,0.0009186634581410698,130487.38927056841
518.0321972370148,0.0016535942246539257,130488.15034351157
518.1300060749054,-0.0005511980748846419,130488.23530916043
518.2270839214325,0.00018373269162821396,130488.2117782444
518.3331053256989,0.0004593317290705349,130487.59060041995
518.4308772087097,-0.0012861288413974978,130486.93154037796
518.5272493362427,-0.0015617278788398188,130486.03838634017
518.6335282325745,-0.0020210596079103535,130484.83454770615
518.7309463024139,-0.00036746538325642793,130485.05109293554
518.8297481536865,-9.186634581410698e-05,130485.145983642
518.9256422519684,-0.0011942624955833907,130486.0313852778
519.0323617458344,-0.00036746538325642793,130485.82824675002
519.1274943351746,-0.00027559903744232096,130485.74542207502
519.2333838939667,-0.0004593317290705349,130485.47087986753
519.3300375938416,0.0005511980748846419,130485.52379188078
519.4267165660858,-0.0006430644206987489,130486.27141269272
519.5347142219543,-9.186634581410698e-05,130486.74427142345
519.6313323974609,-0.0011023961497692838,130486.06984428111
519.7268121242523,-0.0014698615330257117,130486.162859853
519.832540512085,0.0,130486.9465738677
519.9301474094391,-0.0020210596079103535,130486.65191648094
520.0260469913483,0.00036746538325642793,130486.78672483285
520.1316792964935,-0.00027559903744232096,130488.10805234958
520.2303144931793,-9.186634581410698e-05,130488.09724711462
520.3262917995453,-0.0004593317290705349,130488.88752240317
520.4335789680481,-0.0027559903744232093,130489.29877016286
520.5298244953156,-0.0022966586453526745,130489.76889314657
520.6537754535675,0.0011942624955833907,130489.79200383191
520.7786667346954,-0.0014698615330257117,130489.11280344873
520.8514137268066,-0.0012861288413974978,130489.30152310387
520.9760613441467,0.00027559903744232096,130489.77137079349
521.0503885746002,-0.0011023961497692838,130488.89423371415
521.1746988296509,-0.0020210596079103535,130488.60481034275
521.2481663227081,-0.0011942624955833907,130488.44432930848
521.3725340366364,-0.0008267971123269628,130487.99989637765
521.4974827766418,-0.0009186634581410698,130488.89990673988
521.5710866451263,-0.0013779951872116046,130488.4099160659
521.6966516971588,-0.0011942624955833907,130486.56892445931
521.7701320648193,-0.00036746538325642793,130486.31203201337
521.8944809436798,0.0011023961497692838,130485.58082881203
521.9664161205292,-0.0008267971123269628,130485.82274593084
522.0901079177856,9.186634581410698e-05,130485.94047133776
522.1634380817413,-9.186634581410698e-05,130484.54642420399
522.2874593734741,-0.0008267971123269628,130485.09178178359
522.3599491119385,-0.0013779951872116046,130485.48260360523
522.4850161075592,-0.0014698615330257117,130484.4343432447
522.5591404438019,-0.0030315894118655303,130484.49090892024
522.6825454235077,-0.0010105298039551768,130484.54181802821
522.7556502819061,-0.0009186634581410698,130484.8876362254
522.879359960556,-0.0030315894118655303,130485.79887260287
522.9519617557526,-0.0022966586453526745,130486.81898534259
523.0760335922241,-0.0015617278788398188,130487.63708680833
523.1299257278442,0.0,130488.47337812751
523.2358763217926,0.0008267971123269628,130487.72604031477
523.3305630683899,-0.0039502528700066,130487.7534362833
523.4256901741028,-0.0012861288413974978,130486.27809265497
523.5333874225616,-0.0011023961497692838,130487.25028338948
523.629519701004,-0.0006430644206987489,130488.92525505053
523.735381603241,-0.00036746538325642793,130489.83272954548
523.8314476013184,-0.0014698615330257117,130490.64945659094
523.9264657497406,0.0005511980748846419,130489.68451093185
524.0320324897766,-0.00027559903744232096,130490.51605983867
524.1269073486328,0.0013779951872116046,130490.4644538548
524.2346565723419,-0.0010105298039551768,130490.11800846932
524.3297216892242,0.0020210596079103535,130490.00620762238
524.4259362220764,9.186634581410698e-05,130490.10558686015
524.5315136909485,0.0014698615330257117,130489.49502817413
524.6266810894012,-0.0010105298039551768,130488.74552535672
524.7323422431946,-0.0011023961497692838,130487.97097282106
524.8276996612549,0.00027559903744232096,130487.07387553895
524.9335901737213,0.0010105298039551768,130486.46648798506
525.0307331085205,-0.0004593317290705349,130486.11983918656
525.1255156993866,0.0017454605704680327,130485.2078552679
525.2315857410431,0.0004593317290705349,130484.78706974111
525.3259551525116,0.0,130485.608362767
525.4319303035736,0.0023885249911667814,130486.14752649031
525.5294508934021,0.00027559903744232096,130486.33277384129
525.6354479789734,-0.00036746538325642793,130487.19949645716
525.7305581569672,0.0011023961497692838,130487.97954681145
525.8359127044678,0.0,130488.1815921303
525.93128657341,0.0,130488.56343291728
526.0261902809143,0.0009186634581410698,130488.20708962555
526.1310606002808,-0.00018373269162821396,130487.586380663
526.2280082702637,-0.0005511980748846419,130487.7277425967
526.3323409557343,0.0009186634581410698,130488.05496833705
526.4269134998322,0.0013779951872116046,130487.74947150334
526.5313808917999,0.0004593317290705349,130487.474524353
526.626101732254,-0.0015617278788398188,130486.6270719177
526.731262922287,-0.0008267971123269628,130486.46436472594
526.825852394104,-0.0018373269162821396,130486.41792825334
526.9332313537598,-0.0007349307665128559,130485.37613542801
527.0297801494598,0.0018373269162821396,130485.53852188522
527.1357989311218,-0.0008267971123269628,130484.4846696967
527.2268624305725,-9.186634581410698e-05,130483.83620272703
527.3331911563873,-0.00036746538325642793,130483.65258245434
527.4623277187347,0.0005511980748846419,130484.9873242089
527.5876507759094,9.186634581410698e-05,130486.288591788
527.6605412960052,-0.00027559903744232096,130486.9597326092
527.7830653190613,0.0004593317290705349,130487.36375934829
527.8560993671417,0.0010105298039551768,130488.12738341346
527.9787595272064,-0.00018373269162821396,130488.31464507213
528.0518863201141,-0.00018373269162821396,130487.48318056492
528.1755304336548,-0.0015617278788398188,130486.53486250843
528.2472386360168,0.00018373269162821396,130487.08137625759
528.3702518939972,-0.0018373269162821396,130487.17323863183
528.492945432663,-0.0008267971123269628,130487.65591476865
528.5651605129242,0.00027559903744232096,130487.39032329178
528.6873650550842,9.186634581410698e-05,130488.8512909626
528.7597799301147,-0.0006430644206987489,130488.86616186635
528.8814785480499,-0.0009186634581410698,130489.87954567972
528.9527771472931,-0.00027559903744232096,130490.09159111175
529.0752382278442,0.0024803913369808887,130490.78243200057
529.1476500034332,-0.0031234557576796376,130490.60418880053
529.2705028057098,0.0007349307665128559,130491.44376992047
529.392448425293,0.00036746538325642793,130491.39939292843
529.4639933109283,0.0004593317290705349,130491.3594536356
529.5867922306061,0.0005511980748846419,130490.92350827204
529.6582903862,-0.0022966586453526745,130491.53115744484
529.7809748649597,0.0,130491.67804170036
529.8522486686707,-0.0007349307665128559,130491.71023753032
529.9745950698853,-0.0016535942246539257,130491.6392137773
530.0268204212189,-0.0022047922995385677,130490.57529239958
530.1329598426819,-0.0022047922995385677,130490.11776315962
530.2274599075317,-0.0011023961497692838,130490.00598684367
530.3323910236359,0.0006430644206987489,130491.30538815931
530.4267871379852,-0.0027559903744232093,130491.37484934338
530.5309550762177,-0.0018373269162821396,130490.63736440905
530.6352105140686,-0.0024803913369808887,130491.27362796814
530.7300624847412,-0.0011942624955833907,130493.04626517132
530.82701587677,9.186634581410698e-05,130492.6416386542
530.9325199127197,-0.0007349307665128559,130490.97747478879
531.0265860557556,0.0014698615330257117,130490.77972730991
531.1311502456665,-0.0020210596079103535,130490.20175457893
531.2359204292297,-0.0004593317290705349,130489.78157912105
531.3298344612122,0.0011942624955833907,130489.30342120894
531.4258410930634,-0.0009186634581410698,130490.67307908805
531.5321469306946,0.0011942624955833907,130491.00577117925
531.6265788078308,-0.0017454605704680327,130490.50519406133
531.7318320274353,0.0008267971123269628,130489.35467465522
531.8270199298859,-0.0015617278788398188,130489.7192071897
531.9319605827332,-0.0015617278788398188,130489.24728647074
532.0269408226013,0.0011023961497692838,130489.32255782366
532.1342306137085,-0.0030315894118655303,130489.7903020413
532.2297959327698,0.0,130489.51127183718
532.3257908821106,-0.0011023961497692838,130488.06014465347
532.4320323467255,-0.0024803913369808887,130487.15413018814
532.527589559555,-0.0005511980748846419,130487.83871716933
532.6329271793365,-0.0022047922995385677,130487.8548454524
532.7279877662659,-0.0019291932620962467,130487.36936090716
532.8351707458496,0.0010105298039551768,130487.73242481645
532.9309945106506,-0.0010105298039551768,130487.6591823348
533.026430606842,-0.0024803913369808887,130487.79326410132
533.1321489810944,0.0009186634581410698,130488.31393769119
533.2277321815491,0.0011942624955833907,130488.88254392208
533.3337156772614,-0.0015617278788398188,130488.79428952988
533.4304368495941,0.0014698615330257117,130488.71486057689
533.5286297798157,0.0004593317290705349,130488.2433745192
533.6344523429871,-0.0020210596079103535,130488.41903706727
533.7318012714386,-0.0015617278788398188,130487.17713336056
533.827966928482,0.00018373269162821396,130487.75942002451
533.9346652030945,0.0006430644206987489,130487.38347802206
534.0274169445038,0.0,130487.94513021986
534.1340725421906,-0.0019291932620962467,130487.55061719788
534.2323808670044,0.0,130488.3955554781
534.3612351417542,0.0022966586453526745,130489.25599993029
534.4855761528015,-0.0022047922995385677,130490.13039993726
534.5596616268158,0.0010105298039551768,130491.71735994355
534.6844336986542,-0.0014698615330257117,130491.74562394919
534.7599699497223,-0.0006430644206987489,130492.27106155427
534.8844974040985,-0.0020210596079103535,130492.54395539885
534.9592332839966,-0.0013779951872116046,130493.18955985896
535.0837996006012,-0.0019291932620962467,130492.47060387308
535.1584298610687,0.00027559903744232096,130492.42354348577
535.2829396724701,-0.0022047922995385677,130491.9811891372
535.3566036224365,0.00036746538325642793,130492.08307022348
535.4819805622101,-0.00027559903744232096,130492.97476320114
535.5561599731445,0.0020210596079103535,130491.97728688104
535.6813516616821,-0.0009186634581410698,130491.47955819294
535.7553095817566,0.0011023961497692838,130491.43160237365
535.8795502185822,-0.0007349307665128559,130490.48844213628
535.9528367519379,-0.0005511980748846419,130490.73959792266
536.0768630504608,0.0011023961497692838,130489.7656381304
536.1506843566895,-0.0015617278788398188,130489.88907431737
536.2749054431915,-0.0025722576827949956,130489.50016688564
536.3476386070251,9.186634581410698e-05,130489.65015019709
536.4723553657532,0.00036746538325642793,130490.38513517738
536.5959086418152,0.0013779951872116046,130491.44662165965
536.6690237522125,-0.0011023961497692838,130490.9019594937
536.7939162254333,-0.0011942624955833907,130489.41176354434
536.8674893379211,0.0005511980748846419,130489.37058718991
536.9419260025024,0.00018373269162821396,130488.33352847092
537.0269048213959,0.00036746538325642793,130487.50017562383
537.1329154968262,0.0010105298039551768,130486.65015806144
537.2305603027344,-9.186634581410698e-05,130486.2851422553
537.3270094394684,-0.0015617278788398188,130486.0566280298
537.4329073429108,-0.00027559903744232096,130485.15096522681
537.5306353569031,0.0010105298039551768,130484.83586870413
537.6272921562195,0.0006430644206987489,130484.85228183372
537.7338936328888,-0.0015617278788398188,130485.66705365035
537.8308556079865,-0.0011942624955833907,130485.10034828531
537.9276795387268,-0.0017454605704680327,130485.19031345678
538.0318727493286,-0.0011942624955833907,130484.07128211111
538.128071308136,-0.0014698615330257117,130483.1641539
538.2255525588989,-0.0012861288413974978,130483.74773850999
538.3318004608154,-0.00027559903744232096,130483.57296465899
538.4275941848755,-9.186634581410698e-05,130482.91566819309
538.5337901115417,-0.0008267971123269628,130483.32410137379
538.6306529045105,0.00018373269162821396,130484.29169123642
538.7269797325134,-0.00027559903744232096,130482.56252211277
538.8326675891876,-0.0013779951872116046,130483.4062699015
538.9296998977661,-0.0019291932620962467,130484.46564291135
539.0259025096893,0.00027559903744232096,130485.31907862022
539.1336636543274,-0.0031234557576796376,130485.3871707582
539.2296719551086,-0.0004593317290705349,130485.44845368239
539.3344826698303,9.186634581410698e-05,130486.40360831415
539.4317362308502,-0.0006430644206987489,130484.26324748274
539.529547214508,-0.0011023961497692838,130485.03692273446
539.635326385498,9.186634581410698e-05,130485.23323046102
539.7315287590027,0.0014698615330257117,130484.70990741492
539.8276636600494,-0.0005511980748846419,130483.63891667343
539.9340879917145,-0.0009186634581410698,130482.3750250061
540.0276906490326,0.00018373269162821396,130482.7375225055
540.1344442367554,-0.0019291932620962467,130483.26377025495
540.2325377464294,-0.00027559903744232096,130483.23739322946
540.3290071487427,-0.0024803913369808887,130484.41365390651
540.4355764389038,-0.0021129259537244604,130484.57228851586
540.5323023796082,0.0013779951872116046,130486.41505966429
540.6277287006378,-0.0023885249911667814,130487.87355369786
540.7343661785126,0.0006430644206987489,130486.58619832808
540.8286364078522,-0.0025722576827949956,130486.92757849528
540.9273300170898,-0.0012861288413974978,130486.23482064575
541.035427570343,-0.0010105298039551768,130486.61133858118
541.1316950321198,-0.00036746538325642793,130486.55020472307
541.227753162384,-0.0032153221034937444,130486.89518425077
541.3261306285858,0.0,130487.3056658257
541.4262642860413,-0.0009186634581410698,130487.37509924313
541.5261514186859,-0.0011942624955833907,130487.13758931882
541.6258237361908,-0.0007349307665128559,130487.42383038695
541.7263295650482,-0.0006430644206987489,130487.38144734825
541.8259193897247,-0.0004593317290705349,130487.04330261343
541.9260756969452,-0.0007349307665128559,130486.93897235209
542.0266673564911,-0.0012861288413974978,130487.34507511689
542.1258845329285,-0.00018373269162821396,130488.7105676052
542.2261838912964,-0.0013779951872116046,130490.13951084469
542.3267433643341,-0.0004593317290705349,130491.22555976023
542.4265291690826,-0.00027559903744232096,130491.50300378422
542.526181936264,0.0011023961497692838,130492.45270340581
542.6268062591553,-0.0013779951872116046,130492.70743306524
542.7264804840088,-0.0012861288413974978,130492.43668975872
542.8258154392242,-0.00027559903744232096,130491.79302078285
542.9262504577637,0.00036746538325642793,130492.21371870457
543.0267648696899,-0.0022966586453526745,130492.69234683411
543.126133441925,-0.0011023961497692838,130492.7231121507
543.2265965938568,-0.0007349307665128559,130490.25080093564
543.326254606247,-0.0031234557576796376,130490.02572084208
543.4259991645813,-0.0019291932620962467,130490.92314875787
543.5260195732117,-0.0015617278788398188,130490.73083388209
543.6260905265808,-0.0008267971123269628,130490.05775049387
543.7259681224823,-0.0028478567202373166,130489.25197544448
543.8258464336395,-0.0008267971123269628,130489.72677790004
543.9263832569122,0.0012861288413974978,130490.05410011004
544.026492357254,-0.0014698615330257117,130488.24869009903
544.1266329288483,-0.0009186634581410698,130488.42382108913
544.2258758544922,0.00018373269162821396,130489.18143898023
544.325968503952,-0.0009186634581410698,130489.16329508222
544.425897359848,0.0007349307665128559,130489.846965574
544.5258316993713,-0.0017454605704680327,130489.86226901661
544.6263756752014,0.0011023961497692838,130489.97604211495
544.7264614105225,-0.0013779951872116046,130489.37843790348
544.8261048793793,-0.0004593317290705349,130489.24059411313
544.9264984130859,-0.0015617278788398188,130489.01653470182
545.0267083644867,-0.0012861288413974978,130489.01488123165
545.1266090869904,-0.00018373269162821396,130488.81339310849
545.2267851829529,0.0008267971123269628,130489.63205379764
545.32581782341,0.00027559903744232096,130489.76884841788
545.426146030426,-0.003674653832564279,130490.6919635761
545.5258538722992,-0.00027559903744232096,130491.7227672185
545.6263456344604,-0.00036746538325642793,130490.55049049665
545.7267212867737,-0.0007349307665128559,130490.49544144698
545.8259434700012,0.0007349307665128559,130491.64589730228
545.9265241622925,0.0,130491.08130757207
546.0262269973755,-0.0022966586453526745,130491.07317681487
546.1266043186188,-0.00027559903744232096,130491.06585913339
546.2266936302185,0.00036746538325642793,130491.15927322005
546.3264417648315,0.00027559903744232096,130491.64334589806
546.4264924526215,-0.0016535942246539257,130492.57901130826
546.5262184143066,-0.0008267971123269628,130493.72111017743
546.6261529922485,-0.0017454605704680327,130492.9489991597
546.7267150878906,9.186634581410698e-05,130493.35409924372
546.8263840675354,-0.0004593317290705349,130493.11868931935
546.9267489910126,-0.0012861288413974978,130494.30682038741
547.0260601043701,-0.0035827874867501723,130495.67613834867
547.1259422302246,0.0012861288413974978,130496.70852451382
547.2261872291565,0.0004593317290705349,130498.03767206243
547.3266880512238,-0.0004593317290705349,130497.9339048562
547.4260549545288,-0.0009186634581410698,130498.04051437057
547.5259654521942,-0.0005511980748846419,130497.53646293352
547.6259529590607,-0.0015617278788398188,130498.18281664018
547.7266235351562,0.0008267971123269628,130497.26453497616
547.8264920711517,-0.00027559903744232096,130496.73808147854
547.926805973053,-0.0007349307665128559,130495.76427333069
548.0260708332062,-0.0022047922995385677,130494.58784599762
548.1259200572968,-9.186634581410698e-05,130494.52906139786
548.2264275550842,-0.00027559903744232096,130493.87615525808
548.3259484767914,9.186634581410698e-05,130493.88853973229
548.4264101982117,-0.0016535942246539257,130494.29968575906
548.5260303020477,9.186634581410698e-05,130494.36971718316
548.626583814621,0.00018373269162821396,130493.73274546485
548.7267138957977,0.0008267971123269628,130493.45947091837
548.8257994651794,-0.0009186634581410698,130493.71352382655
548.9260506629944,-0.0031234557576796376,130493.54217144389
549.0267634391785,-0.0007349307665128559,130493.5879542995
549.1267468929291,0.0022966586453526745,130494.62915886956
549.2258775234222,-0.0014698615330257117,130493.96624298261
549.3263249397278,-0.0012861288413974978,130494.86961868436
549.426087141037,-0.0028478567202373166,130493.88265681593
549.5261831283569,-9.186634581410698e-05,130493.19439113434
549.6258270740509,0.0006430644206987489,130491.7749520209
549.7256903648376,9.186634581410698e-05,130491.19745681882
549.8261888027191,-0.0005511980748846419,130490.87771113694
549.9261085987091,9.186634581410698e-05,130491.48994002325
550.0261464118958,-0.00036746538325642793,130491.14094602094
550.1260135173798,-0.0009186634581410698,130492.42685141886
550.2259271144867,0.0008267971123269628,130492.68416627697
550.3267116546631,0.0004593317290705349,130492.01574964929
550.4262382984161,0.00036746538325642793,130490.91417468437
550.5261573791504,0.00027559903744232096,130490.92275721594
550.6261868476868,-9.186634581410698e-05,130491.23048149436
550.7261335849762,0.0034909211409360655,130490.80743334493
550.8266115188599,-0.00027559903744232096,130490.42669001044
550.9262108802795,-0.0011942624955833907,130491.68402100941
551.0269782543182,-0.00036746538325642793,130492.21561890846
551.1262722015381,-0.00036746538325642793,130492.89405701763
551.2260363101959,-0.0022047922995385677,130493.60465131588
551.3268511295319,0.0004593317290705349,130493.4441861843
551.4259803295135,9.186634581410698e-05,130493.59976756587
551.5259914398193,0.00027559903744232096,130492.53979080929
551.6267325878143,0.0,130492.58581172836
551.7263810634613,-0.0014698615330257117,130492.12723055553
551.8259191513062,-0.0011023961497692838,130491.21450749999
551.9260835647583,-0.0018373269162821396,130491.19305675
552.0265815258026,0.0019291932620962467,130491.373751075
552.1260666847229,0.0012861288413974978,130490.83637596751
552.226416349411,-0.0026641240286091024,130490.55273837077
552.3259460926056,0.0006430644206987489,130489.89746453369
552.4265923500061,-0.00036746538325642793,130490.50771808032
552.5259137153625,0.0006430644206987489,130490.55694627229
552.6265976428986,0.0011942624955833907,130490.00125164507
552.7259848117828,-0.0007349307665128559,130491.10112648057
552.8266656398773,0.0015617278788398188,130490.89101383253
552.9264652729034,-0.00036746538325642793,130490.7019124493
553.0262160301208,0.0011023961497692838,130491.03172120437
553.1265351772308,-0.0006430644206987489,130491.52854908395
553.2258815765381,-0.004133985561634814,130490.67569417556
553.325813293457,-0.0012861288413974978,130490.408124758
553.4267621040344,0.0010105298039551768,130490.0673122822
553.5266849994659,9.186634581410698e-05,130490.56058105399
553.6266868114471,-0.0011942624955833907,130490.90452294858
553.7265517711639,0.00027559903744232096,130492.11407065373
553.8258125782013,-0.0004593317290705349,130491.90266358835
553.925843000412,0.0006430644206987489,130491.51239722953
554.0262928009033,-9.186634581410698e-05,130491.36115750657
554.1267614364624,-0.00018373269162821396,130490.92504175591
554.2265300750732,0.0014698615330257117,130490.93253758033
554.3265459537506,-0.00027559903744232096,130491.3392838223
554.42640376091,-0.0013779951872116046,130491.30535544007
554.5262651443481,-0.0007349307665128559,130491.47481989607
554.6265909671783,-0.0004593317290705349,130490.52733790646
554.7267405986786,-0.0015617278788398188,130488.97460411582
554.8265199661255,0.0010105298039551768,130489.67714370425
554.9260663986206,0.0,130488.80942933384
555.0265293121338,-0.0011023961497692838,130487.92848640046
555.1265873908997,0.0006430644206987489,130487.13563776041
555.2264604568481,0.00036746538325642793,130488.22207398438
555.3264014720917,0.0008267971123269628,130488.89986658594
555.4267354011536,-0.0008267971123269628,130488.40987992735
555.5256631374359,0.0007349307665128559,130489.16889193462
555.6256883144379,-0.0009186634581410698,130490.75200274117
555.7260410785675,-0.0004593317290705349,130490.77680246705
555.8259179592133,0.0017454605704680327,130491.19912222035
555.9260046482086,-0.00027559903744232096,130490.67920999833
556.0255844593048,-0.0026641240286091024,130489.5112889985
556.126268863678,-0.00036746538325642793,130488.66016009866
556.2262644767761,-0.0011023961497692838,130488.2941440888
556.3264322280884,-0.0010105298039551768,130488.76472967993
556.4266788959503,0.0006430644206987489,130488.98825671193
556.5262699127197,-0.0025722576827949956,130489.48943104074
556.6258001327515,-0.00018373269162821396,130489.44048793666
556.7262015342712,-0.0010105298039551768,130490.496439143
556.8264036178589,0.0004593317290705349,130490.84679522869
556.9260108470917,0.0005511980748846419,130488.96211570581
557.0259528160095,-0.0012861288413974978,130489.46590413523
557.1261761188507,-0.0022966586453526745,130489.61931372172
557.2263853549957,-0.0005511980748846419,130490.75738234956
557.3264348506927,-0.0024803913369808887,130490.98164411461
557.4264407157898,0.0,130491.18347970315
557.5266301631927,-0.0006430644206987489,130490.16513173284
557.6259162425995,-0.0009186634581410698,130488.84861855955
557.7262647151947,0.0011942624955833907,130489.4637567036
557.826568365097,-0.0005511980748846419,130490.41738103324
557.9258923530579,0.0,130491.47564292993
558.025684595108,-0.0026641240286091024,130490.12807863695
558.1263265609741,-0.0004593317290705349,130489.21527077326
558.2266180515289,0.00018373269162821396,130489.19374369594
558.3262977600098,-0.0010105298039551768,130489.47436932634
558.426285982132,-0.0023885249911667814,130488.7269323937
558.5267300605774,9.186634581410698e-05,130488.05423915434
558.6265454292297,-0.0013779951872116046,130488.6488152389
558.726645231247,0.0004593317290705349,130488.18393371502
558.8266201019287,9.186634581410698e-05,130487.66554034351
558.9265508651733,-0.0018373269162821396,130489.39898630917
559.0265431404114,-0.0005511980748846419,130489.45908767826
559.1265289783478,0.0,130489.51317891043
559.2258703708649,0.00018373269162821396,130491.6618610194
559.3267307281494,0.00036746538325642793,130491.89567491747
559.4258358478546,-0.00018373269162821396,130491.40610742572
559.526472568512,-0.00027559903744232096,130492.16549668316
559.6259450912476,-0.00027559903744232096,130491.94894701484
559.7262539863586,-0.00027559903744232096,130492.25405231336
559.826495885849,0.0009186634581410698,130492.22864708203
559.9265856742859,-0.00027559903744232096,130492.60578237384
560.0259466171265,9.186634581410698e-05,130493.44520413646
560.1265294551849,0.0,130493.60068372282
560.2261185646057,-0.0011023961497692838,130493.24061535054
560.3259959220886,0.0017454605704680327,130492.8165538155
560.425852060318,-0.00036746538325642793,130492.63489843396
560.5262565612793,-0.0009186634581410698,130492.77140859058
560.6267285346985,-0.0019291932620962467,130492.29426773153
560.7265648841858,0.00018373269162821396,130493.06484095838
560.826577425003,0.0008267971123269628,130491.25835686254
560.9260773658752,-0.0009186634581410698,130491.83252117629
561.0259335041046,-9.186634581410698e-05,130491.04926905865
561.12651014328,0.0017454605704680327,130492.0443421528
561.2257790565491,-0.0022966586453526745,130491.83990793752
561.3261284828186,-0.00036746538325642793,130492.45591714377
561.4264686107635,-0.0007349307665128559,130492.91032542939
561.526682138443,-0.0012861288413974978,130493.01929288646
561.6260991096497,-0.0011023961497692838,130493.81736359782
561.7267143726349,-0.0005511980748846419,130492.53562723804
561.8264355659485,-9.186634581410698e-05,130492.88206451426
561.9265470504761,-0.0005511980748846419,130492.69385806283
562.0264649391174,-0.0011023961497692838,130491.92447225655
562.1267380714417,-0.0020210596079103535,130490.8320250309
562.2267093658447,-0.0012861288413974978,130490.74882252782
562.3261024951935,-0.0007349307665128559,130490.57394027503
562.4266293048859,-0.0016535942246539257,130490.51654624753
562.5262894630432,-0.0008267971123269628,130490.96489162277
562.6265664100647,-0.00036746538325642793,130491.96840246051
562.7264018058777,0.0022047922995385677,130492.07156221446
562.826714515686,-0.0012861288413974978,130491.26440599302
562.9268524646759,-0.0016535942246539257,130492.43796539372
563.0264477729797,-9.186634581410698e-05,130492.29416885435
563.1258764266968,-0.0006430644206987489,130490.96475196892
563.2265338897705,0.0016535942246539257,130491.46827677204
563.3266272544861,-0.0018373269162821396,130492.42144909484
563.4267263412476,-0.0009186634581410698,130491.87930418535
563.5265491008759,-0.0008267971123269628,130492.59137376683
563.6263206005096,-0.0019291932620962467,130492.93223639016
563.7261071205139,0.00027559903744232096,130491.93901275114
563.8260827064514,-0.0023885249911667814,130491.44511147603
563.926171541214,0.0015617278788398188,130491.40060032843
564.0259530544281,-0.0025722576827949956,130491.0605402956
564.1258060932159,-0.0006430644206987489,130491.45448626604
564.2263834476471,-0.00036746538325642793,130490.00903763944
564.3261642456055,-0.0017454605704680327,130488.90813387549
564.4265561103821,-0.0006430644206987489,130486.91732048793
564.5266840457916,0.0011023961497692838,130486.52558843915
564.6266038417816,-0.0011942624955833907,130485.67302959524
564.7258701324463,-0.0013779951872116046,130485.00572663572
564.826470375061,0.00027559903744232096,130485.80515397215
564.9265909194946,-0.0027559903744232093,130486.42463857493
565.0264678001404,0.0012861288413974978,130486.98217471743
565.1260259151459,-0.0015617278788398188,130486.3839572457
565.226152420044,-0.0021129259537244604,130486.94556152112
565.3259472846985,0.00018373269162821396,130487.55100536901
565.4264397621155,0.0007349307665128559,130487.59590483211
565.5264911651611,-0.0011942624955833907,130487.9363143489
565.6265497207642,0.0,130489.84268291401
565.7266209125519,-0.0004593317290705349,130490.3584146226
565.8264813423157,-0.00036746538325642793,130490.92257316035
565.9265234470367,9.186634581410698e-05,130491.93031584432
566.0267448425293,-0.0010105298039551768,130490.83728425989
566.1267213821411,0.0008267971123269628,130490.7535558339
566.2266218662262,-9.186634581410698e-05,130491.57820025051
566.3255710601807,-0.0022966586453526745,130491.32038022546
566.4258904457092,-0.0016535942246539257,130492.28834220293
566.526641368866,0.0005511980748846419,130493.95950798262
566.6265580654144,-0.0005511980748846419,130493.76355718436
566.7263131141663,0.00027559903744232096,130494.08720146593
566.8267133235931,-0.0011023961497692838,130494.97848131934
566.9258418083191,-0.0008267971123269628,130494.98063318741
567.0257656574249,-0.0011023961497692838,130494.08256986868
567.1266694068909,-0.00027559903744232096,130493.97431288182
567.2263810634613,-0.00036746538325642793,130495.17688159365
567.3266842365265,-9.186634581410698e-05,130494.55919343428
567.4266233444214,-0.0016535942246539257,130494.90327409086
567.526050567627,-9.186634581410698e-05,130495.41294668177
567.6263687610626,-0.00018373269162821396,130495.07165201359
567.726753950119,0.00027559903744232096,130494.46448681224
567.8268496990204,-0.0018373269162821396,130494.01803813102
567.9263157844543,-0.0009186634581410698,130493.31623431791
568.0265700817108,-0.0010105298039551768,130493.78461088613
568.126594543457,-9.186634581410698e-05,130493.40614979752
568.2257840633392,-0.0019291932620962467,130493.36553481777
568.3257472515106,-0.00027559903744232096,130493.42898133601
568.426117181778,-0.0011942624955833907,130491.48608320241
568.5261549949646,0.00018373269162821396,130491.53747488218
568.6265861988068,-0.0014698615330257117,130490.48372739396
568.7263004779816,0.0010105298039551768,130490.73535465458
568.8266789913177,-0.0020210596079103535,130491.86181918911
568.9265508651733,-0.004042119215820707,130493.27563727021
569.02667927742,0.00036746538325642793,130493.3480735432
569.1265413761139,-0.0008267971123269628,130493.71326618888
569.2266204357147,-0.0013779951872116046,130493.04193956999
569.3266267776489,-0.00027559903744232096,130491.73774561299
569.4267120361328,-0.0009186634581410698,130491.0639710517
569.5264866352081,0.0017454605704680327,130491.25757394654
569.6265909671783,0.0004593317290705349,130490.13181655189
569.7262537479401,0.0029397230660514234,130491.21863489671
569.8263075351715,-0.0015617278788398188,130491.29677140704
569.9265172481537,0.0006430644206987489,130492.26709426634
570.0264127254486,0.0018373269162821396,130492.14038483972
570.1265711784363,-0.0011023961497692838,130491.62634635574
570.2267541885376,-0.0020210596079103535,130490.86371172016
570.3266546726227,-0.0004593317290705349,130489.17734054814
570.4266166687012,-0.0014698615330257117,130488.15960649334
570.5259540081024,-0.0020210596079103535,130487.54364584401
570.6259105205536,-0.0017454605704680327,130488.98928125961
570.7258627414703,-0.0010105298039551768,130490.59035313365
570.8263471126556,0.00018373269162821396,130489.6313178203
570.9260194301605,-0.0021129259537244604,130489.86818603826
571.0262331962585,-0.0009186634581410698,130489.98136743445
571.1259322166443,-0.0015617278788398188,130490.58323069102
571.2264626026154,-0.0009186634581410698,130491.02490762192
571.3263063430786,-0.0018373269162821396,130490.42241685973
571.4262568950653,0.0,130490.88017517376
571.5267789363861,0.0006430644206987489,130490.09215765639
571.6263115406036,0.00036746538325642793,130490.88294189076
571.726024389267,9.186634581410698e-05,130490.39464770169
571.8262052536011,0.0006430644206987489,130489.85518293153
571.9259407520294,0.0022047922995385677,130489.76966463838
572.026535987854,9.186634581410698e-05,130490.79269817455
572.1265645027161,-0.0029397230660514234,130490.7134283571
572.2263464927673,0.00036746538325642793,130491.34208552139
572.3260726928711,-0.0006430644206987489,130490.20787696926
572.4268274307251,-0.0006430644206987489,130490.48708927234
572.5267286300659,0.0008267971123269628,130490.23838034511
572.6263239383698,-0.0016535942246539257,130490.8145423106
572.7261388301849,-0.0013779951872116046,130491.83308807955
572.826657295227,-0.0010105298039551768,130491.8497792716
572.9266555309296,-0.0011942624955833907,130491.86480134443
573.0264642238617,0.0,130491.87832121
573.1262917518616,-0.0022966586453526745,130491.690489089
573.2267098426819,0.0013779951872116046,130491.62144018011
573.326753616333,0.0004593317290705349,130491.75929616211
573.4263434410095,-0.0016535942246539257,130491.88336654591
573.526034116745,0.0009186634581410698,130492.09502989132
573.6258111000061,-0.0005511980748846419,130491.58552690218
573.7267260551453,0.0005511980748846419,130492.72697421197
573.8265154361725,0.00018373269162821396,130492.45427679077
573.9257757663727,-0.0005511980748846419,130491.50884911169
574.0267460346222,-0.0016535942246539257,130492.05796420052
574.1265435218811,-0.0011942624955833907,130492.85216778047
574.2265090942383,-0.0022966586453526745,130493.96695100243
574.3257074356079,0.0016535942246539257,130494.47025590218
574.4261176586151,0.0008267971123269628,130494.32323031197
574.525810956955,0.0004593317290705349,130492.99090728078
574.6266350746155,-0.0009186634581410698,130493.09181655271
574.7260890007019,-0.0011023961497692838,130494.08263489745
574.8267123699188,0.0011023961497692838,130494.07437140771
574.9258306026459,-0.0032153221034937444,130495.86693426695
575.0258383750916,-0.0019291932620962467,130494.68024084024
575.125786781311,-0.0016535942246539257,130495.51221675622
575.2259588241577,-0.0015617278788398188,130494.06099508061
575.3258605003357,0.00018373269162821396,130493.35489557254
575.4267175197601,-0.0011023961497692838,130493.11940601529
575.5258305072784,-0.0024803913369808887,130491.10746541376
575.6259317398071,-0.0008267971123269628,130490.49671887238
575.7259049415588,0.0011023961497692838,130488.74704698515
575.8258037567139,-0.0006430644206987489,130487.97234228665
575.9259939193726,-0.0010105298039551768,130488.67510805799
576.0260033607483,-0.0005511980748846419,130488.70759725219
576.1259834766388,-0.0007349307665128559,130490.03683752696
576.2258429527283,-0.0008267971123269628,130489.83315377426
576.3261880874634,0.0008267971123269628,130489.94983839685
576.4260263442993,0.0005511980748846419,130489.25485455716
576.525928735733,0.0010105298039551768,130488.62936910146
576.6260442733765,-0.0012861288413974978,130488.56643219132
576.7263770103455,0.0025722576827949956,130488.60978897219
576.8259851932526,-0.0005511980748846419,130489.54881007498
576.9266834259033,0.0,130489.49392906748
577.0263803005219,-0.0019291932620962467,130489.14453616075
577.1263134479523,0.00036746538325642793,130490.13008254467
577.2265801429749,-0.0015617278788398188,130489.9170742902
577.3264997005463,-0.00036746538325642793,130491.0253668612
577.4259889125824,9.186634581410698e-05,130492.22283017509
577.5261204242706,-0.0012861288413974978,130492.4005471576
577.6259913444519,-0.00018373269162821396,130492.76049244184
577.7262005805969,0.00027559903744232096,130493.38444319766
577.8260364532471,0.0,130493.64599887791
577.9260723590851,-0.0004593317290705349,130494.18139899013
578.0263476371765,0.00018373269162821396,130494.06325909113
578.1261539459229,-0.0016535942246539257,130495.35693318202
578.226188659668,0.004777049982333563,130495.12123986382
578.3261814117432,-0.0019291932620962467,130494.60911587744
578.4260897636414,-0.0005511980748846419,130495.1482042897
578.5261645317078,-0.0032153221034937444,130495.33338386072
578.6261775493622,-0.0008267971123269628,130495.30004547465
578.7261507511139,0.0,130494.0700409272
578.8265864849091,0.0007349307665128559,130493.96303683448
578.9263968467712,0.00027559903744232096,130491.86673315104
579.0264329910278,0.0,130490.98005983594
579.1263978481293,9.186634581410698e-05,130490.08205385235
579.2264831066132,-0.0021129259537244604,130490.47384846711
579.3265466690063,0.0014698615330257117,130491.52646362041
579.4265480041504,0.0004593317290705349,130491.97381725837
579.525990486145,-0.0012861288413974978,130492.37643553254
579.6264517307281,-0.0005511980748846419,130491.7387919793
579.7262709140778,-0.0019291932620962467,130490.56491278137
579.8265414237976,0.00036746538325642793,130490.30842150323
579.9266729354858,-0.0032153221034937444,130490.27757935291
580.0263214111328,-0.0028478567202373166,130490.44982141763
580.1265561580658,0.00018373269162821396,130489.70483927587
580.2265093326569,-0.0020210596079103535,130490.2343553483
580.3264420032501,-0.0021129259537244604,130491.21091981347
580.4264800548553,0.0006430644206987489,130490.98982783212
580.5258638858795,0.0009186634581410698,130491.49084504892
580.626570224762,0.00018373269162821396,130491.44176054404
580.7262048721313,-0.00027559903744232096,130490.19758448965
580.8265068531036,0.00036746538325642793,130490.47782604069
580.9265978336334,0.0016535942246539257,130490.13004343661
581.0260152816772,0.0007349307665128559,130490.01703909296
581.1261112689972,-0.0005511980748846419,130488.81533518367
581.2265725135803,0.0018373269162821396,130488.83380166531
581.3265888690948,-0.0014698615330257117,130491.55042149879
581.4263842105865,-0.0011023961497692838,130490.5953793489
581.5265214443207,-0.0015617278788398188,130490.13584141403
581.6264507770538,0.0004593317290705349,130488.72225727263
581.7260551452637,-0.0004593317290705349,130488.35003154537
581.8265559673309,0.00036746538325642793,130489.01502839083
581.9260592460632,-0.0019291932620962467,130489.01352555174
582.0266919136047,0.00036746538325642793,130488.21217299657
582.1265707015991,-0.0016535942246539257,130487.49095569692
582.225802898407,-0.00018373269162821396,130487.44186012723
582.3265533447266,0.0020210596079103535,130487.19767411452
582.4265878200531,-0.0026641240286091024,130486.57790670308
582.5266411304474,-0.0007349307665128559,130487.52011603279
582.6266491413116,-0.0005511980748846419,130487.1681044295
582.7263929843903,-0.00027559903744232096,130486.55129398656
582.8260927200317,9.186634581410698e-05,130486.5961645879
582.9262437820435,-0.0005511980748846419,130486.83654812913
583.0266447067261,0.0018373269162821396,130487.35289331622
583.126339673996,0.0014698615330257117,130487.21760398461
583.2266342639923,0.0005511980748846419,130487.69584358615
583.325706243515,-0.0008267971123269628,130487.82625922753
583.4256706237793,9.186634581410698e-05,130488.24363330478
583.525820016861,-0.0006430644206987489,130489.2192699743
583.6260793209076,-0.0017454605704680327,130490.09734297688
583.7259402275085,-0.0008267971123269628,130489.8876086792
583.8257074356079,-9.186634581410698e-05,130489.59884781128
583.92600440979,0.0016535942246539257,130488.63896303016
584.0260241031647,-0.0012861288413974978,130489.07506672715
584.1260540485382,-0.0013779951872116046,130488.16756005444
584.2257792949677,0.0009186634581410698,130488.25080404899
584.3264458179474,-0.0035827874867501723,130486.92572364409
584.4257817268372,-0.00027559903744232096,130487.33315127969
584.5260186195374,9.186634581410698e-05,130487.09983615173
584.6258671283722,-0.0004593317290705349,130486.48985253656
584.7259230613708,-0.0004593317290705349,130485.7408672829
584.8258867263794,0.0009186634581410698,130487.96678055462
584.9261159896851,0.0011942624955833907,130488.17010249916
585.0261092185974,0.0011942624955833907,130489.05309224925
585.1262786388397,-0.0012861288413974978,130489.44778302433
585.2259035110474,9.186634581410698e-05,130490.50300472189
585.3262271881104,0.0,130491.6527042497
585.4260039329529,0.00027559903744232096,130492.18743382473
585.5261595249176,-0.0022047922995385677,130492.46869044226
585.6258928775787,-0.0011023961497692838,130493.02182139804
585.7260985374451,-0.0009186634581410698,130492.21963925824
585.8259813785553,-0.0006430644206987489,130492.69767533241
585.9261286258698,0.0011942624955833907,130492.62790779916
586.0259974002838,-0.00036746538325642793,130493.86511701925
586.1262359619141,-0.0010105298039551768,130494.37860531732
586.2260963916779,-0.0016535942246539257,130494.14074478559
586.3262572288513,0.0017454605704680327,130493.02667030704
586.4260663986206,0.0016535942246539257,130493.92400327633
586.5262134075165,-9.186634581410698e-05,130495.2316029487
586.626039981842,-0.0009186634581410698,130494.00844265384
586.7262830734253,-0.0004593317290705349,130494.50759838845
586.8262851238251,0.0006430644206987489,130494.0568385496
586.926183462143,-0.0010105298039551768,130494.15115469464
587.0264394283295,0.0,130494.33603922519
587.1266741752625,-0.0010105298039551768,130495.20243530268
587.2258923053741,0.0009186634581410698,130494.68219177242
587.3260433673859,-0.0019291932620962467,130495.71397259517
587.4263138771057,0.0006430644206987489,130496.24257533567
587.526290178299,-0.0008267971123269628,130496.71831780211
587.6263990402222,-9.186634581410698e-05,130496.04648602189
587.7262897491455,-0.0020210596079103535,130495.54183741972
587.8261442184448,-0.00036746538325642793,130495.58765367775
587.9259305000305,0.0015617278788398188,130495.12888830998
588.0267670154572,-0.0022047922995385677,130493.11599947898
588.1258008480072,-0.0005511980748846419,130492.00439953108
588.2262043952942,-0.0016535942246539257,130491.80395957798
588.325856924057,0.0006430644206987489,130493.12356362019
588.4261410236359,-0.0008267971123269628,130493.11120725817
588.5265152454376,-0.00036746538325642793,130491.90008653236
588.6266083717346,-0.0005511980748846419,130491.31007787913
588.7267673015594,0.00018373269162821396,130491.97907009121
588.8258085250854,0.0004593317290705349,130491.5811630821
588.9261329174042,-0.0024803913369808887,130492.4230467739
589.0260429382324,-0.0014698615330257117,130491.28074209651
589.1267178058624,0.0012861288413974978,130490.85266788687
589.2262623310089,0.0005511980748846419,130490.96740109818
589.3265659809113,-0.0006430644206987489,130491.17066098837
589.4260039329529,-0.0016535942246539257,130491.95359488955
589.5264811515808,-0.0013779951872116046,130491.1582354006
589.6263194084167,0.0,130491.34241186055
589.7258987426758,-0.0007349307665128559,130491.5081706745
589.82648229599,-0.0010105298039551768,130491.25735360704
589.9264988899231,0.0023885249911667814,130490.63161824633
590.0264995098114,-0.0005511980748846419,130490.66845642171
590.1265704631805,-0.0005511980748846419,130490.90161077955
590.2266385555267,0.003399054795121958,130490.4114497016
590.3257584571838,0.0022966586453526745,130490.87030473143
590.4265360832214,-0.0010105298039551768,130491.1832742583
590.5257544517517,-9.186634581410698e-05,130491.56494683248
590.6265738010406,-0.0019291932620962467,130490.90845214923
590.7265493869781,0.0012861288413974978,130490.41760693432
590.8265285491943,-0.0009186634581410698,130490.07584624088
590.9258573055267,-0.00027559903744232096,130490.66826161681
591.0258030891418,-0.0015617278788398188,130489.80143545513
591.1266112327576,-0.0018373269162821396,130490.62129190961
591.2257874011993,-0.00027559903744232096,130490.75916271865
591.3257224559784,-0.0012861288413974978,130491.88324644679
591.4258763790131,9.186634581410698e-05,130491.1949218021
591.5259435176849,-0.0005511980748846419,130491.27542962189
591.6264073848724,0.0005511980748846419,130491.24788665971
591.7259440422058,-0.0005511980748846419,130492.22309799374
591.8262948989868,0.0,130492.30078819438
591.9261498451233,-0.00027559903744232096,130491.77070937493
592.0258629322052,0.00027559903744232096,130491.09363843744
592.1263332366943,-0.004133985561634814,130489.98427459369
592.225911617279,0.0013779951872116046,130490.18584713431
592.3257381916046,-0.0012861288413974978,130490.36726242088
592.4260034561157,0.0006430644206987489,130491.7305361788
592.5258979797363,-0.0016535942246539257,130490.95748256092
592.6258592605591,-0.0005511980748846419,130491.06173430482
592.7260954380035,0.0010105298039551768,130491.15556087434
592.8258466720581,-0.0020210596079103535,130491.94000478691
592.925933599472,0.0011942624955833907,130492.04600430823
593.0260231494904,0.0005511980748846419,130493.0414038774
593.1258680820465,0.0013779951872116046,130493.33726348967
593.2258172035217,9.186634581410698e-05,130493.3035371407
593.3262355327606,-0.00018373269162821396,130494.37318342662
593.4260356426239,-0.00027559903744232096,130494.83586508397
593.5263085365295,-0.0016535942246539257,130493.65227857558
593.625946521759,0.0013779951872116046,130494.18705071803
593.726184129715,-0.0015617278788398188,130494.96834564622
593.8261239528656,-9.186634581410698e-05,130494.9715110816
593.926069021225,-0.0022966586453526745,130494.27435997345
594.026219367981,0.0015617278788398188,130494.44692397611
594.1261556148529,0.0008267971123269628,130495.10223157851
594.2260129451752,0.0007349307665128559,130495.39200842066
594.3260395526886,0.00027559903744232096,130495.95280757861
594.4258918762207,0.0007349307665128559,130495.05752682075
594.5259053707123,0.0006430644206987489,130494.45177413867
594.62619805336,-0.0018373269162821396,130494.30659672481
594.7266211509705,-0.00018373269162821396,130494.97593705234
594.8260953426361,-0.0012861288413974978,130495.1783433471
594.9259576797485,0.0011023961497692838,130495.66050901239
595.026308298111,-9.186634581410698e-05,130495.69445811116
595.1262216567993,9.186634581410698e-05,130494.82501230005
595.2267756462097,-0.0023885249911667814,130494.94251107005
595.3263909816742,0.0,130495.44825996306
595.4262025356293,0.0015617278788398188,130495.10343396675
595.5262839794159,0.0014698615330257117,130494.79309057008
595.6261069774628,0.0005511980748846419,130495.61378151308
595.7262637615204,0.00036746538325642793,130494.85240336177
595.8260056972504,0.0009186634581410698,130493.6671630256
595.9262318611145,-0.0007349307665128559,130494.30044672305
596.0260875225067,0.0012861288413974978,130494.47040205075
596.1267910003662,-0.0016535942246539257,130493.72336184567
596.2260818481445,-9.186634581410698e-05,130493.3510256611
596.3258545398712,0.0006430644206987489,130493.815923095
596.426292181015,0.00036746538325642793,130494.53433078551
596.5260422229767,9.186634581410698e-05,130494.78089770695
596.6261110305786,-0.0014698615330257117,130495.20280793626
596.7261519432068,-0.0026641240286091024,130494.08252714263
596.8264906406403,0.0022966586453526745,130493.87427442837
596.9268133640289,0.0007349307665128559,130492.68684698553
597.0261883735657,-0.0011023961497692838,130492.81816228697
597.1258609294891,-0.0018373269162821396,130492.23634605827
597.2261292934418,-0.0013779951872116046,130492.21271145245
597.3261268138885,0.0011942624955833907,130491.4914403072
597.4266602993011,-0.0004593317290705349,130491.7422962765
597.5263977050781,-9.186634581410698e-05,130490.66806664885
597.6258571147919,-0.00036746538325642793,130490.80125998397
597.7260332107544,-0.0016535942246539257,130491.42113398557
597.8261108398438,-0.0005511980748846419,130490.07902058701
597.9268217086792,-0.0010105298039551768,130488.47111852831
598.0263564586639,0.0,130489.22400667549
598.1260905265808,0.00027559903744232096,130490.40160600794
598.2259440422058,-0.0029397230660514234,130490.96144540716
598.3263201713562,-0.0007349307665128559,130491.86530086644
598.4259443283081,-0.0013779951872116046,130491.17877077979
598.526837348938,0.0011942624955833907,130491.76089370181
598.6266663074493,-0.00018373269162821396,130491.88480433164
598.7266130447388,0.0012861288413974978,130490.59632389847
598.826610326767,-0.0022047922995385677,130490.63669150863
598.9260213375092,-0.0019291932620962467,130489.57302235777
599.025949716568,-9.186634581410698e-05,130488.81572012199
599.1267032623291,0.0006430644206987489,130488.3341481098
599.2267329692841,0.0008267971123269628,130487.00073329883
599.3267645835876,-0.0013779951872116046,130486.90065996896
599.4266421794891,0.0013779951872116046,130486.81059397207
599.5264420509338,-9.186634581410698e-05,130487.02953457486
599.6264414787292,0.0011023961497692838,130486.32658111738
599.7266385555267,-0.0011023961497692838,130484.79392300565
599.8267779350281,0.0017454605704680327,130485.11453070509
599.9260182380676,0.0008267971123269628,130486.10307763459
600.0258674621582,-0.0031234557576796376,130486.19276987112
600.1259286403656,-0.00027559903744232096,130487.17349288402
600.2260456085205,-0.0006430644206987489,130488.65614359561
600.3265826702118,-0.0012861288413974978,130489.39052923606
600.426513671875,-0.0013779951872116046,130490.25147631246
600.5263931751251,-0.0014698615330257117,130489.82632868123
600.6261789798737,-0.0004593317290705349,130489.44369581311
600.7265727519989,0.0011942624955833907,130489.4993262318
600.8256208896637,-9.186634581410698e-05,130490.04939360863
600.9261059761047,-0.0014698615330257117,130489.54445424776
601.0262596607208,0.0006430644206987489,130488.59000882298
601.1259527206421,0.0008267971123269628,130487.73100794069
601.2256371974945,-0.0008267971123269628,130487.45790714663
601.3261380195618,0.0008267971123269628,130488.31211643197
601.4260442256927,-0.00018373269162821396,130488.28090478879
601.5259580612183,-9.186634581410698e-05,130488.95281430992
601.6256568431854,0.0020210596079103535,130490.25753287892
601.7261755466461,-0.00036746538325642793,130490.63177959103
601.8261930942535,9.186634581410698e-05,130490.86860163193
601.9261662960052,-0.00018373269162821396,130489.78174146873
602.0258357524872,-0.0004593317290705349,130489.50356732185
602.1260435581207,0.0010105298039551768,130489.45321058968
602.2262954711914,-0.0013779951872116046,130489.00788953071
602.326000213623,-0.0031234557576796376,130489.00710057764
602.4264566898346,-0.0016535942246539257,130488.50639051988
602.526134967804,-0.00027559903744232096,130488.75575146789
602.6263039112091,-0.0005511980748846419,130488.7801763211
602.7261409759521,-0.00036746538325642793,130489.102158689
602.8258953094482,-0.0014698615330257117,130489.79194282011
602.9262955188751,0.00018373269162821396,130489.6127485381
603.0261759757996,-0.0007349307665128559,130489.6514736843
603.1261765956879,-0.0030315894118655303,130489.18632631587
603.2261874675751,-0.0015617278788398188,130488.26769368429
603.3261275291443,-0.0027559903744232093,130489.04092431586
603.4260375499725,0.0010105298039551768,130489.63683188429
603.526754617691,-0.0037665201783783865,130488.57314869587
603.6266095638275,-0.0006430644206987489,130488.11583382628
603.7267291545868,-0.00036746538325642793,130488.80425044365
603.8261263370514,-9.186634581410698e-05,130488.22382539928
603.9264822006226,0.0005511980748846419,130488.30144285935
604.026447057724,-0.0017454605704680327,130487.57129857341
604.1263246536255,0.00036746538325642793,130487.11416871607
604.2263712882996,0.0011023961497692838,130486.70275184447
604.3266389369965,-0.0013779951872116046,130486.93247666003
604.4257965087891,-0.00018373269162821396,130486.63922899403
604.5264790058136,-0.00036746538325642793,130486.87530609462
604.6264379024506,0.00027559903744232096,130487.58777548515
604.7265918254852,-0.0025722576827949956,130486.62899793664
604.8263421058655,-0.0007349307665128559,130486.56609814298
604.9267776012421,-0.0011023961497692838,130485.90948832869
605.0258529186249,-0.0015617278788398188,130485.91853949583
605.126579284668,-0.0023885249911667814,130485.62668554626
605.2260282039642,0.0010105298039551768,130485.76401699163
605.3262119293213,-0.0011023961497692838,130485.88761529246
605.425933599472,-0.0010105298039551768,130484.69885376323
605.5265679359436,-0.0009186634581410698,130485.5289683869
605.6264278888702,0.00018373269162821396,130485.57607154822
605.7267656326294,-0.0016535942246539257,130486.0184643934
605.8265590667725,-0.0010105298039551768,130485.91661795406
605.9265575408936,0.0014698615330257117,130487.42495615866
606.0266327857971,-0.0010105298039551768,130487.58246054279
606.1263422966003,0.0018373269162821396,130488.32421448852
606.2263159751892,0.00027559903744232096,130488.09179303967
606.3261630535126,-0.0024803913369808887,130489.1826137357
606.4264628887177,0.0004593317290705349,130488.96435236213
606.5263633728027,9.186634581410698e-05,130489.06791712593
606.6260912418365,9.186634581410698e-05,130489.76112541334
606.7260513305664,-0.0009186634581410698,130489.985012872
606.8260028362274,-0.0011942624955833907,130490.8865115848
606.9260110855103,0.0005511980748846419,130490.59786042632
607.0262439250946,0.0020210596079103535,130490.73807438368
607.1263375282288,-0.0008267971123269628,130489.56426694532
607.2264995574951,0.00027559903744232096,130490.7078402508
607.3258583545685,-0.0010105298039551768,130490.73705622573
607.4262344837189,0.0015617278788398188,130490.66335060315
607.5262486934662,0.00018373269162821396,130490.49701554285
607.6262621879578,-0.0026641240286091024,130490.74731398857
607.7263236045837,0.0004593317290705349,130490.77258258972
607.8260633945465,0.00036746538325642793,130490.69532433075
607.926266670227,0.00027559903744232096,130490.72579189768
608.0262544155121,0.0,130490.25321270792
608.1262853145599,0.00018373269162821396,130490.62789143712
608.2260949611664,9.186634581410698e-05,130492.26510229342
608.3257970809937,0.00027559903744232096,130492.23859206407
608.4259595870972,-0.0015617278788398188,130492.21473285765
608.5266678333282,0.0010105298039551768,130492.29325957189
608.6265914440155,0.0004593317290705349,130492.4639336147
608.7261264324188,-0.00036746538325642793,130492.31754025324
608.826024055481,-9.186634581410698e-05,130492.08578622791
608.925882101059,-9.186634581410698e-05,130491.87720760512
609.0261762142181,-0.0021129259537244604,130491.28948684462
609.126434803009,0.00036746538325642793,130491.06053816015
609.2259216308594,0.0021129259537244604,130490.25448434414
609.3263776302338,9.186634581410698e-05,130490.32903590973
609.4261808395386,-0.0018373269162821396,130488.99613231876
609.5258781909943,-0.0015617278788398188,130487.59651908689
609.6260964870453,-9.186634581410698e-05,130487.33686717821
609.7259900569916,-0.0011023961497692838,130487.20318046039
609.8260843753815,-0.0011942624955833907,130486.88286241435
609.9259362220764,0.0,130486.09457617291
610.026246547699,0.0012861288413974978,130486.88511855563
610.1259706020355,0.0020210596079103535,130486.79660670007
610.2262675762177,0.0005511980748846419,130486.21694603006
610.326132774353,0.00018373269162821396,130487.49525142706
610.4262511730194,0.0006430644206987489,130487.74572628435
610.5267279148102,-0.0007349307665128559,130489.27115365592
610.6262636184692,0.0005511980748846419,130489.64403829034
610.7264795303345,-0.0005511980748846419,130490.37963446131
610.8257684707642,-0.0015617278788398188,130489.04167101518
610.9264073371887,0.0011942624955833907,130489.53750391366
611.0265085697174,0.0011942624955833907,130488.6837535223
611.1264801025391,-0.0010105298039551768,130487.41537817007
611.2267572879791,0.009829699002109447,130488.07384035306
611.3261568546295,0.02829483451074495,130489.66645631776
611.4267799854279,0.03968626139169422,130490.89981068598
611.5262422561646,0.0381245335128544,130489.90982961739
611.6259195804596,0.011850758610019801,130489.11884665565
611.7262847423553,0.004777049982333563,130489.40696199008
611.8262674808502,0.006614376898615703,130490.36626579109
611.9258060455322,0.004501450944891242,130490.82963921198
612.0262825489044,0.0017454605704680327,130490.94667529078
612.1263403892517,0.004409584599077135,130492.4520077617
612.2265839576721,0.005144515365589991,130492.50680698553
612.3263161182404,0.0043177182532630285,130492.55612628699
612.4265179634094,0.006798109590243916,130492.9005136583
612.5266740322113,0.005603847094660526,130493.11046229248
612.6267302036285,0.0031234557576796376,130494.59941606324
612.7260482311249,0.004501450944891242,130495.53947445692
612.8263700008392,0.005236381711404098,130495.28552701123
612.9267764091492,0.004409584599077135,130495.75697431012
613.026113986969,0.005144515365589991,130497.18127687911
613.1267426013947,0.0034909211409360655,130498.2631491912
613.2259719371796,0.0028478567202373166,130498.53683427209
613.3258488178253,0.004777049982333563,130499.38315084488
613.4262337684631,0.0029397230660514234,130500.84483576039
613.526077747345,0.0018373269162821396,130500.46035218435
613.6260755062103,0.005603847094660526,130500.51431696593
613.7257564067841,0.0067062432444298095,130500.26288526935
613.8265764713287,0.0037665201783783865,130499.6365967424
613.9257111549377,0.004960782673961777,130499.07293706818
614.0262911319733,0.006246911515359275,130498.36564336137
614.1265184879303,0.0035827874867501723,130499.22907902523
614.2266159057617,0.0023885249911667814,130498.2061711227
614.326664686203,0.0037665201783783865,130497.98555401043
614.4259858131409,0.0013779951872116046,130497.4869986094
614.5257983207703,0.0030315894118655303,130497.43829874846
614.6266345977783,0.0012861288413974978,130496.29446887362
614.725882768631,0.0014698615330257117,130496.26502198627
614.8264639377594,0.003674653832564279,130496.23851978766
614.9265785217285,0.0024803913369808887,130496.4146678089
615.0267148017883,0.0022047922995385677,130494.07320102802
615.1256456375122,0.0026641240286091024,130493.36588092522
615.2257978916168,0.0017454605704680327,130492.8292928327
615.3257339000702,0.0018373269162821396,130491.74636354944
615.4258086681366,0.0013779951872116046,130491.9717271945
615.5258333683014,0.0032153221034937444,130493.27455447505
615.6259326934814,0.0008267971123269628,130491.24709902755
615.7257907390594,0.0018373269162821396,130491.1223891248
615.8266215324402,0.0038583865241924933,130492.51015021231
615.926370382309,0.0025722576827949956,130492.55913519108
616.0260298252106,0.0021129259537244604,130492.00322167197
616.1260206699371,-0.0011942624955833907,130492.20289950477
616.2259187698364,0.0033071884493078513,130492.6826095543
616.3260953426361,0.0010105298039551768,130494.91434859886
616.4261085987091,0.004133985561634814,130495.12291373897
616.5257978439331,0.0027559903744232093,130495.31062236508
616.6260213851929,-0.0007349307665128559,130496.37956012858
616.7264761924744,0.0031234557576796376,130496.14160411572
616.8259470462799,0.00036746538325642793,130495.92744370416
616.9262063503265,-0.0004593317290705349,130496.83469933375
617.0258481502533,0.004133985561634814,130497.35122940037
617.1263303756714,0.0016535942246539257,130497.41610646034
617.2259306907654,0.0015617278788398188,130497.67449581431
617.3266077041626,0.00036746538325642793,130497.70704623288
617.4262561798096,0.0010105298039551768,130497.9363416096
617.5261714458466,0.0018373269162821396,130497.14270744864
617.6262083053589,0.0018373269162821396,130495.62843670377
617.7256801128387,0.0030315894118655303,130494.8655930334
617.8265113830566,0.0026641240286091024,130494.47903373008
617.9263112545013,0.0013779951872116046,130494.73113035708
618.02614402771,0.00036746538325642793,130495.75801732136
618.1261715888977,-0.0005511980748846419,130496.68221558923
618.2259423732758,0.0017454605704680327,130495.81399403031
618.32666015625,0.0018373269162821396,130496.23259462728
618.4260718822479,0.0008267971123269628,130497.40933516456
618.52636551857,-0.0004593317290705349,130497.56840164811
618.626195192337,0.0010105298039551768,130498.31156148331
618.7266044616699,0.004409584599077135,130499.88040533499
618.8263428211212,0.0015617278788398188,130498.79236480148
618.9263646602631,0.0008267971123269628,130498.01312832134
619.026558637619,0.0011023961497692838,130497.01181548921
619.1262922286987,-0.0012861288413974978,130497.9106339403
619.2263097763062,0.0026641240286091024,130498.01957054625
619.3261919021606,0.0016535942246539257,130497.81761349164
619.4261167049408,0.0,130496.83585214248
619.5263402462006,0.0004593317290705349,130496.25226692825
619.6259522438049,-0.0011023961497692838,130496.82704023542
619.7263996601105,0.0015617278788398188,130496.7443362119
619.8265721797943,0.0011023961497692838,130496.16990259071
619.926540851593,0.0012861288413974978,130495.55291233165
620.0263514518738,0.0010105298039551768,130495.49762109849
620.1263964176178,0.00027559903744232096,130495.94785898864
620.2263367176056,-9.186634581410698e-05,130496.45307308978
620.3265428543091,-0.0013779951872116046,130496.8077657808
620.4263019561768,0.0024803913369808887,130497.42698920272
620.5257520675659,0.0,130498.68429028246
620.626225233078,-0.00036746538325642793,130499.01586125421
620.7261581420898,0.00018373269162821396,130498.6142751288
620.8260266780853,-9.186634581410698e-05,130499.35284761593
620.9263849258423,0.0015617278788398188,130499.11756285433
621.0264010429382,-9.186634581410698e-05,130498.40580656889
621.1264343261719,-0.0005511980748846419,130497.765225912
621.2263383865356,-0.0009186634581410698,130498.0887033208
621.3259382247925,0.0008267971123269628,130496.77983298872
621.4259166717529,-0.0010105298039551768,130496.20184968985
621.5262544155121,-9.186634581410698e-05,130496.08166472087
621.6267285346985,-0.00027559903744232096,130494.87349824878
621.7260372638702,0.0013779951872116046,130494.5861484239
621.8267402648926,0.0006430644206987489,130493.42753358152
621.9263851642609,0.00027559903744232096,130493.78478022336
622.0261905193329,0.0022966586453526745,130493.70630220103
622.1267385482788,0.0017454605704680327,130493.53567198092
622.2263000011444,-0.0006430644206987489,130494.78210478283
622.3261804580688,-0.0007349307665128559,130495.90389430456
622.4267649650574,-0.0016535942246539257,130495.71350487412
622.526525259018,-0.0022966586453526745,130497.0421543867
622.6261868476868,-0.0010105298039551768,130497.73793894803
622.726039648056,-0.00027559903744232096,130498.96414505324
622.825877904892,0.00036746538325642793,130498.16773054792
622.9261653423309,-0.0013779951872116046,130497.65095749314
623.0261812210083,0.0009186634581410698,130497.58586174382
623.126100063324,-9.186634581410698e-05,130497.42727556944
623.2257013320923,-0.00027559903744232096,130496.98454801251
623.3259768486023,0.0011023961497692838,130497.18609321126
623.4256839752197,0.00027559903744232096,130497.36748389015
623.5259306430817,-0.00018373269162821396,130498.33073550113
623.6257843971252,-0.00018373269162821396,130498.49766195103
623.725697517395,-0.0009186634581410698,130498.24789575594
623.8258149623871,0.0022966586453526745,130497.52310618035
623.9260647296906,0.0011023961497692838,130496.57079556232
624.0259013175964,-0.0015617278788398188,130496.61371600609
624.1257693767548,0.0008267971123269628,130496.85234440549
624.2259562015533,-9.186634581410698e-05,130494.76710996495
624.325692653656,-0.0010105298039551768,130494.99039896845
624.4264645576477,-0.0020210596079103535,130494.19135907161
624.52605509758,-0.0015617278788398188,130494.17222316447
624.6258585453033,-0.0022047922995385677,130494.05500084802
624.7265284061432,-0.0014698615330257117,130494.24950076322
624.8265297412872,0.0022966586453526745,130493.9245506869
624.9260168075562,-0.00027559903744232096,130493.63209561822
625.0266528129578,0.00018373269162821396,130492.0688860564
625.1260678768158,0.0012861288413974978,130492.56199745076
625.2259209156036,-0.0015617278788398188,130492.50579770569
625.3260054588318,9.186634581410698e-05,130491.15521793513
625.4261350631714,-0.0017454605704680327,130489.4396961416
625.5265762805939,0.0010105298039551768,130488.49572652744
625.6264414787292,0.0004593317290705349,130488.9461538747
625.7263402938843,0.00018373269162821396,130487.85153848723
625.8265545368195,0.0004593317290705349,130487.56638463851
625.926572561264,-0.0009186634581410698,130488.50974617466
626.0264108181,-0.00036746538325642793,130489.35877155719
626.1259944438934,-0.0012861288413974978,130488.72289440148
626.2261848449707,0.0005511980748846419,130488.35060496134
626.3262269496918,0.0009186634581410698,130489.11554446521
626.4260387420654,-0.0015617278788398188,130489.5039900187
626.5263123512268,0.0006430644206987489,130489.95359101682
626.6262357234955,0.0012861288413974978,130490.35823191513
626.7258884906769,-0.0004593317290705349,130489.52240872361
626.8266637325287,-0.00018373269162821396,130489.47016785125
626.9259643554688,-0.0004593317290705349,130489.42315106612
627.0266788005829,-0.00036746538325642793,130489.4808359595
627.1267600059509,-0.0022047922995385677,130488.93275236356
627.2263991832733,0.0,130490.33947712721
627.3267514705658,-0.00027559903744232096,130490.7055294145
627.4267122745514,-0.0012861288413974978,130491.13497647305
627.5260548591614,-0.0029397230660514234,130491.82147882576
627.6259799003601,-9.186634581410698e-05,130491.5393309432
627.7266643047333,-0.0022966586453526745,130491.98539784888
627.8259570598602,-0.0011023961497692838,130493.586858064
627.9260022640228,0.00036746538325642793,130494.2281722576
628.0262794494629,0.0012861288413974978,130494.50535503184
628.1261916160583,-0.0007349307665128559,130495.55481952865
628.226500749588,0.0015617278788398188,130494.3993375758
628.3260321617126,-0.0006430644206987489,130493.35940381823
628.4260385036469,-0.0005511980748846419,130493.62346343642
628.526225566864,-0.0010105298039551768,130493.26111709278
628.6266205310822,-0.0007349307665128559,130492.43500538351
628.7262041568756,0.00036746538325642793,130491.89150484516
628.8261320590973,0.0008267971123269628,130491.60235436066
628.9259622097015,0.0007349307665128559,130491.3421189246
629.0260143280029,-0.0020210596079103535,130490.20790703215
629.1262075901031,-0.0029397230660514234,130489.48711632894
629.2261683940887,0.0004593317290705349,130489.93840469603
629.3263556957245,-0.0018373269162821396,130489.54456422644
629.4265234470367,-0.0013779951872116046,130488.3901078038
629.5260021686554,-0.00027559903744232096,130489.15109702344
629.6266403198242,0.0009186634581410698,130488.8359873211
629.7254955768585,-0.0018373269162821396,130488.752388589
629.8265993595123,0.0012861288413974978,130489.0771497301
629.9267108440399,-0.0018373269162821396,130489.2694347571
630.0265891551971,0.0009186634581410698,130489.8424912814
630.1256675720215,9.186634581410698e-05,130490.35824215326
630.2266252040863,-0.0004593317290705349,130491.22241793794
630.325786113739,-0.00027559903744232096,130491.10017614414
630.426839351654,-0.0005511980748846419,130491.29015852974
630.5260283946991,-0.0015617278788398188,130492.46114267677
630.6259667873383,0.0011942624955833907,130493.71502840909
630.7259118556976,-0.0012861288413974978,130493.84352556818
630.8257949352264,-0.0011942624955833907,130493.85917301135
630.9256324768066,-0.0012861288413974978,130493.67325571022
631.0261316299438,0.0005511980748846419,130495.90593013921
631.126211643219,-9.186634581410698e-05,130494.8153371253
631.2262468338013,0.0007349307665128559,130494.93380341277
631.3256123065948,0.00036746538325642793,130494.6404230715
631.4257938861847,0.00036746538325642793,130494.27638076435
631.5259876251221,-0.0016535942246539257,130495.04874268791
631.6259036064148,-0.0012861288413974978,130495.54386841912
631.7257702350616,0.0013779951872116046,130496.88948157721
631.8259415626526,-0.0009186634581410698,130497.10053341949
631.9264628887177,0.00018373269162821396,130497.39048007755
632.0260636806488,0.00027559903744232096,130497.2514320698
632.1261339187622,-0.0011942624955833907,130497.52628886282
632.2261965274811,-0.0012861288413974978,130497.57365997654
632.3265738487244,0.0004593317290705349,130498.21629397888
632.4263656139374,-0.0015617278788398188,130497.694664581
632.5265779495239,-0.0005511980748846419,130498.2251981229
632.6260294914246,-0.00018373269162821396,130498.90267831062
632.7259829044342,-0.0011942624955833907,130499.01241047957
632.8264980316162,-9.186634581410698e-05,130499.71116943163
632.926206111908,0.00018373269162821396,130500.64005248848
633.0259728431702,0.00018373269162821396,130500.17604723964
633.1258645057678,0.0006430644206987489,130500.55844251567
633.226674079895,-0.0016535942246539257,130499.10259826411
633.3261923789978,-0.0007349307665128559,130499.6923384377
633.4258182048798,9.186634581410698e-05,130498.52310459393
633.5259463787079,0.0010105298039551768,130496.67079413454
633.6261472702026,-0.0006430644206987489,130495.50371472108
633.7259042263031,-0.0006430644206987489,130494.35334324898
633.8259196281433,-0.0013779951872116046,130495.41800892408
633.9268538951874,-0.0022047922995385677,130495.37620803168
634.0266284942627,-0.00027559903744232096,130495.23858722852
634.1260905265808,-0.0033071884493078513,130494.41472850567
634.2263715267181,-0.0021129259537244604,130494.6732556551
634.3267755508423,-0.0011023961497692838,130494.70593008959
634.4267346858978,0.0020210596079103535,130494.33533708064
634.5265603065491,0.0019291932620962467,130494.70180337259
634.6257846355438,0.0011942624955833907,130494.53162303533
634.726024389267,-0.0020210596079103535,130494.37846073181
634.8261830806732,-0.00018373269162821396,130493.84061465863
634.9261062145233,-0.0020210596079103535,130495.95655319278
635.0263664722443,0.0014698615330257117,130496.0608978735
635.125893831253,-0.0007349307665128559,130497.95480808614
635.2259383201599,0.00027559903744232096,130498.35932727753
635.3267245292664,-0.0009186634581410698,130498.92339454978
635.4259858131409,0.0009186634581410698,130499.43105509481
635.5267558097839,-0.0022047922995385677,130498.48794958534
635.626181602478,0.0009186634581410698,130498.83915462681
635.7262189388275,0.0,130500.35523916414
635.8265857696533,0.0009186634581410698,130500.31971524774
635.9261064529419,-0.0017454605704680327,130499.38774372297
636.0266046524048,-0.0009186634581410698,130499.04896935068
636.1265363693237,-0.0015617278788398188,130497.24407241562
636.2266175746918,0.0012861288413974978,130496.71966517405
636.3258326053619,0.00027559903744232096,130496.54769865665
636.4264760017395,0.0007349307665128559,130496.69292879099
636.5260519981384,0.0009186634581410698,130495.32363591189
636.6264538764954,-0.0020210596079103535,130494.9912723207
636.7257630825043,-0.0006430644206987489,130494.69214508863
636.82603764534,0.0020210596079103535,130493.42293057976
636.9266626834869,-0.0012861288413974978,130495.1806375218
637.0264980792999,0.0015617278788398188,130494.86257376961
637.1261909008026,0.0008267971123269628,130494.77631639264
637.2265827655792,-0.0019291932620962467,130493.79868475338
637.32617020607,0.0013779951872116046,130494.31881627804
637.4266245365143,-0.0032153221034937444,130494.48693465025
637.5266993045807,-0.0022966586453526745,130494.43824118524
637.6262822151184,0.0011023961497692838,130494.19441706671
637.7258579730988,0.00027559903744232096,130493.27497536004
637.8256723880768,0.0018373269162821396,130494.04747782405
637.926938533783,-0.0013779951872116046,130493.44273004164
638.026125907898,-0.00018373269162821396,130493.69845703749
638.1267838478088,-0.0016535942246539257,130492.82861133374
638.2256338596344,-0.0011942624955833907,130492.94575020036
638.3266506195068,0.0013779951872116046,130493.75117518034
638.4266860485077,0.0011023961497692838,130494.6760576623
638.525927066803,-0.0017454605704680327,130494.70845189608
638.6257545948029,-0.0007349307665128559,130496.23760670648
638.7267050743103,0.0013779951872116046,130497.31384603583
638.825633764267,0.0007349307665128559,130497.38246143225
638.9261598587036,-0.0015617278788398188,130496.84421528902
639.0257215499878,-0.0016535942246539257,130496.75979376012
639.1267862319946,0.0013779951872116046,130497.58381438411
639.225784778595,-0.0007349307665128559,130496.8254329457
639.3260185718536,-0.0004593317290705349,130497.24288965114
639.4258468151093,-0.0014698615330257117,130497.91860068604
639.5261743068695,0.00027559903744232096,130497.52674061744
639.6260180473328,0.0,130496.8740665557
639.7261097431183,-0.0005511980748846419,130497.28665990014
639.8259818553925,0.0012861288413974978,130497.85799391013
639.9260518550873,0.0008267971123269628,130497.57219451912
640.0266606807709,0.0007349307665128559,130498.1149750672
640.1260559558868,-0.0012861288413974978,130498.00347756049
640.2259469032288,0.0013779951872116046,130497.10312980445
640.3260767459869,-0.0006430644206987489,130497.79281682402
640.4259090423584,0.0004593317290705349,130496.21353514162
640.5262160301208,0.0005511980748846419,130496.99218162746
640.626505613327,0.0006430644206987489,130495.89296346472
640.7263512611389,0.0004593317290705349,130496.80366711825
640.8259422779083,0.0004593317290705349,130495.62330040643
640.9267423152924,-0.0004593317290705349,130495.26097036578
641.0266518592834,-0.00027559903744232096,130494.7348733292
641.1264379024506,-9.186634581410698e-05,130495.56138599629
641.2259361743927,0.0020210596079103535,130495.80524739667
641.3263669013977,0.0039502528700066,130494.924722657
641.4258625507355,0.0007349307665128559,130495.5322503913
641.5260334014893,0.0008267971123269628,130495.67902535218
641.6261200904846,-0.0011942624955833907,130494.51112281697
641.7266099452972,0.0,130494.36001053528
641.8260734081268,0.0006430644206987489,130493.12400948175
641.9262521266937,-0.0011942624955833907,130493.21160853357
642.0261759757996,-0.0012861288413974978,130492.39044768021
642.1262485980988,0.00027559903744232096,130493.4514029122
642.2260580062866,-0.0022047922995385677,130492.40626262098
642.3260183334351,0.0011023961497692838,130492.26563635889
642.4259068965912,-0.00027559903744232096,130492.539072723
642.5263259410858,0.0007349307665128559,130492.3851654507
642.6261022090912,0.0005511980748846419,130491.94664890564
642.7263073921204,0.0,130492.35198401508
642.8261849880219,-0.00036746538325642793,130492.81678561357
642.9265284538269,-0.0007349307665128559,130493.23510705221
643.0261578559875,-0.0004593317290705349,130493.211596347
643.1262304782867,-0.0015617278788398188,130492.6904367123
643.2264931201935,0.0009186634581410698,130493.12139304107
643.3262314796448,0.0008267971123269628,130493.20925373698
643.4268574714661,0.0006430644206987489,130493.58832836327
643.526517868042,-0.0012861288413974978,130493.82949552695
643.6261622905731,-0.0019291932620962467,130494.14654597426
643.7264742851257,-0.0011023961497692838,130494.23189137684
643.8259272575378,-0.0011942624955833907,130493.70870223915
643.9263792037964,0.00018373269162821396,130493.43783201525
644.0261476039886,-0.0009186634581410698,130493.79404881372
644.1265840530396,0.0014698615330257117,130494.11464393235
644.226708650589,0.0015617278788398188,130493.70317953912
644.3267199993134,0.0005511980748846419,130493.93286158521
644.4268133640289,0.0015617278788398188,130494.3395754267
644.5259594917297,-0.0006430644206987489,130494.00561788403
644.6263105869293,-0.0011942624955833907,130495.40505609564
644.7258734703064,-0.0013779951872116046,130496.36455048608
644.8265590667725,-0.0018373269162821396,130496.42809543747
644.9267346858978,0.0009186634581410698,130496.88528589373
645.0263183116913,-0.0013779951872116046,130495.69675730437
645.126039981842,-0.0019291932620962467,130495.62708157393
645.2266881465912,0.0005511980748846419,130495.26437341653
645.3260564804077,0.0011023961497692838,130494.73793607487
645.4263319969177,0.0010105298039551768,130494.46414246739
645.5259430408478,0.0006430644206987489,130494.41772822067
645.6263163089752,-0.0011023961497692838,130493.47595539861
645.7266674041748,-0.0006430644206987489,130493.12835985875
645.8264310359955,-0.0011942624955833907,130492.61552387288
645.926055431366,0.0011942624955833907,130492.3539714856
646.0266942977905,0.0009186634581410698,130491.31857433704
646.1261739730835,-0.0032153221034937444,130491.88671690333
646.2261700630188,-0.0011942624955833907,130492.598045213
646.3259680271149,9.186634581410698e-05,130492.73824069172
646.4268662929535,-0.0019291932620962467,130493.16441662255
646.5261986255646,-0.0007349307665128559,130493.1479749603
646.6267600059509,-0.0006430644206987489,130493.63317746427
646.7267541885376,0.00018373269162821396,130493.46985971785
646.825749874115,-0.0009186634581410698,130493.52287374606
646.9267330169678,0.0,130493.57058637147
647.0256690979004,-0.0008267971123269628,130493.71352773432
647.1257739067078,-0.0009186634581410698,130493.64217496089
647.225846529007,9.186634581410698e-05,130494.6779574648
647.3257772922516,-0.0007349307665128559,130494.51016171832
647.4260149002075,-0.0005511980748846419,130493.55914554649
647.5258364677429,0.00027559903744232096,130493.10323099184
647.6258988380432,-0.0031234557576796376,130494.59290789266
647.7257895469666,-0.0024803913369808887,130495.33361710339
647.8257718086243,-0.0013779951872116046,130496.70025539305
647.9259314537048,-0.0009186634581410698,130497.53022985374
648.0259966850281,-0.0023885249911667814,130498.67720686836
648.1259074211121,-0.0013779951872116046,130499.00948618153
648.2258498668671,0.0010105298039551768,130496.60853756338
648.3260662555695,0.00018373269162821396,130496.84768380705
648.4260656833649,9.186634581410698e-05,130496.86291542635
648.5259664058685,0.0014698615330257117,130497.17662388372
648.6258337497711,0.00018373269162821396,130497.25896149535
648.7260675430298,-0.0022047922995385677,130497.9330653458
648.8261082172394,9.186634581410698e-05,130498.93975881123
648.9260129928589,0.00018373269162821396,130498.54578293012
649.0259521007538,-0.0013779951872116046,130498.8912046371
649.1260221004486,-0.0011023961497692838,130500.0020841734
649.2260315418243,-0.0006430644206987489,130501.30187575606
649.3260345458984,-0.0014698615330257117,130500.97168818046
649.426426410675,-0.00036746538325642793,130500.97451936243
649.5265929698944,-0.0008267971123269628,130500.57706742619
649.6260416507721,-0.0011942624955833907,130500.11936068357
649.726099729538,0.0006430644206987489,130499.60742461521
649.826052904129,-0.0009186634581410698,130498.94668215369
649.926255941391,0.0010105298039551768,130499.25201393833
650.0260901451111,0.0017454605704680327,130498.5268125445
650.1262221336365,0.0012861288413974978,130497.57413129005
650.2261078357697,-0.0004593317290705349,130497.61671816105
650.3262212276459,0.0018373269162821396,130496.65504634495
650.4263505935669,-0.0009186634581410698,130495.68954171045
650.526200056076,0.0008267971123269628,130495.52058753942
650.6261930465698,-0.0010105298039551768,130496.26852878548
650.7261862754822,-0.00036746538325642793,130496.44167590694
650.8262543678284,-9.186634581410698e-05,130495.69750831625
650.9263200759888,-0.0024803913369808887,130496.32775748463
651.0261528491974,-0.0005511980748846419,130495.89498173617
651.1264185905457,-0.0010105298039551768,130495.30548356255
651.2258157730103,0.0012861288413974978,130494.7749352063
651.3265073299408,-0.0004593317290705349,130494.69744168568
651.4261019229889,-0.0020210596079103535,130494.32769751712
651.526673078537,-0.0008267971123269628,130494.1949277654
651.6266040802002,9.186634581410698e-05,130494.27543498887
651.7266929149628,0.0007349307665128559,130494.94789149
651.8261256217957,-0.0005511980748846419,130495.053102341
651.9261701107025,-0.0009186634581410698,130495.1477921069
652.0259637832642,-0.0011942624955833907,130494.43301289622
652.1265313625336,-0.0007349307665128559,130494.7897116066
652.2261385917664,0.0022966586453526745,130495.41074044595
652.3266201019287,-0.0016535942246539257,130494.66966640136
652.4260194301605,-0.00018373269162821396,130494.80269976123
652.5266816616058,-0.0005511980748846419,130495.62242978511
652.6262316703796,-0.00036746538325642793,130495.7601868066
652.7267491817474,0.0011942624955833907,130496.38416812594
652.8262205123901,-0.0014698615330257117,130497.64575131334
652.9267671108246,0.0019291932620962467,130497.88117618201
653.0259208679199,-0.0018373269162821396,130498.59305856381
653.1261219978333,0.00027559903744232096,130499.43375270742
653.2259609699249,-0.0022047922995385677,130499.79037743669
653.3261744976044,-0.00036746538325642793,130501.11133969302
653.4270317554474,-0.0014698615330257117,130499.70020572371
653.5264439582825,-0.0011942624955833907,130499.03018515135
653.6267187595367,0.0005511980748846419,130500.42716663622
653.7263562679291,-0.0015617278788398188,130500.5844499726
653.8261721134186,0.00018373269162821396,130498.92600497534
653.926246881485,-0.0013779951872116046,130498.5334044778
654.0267264842987,-0.0016535942246539257,130498.88006403002
654.1261444091797,-0.0013779951872116046,130499.89205762703
654.2260103225708,-0.0010105298039551768,130500.40285186433
654.3263540267944,0.0005511980748846419,130500.7625666779
654.4265596866608,-0.0022047922995385677,130500.78631001012
654.5263111591339,0.00027559903744232096,130500.00767900911
654.6261894702911,0.0016535942246539257,130500.5069111082
654.7262537479401,-0.0012861288413974978,130500.25621999738
654.8263492584229,-0.0008267971123269628,130499.13059799763
654.9259746074677,0.0015617278788398188,130498.01753819788
655.0259528160095,-0.0016535942246539257,130497.21578437809
655.1262214183807,9.186634581410698e-05,130497.79420594028
655.2264750003815,9.186634581410698e-05,130497.31478534626
655.3258481025696,0.0022966586453526745,130497.98330681163
655.4261295795441,-0.00036746538325642793,130497.68497613046
655.5261466503143,0.0007349307665128559,130498.01647851743
655.6263275146484,0.0007349307665128559,130498.21483066569
655.7262217998505,-0.0013779951872116046,130497.19334759912
655.8257458209991,-0.0022047922995385677,130497.17401283921
655.9258441925049,0.00027559903744232096,130497.45661155529
656.0262234210968,-0.0018373269162821396,130497.41095039976
656.1264517307281,0.0007349307665128559,130496.86985535978
656.2264845371246,-0.0005511980748846419,130498.18286982381
656.3264634609222,0.0014698615330257117,130499.06458284143
656.4259765148163,-0.0008267971123269628,130499.05812455728
656.5266816616058,-0.0008267971123269628,130498.55231210156
656.6261186599731,-0.00018373269162821396,130498.79708089141
656.726096868515,9.186634581410698e-05,130498.41737280227
656.8259778022766,9.186634581410698e-05,130498.27563552205
656.9264886379242,-0.0015617278788398188,130497.64807196984
657.0260293483734,0.0005511980748846419,130496.28326477285
657.1265983581543,-0.00018373269162821396,130495.85493829557
657.2262299060822,0.0,130495.26944446602
657.3261296749115,-0.0011023961497692838,130495.54250001942
657.4262020587921,-0.0013779951872116046,130494.58825001749
657.5260536670685,-0.0025722576827949956,130494.02942501576
657.6259739398956,-0.0004593317290705349,130494.22648251419
657.7259068489075,-0.0011942624955833907,130492.90383426278
657.8260228633881,-0.0011942624955833907,130493.41345083651
657.9265396595001,0.0004593317290705349,130494.27210575285
658.0259823799133,0.0007349307665128559,130495.04489517756
658.1257841587067,-9.186634581410698e-05,130495.0404056598
658.2265384197235,-0.00027559903744232096,130496.13636509383
658.3264284133911,-0.0008267971123269628,130497.22272858444
658.4262261390686,0.0004593317290705349,130497.200455726
658.5257937908173,-0.0014698615330257117,130497.18041015339
658.6265094280243,0.0008267971123269628,130497.76236913806
658.7261545658112,0.0006430644206987489,130497.88613222426
658.8266932964325,-0.0013779951872116046,130497.29751900183
658.9262290000916,-9.186634581410698e-05,130496.36776710165
659.0259940624237,-0.0013779951872116046,130496.63099039148
659.1264638900757,0.0012861288413974978,130496.96789135234
659.2258911132812,-0.0028478567202373166,130494.27110221711
659.3261542320251,-0.0018373269162821396,130495.7439919954
659.426518201828,0.0011023961497692838,130495.56959279586
659.5263330936432,0.0006430644206987489,130495.51263351628
659.6258625984192,-0.0009186634581410698,130494.56137016467
659.7259764671326,-0.0006430644206987489,130493.6052331482
659.8263761997223,0.0,130493.94470983339
659.9266352653503,-0.0015617278788398188,130493.05023885006
660.026686668396,-0.0012861288413974978,130493.14521496507
660.1266267299652,-0.0007349307665128559,130493.53069346857
660.2258319854736,0.0,130493.87762412171
660.3260171413422,0.0009186634581410698,130492.68986170954
660.4265170097351,-0.0011023961497692838,130492.3208755386
660.526006937027,0.0,130492.98878798474
660.6265871524811,-0.0018373269162821396,130493.08990918627
660.7264568805695,-0.0013779951872116046,130493.38091826765
660.8262238502502,0.0021129259537244604,130493.44282644088
660.9267890453339,-0.0014698615330257117,130494.09854379679
661.0266466140747,-0.0022047922995385677,130494.58868941711
661.1260676383972,-0.00027559903744232096,130495.0298204754
661.2265613079071,-0.0010105298039551768,130494.42683842787
661.3260109424591,0.0015617278788398188,130494.78415458508
661.425950050354,0.0010105298039551768,130494.00573912657
661.5258355140686,-0.0013779951872116046,130494.20516521392
661.6264181137085,-0.0005511980748846419,130493.68464869252
661.7267355918884,-0.0014698615330257117,130493.51618382327
661.8265128135681,-0.0017454605704680327,130493.66456544095
661.9264678955078,0.0008267971123269628,130494.79810889685
662.0262143611908,0.0010105298039551768,130495.01829800717
662.1263139247894,-0.0022966586453526745,130494.71646820645
662.2265632152557,-0.0008267971123269628,130493.6448213858
662.3267858028412,-0.0007349307665128559,130493.48033924721
662.4267497062683,-0.0004593317290705349,130492.9323053225
662.525928735733,-0.0013779951872116046,130491.83907479024
662.6261148452759,-0.0024803913369808887,130490.85516731122
662.7265069484711,-0.0006430644206987489,130488.7696505801
662.8263423442841,-0.0012861288413974978,130489.1926855221
662.926619052887,-0.0011023961497692838,130489.87341696989
663.0261092185974,-0.0009186634581410698,130489.78607527289
663.1263945102692,-0.0016535942246539257,130489.3074677456
663.2263507843018,0.0011942624955833907,130489.87672097105
663.3259327411652,-0.0028478567202373166,130490.38904887394
663.4269051551819,-0.0005511980748846419,130491.15014398655
663.5258884429932,0.00036746538325642793,130492.23512958789
663.6265904903412,-0.0010105298039551768,130493.5116166291
663.7258353233337,-0.0023885249911667814,130494.86045496618
663.8266959190369,-0.00036746538325642793,130495.17440946958
663.9260997772217,0.0013779951872116046,130495.35696852261
664.0263524055481,-0.0006430644206987489,130495.72127167037
664.1264243125916,0.0010105298039551768,130495.14914450333
664.2258937358856,0.0,130494.634230053
664.3260917663574,-0.0007349307665128559,130495.07080704771
664.426450252533,-0.00036746538325642793,130495.06372634294
664.5257515907288,-0.0012861288413974978,130494.45735370865
664.6262409687042,0.00027559903744232096,130493.91161833779
664.7259938716888,9.186634581410698e-05,130493.02045650402
664.8262732028961,0.0007349307665128559,130492.31841085362
664.9263825416565,-0.0020210596079103535,130491.88656976826
665.0262739658356,-0.0013779951872116046,130491.19791279144
665.1262516975403,-0.0014698615330257117,130489.97812151231
665.2260377407074,0.0,130489.08030936109
665.32670545578,0.0005511980748846419,130488.27227842499
665.4260947704315,-0.0006430644206987489,130489.2450505825
665.5264763832092,-0.0009186634581410698,130489.22054552424
665.626134634018,-0.0018373269162821396,130489.49849097182
665.7266447544098,-0.0004593317290705349,130489.34864187465
665.825920343399,-0.0022966586453526745,130489.21377768718
665.9265215396881,-0.0011023961497692838,130488.89239991848
666.0258390903473,-0.0015617278788398188,130486.40315992665
666.1267697811127,-0.0005511980748846419,130486.06284393399
666.2262523174286,-0.00018373269162821396,130486.35655954061
666.3263876438141,-0.0020210596079103535,130485.32090358656
666.4264543056488,0.00018373269162821396,130485.5888132279
666.5266447067261,0.0008267971123269628,130485.62993190512
666.6267910003662,-0.0008267971123269628,130485.66693871461
666.7265245914459,-0.0019291932620962467,130485.10024484315
666.8264956474304,0.0008267971123269628,130484.59022035883
666.9266347885132,-0.00036746538325642793,130485.83119832295
667.0262684822083,-0.0035827874867501723,130485.94807849065
667.12642121315,0.0007349307665128559,130485.95327064159
667.2259991168976,-0.0011942624955833907,130486.75794357742
667.3261089324951,9.186634581410698e-05,130486.58214921968
667.4268479347229,-0.0008267971123269628,130487.32393429772
667.5263721942902,-0.0004593317290705349,130488.29154086794
667.6259195804596,-0.0007349307665128559,130489.26238678115
667.7258644104004,-0.00018373269162821396,130490.43614810304
667.826361656189,-0.0014698615330257117,130489.19253329273
667.9267799854279,-0.00036746538325642793,130489.77327996347
668.0263288021088,-0.00027559903744232096,130489.79595196713
668.1263647079468,-0.0017454605704680327,130490.31635677042
668.2263419628143,0.0011942624955833907,130490.48472109338
668.3264684677124,-0.0016535942246539257,130490.13624898404
668.4261150360107,0.0011023961497692838,130490.42262408564
668.5258793830872,0.00018373269162821396,130489.68036167708
668.6267049312592,0.0004593317290705349,130489.01232550938
668.7266526222229,-0.00018373269162821396,130487.81109295844
668.8262088298798,-0.0028478567202373166,130487.42998366259
668.926023721695,0.0017454605704680327,130487.98698529633
669.0257635116577,0.0011023961497692838,130488.3882867667
669.1261978149414,-0.0005511980748846419,130488.04945809003
669.2259624004364,0.00027559903744232096,130488.84451228104
669.3258628845215,0.0006430644206987489,130488.86006105292
669.4267177581787,-0.0011942624955833907,130488.97405494764
669.5264136791229,-0.00018373269162821396,130489.27664945288
669.6263971328735,-0.0006430644206987489,130487.3489845076
669.7267937660217,0.00027559903744232096,130486.91408605684
669.8263690471649,-0.0013779951872116046,130487.92267745116
669.9262456893921,0.0006430644206987489,130487.03040970606
670.026025056839,-0.0020210596079103535,130487.32736873545
670.1260721683502,0.0013779951872116046,130486.89463186191
670.2260520458221,-0.0008267971123269628,130487.50516867572
670.3267548084259,-0.0012861288413974978,130486.55465180815
670.426721572876,9.186634581410698e-05,130487.09918662734
670.5265321731567,-0.0014698615330257117,130485.98926796461
670.6259615421295,-0.0011942624955833907,130486.69034116816
670.725959777832,-0.0011942624955833907,130487.42130705135
670.8257873058319,-0.0011942624955833907,130488.07917634622
670.9264070987701,0.0008267971123269628,130489.4712587116
671.0264248847961,-0.0033071884493078513,130489.92413284045
671.1260554790497,-0.00018373269162821396,130489.6317195564
671.2259113788605,0.0015617278788398188,130490.06854760076
671.325959444046,0.0,130490.3616928407
671.4258716106415,0.0018373269162821396,130490.92552355664
671.5263564586639,0.0011023961497692838,130490.13297120098
671.6262531280518,-0.0004593317290705349,130489.31967408088
671.7263298034668,-0.0021129259537244604,130490.08770667278
671.8262162208557,0.00018373269162821396,130489.9789360055
671.9266800880432,-0.0005511980748846419,130490.38104240494
672.0259456634521,-0.0017454605704680327,130491.34293816445
672.1262309551239,-0.00018373269162821396,130491.20864434801
672.2264325618744,-0.0005511980748846419,130491.68777991322
672.3260471820831,9.186634581410698e-05,130491.6190019219
672.4266970157623,0.0009186634581410698,130491.45710172971
672.5261662006378,0.00027559903744232096,130490.71139155675
672.6260538101196,-0.0021129259537244604,130491.14025240108
672.7260665893555,0.0006430644206987489,130492.02622716097
672.8267016410828,-0.0011942624955833907,130490.82360444487
672.9266953468323,0.0020210596079103535,130490.74124400038
673.0264139175415,9.186634581410698e-05,130490.56711960034
673.1258690357208,-0.0013779951872116046,130489.7104076403
673.2260985374451,-0.0021129259537244604,130489.63936687628
673.3258583545685,0.00036746538325642793,130489.47543018866
673.4266278743744,-0.0009186634581410698,130489.8278871698
673.526647567749,0.0019291932620962467,130491.44509845282
673.6259863376617,-0.0007349307665128559,130491.50058860754
673.726324558258,-0.00027559903744232096,130490.4505297468
673.8266880512238,-0.0019291932620962467,130490.60547677212
673.926510810852,0.0008267971123269628,130490.74492909492
674.0264437198639,-0.0025722576827949956,130490.97043618542
674.1260576248169,0.00018373269162821396,130490.27339256689
674.2261929512024,-0.0011023961497692838,130489.64605331019
674.3263132572174,0.00018373269162821396,130489.58144797917
674.4262008666992,-0.0005511980748846419,130490.42330318126
674.5258877277374,-0.0023885249911667814,130491.08097286313
674.6258487701416,-0.0028478567202373166,130490.57287557682
674.726101398468,0.0010105298039551768,130491.41558801915
674.8258678913116,0.0017454605704680327,130493.17402921725
674.9261159896851,-0.0011942624955833907,130493.75662629554
675.0257940292358,-0.00027559903744232096,130493.08096366598
675.1265738010406,-0.0012861288413974978,130492.57286729939
675.2261066436768,0.00036746538325642793,130494.01558056945
675.3264455795288,-0.0004593317290705349,130494.31402251251
675.4258794784546,0.0009186634581410698,130494.38262026125
675.5261993408203,0.0011023961497692838,130493.94435823514
675.6262209415436,0.00027559903744232096,130494.34992241162
675.7265660762787,-0.0027559903744232093,130494.41493017046
675.8259456157684,-0.0027559903744232093,130493.77343715342
675.9262194633484,0.0,130493.49609343808
676.0265641212463,-0.0011942624955833907,130492.54648409429
676.1265912055969,0.0005511980748846419,130491.79183568487
676.2259087562561,0.00027559903744232096,130492.41265211639
676.326201915741,0.0,130492.37138690475
676.4268698692322,-0.0014698615330257117,130491.83424821428
676.5267734527588,-0.00036746538325642793,130491.55082339284
676.6267549991608,-0.00036746538325642793,130489.49574105357
676.7259805202484,0.0,130489.54616694822
676.8265912532806,0.0018373269162821396,130489.5915502534
676.9260232448578,0.00018373269162821396,130489.13239522807
677.025904417038,-0.0007349307665128559,130489.31915570526
677.1258661746979,-0.0024803913369808887,130488.38724013473
677.2257885932922,-0.0021129259537244604,130488.04851612126
677.3265309333801,-0.0011942624955833907,130486.94366450913
677.4260311126709,-0.0009186634581410698,130485.84929805822
677.5265688896179,0.00018373269162821396,130485.7643682524
677.6264307498932,0.0011023961497692838,130484.98793142717
677.7260150909424,0.0005511980748846419,130484.48913828445
677.8267500400543,0.0013779951872116046,130484.34022445601
677.9267599582672,0.0004593317290705349,130485.30620201043
678.0267732143402,-0.0013779951872116046,130486.77558180939
678.1258134841919,-0.0018373269162821396,130487.29802362845
678.2265682220459,-0.0015617278788398188,130487.16822126562
678.3261978626251,-0.0023885249911667814,130486.15139913905
678.4263546466827,-0.0011942624955833907,130486.83625922515
678.5261015892029,0.0014698615330257117,130486.85263330264
678.6259298324585,-0.0027559903744232093,130486.16736997238
678.7263090610504,-0.0031234557576796376,130485.85063297514
678.8265197277069,0.0007349307665128559,130487.26556967763
678.9267067909241,-0.0012861288413974978,130488.03901270988
679.0258824825287,-0.0013779951872116046,130489.03511143889
679.1260116100311,0.0012861288413974978,130490.631600295
679.2260339260101,-0.0016535942246539257,130490.7684402655
679.3265235424042,9.186634581410698e-05,130491.29159623895
679.4260931015015,-0.0025722576827949956,130490.06243661506
679.5261647701263,-0.0013779951872116046,130489.05619295356
679.6259386539459,-0.0023885249911667814,130489.25057365821
679.7263417243958,0.0004593317290705349,130489.62551629239
679.8264653682709,0.0009186634581410698,130489.86296466315
679.9261424541473,0.0013779951872116046,130489.27666819684
680.0262331962585,-0.0012861288413974978,130488.94900137716
680.1262273788452,-0.00027559903744232096,130488.35410123944
680.2264006137848,-0.0004593317290705349,130489.61869111551
680.325902223587,0.0,130489.05682200397
680.4262220859528,9.186634581410698e-05,130489.35113980358
680.52578997612,0.00018373269162821396,130490.11602582321
680.6258594989777,-0.00036746538325642793,130489.40442324089
680.7259979248047,0.0009186634581410698,130490.0639809168
680.826646566391,0.0,130489.25758282513
680.9267873764038,-0.0023885249911667814,130489.33182454262
681.0261151790619,-0.0026641240286091024,130489.29864208837
681.1258025169373,-0.0007349307665128559,130490.06877787953
681.226438999176,0.0013779951872116046,130490.86190009158
681.3264570236206,-0.0014698615330257117,130490.97571008242
681.4261927604675,0.0008267971123269628,130490.97813907418
681.5262508392334,0.0,130492.18032516677
681.6260418891907,9.186634581410698e-05,130493.06229265011
681.7262916564941,-0.0010105298039551768,130492.45606338509
681.8259110450745,0.0029397230660514234,130492.01045704659
681.9264650344849,-9.186634581410698e-05,130491.30941134194
682.0265707969666,0.0005511980748846419,130492.57847020775
682.1264431476593,-0.0018373269162821396,130493.42062318699
682.2266659736633,-0.00018373269162821396,130493.3785608683
682.3263487815857,0.0011023961497692838,130493.24070478146
682.4266846179962,0.00027559903744232096,130493.71663430332
682.5260779857635,0.00027559903744232096,130494.14497087299
682.6262595653534,0.0,130495.3304737857
682.7267649173737,-0.00018373269162821396,130494.39742640713
682.8259780406952,0.00036746538325642793,130494.25768376642
682.9264256954193,-0.0012861288413974978,130493.7319153898
683.0256960391998,-0.0004593317290705349,130492.45872385082
683.1259498596191,-0.0008267971123269628,130492.51285146574
683.2263181209564,0.00027559903744232096,130492.06156631917
683.326418876648,-0.00027559903744232096,130493.15540968726
683.426563501358,-0.0013779951872116046,130492.93986871855
683.5259234905243,-0.0016535942246539257,130492.4458818467
683.6266045570374,-0.0016535942246539257,130493.00129366203
683.7261276245117,0.0009186634581410698,130492.00116429584
683.8260686397552,-0.0015617278788398188,130492.00104786626
683.9264440536499,0.00036746538325642793,130491.50094307963
684.0264196395874,0.0004593317290705349,130489.75084877168
684.1267056465149,0.0010105298039551768,130490.27576389452
684.2264788150787,-0.00027559903744232096,130489.74818750507
684.3262553215027,-0.00018373269162821396,130489.77336875457
684.426796913147,-0.0016535942246539257,130490.09603187912
684.5257570743561,-0.0004593317290705349,130489.98642869122
684.6261003017426,-0.0005511980748846419,130490.0877858221
684.726621389389,-9.186634581410698e-05,130490.7790072399
684.8265693187714,0.0007349307665128559,130491.80110651591
684.9261832237244,0.0007349307665128559,130493.62099586432
685.0261368751526,-0.0021129259537244604,130493.15889627789
685.1267788410187,-9.186634581410698e-05,130493.1430066501
685.2261950969696,0.00027559903744232096,130492.3287059851
685.3261098861694,-0.00018373269162821396,130491.79583538658
685.4261572360992,0.0007349307665128559,130491.21625184793
685.5267214775085,0.00036746538325642793,130491.19462666314
685.6259069442749,0.0013779951872116046,130490.67516399684
685.7264430522919,-0.0011023961497692838,130491.30764759716
685.8267295360565,-0.0006430644206987489,130491.17688283745
685.9260821342468,-0.0021129259537244604,130490.4591945537
686.0256555080414,0.00036746538325642793,130490.41327509833
686.1267728805542,-0.0018373269162821396,130490.9719475885
686.226105928421,0.0025722576827949956,130490.97475282966
686.3265111446381,0.0007349307665128559,130492.07727754669
686.4267091751099,0.0007349307665128559,130492.66954979203
686.5267238616943,-0.0017454605704680327,130491.30259481282
686.6259903907776,0.0012861288413974978,130490.37233533154
686.7269566059113,0.0005511980748846419,130489.7351017984
686.8257434368134,-0.0012861288413974978,130489.76159161856
686.9264445304871,-0.0017454605704680327,130489.7854324567
687.0260214805603,-0.0005511980748846419,130488.00688921103
687.1262440681458,0.0009186634581410698,130487.70620028993
687.2261533737183,0.0004593317290705349,130487.93558026094
687.3257329463959,-0.00018373269162821396,130488.34202223484
687.4259889125824,0.0005511980748846419,130488.50782001135
687.5262727737427,0.0025722576827949956,130488.85703801022
687.6256008148193,-0.0008267971123269628,130488.4713342092
687.726410150528,-0.00018373269162821396,130488.82420078828
687.8264534473419,0.0010105298039551768,130488.44178070946
687.9267842769623,-0.0014698615330257117,130488.99760263853
688.0254573822021,0.0015617278788398188,130487.69784237468
688.1260235309601,-0.0016535942246539257,130486.82805813721
688.2263579368591,-0.0008267971123269628,130486.4452523235
688.3264498710632,0.0015617278788398188,130486.20072709114
688.4263956546783,0.0005511980748846419,130486.28065438203
688.5260977745056,-0.0024803913369808887,130486.05258894383
688.6254181861877,0.0027559903744232093,130488.24733004945
688.7259554862976,0.00027559903744232096,130488.7225970445
688.8266251087189,-0.00036746538325642793,130488.55033734004
688.9260528087616,-0.0017454605704680327,130487.69530360604
689.0268359184265,9.186634581410698e-05,130487.32577324545
689.1265881061554,-0.0014698615330257117,130486.59319592091
689.2262835502625,0.0029397230660514234,130486.63387632882
689.3259081840515,0.00036746538325642793,130486.27048869594
689.4262545108795,0.00027559903744232096,130486.64343982635
689.526106595993,-0.00018373269162821396,130485.57909584373
689.6265454292297,0.0008267971123269628,130486.42118625937
689.7259747982025,0.0011942624955833907,130487.07906763343
689.8261094093323,-0.0010105298039551768,130488.77116087009
689.9258544445038,9.186634581410698e-05,130488.29404478308
690.0258507728577,-0.0006430644206987489,130486.66464030476
690.1276278495789,-0.00036746538325642793,130486.69817627428
690.2262539863586,9.186634581410698e-05,130487.92835864687
690.3272454738617,-0.0005511980748846419,130488.73552278218
690.4277772903442,0.00018373269162821396,130489.66197050396
690.5271158218384,-0.0020210596079103535,130489.29577345357
690.6262307167053,-0.0009186634581410698,130489.46619610823
690.7259814739227,0.0004593317290705349,130490.5195764974
690.8268537521362,0.0014698615330257117,130490.76761884768
690.926183462143,-0.0005511980748846419,130491.99085696292
691.026064157486,-0.0013779951872116046,130491.79177126662
691.125941991806,0.0015617278788398188,130492.01259413996
691.2256271839142,-0.00036746538325642793,130491.61133472597
691.326468706131,0.0007349307665128559,130490.85020125337
691.4264686107635,-0.00036746538325642793,130491.16518112805
691.5259487628937,0.0022047922995385677,130490.44866301524
691.6259081363678,-0.0034909211409360655,130488.8037967137
691.7258179187775,0.0,130488.72341704235
691.8257880210876,-0.0013779951872116046,130489.15107533812
691.9264678955078,0.0010105298039551768,130489.7359678043
692.0258731842041,0.0024803913369808887,130489.96237102387
692.1260271072388,9.186634581410698e-05,130489.96613392148
692.2263512611389,-9.186634581410698e-05,130491.16952052934
692.3264865875244,0.0016535942246539257,130490.95256847641
692.4261980056763,-0.0006430644206987489,130490.45731162878
692.526398897171,-0.0004593317290705349,130490.71158046591
692.6259679794312,-9.186634581410698e-05,130491.44042241933
692.7261221408844,-0.0011023961497692838,130490.1963801774
692.8263251781464,0.0007349307665128559,130488.97674215966
692.9258549213409,-0.0027559903744232093,130488.0790679437
693.0259206295013,-0.0007349307665128559,130487.57116114935
693.1261050701141,-9.186634581410698e-05,130487.7140450344
693.226254940033,0.00018373269162821396,130488.34264053096
693.3261423110962,-0.00036746538325642793,130488.60837647787
693.426568031311,-0.0022047922995385677,130487.94753883009
693.5261325836182,-9.186634581410698e-05,130489.15278494709
693.6261947154999,-0.0006430644206987489,130489.73750645238
693.726357460022,0.0004593317290705349,130489.66375580715
693.8264036178589,-0.0014698615330257117,130490.39738022644
693.9262888431549,0.0006430644206987489,130491.1576422038
694.0267283916473,0.00018373269162821396,130491.44187798342
694.125990152359,-0.0013779951872116046,130492.99769018508
694.2260921001434,0.00036746538325642793,130493.29792116658
694.3265368938446,-0.0014698615330257117,130492.26812904993
694.4261720180511,-0.00027559903744232096,130491.74131614494
694.5262951850891,0.0,130491.76718453044
694.6258120536804,-0.0017454605704680327,130492.0904660774
694.7259457111359,0.0011942624955833907,130492.28141946965
694.8263938426971,-0.0005511980748846419,130493.85327752269
694.9259607791901,-0.003399054795121958,130492.76794977042
695.0263979434967,-0.0011023961497692838,130492.5911547934
695.1264207363129,0.0013779951872116046,130491.73203931405
695.226616859436,0.0014698615330257117,130490.85883538265
695.326583147049,-0.0024803913369808887,130491.17295184438
695.4261434078217,-0.003674653832564279,130491.55565665994
695.5260014533997,-0.0010105298039551768,130490.70009099395
695.6267569065094,0.00018373269162821396,130490.73008189457
695.7258722782135,-0.0008267971123269628,130490.75707370511
695.8261098861694,0.0007349307665128559,130490.0813663346
695.926017999649,-0.0027559903744232093,130489.47322970114
696.0260412693024,0.0011023961497692838,130489.52590673103
696.1263065338135,-0.0032153221034937444,130489.37331605793
696.2262511253357,0.00027559903744232096,130489.63598445214
696.3257758617401,-0.0007349307665128559,130490.57238600691
696.4266471862793,0.00027559903744232096,130492.21514740623
696.5259182453156,0.0005511980748846419,130491.3936326656
696.6262032985687,0.0015617278788398188,130491.45426939904
696.725843667984,-0.0012861288413974978,130491.10884245914
696.826057434082,0.0005511980748846419,130492.69795821323
696.9262704849243,0.0010105298039551768,130493.52816239191
697.0260527133942,0.0012861288413974978,130493.17534615273
697.1259393692017,-0.0010105298039551768,130493.85781153745
697.2260737419128,-9.186634581410698e-05,130494.07203038372
697.326488494873,-0.0011023961497692838,130492.86482734534
697.4262764453888,0.0,130492.07834461081
697.5258734226227,-0.0007349307665128559,130492.87051014973
697.6260075569153,-0.0034909211409360655,130493.08345913477
697.7258324623108,-0.00036746538325642793,130494.07511322129
697.825998544693,0.0014698615330257117,130494.96760189916
697.9263560771942,-0.0015617278788398188,130494.17084170924
698.0261237621307,-9.186634581410698e-05,130493.75375753832
698.1260349750519,-0.00018373269162821396,130493.87838178448
698.2256305217743,-0.0016535942246539257,130493.29054360604
698.3264832496643,-9.186634581410698e-05,130493.96148924544
698.4260032176971,-0.0013779951872116046,130493.6653403209
698.5261421203613,-0.00018373269162821396,130492.49880628882
698.6262845993042,-0.0011942624955833907,130492.14892565995
698.7261211872101,0.0011942624955833907,130489.33403309397
698.8258395195007,0.0010105298039551768,130488.00062978458
698.9255344867706,-0.0005511980748846419,130487.40056680613
699.0260534286499,0.0008267971123269628,130487.16051012551
699.1255121231079,0.0007349307665128559,130487.44445911296
699.2264297008514,-0.0009186634581410698,130486.90001320167
699.3266446590424,-0.0018373269162821396,130486.61001188151
699.4267797470093,-0.0016535942246539257,130486.74901069337
699.5259749889374,-0.0011942624955833907,130485.97410962405
699.6265909671783,-0.0004593317290705349,130484.67669866164
699.7260050773621,-0.0007349307665128559,130484.70902879548
699.8265118598938,-0.0010105298039551768,130484.13812591592
699.9265532493591,-0.0012861288413974978,130483.52431332433
700.026674747467,-0.0023885249911667814,130484.3718819919
700.1265914440155,9.186634581410698e-05,130484.63469379272
700.2266170978546,0.0020210596079103535,130482.77122441345
700.3264462947845,-0.00027559903744232096,130483.0941019721
700.4259300231934,0.00036746538325642793,130483.7846917749
700.5261776447296,0.0005511980748846419,130483.3062225974
700.6263120174408,-0.0007349307665128559,130482.67560033766
700.7260477542877,0.0014698615330257117,130483.5080403039
700.8264970779419,-0.00027559903744232096,130484.45723627352
700.9262900352478,0.00027559903744232096,130485.31151264618
701.0265161991119,-0.00018373269162821396,130485.98036138156
701.1258296966553,0.0009186634581410698,130485.5823252434
701.2265038490295,-0.0010105298039551768,130485.32409271906
701.3264124393463,0.0004593317290705349,130484.59168344716
701.4259266853333,0.00027559903744232096,130486.03251510244
701.5258984565735,-0.0014698615330257117,130487.02926359221
701.6261069774628,0.0007349307665128559,130487.226337233
701.7261729240417,-0.0025722576827949956,130487.2037035097
701.8265178203583,-0.0013779951872116046,130487.18333315873
701.9259698390961,-0.00018373269162821396,130487.76499984285
702.025803565979,-0.0021129259537244604,130489.28849985858
702.1266989707947,0.0,130490.15964987273
702.226042509079,0.0008267971123269628,130490.84368488546
702.3267290592194,-0.0007349307665128559,130491.35931639692
702.4262642860413,0.0,130491.12338475723
702.5259022712708,0.0007349307665128559,130491.5110462815
702.6266655921936,-0.00018373269162821396,130490.25994165335
702.7266664505005,-0.0008267971123269628,130491.03394748802
702.8266699314117,-0.0005511980748846419,130491.83055273921
702.9261622428894,-0.0010105298039551768,130491.34749746529
703.0264537334442,-0.004960782673961777,130490.31274771877
703.1264748573303,0.003674653832564279,130491.0814729469
703.2266044616699,-0.0013779951872116046,130489.97332565222
703.3260846138,-0.0031234557576796376,130489.97599308699
703.4265415668488,0.0017454605704680327,130490.2783937783
703.5262837409973,-0.00036746538325642793,130490.25055440047
703.6267261505127,-0.0007349307665128559,130489.02549896043
703.7262487411499,-0.0010105298039551768,130488.42294906439
703.8263382911682,-0.0009186634581410698,130488.18065415796
703.9266860485077,0.0021129259537244604,130488.66258874217
704.0261962413788,0.00027559903744232096,130488.69632986796
704.1264171600342,0.0020210596079103535,130489.72669688117
704.2267897129059,-0.0006430644206987489,130490.95402719306
704.3266837596893,0.0021129259537244604,130490.75862447376
704.4267113208771,0.0016535942246539257,130490.9827620264
704.5264174938202,-0.0024803913369808887,130490.48448582376
704.626179933548,0.0005511980748846419,130490.2360372414
704.7263782024384,-0.0013779951872116046,130490.31243351726
704.8261737823486,0.0,130489.68119016555
704.926331281662,-0.0004593317290705349,130488.91307114899
705.0261318683624,-0.0020210596079103535,130488.12176403409
705.1264395713806,0.0028478567202373166,130486.2095876307
705.2260429859161,-0.0012861288413974978,130485.28862886762
705.3266875743866,-0.0012861288413974978,130483.65976598088
705.4265377521515,-0.0014698615330257117,130482.79378938279
705.5261030197144,-0.0026641240286091024,130482.71441044452
705.6262884140015,-0.0013779951872116046,130484.34296940008
705.7265753746033,-0.00027559903744232096,130484.90867246008
705.8261027336121,0.0,130485.61780521407
705.9266436100006,0.00018373269162821396,130485.95602469268
706.0263590812683,0.0025722576827949956,130488.06042222341
706.1263570785522,0.0026641240286091024,130488.25438000108
706.2263290882111,-0.0014698615330257117,130488.42894200097
706.3262958526611,-0.0020210596079103535,130489.28604780088
706.4260647296906,-0.0005511980748846419,130488.4574430208
706.5258502960205,-0.0022966586453526745,130487.91169871873
706.626437664032,-0.0020210596079103535,130487.42052884687
706.7266428470612,0.0008267971123269628,130487.97847596218
706.8263335227966,-0.0011942624955833907,130489.28062836597
706.9265084266663,0.0,130488.85256552938
707.0264987945557,-0.0006430644206987489,130489.46730897644
707.1264717578888,-0.0010105298039551768,130489.5205780788
707.2263503074646,-0.0027559903744232093,130489.56852027091
707.3262300491333,-0.0013779951872116046,130489.41166824383
707.4263408184052,0.0014698615330257117,130490.07050141945
707.5263919830322,0.0011942624955833907,130489.96345127752
707.6264932155609,0.0021129259537244604,130490.46710614978
707.7263824939728,0.00036746538325642793,130491.22039553481
707.826639175415,0.0020210596079103535,130492.39835598134
707.9265427589417,-0.0014698615330257117,130492.45852038321
708.0265634059906,0.0006430644206987489,130492.3126683449
708.1262867450714,-0.0009186634581410698,130493.18140151042
708.226395368576,-0.0006430644206987489,130493.36326135938
708.3264331817627,0.0016535942246539257,130492.92693522346
708.4262673854828,-0.00018373269162821396,130491.63424170112
708.5261375904083,0.0013779951872116046,130490.37081753102
708.6262137889862,-9.186634581410698e-05,130488.83373577792
708.7264323234558,0.00027559903744232096,130488.85036220014
708.8259515762329,-0.0004593317290705349,130488.96532598013
708.9267537593842,-0.00027559903744232096,130488.66879338212
709.0264072418213,0.0005511980748846419,130488.50191404391
709.1266565322876,0.0008267971123269628,130488.45172263953
709.2260937690735,-0.0008267971123269628,130488.70655037559
709.326714515686,0.0011023961497692838,130487.63589533804
709.4266324043274,-0.0009186634581410698,130487.87230580424
709.5266604423523,-0.0029397230660514234,130487.38507522382
709.625999212265,0.0,130488.54656770144
709.7267367839813,9.186634581410698e-05,130488.3919109313
709.8259167671204,-0.0013779951872116046,130488.15271983818
709.926707983017,-0.00036746538325642793,130489.23744785436
710.0259819030762,-0.0008267971123269628,130489.61370306893
710.126722574234,-0.0006430644206987489,130489.65233276204
710.2260708808899,-0.0020210596079103535,130490.98709948584
710.3265662193298,-0.00027559903744232096,130492.08838953725
710.425993680954,-0.0017454605704680327,130493.17955058353
710.5258467197418,0.0005511980748846419,130494.06159552519
710.6257998943329,-0.00018373269162821396,130493.65543597267
710.725727558136,0.00027559903744232096,130494.1898923754
710.8256785869598,0.0007349307665128559,130494.27090313786
710.9259576797485,-9.186634581410698e-05,130495.34381282408
711.0259909629822,-0.0007349307665128559,130496.20943154168
711.126029253006,0.0005511980748846419,130496.68848838752
711.2260658740997,0.0005511980748846419,130496.31963954878
711.3262870311737,-0.0028478567202373166,130495.7876755939
711.4260487556458,0.0006430644206987489,130496.40890803451
711.5259001255035,0.0011942624955833907,130497.86801723107
711.6260807514191,-0.0008267971123269628,130495.68121550797
711.7261388301849,-0.0025722576827949956,130495.71309395718
711.8256661891937,0.0,130495.64178456146
711.9257612228394,0.0019291932620962467,130495.97760610533
712.0260021686554,0.0008267971123269628,130495.5798454948
712.1260008811951,-0.0008267971123269628,130494.82186094532
712.2260813713074,0.00027559903744232096,130496.03967485079
712.3259792327881,0.0004593317290705349,130495.83570736571
712.4261651039124,0.0008267971123269628,130494.85213662915
712.5259702205658,0.00027559903744232096,130495.06692296623
712.6261534690857,0.0007349307665128559,130493.56023066961
712.7259476184845,-0.0033071884493078513,130493.50420760266
712.8260731697083,-0.00018373269162821396,130494.65378684239
712.9261531829834,-0.0027559903744232093,130494.28840815816
713.0265514850616,-0.0015617278788398188,130494.65956734234
713.1261157989502,-0.0024803913369808887,130494.0936106081
713.226512670517,0.0010105298039551768,130494.88424954729
713.3261194229126,-0.0018373269162821396,130496.19582459256
713.4267416000366,-0.00027559903744232096,130496.67624213331
713.526492357254,-0.0006430644206987489,130496.90861791998
713.6263468265533,0.0010105298039551768,130498.41775612798
713.7261044979095,-0.0004593317290705349,130498.97598051518
713.8262212276459,0.00027559903744232096,130498.17838246368
713.9263668060303,0.0017454605704680327,130498.56054421731
714.0263407230377,0.0027559903744232093,130497.20448979558
714.1264052391052,-0.0015617278788398188,130496.28404081603
714.2262723445892,0.0004593317290705349,130495.75563673444
714.326423406601,-0.0016535942246539257,130495.880073061
714.4265921115875,-0.0006430644206987489,130495.2920657549
714.5264782905579,-0.0012861288413974978,130493.36285917941
714.6260948181152,-0.0011942624955833907,130493.22657326148
714.7263743877411,-0.0004593317290705349,130492.90391593533
714.8259325027466,0.00018373269162821396,130493.1135243418
714.9263386726379,0.0011023961497692838,130492.90217190763
715.0265302658081,0.0009186634581410698,130494.21195471687
715.1264955997467,0.0005511980748846419,130493.09075924518
715.2264251708984,0.0009186634581410698,130492.88168332068
715.3263733386993,-0.0031234557576796376,130493.89351498862
715.4266097545624,-0.00036746538325642793,130493.90416348976
715.526047706604,0.0,130495.21374714078
715.626478433609,-0.0011023961497692838,130495.6923724267
715.7264485359192,-0.0013779951872116046,130496.82313518402
715.8267488479614,-0.00036746538325642793,130497.24082166563
715.9268133640289,0.00036746538325642793,130496.71673949907
716.0258138179779,-0.0034909211409360655,130496.24506554916
716.1261746883392,0.0009186634581410698,130495.92055899424
716.2260961532593,-0.0005511980748846419,130495.82850309482
716.326503276825,-0.0006430644206987489,130497.14565278534
716.4263341426849,0.0011942624955833907,130497.13108750682
716.5267150402069,-0.0010105298039551768,130496.61797875613
716.625922203064,-0.00027559903744232096,130496.05618088052
716.7258529663086,0.00018373269162821396,130495.75056279247
716.8268301486969,-0.0009186634581410698,130495.97550651323
716.9266817569733,0.0011023961497692838,130495.67795586192
717.0258700847626,0.00027559903744232096,130495.61016027573
717.1263284683228,0.0006430644206987489,130495.54914424816
717.2259216308594,-0.00018373269162821396,130495.89422982335
717.3259258270264,-0.0013779951872116046,130496.00480684101
717.4265944957733,-0.00036746538325642793,130495.80432615691
717.5265803337097,-0.0011942624955833907,130495.32389354122
717.6263446807861,-0.0019291932620962467,130496.4915041871
717.725860118866,0.0010105298039551768,130495.34235376838
717.8260176181793,0.00027559903744232096,130495.10811839155
717.9265732765198,0.0007349307665128559,130495.1973065524
718.0263123512268,-0.0010105298039551768,130494.77757589717
718.125809431076,-0.0004593317290705349,130493.89981830746
718.226630449295,-0.0010105298039551768,130493.40983647673
718.3260536193848,-0.0025722576827949956,130492.46885282907
718.4262642860413,-0.0010105298039551768,130492.62196754618
718.5262570381165,-0.0019291932620962467,130492.45977079157
718.6262769699097,0.0006430644206987489,130492.2137937124
718.7265572547913,0.0011942624955833907,130491.79241434117
718.8266634941101,0.00018373269162821396,130492.51317290706
718.9264273643494,0.00027559903744232096,130492.76185561635
719.0259521007538,-0.0022047922995385677,130493.58567005473
719.1261599063873,-0.0014698615330257117,130493.62710304925
719.2260465621948,0.0030315894118655303,130493.86439274433
719.3259119987488,0.00036746538325642793,130492.3779534699
719.4262704849243,-0.0035827874867501723,130490.84015812291
719.5262062549591,-9.186634581410698e-05,130491.25614231062
719.6263961791992,-0.0004593317290705349,130490.33052807956
719.7266411781311,0.00018373269162821396,130490.19747527162
719.8267734050751,0.0007349307665128559,130490.37772774446
719.9266984462738,-0.0020210596079103535,130490.53995497001
720.0267765522003,0.00036746538325642793,130490.885959473
720.1257231235504,9.186634581410698e-05,130490.09736352571
720.2266781330109,-9.186634581410698e-05,130489.98762717313
720.3261914253235,9.186634581410698e-05,130490.48886445582
720.426257610321,-9.186634581410698e-05,130490.73997801024
720.5264871120453,-0.0006430644206987489,130490.56598020921
720.6258523464203,-0.0021129259537244604,130491.50938218829
720.7260344028473,0.00036746538325642793,130492.25844396948
720.826313495636,-0.0005511980748846419,130490.93259957252
720.9261009693146,-0.0010105298039551768,130491.33933961527
721.0264074802399,-0.0006430644206987489,130490.70540565375
721.1263196468353,-0.0006430644206987489,130490.73486508838
721.2264823913574,0.0016535942246539257,130489.36137857955
721.3260979652405,0.0,130489.9252407216
721.4264132976532,-0.0005511980748846419,130489.43271664943
721.5262062549591,0.0,130489.18944498448
721.6264383792877,-0.0013779951872116046,130489.97050048603
721.7266399860382,0.0004593317290705349,130490.77345043744
721.8263554573059,-0.00018373269162821396,130492.3961053937
721.9262268543243,-0.0025722576827949956,130492.25649485433
722.0264627933502,0.00027559903744232096,130492.93084536889
722.1263313293457,-0.0007349307665128559,130494.037760832
722.2264375686646,0.00027559903744232096,130494.1339847488
722.3267016410828,-0.0013779951872116046,130494.22058627392
722.4266440868378,-0.0014698615330257117,130493.09852764654
722.5261931419373,0.0009186634581410698,130492.68867488188
722.6258640289307,0.0005511980748846419,130492.5198073937
722.7261452674866,0.0011942624955833907,130492.66782665433
722.8263604640961,-0.0010105298039551768,130491.2010439889
722.9264705181122,-0.0018373269162821396,130491.88093959002
723.0261154174805,-0.0011023961497692838,130491.79284563102
723.1263692378998,0.00036746538325642793,130492.61356106792
723.2259230613708,-0.00027559903744232096,130493.75220496114
723.3267865180969,0.0009186634581410698,130493.07698446503
723.4267284870148,-0.00027559903744232096,130493.46928601853
723.5263235569,0.0008267971123269628,130493.22235741669
723.6265389919281,-0.0004593317290705349,130493.00012167502
723.7264933586121,-0.00027559903744232096,130493.10010950753
723.8261797428131,0.0013779951872116046,130492.19009855678
723.9258987903595,0.0005511980748846419,130492.3710887011
724.0258708000183,0.00036746538325642793,130490.733979831
724.1265256404877,0.0,130491.2605818479
724.2264189720154,-0.0013779951872116046,130491.43452366312
724.3259575366974,-0.0016535942246539257,130492.09107129682
724.4260275363922,-0.0004593317290705349,130492.18196416715
724.5259861946106,-0.0005511980748846419,130491.66376775043
724.6262197494507,-0.0004593317290705349,130491.5973909754
724.7260582447052,0.0008267971123269628,130490.93765187786
724.8261682987213,-9.186634581410698e-05,130490.24388669006
724.9265756607056,0.00027559903744232096,130489.21949802106
725.0259115695953,-0.00036746538325642793,130488.39754821897
725.1262395381927,0.0010105298039551768,130486.95779339707
725.2265467643738,0.0016535942246539257,130486.36201405738
725.3264572620392,9.186634581410698e-05,130486.02581265164
725.42609333992,0.0016535942246539257,130486.22323138648
725.5261821746826,0.0010105298039551768,130486.60090824784
725.6260168552399,0.0006430644206987489,130487.04081742307
725.7259752750397,0.0010105298039551768,130487.33673568076
725.8263416290283,-0.0006430644206987489,130487.0030621127
725.9260754585266,0.0006430644206987489,130488.20275590144
726.0263409614563,-0.00036746538325642793,130488.28248031129
726.1262564659119,0.00018373269162821396,130489.05423228016
726.2260868549347,-0.0011023961497692838,130488.24880905215
726.3258149623871,-0.00027559903744232096,130488.72392814694
726.4263978004456,0.0005511980748846419,130489.25153533224
726.5262076854706,-0.0022047922995385677,130488.62638179903
726.6259853839874,-0.0008267971123269628,130488.96374361913
726.7264790534973,0.0011942624955833907,130488.46736925721
726.82590508461,-0.0006430644206987489,130489.3206323315
726.9266560077667,0.0007349307665128559,130489.58856909834
727.025856256485,0.0004593317290705349,130491.12971218851
727.1265075206757,-0.0029397230660514234,130491.81674096966
727.2264306545258,0.0014698615330257117,130492.2350668727
727.3261423110962,0.0006430644206987489,130492.01156018543
727.4264905452728,-9.186634581410698e-05,130491.6104041669
727.5259733200073,-0.0004593317290705349,130490.54936375022
727.6261684894562,-0.0012861288413974978,130491.29442737521
727.7259180545807,-0.0016535942246539257,130491.46498463769
727.8266725540161,0.0008267971123269628,130491.81848617391
727.9264538288116,0.0013779951872116046,130491.53663755654
728.0266354084015,0.0014698615330257117,130492.48297380088
728.1262171268463,-0.0009186634581410698,130493.1346764208
728.2263429164886,-0.0016535942246539257,130492.62120877873
728.3262274265289,-0.0007349307665128559,130492.45908790086
728.4263362884521,-0.0007349307665128559,130492.41317911078
728.5265049934387,-0.00036746538325642793,130492.07186119971
728.6260576248169,0.0009186634581410698,130492.06467507975
728.7259132862091,-0.0004593317290705349,130491.35820757177
728.8262467384338,0.00036746538325642793,130490.7223868146
728.9260470867157,0.00018373269162821396,130490.95014813314
729.025792837143,0.00027559903744232096,130490.15513331983
729.1263592243195,-0.0010105298039551768,130490.63961998785
729.225982427597,-0.00027559903744232096,130490.37565798908
729.3263986110687,-0.00036746538325642793,130491.13809219017
729.4265034198761,-0.0022047922995385677,130491.42428297116
729.5256450176239,-0.0028478567202373166,130491.98185467404
729.6260917186737,-0.0038583865241924933,130492.38366920664
729.7265346050262,-0.0020210596079103535,130492.34530228598
729.8264033794403,-0.0008267971123269628,130493.21077205738
729.9262113571167,-0.0011023961497692838,130493.38969485165
730.0256612300873,-9.186634581410698e-05,130493.15072536649
730.1260511875153,-0.00036746538325642793,130494.33565282985
730.2265944480896,-0.0010105298039551768,130496.00208754688
730.3268225193024,-0.0007349307665128559,130497.5018787922
730.4256415367126,0.0,130497.55169091298
730.5267219543457,-0.0013779951872116046,130497.99652182168
730.6265933513641,-0.0012861288413974978,130497.89686963952
730.7257208824158,-9.186634581410698e-05,130497.40718267557
730.8264067173004,0.00036746538325642793,130497.86646440801
730.9263226985931,-0.0008267971123269628,130497.17981796722
731.0260462760925,-0.0014698615330257117,130496.36183617049
731.1261923313141,0.0012861288413974978,130495.62565255346
731.2256107330322,-0.0012861288413974978,130495.66308729812
731.3263285160065,-0.0004593317290705349,130497.2967785683
731.426426410675,-0.0009186634581410698,130497.66710071148
731.5262563228607,-0.0006430644206987489,130498.40039064034
731.6262500286102,0.0,130498.7603515763
731.7265441417694,-0.0011942624955833907,130499.78431641866
731.8263261318207,-0.0005511980748846419,130499.6058847768
731.9262051582336,-0.0014698615330257117,130499.54529629913
732.0258328914642,0.0018373269162821396,130500.19076666923
732.126362323761,-0.0006430644206987489,130501.07169000231
732.2265288829803,-0.0011023961497692838,130500.76452100209
732.3265426158905,-0.0006430644206987489,130499.68806890187
732.4267537593842,-0.0010105298039551768,130500.11926201169
732.5260689258575,-0.0016535942246539257,130499.70733581053
732.6268048286438,-0.0011942624955833907,130498.63660222947
732.7267405986786,-0.0012861288413974978,130499.47294200653
732.8262295722961,0.0011942624955833907,130499.82564780588
732.9260306358337,-0.0024803913369808887,130501.6430830253
733.0262939929962,0.00027559903744232096,130501.37877472278
733.1259112358093,-0.0011023961497692838,130500.7408972505
733.2258584499359,0.0022047922995385677,130500.86680752545
733.3262510299683,0.0,130500.88012677291
733.4265034198761,0.00036746538325642793,130500.19211409564
733.5264849662781,-0.0020210596079103535,130499.47290268609
733.626024723053,0.0006430644206987489,130499.32561241748
733.7259829044342,0.0008267971123269628,130498.89305117574
733.8260662555695,-0.0005511980748846419,130498.10374605817
733.9263181686401,0.0011023961497692838,130497.59337145236
734.026341676712,0.0013779951872116046,130496.73403430713
734.1262612342834,-9.186634581410698e-05,130496.06063087641
734.2264988422394,0.0010105298039551768,130495.75456778877
734.3256442546844,0.00027559903744232096,130495.4791110099
734.4265205860138,0.0010105298039551768,130495.43119990891
734.5258796215057,-0.0010105298039551768,130494.68807991802
734.6257312297821,-0.00027559903744232096,130493.51927192623
734.7256550788879,-0.0011023961497692838,130493.46734473361
734.8263614177704,-0.0012861288413974978,130495.12061026024
734.9263079166412,-0.0006430644206987489,130494.10854923422
735.0258395671844,-0.0012861288413974978,130493.3976943108
735.12615442276,0.0024803913369808887,130493.05792487971
735.2265169620514,-0.0009186634581410698,130492.85213239175
735.3264737129211,-0.0033071884493078513,130492.86691915258
735.4263877868652,-0.0004593317290705349,130491.78022723732
735.5266180038452,0.00027559903744232096,130491.30220451359
735.6258466243744,-0.0017454605704680327,130492.07198406223
735.7264919281006,0.00036746538325642793,130493.36478565601
735.826767206192,-0.00027559903744232096,130492.92830709042
735.9260473251343,-0.003399054795121958,130493.2354763814
736.0267024040222,-0.0012861288413974978,130493.61192874325
736.1260304450989,0.0007349307665128559,130492.35073586894
736.2266275882721,0.0,130492.91566228204
736.3261957168579,0.0016535942246539257,130492.62409605384
736.4266204833984,-0.0020210596079103535,130492.76168644847
736.5265717506409,-0.0005511980748846419,130493.38551780363
736.6258833408356,-0.0023885249911667814,130492.94696602327
736.7260363101959,-9.186634581410698e-05,130491.85226942094
736.8265943527222,0.0014698615330257117,130490.46704247885
736.9261286258698,-0.0010105298039551768,130490.72033823097
737.0263814926147,0.0004593317290705349,130491.74830440788
737.126131772995,-0.00027559903744232096,130491.67347396711
737.2265012264252,-0.0009186634581410698,130492.5061265704
737.3264443874359,0.0024803913369808887,130492.55551391336
737.4267885684967,-0.00018373269162821396,130493.39996252203
737.5258557796478,0.0005511980748846419,130493.65996626984
737.6264185905457,0.0017454605704680327,130493.89396964287
737.7268269062042,-0.0004593317290705349,130495.1045726786
737.8259449005127,0.0005511980748846419,130493.99411541075
737.9262998104095,0.0,130493.79470386967
738.0266695022583,0.0006430644206987489,130494.41523348271
738.1266756057739,0.00018373269162821396,130494.67371013443
738.226526260376,0.0,130494.506339121
738.3265080451965,0.0011942624955833907,130495.2557052089
738.4261763095856,0.0020210596079103535,130495.13013468802
738.5260815620422,0.00018373269162821396,130494.41712121923
738.6261723041534,0.0,130493.87540909732
738.7265419960022,-0.00018373269162821396,130494.5878681876
738.8264532089233,-0.0006430644206987489,130494.42908136886
738.9263007640839,-0.00036746538325642793,130494.88617323196
739.0258281230927,-0.00027559903744232096,130495.09755590877
739.1266100406647,-0.0031234557576796376,130494.4878003179
739.2264103889465,-0.0018373269162821396,130493.73902028611
739.3260095119476,0.0007349307665128559,130492.6651182575
739.4266171455383,-0.0007349307665128559,130490.89860643176
739.5263321399689,0.0013779951872116046,130490.10874578859
739.6266090869904,-0.0011023961497692838,130489.79787120972
739.7261278629303,-0.0022047922995385677,130489.01808408875
739.8261547088623,-0.0008267971123269628,130490.21627567988
739.9264545440674,-0.00018373269162821396,130489.7946481119
740.0261077880859,-0.00027559903744232096,130489.61518330072
740.1260364055634,-0.0022966586453526745,130489.05366497065
740.2266256809235,-0.0007349307665128559,130488.4482984736
740.3263375759125,-0.0005511980748846419,130488.00346862624
740.4265172481537,0.00036746538325642793,130487.90312176361
740.5265307426453,0.0020210596079103535,130488.51280958726
740.6263699531555,-0.0004593317290705349,130488.86152862853
740.7260475158691,-0.0030315894118655303,130489.3753757657
740.8267686367035,0.0007349307665128559,130488.83783818912
740.9260385036469,0.00036746538325642793,130488.35405437023
741.0261776447296,-0.0008267971123269628,130489.01864893321
741.1261074542999,-0.0006430644206987489,130490.3167840399
741.2259967327118,0.00018373269162821396,130491.88510563591
741.3258678913116,-0.0011023961497692838,130492.39659507232
741.4266538619995,-0.0016535942246539257,130492.85693556508
741.5262970924377,9.186634581410698e-05,130493.37124200858
741.6262407302856,0.0004593317290705349,130493.33411780772
741.7267048358917,-0.00018373269162821396,130493.60070602696
741.8261165618896,0.0012861288413974978,130493.24063542427
741.9267551898956,0.0008267971123269628,130493.81657188185
742.0267186164856,-0.0006430644206987489,130494.13491469367
742.1265563964844,-0.0005511980748846419,130495.12142322431
742.2261509895325,0.0005511980748846419,130495.00928090187
742.3259449005127,0.0004593317290705349,130494.80835281168
742.4262692928314,0.00036746538325642793,130494.12751753052
742.5264713764191,-0.0006430644206987489,130494.61476577749
742.6265931129456,0.0009186634581410698,130493.65328919973
742.7264671325684,-0.0023885249911667814,130492.48796027976
742.8261978626251,0.00018373269162821396,130492.5391642518
742.9262671470642,-0.0014698615330257117,130493.48524782661
743.0266582965851,-0.0010105298039551768,130494.73672304396
743.125899553299,0.00036746538325642793,130494.56305073957
743.2266101837158,-0.00027559903744232096,130494.90674566562
743.3262779712677,0.0009186634581410698,130495.41607109905
743.4266760349274,0.00018373269162821396,130494.97446398916
743.525885105133,0.0007349307665128559,130493.67701759023
743.626344203949,-0.00018373269162821396,130493.60931583121
743.7262332439423,0.0005511980748846419,130494.7483842481
743.8258309364319,0.0006430644206987489,130495.0735458233
743.9260301589966,0.00018373269162821396,130495.86619124097
744.0264358520508,-0.0019291932620962467,130494.57957211688
744.1260035037994,-0.00027559903744232096,130493.2216149052
744.2264547348022,-0.0005511980748846419,130493.29945341469
744.325939655304,0.0004593317290705349,130494.36950807323
744.42675948143,0.0,130493.93255726591
744.5261616706848,0.0014698615330257117,130493.63930153933
744.6259729862213,0.0004593317290705349,130494.67537138538
744.7264816761017,0.0025722576827949956,130495.60783424685
744.8265314102173,-0.00027559903744232096,130495.64705082218
744.9258444309235,-0.0007349307665128559,130495.78234573996
745.0264463424683,-0.0020210596079103535,130496.60411116597
745.1257817745209,-0.00036746538325642793,130496.64370004938
745.2262620925903,-0.0007349307665128559,130496.57933004445
745.326459646225,-0.0020210596079103535,130495.92139704
745.4260332584381,0.0007349307665128559,130494.92925733601
745.526358127594,0.00027559903744232096,130494.33633160242
745.626663684845,0.0,130494.90269844218
745.7264297008514,0.00018373269162821396,130494.61242859796
745.8260264396667,0.0031234557576796376,130495.05118573818
745.9258289337158,-0.0018373269162821396,130495.24606716436
746.0265254974365,-0.0005511980748846419,130495.52146044793
746.1267325878143,0.0006430644206987489,130495.36931440313
746.225878238678,-0.0014698615330257117,130494.83238296282
746.3265352249146,-0.0022966586453526745,130492.54914466654
746.4263715744019,-0.0004593317290705349,130492.49423019988
746.5259685516357,0.0004593317290705349,130493.1448071799
746.6267178058624,-0.0017454605704680327,130493.7303264619
746.7263824939728,0.0007349307665128559,130493.35729381572
746.8267908096313,-0.0011942624955833907,130491.82156443415
746.9263589382172,-0.0016535942246539257,130490.63940799075
747.0264825820923,-0.00036746538325642793,130489.67546719169
747.1267182826996,-0.00027559903744232096,130489.80792047252
747.2267756462097,-0.0015617278788398188,130489.42712842528
747.3261847496033,0.0011023961497692838,130490.28441558275
747.4264001846313,-0.00036746538325642793,130490.85597402448
747.5264813899994,-0.0021129259537244604,130491.27037662204
747.6260235309601,0.0012861288413974978,130490.94333895984
747.7259314060211,-0.0018373269162821396,130490.84900506386
747.8258867263794,-0.0004593317290705349,130490.66410455748
747.9265344142914,0.0009186634581410698,130490.39769410173
748.026290178299,-0.0004593317290705349,130491.75792469157
748.1259775161743,-0.00036746538325642793,130491.58213222242
748.225822687149,0.0,130492.62391900018
748.3266587257385,-0.00018373269162821396,130493.96152710017
748.426323890686,0.00036746538325642793,130494.26537439015
748.5265250205994,0.0004593317290705349,130494.93883695114
748.6263093948364,0.0012861288413974978,130494.44495325602
748.726194858551,-0.0006430644206987489,130494.50045793042
748.8259468078613,-0.0020210596079103535,130494.65041213739
748.9263463020325,-0.0027559903744232093,130493.88537092364
749.0258848667145,0.0016535942246539257,130493.19683383127
749.1266906261444,-0.0008267971123269628,130492.27715044815
749.2266855239868,9.186634581410698e-05,130491.64943540335
749.3260862827301,-0.0012861288413974978,130490.98449186301
749.4262742996216,0.0013779951872116046,130489.98604267671
749.5258207321167,-0.0006430644206987489,130489.68743840903
749.626505613327,-0.0013779951872116046,130489.71869456813
749.7264420986176,-0.0004593317290705349,130489.24682511132
749.8259541988373,-0.0009186634581410698,130488.92214260019
749.9267094135284,0.0015617278788398188,130488.92992834016
750.0258097648621,-9.186634581410698e-05,130488.73693550615
750.1259756088257,0.0005511980748846419,130488.66324195554
750.2262351512909,-0.0008267971123269628,130489.69691775998
750.3263506889343,-0.00036746538325642793,130489.42722598398
750.426495552063,-0.0012861288413974978,130488.98450338558
750.5259802341461,0.0026641240286091024,130487.98605304703
750.6259837150574,0.00027559903744232096,130488.28744774233
750.725953578949,-0.0015617278788398188,130488.2587029681
750.8266272544861,0.00018373269162821396,130488.6328326713
750.9262826442719,0.0011023961497692838,130489.26954940417
751.0261850357056,-0.0013779951872116046,130491.04259446375
751.1262936592102,0.0007349307665128559,130491.13833501737
751.2258496284485,0.00018373269162821396,130490.72450151564
751.3259909152985,0.0012861288413974978,130490.55205136407
751.4258120059967,0.00036746538325642793,130490.99684622766
751.5265822410583,-9.186634581410698e-05,130490.4971616049
751.6257057189941,-9.186634581410698e-05,130491.44744544441
751.72665143013,-0.0023885249911667814,130492.60270089998
751.8258910179138,0.0005511980748846419,130492.04243080998
751.9263815879822,-0.0014698615330257117,130491.53818772898
752.0264596939087,-9.186634581410698e-05,130491.28436895608
752.1266129016876,0.0011942624955833907,130491.35593206047
752.2258591651917,-0.00018373269162821396,130492.72033885443
752.3260507583618,0.0011023961497692838,130494.048304969
752.4259390830994,-0.0007349307665128559,130493.64347447209
752.5262069702148,0.00018373269162821396,130493.37912702489
752.6262753009796,-0.0008267971123269628,130492.9412143224
752.7262160778046,0.0010105298039551768,130491.84709289017
752.8266184329987,0.0005511980748846419,130490.96238360116
752.9264168739319,-0.0006430644206987489,130491.56614524104
753.0260705947876,0.00018373269162821396,130490.70953071694
753.1258163452148,-0.0017454605704680327,130490.73857764526
753.2260177135468,0.00018373269162821396,130490.96471988074
753.326299905777,-0.0005511980748846419,130491.26824789267
753.4260165691376,-0.0011023961497692838,130491.84142310341
753.5264530181885,-0.0008267971123269628,130492.75728079308
753.6262941360474,-0.00027559903744232096,130492.18155271378
753.7261748313904,-0.00036746538325642793,130492.4633974424
753.8261611461639,-0.0011023961497692838,130492.31705769818
753.926187992096,-0.0012861288413974978,130491.48535192836
754.0262353420258,-0.0006430644206987489,130491.83681673554
754.1261880397797,0.0005511980748846419,130491.15313506199
754.2262167930603,0.0005511980748846419,130491.2378215558
754.3264453411102,0.00018373269162821396,130490.91403940022
754.426605463028,-0.00018373269162821396,130491.52263546019
754.5255970954895,0.0005511980748846419,130490.87037191418
754.626494884491,-0.0010105298039551768,130491.48333472275
754.7264704704285,0.0009186634581410698,130491.33500125048
754.8266026973724,-0.0014698615330257117,130491.60150112543
754.9266738891602,0.00018373269162821396,130491.2413510129
755.0257248878479,-0.0016535942246539257,130491.41721591161
755.1260991096497,-0.0022047922995385677,130490.87549432045
755.2265539169312,0.0011942624955833907,130490.4879448884
755.3266851902008,0.0022966586453526745,130489.53915039956
755.4255120754242,-0.0014698615330257117,130489.38523535962
755.5261406898499,0.0011942624955833907,130488.34671182366
755.6257379055023,0.00036746538325642793,130488.81204064129
755.7264471054077,-0.0032153221034937444,130488.03083657718
755.8256487846375,-0.0011023961497692838,130488.22775291947
755.9255909919739,9.186634581410698e-05,130488.70497762752
756.0257413387299,0.0005511980748846419,130488.63447986478
756.126472234726,9.186634581410698e-05,130487.57103187831
756.2256343364716,-0.00036746538325642793,130488.01392869047
756.326132774353,-0.0006430644206987489,130488.51253582143
756.4258027076721,-0.0024803913369808887,130488.66128223929
756.5257999897003,0.0009186634581410698,130487.79515401536
756.6256768703461,0.0010105298039551768,130487.91563861383
756.7258689403534,-0.0005511980748846419,130488.12407475246
756.8257179260254,-0.0013779951872116046,130487.31166727722
756.9257640838623,-0.0008267971123269628,130487.58050054949
757.0258507728577,0.0009186634581410698,130487.32245049454
757.1264636516571,-0.0023885249911667814,130486.59020544509
757.2262809276581,-0.00027559903744232096,130487.23118490058
757.326545715332,-0.0006430644206987489,130487.60806641052
757.4262094497681,-0.0004593317290705349,130488.44725976948
757.5265009403229,0.0025722576827949956,130488.30253379254
757.6262645721436,-0.0009186634581410698,130488.5722804133
757.7258520126343,0.0,130489.31505237198
757.8266839981079,-0.00027559903744232096,130489.68354713479
757.9264733791351,0.0026641240286091024,130490.51519242131
758.0265045166016,-0.0013779951872116046,130490.86367317918
758.1262049674988,-0.0006430644206987489,130489.77730586127
758.2265152931213,-0.0013779951872116046,130488.69957527515
758.3262412548065,-0.0004593317290705349,130488.92961774765
758.4263513088226,-0.0011023961497692838,130488.23665597288
758.5258312225342,-0.0017454605704680327,130488.0129903756
758.625807762146,-0.0011023961497692838,130487.61169133804
758.7264070510864,0.0004593317290705349,130486.95052220425
758.8262376785278,-0.0029397230660514234,130486.65546998382
758.9258615970612,-0.0012861288413974978,130486.88992298543
759.0263345241547,0.0006430644206987489,130486.00093068689
759.1261703968048,-0.0010105298039551768,130486.00083761821
759.2263314723969,-0.0009186634581410698,130486.5007538564
759.3262267112732,0.0,130486.45067847076
759.4262285232544,-0.0016535942246539257,130485.80561062369
759.5260879993439,0.0006430644206987489,130486.92504956132
759.626505613327,-0.00027559903744232096,130486.9325446052
759.72607254982,-0.0004593317290705349,130487.73929014467
759.8265762329102,-0.0032153221034937444,130488.26536113021
759.9259648323059,-0.0029397230660514234,130488.7388250172
760.0266332626343,-0.00036746538325642793,130488.66494251548
760.1266338825226,0.0014698615330257117,130487.89844826394
760.2261033058167,-0.0019291932620962467,130488.40860343755
760.3265001773834,-0.0004593317290705349,130490.0677430938
760.4266393184662,-0.00036746538325642793,130489.76096878441
760.526661157608,0.0010105298039551768,130489.38487190598
760.6260633468628,-0.0020210596079103535,130489.44638471538
760.7267923355103,0.0022966586453526745,130487.30174624384
760.8260884284973,-0.0013779951872116046,130486.67157161947
760.9260320663452,0.00018373269162821396,130486.70441445752
761.0259637832642,-0.0008267971123269628,130487.93397301176
761.1266887187958,-0.0015617278788398188,130486.8405757106
761.2260940074921,0.00036746538325642793,130487.75651813955
761.3265359401703,0.0015617278788398188,130487.2808663256
761.4263756275177,-0.00027559903744232096,130488.35277969304
761.5263586044312,0.0018373269162821396,130487.71750172373
761.6261942386627,-0.0010105298039551768,130488.64575155136
761.7258529663086,0.0004593317290705349,130488.28117639622
761.8258442878723,0.0022966586453526745,130488.7530587566
761.9263184070587,-0.00018373269162821396,130488.27775288094
762.0263257026672,0.00036746538325642793,130488.94997759284
762.1264986991882,-0.0006430644206987489,130489.25497983355
762.2262091636658,-0.0028478567202373166,130490.0294818502
762.3260552883148,-0.0025722576827949956,130490.52653366518
762.4262387752533,-0.0019291932620962467,130490.37388029866
762.5260841846466,0.0006430644206987489,130491.0364922688
762.6264188289642,0.0,130491.23284304193
762.7264287471771,0.00027559903744232096,130491.00955873774
762.8258302211761,-0.0012861288413974978,130491.40860286397
762.9264585971832,0.0,130492.16774257759
763.0264346599579,-0.0004593317290705349,130492.05096831983
763.1263949871063,-0.0007349307665128559,130491.34587148785
763.2262871265411,-0.0027559903744232093,130491.41128433906
763.3259000778198,-0.0018373269162821396,130490.87015590517
763.4264750480652,0.00018373269162821396,130491.48314031465
763.5263319015503,0.00018373269162821396,130491.93482628319
763.626042842865,-9.186634581410698e-05,130493.14134365489
763.7257690429688,-0.0016535942246539257,130492.5272092894
763.8265671730042,-0.0006430644206987489,130492.77448836046
763.9266085624695,-0.0007349307665128559,130493.09703952442
764.0263559818268,-0.00036746538325642793,130492.88733557198
764.1259698867798,-0.0016535942246539257,130492.49860201479
764.2264850139618,-0.0014698615330257117,130492.34874181332
764.326581954956,-0.0007349307665128559,130491.91386763199
764.4258284568787,-0.00036746538325642793,130491.8224808688
764.5263719558716,-0.0022966586453526745,130491.14023278192
764.626469373703,-0.0019291932620962467,130491.22620950373
764.7261755466461,-0.0006430644206987489,130492.10358855336
764.8262264728546,-0.0021129259537244604,130491.59322969803
764.9259052276611,-0.0010105298039551768,130491.23390672823
765.0258634090424,-0.0016535942246539257,130491.51051605542
765.1261129379272,-0.0022966586453526745,130493.05946444988
765.2261457443237,0.0011942624955833907,130493.1535180049
765.3263049125671,-0.0010105298039551768,130493.13816620442
765.4261314868927,0.0019291932620962467,130493.82434958397
765.52627825737,-0.00018373269162821396,130493.74191462559
765.626371383667,0.00036746538325642793,130494.16772316303
765.7265655994415,-0.0011023961497692838,130494.75095084673
765.8267750740051,-0.0004593317290705349,130494.37585576207
765.9264631271362,-0.0007349307665128559,130493.03827018588
766.026127576828,0.0008267971123269628,130491.5344431673
766.1261522769928,0.0024803913369808887,130491.48099885057
766.2258257865906,0.0019291932620962467,130491.13289896552
766.3263230323792,0.0011942624955833907,130491.01960906897
766.4266910552979,-0.0009186634581410698,130491.01764816209
766.5264916419983,-0.0006430644206987489,130491.91588334588
766.6259613037109,-0.00036746538325642793,130492.62429501131
766.7263867855072,-0.00036746538325642793,130494.06186551017
766.8266561031342,-0.0011942624955833907,130494.05567895915
766.9266791343689,-9.186634581410698e-05,130494.75011106324
767.0260055065155,-0.0007349307665128559,130494.77509995693
767.1260249614716,0.00027559903744232096,130493.19758996123
767.2264232635498,-0.0007349307665128559,130492.47783096512
767.3266484737396,0.0015617278788398188,130492.73004786861
767.4262025356293,0.0008267971123269628,130494.55704308176
767.5261361598969,-0.0008267971123269628,130494.7013387736
767.6262431144714,0.0,130493.63120489623
767.726514339447,-0.0012861288413974978,130493.16808440661
767.8264226913452,-0.00036746538325642793,130494.15127596595
767.9263641834259,0.0004593317290705349,130493.93614836935
768.0263965129852,-9.186634581410698e-05,130493.84253353241
768.1262376308441,-0.0010105298039551768,130493.65828017917
768.2259497642517,-0.0008267971123269628,130492.69245216125
768.3260045051575,-0.0034909211409360655,130493.12320694512
768.426488161087,-0.0011023961497692838,130493.91088625061
768.5267026424408,0.00036746538325642793,130494.71979762556
768.6263089179993,-0.0011942624955833907,130494.747817863
768.7259321212769,-0.00027559903744232096,130496.4730360767
768.8267228603363,0.0008267971123269628,130497.02573246903
768.9263799190521,-0.0014698615330257117,130495.42315922213
769.0266878604889,-0.0015617278788398188,130495.18084329992
769.1265635490417,-0.0029397230660514234,130494.36275896993
769.2266392707825,-0.0022047922995385677,130493.62648307293
769.3264346122742,0.0012861288413974978,130492.96383476564
769.4266567230225,-0.00018373269162821396,130494.16745128907
769.5266208648682,-0.0011942624955833907,130493.95070616016
769.6260449886322,-0.0008267971123269628,130493.95563554415
769.7258148193359,-0.0006430644206987489,130494.56007198973
769.8261504173279,-0.0012861288413974978,130495.20406479077
769.9261412620544,0.0017454605704680327,130494.6836583117
770.026603937149,0.0004593317290705349,130493.21529248053
770.1267499923706,-0.0011023961497692838,130493.39376323248
770.2264401912689,-0.0021129259537244604,130493.95438690923
770.3258509635925,0.0011023961497692838,130493.45894821832
770.425856590271,-0.0017454605704680327,130493.7130533965
770.5266118049622,-0.0022966586453526745,130495.04174805684
770.6266117095947,9.186634581410698e-05,130495.13757325117
770.7260785102844,0.00018373269162821396,130496.02381592605
770.8267669677734,-0.0006430644206987489,130497.52143433345
770.9258327484131,0.00018373269162821396,130498.7692909001
771.0265846252441,-0.00036746538325642793,130498.7923618101
771.125899553299,-0.0009186634581410698,130499.1131256291
771.226633310318,-0.0004593317290705349,130499.70181306619
771.3261988162994,-0.0013779951872116046,130498.93163175957
771.4261963367462,0.0009186634581410698,130499.13846858362
771.5263438224792,-0.0014698615330257117,130499.12462172526
771.6265041828156,0.0005511980748846419,130498.11215955275
771.7258303165436,0.00027559903744232096,130497.70094359748
771.8259990215302,-0.0007349307665128559,130496.83084923774
771.9258749485016,-0.0020210596079103535,130495.74776431397
772.0259776115417,0.0006430644206987489,130495.17298788257
772.1265494823456,-0.0028478567202373166,130494.95568909432
772.2264685630798,-0.0011023961497692838,130494.46012018489
772.3258881568909,-0.0007349307665128559,130493.61410816641
772.4260139465332,-0.00018373269162821396,130492.65269734978
772.526270866394,-0.00018373269162821396,130492.88742761481
772.6261835098267,0.00018373269162821396,130491.69868485334
772.725775718689,0.0016535942246539257,130490.32881636801
772.8257625102997,-0.0034909211409360655,130490.59593473122
772.9260301589966,0.00036746538325642793,130489.73634125809
773.0267992019653,-0.00018373269162821396,130488.76270713228
773.1266577243805,-0.0022966586453526745,130488.18643641906
773.2268233299255,-0.0014698615330257117,130487.46779277716
773.3266892433167,9.186634581410698e-05,130486.92101349944
773.426721572876,0.0015617278788398188,130487.4289121495
773.5267789363861,0.0008267971123269628,130488.28602093455
773.6267023086548,0.0013779951872116046,130486.9574188411
773.7267134189606,9.186634581410698e-05,130486.961676957
773.8267087936401,-0.0007349307665128559,130486.9655092613
773.9256675243378,0.0010105298039551768,130487.16895833518
774.0266740322113,-0.0009186634581410698,130487.15206250167
774.1266305446625,-0.0007349307665128559,130487.1368562515
774.2265932559967,-0.0015617278788398188,130488.02317062636
774.325850725174,0.00018373269162821396,130487.32085356372
774.4261271953583,-0.00036746538325642793,130487.18876820736
774.5264899730682,-0.0022966586453526745,130487.06989138664
774.6265306472778,-0.0010105298039551768,130487.36290224797
774.7260506153107,-0.0018373269162821396,130487.42661202318
774.8265936374664,0.0007349307665128559,130487.68395082086
774.9262037277222,-0.0015617278788398188,130488.81555573878
775.0259919166565,-0.0006430644206987489,130489.93400016491
775.1264061927795,-0.0018373269162821396,130488.84060014843
775.2261688709259,-9.186634581410698e-05,130488.25654013359
775.325986623764,-0.0015617278788398188,130488.53088612024
775.4267776012421,-0.0013779951872116046,130488.47779750821
775.5267469882965,-0.0014698615330257117,130488.93001775739
775.6266043186188,-9.186634581410698e-05,130490.33701598165
775.7265169620514,-0.0005511980748846419,130490.1033143835
775.8262894153595,-0.0012861288413974978,130490.69298294515
775.9266436100006,-0.0008267971123269628,130491.22368465064
776.0264911651611,0.00018373269162821396,130491.40131618558
776.1267304420471,-9.186634581410698e-05,130491.86118456704
776.2266211509705,-0.0011942624955833907,130492.17506611034
776.3258357048035,0.0006430644206987489,130491.95755949931
776.426614522934,-0.0013779951872116046,130490.96180354938
776.526510477066,-0.00027559903744232096,130489.76562319446
776.6263012886047,0.0014698615330257117,130490.08906087502
776.7259452342987,-0.0013779951872116046,130491.28015478751
776.8266847133636,-0.0022047922995385677,130491.35213930876
776.9264326095581,0.0,130489.71692537788
777.026575088501,-0.0005511980748846419,130489.64523284009
777.1264071464539,-0.0011023961497692838,130489.88070955608
777.2260882854462,-0.0022966586453526745,130490.49263860048
777.3264806270599,0.0013779951872116046,130490.54337474045
777.4266085624695,-0.0014698615330257117,130490.08903726641
777.52663397789,-0.0005511980748846419,130489.28013353977
777.6263234615326,0.0,130489.55212018579
777.7266273498535,0.00018373269162821396,130489.59690816721
777.8262577056885,-0.0006430644206987489,130489.7372173505
777.9264371395111,-0.00027559903744232096,130490.26349561545
778.0265576839447,-0.0019291932620962467,130489.93714605391
778.1260962486267,-0.0016535942246539257,130488.84343144853
778.2264947891235,-0.0018373269162821396,130488.45908830369
778.3267590999603,-0.0016535942246539257,130489.11317947332
778.425981760025,0.00027559903744232096,130490.20186152599
778.5263285636902,0.0014698615330257117,130491.18167537339
778.6262805461884,0.0008267971123269628,130492.06350783605
778.7262325286865,-0.0016535942246539257,130491.85715705245
778.8264276981354,-0.0025722576827949956,130492.8714413472
778.9261357784271,0.00036746538325642793,130492.98429721248
779.0264899730682,-0.00027559903744232096,130492.48586749124
779.1263611316681,0.0004593317290705349,130493.63728074211
779.225888967514,-0.00036746538325642793,130494.5735526679
779.3263947963715,0.00036746538325642793,130495.71619740113
779.4260020256042,0.0007349307665128559,130495.64457766102
779.5267174243927,-0.0024803913369808887,130494.28011989492
779.6264367103577,-0.0011942624955833907,130494.45210790544
779.7266616821289,-0.0023885249911667814,130493.0068971149
779.825918674469,-0.0028478567202373166,130492.50620740342
779.9259316921234,-0.00027559903744232096,130491.45558666308
780.0261514186859,-0.0005511980748846419,130491.91002799678
780.1264541149139,-0.0009186634581410698,130491.61902519711
780.2262477874756,0.0008267971123269628,130491.6571226774
780.3267900943756,-0.0012861288413974978,130491.89141040965
780.4262056350708,-0.0016535942246539257,130491.70226936869
780.5259349346161,0.00018373269162821396,130491.03204243182
780.6267392635345,0.00018373269162821396,130490.02883818865
780.7264864444733,-0.0009186634581410698,130489.4259543698
780.826611995697,0.0013779951872116046,130488.58335893282
780.9263882637024,-0.00036746538325642793,130488.42502303954
781.0263419151306,-9.186634581410698e-05,130488.1825207356
781.1264960765839,-0.0018373269162821396,130488.36426866204
781.2259664535522,-0.0013779951872116046,130488.32784179585
781.3266677856445,-0.00036746538325642793,130488.49505761627
781.4264385700226,-0.0006430644206987489,130487.64555185464
781.526478767395,0.0009186634581410698,130487.18099666918
781.6262707710266,-0.0022966586453526745,130487.06289700227
781.7260575294495,0.0011942624955833907,130486.35660730205
781.8258328437805,-0.0004593317290705349,130486.02094657185
781.9262742996216,-0.0030315894118655303,130486.41885191467
782.0266244411469,-0.0038583865241924933,130486.1769667232
782.1258273124695,-0.0013779951872116046,130486.05927005089
782.2261304855347,-0.0018373269162821396,130484.4533430458
782.3266861438751,0.0016535942246539257,130486.00800874122
782.4267356395721,-0.0008267971123269628,130487.00720786711
782.5264115333557,-0.0006430644206987489,130487.7064870804
782.6262497901917,-0.00027559903744232096,130488.13583837236
782.7267248630524,0.00036746538325642793,130487.72225453513
782.8264944553375,0.0009186634581410698,130488.25002908162
782.926500082016,-0.0005511980748846419,130488.92502617347
783.0258603096008,-0.0012861288413974978,130488.03252355613
783.1258492469788,-0.0011023961497692838,130488.82927120052
783.2262721061707,0.0004593317290705349,130487.94634408047
783.3262274265289,-0.0008267971123269628,130488.85170967242
783.4261929988861,-9.186634581410698e-05,130488.46653870518
783.5263338088989,-0.0020210596079103535,130488.71988483467
783.6258409023285,-0.0015617278788398188,130488.94789635121
783.7262952327728,9.186634581410698e-05,130489.3531067161
783.8267018795013,-0.0013779951872116046,130489.7177960445
783.9261677265167,-0.0013779951872116046,130488.74601644005
784.0260500907898,-0.0011023961497692838,130488.67141479606
784.1264278888702,-0.0018373269162821396,130489.20427331646
784.2258982658386,0.0011023961497692838,130488.88384598482
784.3259923458099,-0.0012861288413974978,130490.29546138634
784.4266741275787,0.0007349307665128559,130489.46591524771
784.5262680053711,-0.00027559903744232096,130490.11932372295
784.6261010169983,0.0,130490.00739135066
784.7258157730103,-0.0033071884493078513,130489.5066522156
784.8265011310577,-0.0032153221034937444,130489.95598699403
784.9260981082916,9.186634581410698e-05,130489.66038829462
785.0259020328522,-0.0021129259537244604,130489.39434946516
785.1264262199402,-0.0013779951872116046,130491.15491451864
785.2265985012054,0.0008267971123269628,130490.4394230668
785.3262369632721,-0.0022047922995385677,130491.29548076013
785.4266111850739,0.0005511980748846419,130489.86593268412
785.5267579555511,-0.00027559903744232096,130489.07933941571
785.6266331672668,-0.0022966586453526745,130487.77140547415
785.7267415523529,-9.186634581410698e-05,130488.09426492674
785.8260025978088,-0.0017454605704680327,130487.98483843406
785.9265940189362,-0.0015617278788398188,130487.78635459066
786.0261797904968,-0.0006430644206987489,130487.90771913159
786.1259994506836,0.0006430644206987489,130487.91694721843
786.226556301117,0.0010105298039551768,130488.12525249658
786.3266093730927,-0.00018373269162821396,130487.81272724693
786.4259955883026,-0.0005511980748846419,130488.33145452224
786.5259227752686,-0.0007349307665128559,130489.09830907002
786.6261212825775,0.0004593317290705349,130489.38847816302
786.725959777832,-0.00036746538325642793,130489.54963034672
786.826432466507,-0.00018373269162821396,130489.39466731205
786.9259698390961,-0.0005511980748846419,130489.15520058085
787.0258231163025,-0.0006430644206987489,130489.03968052276
787.1266696453094,-0.0011023961497692838,130489.5357124705
787.2265589237213,-0.0010105298039551768,130489.78214122345
787.3267419338226,-0.0007349307665128559,130488.90392710111
787.425745010376,-0.0004593317290705349,130488.31353439101
787.5258100032806,-0.0015617278788398188,130488.58218095191
787.6266596317291,0.0006430644206987489,130487.72396285672
787.7258155345917,-9.186634581410698e-05,130488.55156657106
787.8260700702667,-0.0013779951872116046,130487.79640991396
787.9261124134064,-0.0008267971123269628,130488.11676892257
788.0264439582825,-0.0007349307665128559,130489.20509203032
788.1258037090302,-0.0004593317290705349,130487.88458282729
788.2257797718048,0.0011942624955833907,130488.29612454456
788.3258762359619,0.0010105298039551768,130487.56651209011
788.4259333610535,0.0014698615330257117,130486.4098608811
788.5261328220367,0.0008267971123269628,130485.868874793
788.6256792545319,9.186634581410698e-05,130484.6819873137
788.725879907608,-0.0006430644206987489,130484.31378858234
788.8260216712952,-0.0018373269162821396,130483.6824097241
788.926105260849,0.0004593317290705349,130484.2141687517
789.025374174118,0.0004593317290705349,130483.19275187654
789.1257228851318,0.0008267971123269628,130482.4734766889
789.2256829738617,-0.0006430644206987489,130483.52612902001
789.3259086608887,-0.00018373269162821396,130484.87351611801
789.4258348941803,0.00036746538325642793,130483.88616450621
789.5263111591339,0.0012861288413974978,130483.99754805559
789.6263949871063,-0.0027559903744232093,130485.29779325002
789.7259259223938,-0.00018373269162821396,130485.06801392502
789.8256545066833,0.0007349307665128559,130486.16121253252
789.9264626502991,-0.0005511980748846419,130486.44509127928
790.0258462429047,0.0012861288413974978,130486.70058215136
790.1261880397797,-9.186634581410698e-05,130487.83052393622
790.2257151603699,-0.0024803913369808887,130489.4474715426
790.3261325359344,0.0,130489.50272438835
790.4259395599365,-0.0019291932620962467,130490.65245194953
790.5258173942566,-0.00027559903744232096,130491.58720675457
790.6259026527405,0.0013779951872116046,130491.92848607912
790.726199388504,-0.0004593317290705349,130491.43563747121
790.8261361122131,-0.0013779951872116046,130492.5920737241
790.9261839389801,-0.00018373269162821396,130493.7328663517
791.026538848877,-0.0022047922995385677,130494.65957971654
791.1278033256531,-0.0009186634581410698,130494.39362174488
791.2259740829468,-0.00018373269162821396,130494.35425957039
791.3260984420776,-0.0005511980748846419,130492.91883361335
791.426194190979,-0.0013779951872116046,130492.52695025201
791.526121377945,-0.0008267971123269628,130491.17425522683
791.6255528926849,-0.0013779951872116046,130490.25682970414
791.726241350174,-0.0014698615330257117,130490.13114673374
791.8258447647095,0.0,130489.01803206035
791.9262359142303,-0.0010105298039551768,130488.31622885432
792.0262868404388,-0.00018373269162821396,130488.8846059689
792.1255986690521,9.186634581410698e-05,130488.696145372
792.226176738739,-0.0017454605704680327,130488.62653083481
792.3258392810822,-0.0004593317290705349,130488.66387775133
792.4259140491486,-0.0016535942246539257,130488.59748997621
792.5265936851501,-0.0013779951872116046,130488.73774097858
792.6261374950409,0.0008267971123269628,130489.36396688073
792.7263777256012,-0.00027559903744232096,130489.62757019265
792.8258748054504,-0.0005511980748846419,130490.96481317338
792.9268362522125,0.0,130491.56833185605
793.0267550945282,0.0011023961497692838,130490.31149867046
793.1263234615326,0.0006430644206987489,130490.6803488034
793.2259657382965,-0.0021129259537244604,130490.61231392306
793.3264911174774,0.0,130489.65108253076
793.4266619682312,-0.0006430644206987489,130489.38597427768
793.5257308483124,0.0015617278788398188,130488.64737684991
793.6261742115021,0.0007349307665128559,130489.68263916494
793.7266614437103,0.00018373269162821396,130489.61437524843
793.8261709213257,-0.0006430644206987489,130489.2529377236
793.9265220165253,-0.0007349307665128559,130489.82764395124
794.026566028595,0.00027559903744232096,130489.94487955612
794.1258358955383,0.0012861288413974978,130490.4503916005
794.2264804840088,0.0019291932620962467,130491.00535244046
794.3267238140106,-0.0007349307665128559,130490.00481719643
794.4258146286011,-0.0012861288413974978,130490.50433547678
794.5266366004944,-0.00036746538325642793,130490.75390192911
794.625729560852,0.0018373269162821396,130490.77851173621
794.7265889644623,-9.186634581410698e-05,130492.3006605626
794.8261098861694,0.0010105298039551768,130492.27059450634
794.9262943267822,-0.0018373269162821396,130493.34353505571
795.0266025066376,-0.0013779951872116046,130493.10918155014
795.1263420581818,-0.0006430644206987489,130492.99826339513
795.2264897823334,0.00027559903744232096,130492.79843705562
795.3266065120697,0.0011023961497692838,130492.41859335007
795.4259796142578,-0.00036746538325642793,130492.77673401507
795.5261180400848,-0.0007349307665128559,130492.99906061357
795.6261358261108,-0.0011023961497692838,130493.79915455222
795.7262420654297,-0.0021129259537244604,130493.119239097
795.8267929553986,-0.00018373269162821396,130493.0073151873
795.9266471862793,0.0006430644206987489,130492.90658366856
796.0260651111603,-0.0014698615330257117,130492.31592530171
796.1259775161743,-0.0011023961497692838,130492.88433277154
796.2265124320984,-0.0018373269162821396,130493.29589949439
796.3266983032227,0.0011023961497692838,130493.36630954494
796.4263832569122,0.0011023961497692838,130493.32967859045
796.5259335041046,-0.00036746538325642793,130494.89671073141
796.6259002685547,0.0008267971123269628,130494.70703965827
796.7266573905945,-0.0019291932620962467,130495.63633569246
796.8261253833771,0.004133985561634814,130495.27270212321
796.926673412323,0.0033071884493078513,130494.2454319109
797.0259876251221,0.008635436506526057,130494.42088871982
797.1261415481567,0.015892877825840507,130493.87879984785
797.2264540195465,0.0262737749028346,130492.79091986307
797.3264029026031,0.024436447986552458,130491.41182787676
797.4265911579132,0.019291932620962467,130491.37064508909
797.5263524055481,0.0021129259537244604,130491.53358058019
797.6264097690582,-0.0006430644206987489,130490.48022252218
797.7264277935028,0.0011942624955833907,130490.63220026996
797.8264634609222,-0.0026641240286091024,130490.06898024297
797.9266769886017,-0.0015617278788398188,130490.96208221867
798.0261468887329,-0.0005511980748846419,130490.5658739968
798.1267657279968,-0.0015617278788398188,130491.20928659712
798.2262077331543,-0.003674653832564279,130491.2883579374
798.3260018825531,0.012218223993276229,130492.25952214366
798.4266703128815,0.03307188449307851,130492.63356992931
798.526513338089,0.03463361237191833,130492.77021293639
798.6267945766449,0.022782853761898533,130493.69319164276
798.7263050079346,0.0027559903744232093,130494.4238724785
798.8264708518982,0.0,130494.18148523064
798.9263427257538,0.0010105298039551768,130495.06333670758
799.0267958641052,-0.0030315894118655303,130493.95700303683
799.1263463497162,0.018740734546077824,130494.66130273316
799.2260265350342,0.05236381711404098,130495.19517245985
799.3263101577759,0.01552541244258408,130495.37565521387
799.4265105724335,-0.0013779951872116046,130496.53808969248
799.5261073112488,-0.00018373269162821396,130497.08428072323
799.6265006065369,-0.0022966586453526745,130496.97585265091
799.7258367538452,0.008084238431641414,130497.67826738581
799.8264291286469,0.04198292003704689,130497.51044064724
799.9266953468323,0.048597296935662594,130496.85939658253
800.0262923240662,0.0381245335128544,130496.97345692429
800.1259531974792,0.02002686338747532,130497.07611123186
800.2260763645172,-0.0027559903744232093,130496.16850010867
800.32674908638,0.00036746538325642793,130496.35165009781
800.4262435436249,-0.00036746538325642793,130496.11648508805
800.5258860588074,0.017546472050494432,130495.30483657925
800.6265692710876,0.07202321511825988,130493.87435292134
800.7258932590485,0.09223381119736342,130493.68691762921
800.8264784812927,0.08001558720408718,130493.51822586628
800.9266283512115,0.042074786382860996,130493.96640327966
801.0263860225677,-0.0027559903744232093,130493.76976295169
801.1266832351685,-0.0028478567202373166,130493.19278665652
801.2265388965607,0.0011942624955833907,130493.97350799089
801.3259747028351,-0.00027559903744232096,130493.8761571918
801.4263472557068,0.00018373269162821396,130493.98854147262
801.5258321762085,0.02223165568701389,130493.98968732535
801.6261563301086,0.053741812301252585,130493.2907185928
801.7265892028809,0.05484420845102187,130491.96164673353
801.8260388374329,0.05475234210520776,130492.26548206017
801.926168680191,0.0513532873100858,130493.53893385416
802.0266280174255,0.05585473825497705,130493.28504046875
802.1264939308167,0.05429301037613723,130493.85653642187
802.2267560958862,0.01488234802188533,130493.47088277969
802.3266997337341,-0.014698615330257117,130491.12379450172
802.4261698722839,-0.007165574973500345,130490.31141505155
802.525949716568,0.0027559903744232093,130489.0802735464
802.6267366409302,0.025998175865392277,130488.07224619176
802.7262828350067,0.056681535367304005,130487.76502157259
802.8266448974609,0.07413614107198434,130487.28851941534
802.9263579845428,0.09232567754317751,130486.9596674738
803.0261700153351,0.0842414391115361,130485.46370072642
803.1260185241699,0.043360915224258494,130484.01733065379
803.2262654304504,0.009186634581410698,130484.01559758841
803.32585978508,0.0,130484.31403782956
803.4264562129974,-0.0021129259537244604,130484.8826340466
803.5265233516693,-0.00881916919815427,130486.09437064195
803.6259932518005,0.013871818217930154,130486.38493357776
803.7265815734863,0.05934565939591311,130485.74644021998
803.8261439800262,0.09103954870178002,130485.97179619799
803.9265613555908,0.08956968716875431,130486.07461657819
804.026780128479,0.09544913330085715,130486.76715492038
804.1260499954224,0.048689163281476704,130485.89043942835
804.2264902591705,0.0034909211409360655,130486.30139548551
804.3261640071869,-0.013871818217930154,130486.77125593697
804.4263005256653,-0.012034491301648015,130487.99413034329
804.5263724327087,0.04271785080355975,130487.59471730897
804.6263227462769,0.10867788709808857,130487.73524557808
804.7262353897095,0.11565972937996069,130487.36172102028
804.825893163681,0.064398308415689,130488.22554891826
804.926038980484,0.0027559903744232093,130488.40299402643
805.0260543823242,-0.011207694189321053,130489.06269462379
805.1260435581207,-0.01368808552630194,130490.35642516142
805.2267875671387,-0.005879446132102847,130490.52078264527
805.3260862827301,-0.006889975936058024,130491.16870438075
805.4267570972443,-0.0022966586453526745,130490.95183394267
805.5264608860016,-0.0061550451695451674,130490.45665054841
805.6261701583862,-0.0022966586453526745,130489.41098549357
805.7258772850037,-0.0013779951872116046,130489.36988694422
805.8266170024872,-0.00027559903744232096,130488.7328982498
805.9265270233154,0.0,130488.95960842483
806.026002407074,-0.0018373269162821396,130488.56364758236
806.1266839504242,-9.186634581410698e-05,130487.40728282412
806.2260925769806,-0.00036746538325642793,130486.76655454171
806.3258440494537,-0.0008267971123269628,130486.58989908754
806.4265427589417,0.00018373269162821396,130485.93090917879
806.5265197753906,-0.0015617278788398188,130485.63781826092
806.6258425712585,0.0007349307665128559,130485.07403643483
806.7267563343048,0.0004593317290705349,130485.16663279136
806.8263876438141,-0.0011023961497692838,130485.64996951222
806.9263277053833,-0.0004593317290705349,130486.884972561
807.026713848114,-0.0012861288413974978,130486.49647530491
807.1264126300812,-0.0020210596079103535,130486.14682777443
807.2266268730164,-0.00018373269162821396,130486.932144997
807.3260595798492,-0.0011023961497692838,130486.5389304973
807.42635679245,-0.0011942624955833907,130485.68503744758
807.5261018276215,0.0008267971123269628,130486.91653370282
807.6259381771088,-0.00027559903744232096,130487.62488033256
807.7265517711639,-0.0008267971123269628,130487.1623922993
807.8261027336121,-0.0011023961497692838,130487.24615306938
807.9263956546783,-0.0009186634581410698,130487.32153776244
808.0261957645416,-0.0011023961497692838,130486.3893839862
808.1265110969543,-0.0020210596079103535,130487.05044558758
808.2267580032349,-0.0005511980748846419,130488.14540102883
808.3260324001312,-0.0012861288413974978,130487.93086092596
808.4261379241943,0.00018373269162821396,130487.43777483336
808.5260961055756,-0.0016535942246539257,130486.29399735003
808.6258144378662,0.0,130486.56459761504
808.7257096767426,-0.0009186634581410698,130487.00813785354
808.826367855072,-0.00036746538325642793,130486.50732406818
808.9265143871307,9.186634581410698e-05,130487.45659166136
809.0260615348816,-0.0018373269162821396,130487.61093249524
809.1257784366608,-0.0011023961497692838,130486.34983924573
809.2266132831573,0.0022047922995385677,130486.21485532116
809.3265745639801,-0.00036746538325642793,130485.99336978904
809.4258749485016,-0.0008267971123269628,130485.99403281014
809.5265624523163,-0.0004593317290705349,130485.49462952913
809.626293182373,-0.0006430644206987489,130485.14516657621
809.7262198925018,0.0005511980748846419,130485.0306499186
809.8262910842896,-0.0025722576827949956,130483.72758492673
809.9267702102661,-0.0004593317290705349,130483.65482643407
810.0265891551971,0.00027559903744232096,130482.78934379066
810.1259145736694,0.0006430644206987489,130482.0104094116
810.2265472412109,0.0013779951872116046,130483.50936847043
810.326663017273,-0.0034909211409360655,130484.2584316234
810.4263739585876,0.0018373269162821396,130482.83258846107
810.5260338783264,-0.0013779951872116046,130483.54932961497
810.6262400150299,0.0012861288413974978,130482.99439665348
810.7257657051086,9.186634581410698e-05,130483.29495698813
810.8267602920532,0.0006430644206987489,130482.76546128932
810.9263513088226,0.0005511980748846419,130482.4889151604
811.0263073444366,-0.0005511980748846419,130483.44002364436
811.1264791488647,-0.0017454605704680327,130483.89602127993
811.2268223762512,0.0012861288413974978,130483.80641915194
811.3263857364655,-0.0013779951872116046,130485.22577723674
811.426274061203,0.0004593317290705349,130486.40319951306
811.5257992744446,-9.186634581410698e-05,130486.36287956177
811.6266026496887,-0.0013779951872116046,130486.0265916056
811.7261323928833,-9.186634581410698e-05,130485.22393244503
811.8259105682373,-0.003399054795121958,130485.60153920052
811.9260611534119,0.0004593317290705349,130486.14138528048
812.0261232852936,-0.0019291932620962467,130486.12724675244
812.126590013504,0.00036746538325642793,130486.6145220772
812.226122379303,0.0021129259537244604,130487.45306986949
812.3264260292053,0.0018373269162821396,130486.80776288254
812.4263319969177,-0.00018373269162821396,130486.7269865943
812.5257458686829,0.0007349307665128559,130487.35428793487
812.626692533493,-0.0006430644206987489,130487.61885914138
812.7259347438812,-0.0015617278788398188,130488.35697322724
812.8266398906708,0.0014698615330257117,130488.12127590453
812.9258358478546,-0.0013779951872116046,130488.90914831408
813.0263628959656,-0.0012861288413974978,130488.41823348266
813.1266398429871,-0.0007349307665128559,130488.6764101344
813.226145029068,-0.00036746538325642793,130489.20876912097
813.3263583183289,-0.0012861288413974978,130488.58789220889
813.4262509346008,-0.00018373269162821396,130488.429102988
813.5265815258026,-0.0006430644206987489,130488.3861926892
813.6258509159088,0.0006430644206987489,130488.74757342027
813.7264919281006,-0.0024803913369808887,130489.47281607825
813.8266515731812,0.0015617278788398188,130490.02553447043
813.9261770248413,-0.0010105298039551768,130491.12298102339
814.026686668396,0.0004593317290705349,130490.41068292107
814.1259894371033,0.00036746538325642793,130491.16961462896
814.2265532016754,0.0007349307665128559,130491.65265316608
814.326628446579,-0.00018373269162821396,130491.28738784947
814.4261901378632,0.0010105298039551768,130491.25864906453
814.525787115097,0.0011942624955833907,130491.63278415808
814.6259813308716,0.00018373269162821396,130493.26950574228
814.7264008522034,-0.0011942624955833907,130493.64255516806
814.8263366222382,0.0020210596079103535,130493.77829965125
814.925793170929,9.186634581410698e-05,130494.50046968614
815.0261299610138,0.0008267971123269628,130494.95042271752
815.126060962677,0.0022966586453526745,130495.25538044577
815.2265694141388,-0.0010105298039551768,130494.7298424012
815.3263666629791,-0.0018373269162821396,130494.55685816109
815.4268152713776,-0.0010105298039551768,130493.80117234497
815.5261857509613,-0.0011023961497692838,130494.22105511048
815.6260738372803,0.0007349307665128559,130493.59894959944
815.726292848587,-0.0023885249911667814,130493.83905463951
815.8266818523407,-0.0013779951872116046,130493.75514917556
815.9264941215515,0.0012861288413974978,130492.97963425801
816.0267288684845,0.0010105298039551768,130493.28167083222
816.1263272762299,0.00027559903744232096,130492.753503749
816.2264370918274,-0.0010105298039551768,130492.57815337411
816.3265199661255,0.0010105298039551768,130491.92033803671
816.4259893894196,0.0005511980748846419,130491.52830423304
816.5263185501099,0.0,130490.57547380973
816.6266138553619,0.0017454605704680327,130490.91792642875
816.7263402938843,-0.0008267971123269628,130490.22613378588
816.8257350921631,-0.0015617278788398188,130490.40352040729
816.9267427921295,0.0014698615330257117,130490.46316836656
817.0261034965515,-0.0021129259537244604,130491.3168515299
817.1266720294952,0.00018373269162821396,130492.98516637692
817.2261679172516,0.00036746538325642793,130494.78664973924
817.3263969421387,0.0,130494.40798476532
817.4267179965973,0.0015617278788398188,130494.86718628879
817.5260376930237,-0.0009186634581410698,130495.58046765991
817.6266539096832,-0.0009186634581410698,130494.72242089392
817.726371049881,0.0007349307665128559,130494.75017880452
817.8265511989594,-0.0011942624955833907,130494.87516092407
817.9260494709015,-0.00018373269162821396,130494.48764483168
818.0260000228882,-0.0011023961497692838,130495.63888034852
818.1263349056244,-0.0011942624955833907,130495.07499231366
818.2265794277191,-0.0007349307665128559,130495.2674930823
818.3261487483978,-0.0012861288413974978,130495.04074377408
818.4265229701996,-0.0004593317290705349,130495.03666939668
818.5258803367615,-0.0008267971123269628,130495.43300245702
818.6263499259949,0.0006430644206987489,130495.38970221132
818.7261877059937,-0.0005511980748846419,130495.6507319902
818.8261868953705,-0.0007349307665128559,130495.08565879118
818.9263134002686,-0.0011023961497692838,130494.27709291206
819.0265760421753,0.0009186634581410698,130494.34938362085
819.1266477108002,-0.0009186634581410698,130494.61444525876
819.2267258167267,0.0,130494.95300073289
819.326751947403,-0.0005511980748846419,130496.4577006596
819.4268777370453,0.0014698615330257117,130496.01193059364
819.5260684490204,0.0010105298039551768,130495.71073753427
819.6262054443359,0.00018373269162821396,130497.33966378085
819.7265293598175,-0.0010105298039551768,130496.20569740277
819.8259828090668,0.0007349307665128559,130496.58512766249
819.9265613555908,0.0008267971123269628,130496.82661489624
820.0262765884399,0.00018373269162821396,130496.64395340662
820.1262719631195,0.0033071884493078513,130495.37955806596
820.2259085178375,-0.0006430644206987489,130494.94160225938
820.3263297080994,0.0013779951872116046,130494.34744203344
820.425990819931,-0.0025722576827949956,130494.91269783009
820.5262820720673,0.0004593317290705349,130494.2214280471
820.6259553432465,0.0005511980748846419,130493.0992852424
820.7267479896545,0.0032153221034937444,130490.88935671817
820.8259980678558,0.0012861288413974978,130490.20042104635
820.9263269901276,-0.00027559903744232096,130490.28037894172
821.0258412361145,0.0006430644206987489,130490.35234104756
821.1263785362244,0.0,130490.5171069428
821.2259333133698,-0.0013779951872116046,130490.26539624853
821.3258922100067,-0.0017454605704680327,130491.73885662368
821.4268915653229,-0.0004593317290705349,130492.5649709613
821.525927066803,0.0008267971123269628,130491.50847386518
821.6267852783203,-0.0007349307665128559,130491.45762647867
821.7261846065521,-0.0016535942246539257,130491.61186383081
821.8263370990753,0.0006430644206987489,130491.45067744773
821.9268746376038,-0.0004593317290705349,130492.10560970297
822.0264127254486,-0.0014698615330257117,130491.99504873267
822.1263892650604,0.0012861288413974978,130491.7955438594
822.2258698940277,0.00018373269162821396,130491.51598947347
822.3263318538666,-0.0006430644206987489,130491.16439052613
822.4266815185547,-0.0014698615330257117,130489.94795147353
822.5267221927643,0.00018373269162821396,130489.15315632618
822.6267898082733,-0.0015617278788398188,130487.93784069356
822.7258908748627,-0.0004593317290705349,130486.8440566242
822.826297044754,-0.00036746538325642793,130487.35965096178
822.9262504577637,-0.0010105298039551768,130488.0236858656
823.0267195701599,-0.0020210596079103535,130488.22131727904
823.1263177394867,0.00036746538325642793,130488.39918555114
823.2262060642242,-0.0008267971123269628,130488.75926699603
823.326625585556,-0.0005511980748846419,130488.18334029643
823.4267315864563,-0.00018373269162821396,130488.36500626679
823.5261216163635,-0.0014698615330257117,130488.7285056401
823.6261205673218,-0.00036746538325642793,130490.5556550761
823.7257394790649,-0.0011942624955833907,130492.20008956849
823.826345205307,-0.0007349307665128559,130492.58008061165
823.9259915351868,-0.0004593317290705349,130492.72207255047
824.0259139537811,-0.0012861288413974978,130492.84986529543
824.126163482666,0.00027559903744232096,130493.56487876589
824.2261564731598,0.00018373269162821396,130493.2083908893
824.3262648582458,-9.186634581410698e-05,130492.68755180037
824.4265687465668,0.0004593317290705349,130494.11879662033
824.526341676712,0.0006430644206987489,130493.7069169583
824.6265213489532,-9.186634581410698e-05,130492.33622526246
824.7260119915009,-9.186634581410698e-05,130491.10260273622
824.8258690834045,-0.0012861288413974978,130490.1923424626
824.926634311676,0.0010105298039551768,130488.77310821635
825.0266790390015,-0.0004593317290705349,130489.09579739472
825.1261894702911,-0.0004593317290705349,130489.18621765525
825.2263295650482,-0.0004593317290705349,130489.16759588974
825.3263282775879,-0.0004593317290705349,130489.85083630077
825.4265177249908,0.0007349307665128559,130491.1657526707
825.525908946991,0.0020210596079103535,130491.84917740364
825.6264364719391,-0.0007349307665128559,130492.76425966328
825.7264761924744,-0.00027559903744232096,130491.48783369696
825.826406955719,0.0004593317290705349,130491.73905032728
825.926723241806,-0.0038583865241924933,130491.76514529454
826.0261585712433,-0.0017454605704680327,130491.3886307651
826.1262907981873,0.0020210596079103535,130492.14976768859
826.2261724472046,-0.0015617278788398188,130490.83479091973
826.3260123729706,0.00018373269162821396,130490.55131182776
826.4259424209595,0.0005511980748846419,130490.59618064499
826.5266540050507,0.0010105298039551768,130490.3365625805
826.6263523101807,0.00036746538325642793,130489.80290632245
826.7264747619629,-0.00027559903744232096,130490.5226156902
826.826318025589,0.0020210596079103535,130490.8703541212
826.9267361164093,9.186634581410698e-05,130490.58331870909
827.0267796516418,-0.0038583865241924933,130490.42498683819
827.1259622573853,-0.0011023961497692838,130490.28248815436
827.2264778614044,-0.0007349307665128559,130490.55423933893
827.3260834217072,-0.0016535942246539257,130490.29881540504
827.4267292022705,-0.0005511980748846419,130490.56893386455
827.5267970561981,0.00036746538325642793,130489.91204047808
827.626549243927,-0.0006430644206987489,130489.62083643027
827.7266511917114,0.0004593317290705349,130489.75875278725
827.8260796070099,0.0006430644206987489,130489.78287750854
827.9268338680267,0.0007349307665128559,130488.90458975769
828.0261120796204,0.0023885249911667814,130489.61413078192
828.1261918544769,-0.0005511980748846419,130489.75271770374
828.2264819145203,-0.0004593317290705349,130490.77744593337
828.3258147239685,-0.0014698615330257117,130490.89970134004
828.4258961677551,0.0010105298039551768,130491.70973120604
828.5267238616943,-0.0019291932620962467,130492.13875808544
828.6266674995422,-0.0011942624955833907,130491.82488227691
828.726765871048,-9.186634581410698e-05,130491.74239404923
828.826651096344,-0.0012861288413974978,130491.4681546443
828.9264476299286,0.0,130491.22133917987
829.0261120796204,0.00018373269162821396,130491.69920526189
829.126816034317,-0.0009186634581410698,130492.82928473571
829.2266714572906,0.0004593317290705349,130492.04635626214
829.3262226581573,0.0011023961497692838,130492.54172063593
829.4264895915985,-0.0018373269162821396,130493.98754857233
829.5265247821808,-0.0014698615330257117,130494.5887937151
829.6262340545654,0.0018373269162821396,130494.7299143436
829.7266266345978,-0.00027559903744232096,130494.25692290923
829.8267917633057,-0.0026641240286091024,130495.73123061832
829.9266874790192,-0.0013779951872116046,130496.15810755649
830.0262389183044,0.0007349307665128559,130496.24229680085
830.1259725093842,0.0,130497.31806712077
830.2258265018463,-0.0007349307665128559,130496.88626040869
830.3265552520752,-0.0005511980748846419,130496.89763436782
830.426472902298,-0.0021129259537244604,130497.20787093104
830.5262486934662,0.0013779951872116046,130497.28708383795
830.6258504390717,0.00027559903744232096,130497.95837545415
830.7265722751617,0.0012861288413974978,130498.26253790874
830.8261914253235,-0.0011942624955833907,130497.23628411787
830.9267807006836,-0.0007349307665128559,130498.31265570609
831.0266859531403,-0.0009186634581410698,130497.38139013547
831.1264204978943,-0.0006430644206987489,130497.04325112194
831.226443529129,-0.0011942624955833907,130496.13892600975
831.3268401622772,0.0015617278788398188,130496.12503340878
831.4265732765198,0.0014698615330257117,130496.7125300679
831.5265340805054,0.0010105298039551768,130496.34127706112
831.6265721321106,0.0004593317290705349,130496.207149355
831.7264492511749,-0.0011942624955833907,130495.6864344195
831.8259229660034,-0.0009186634581410698,130496.41779097756
831.9266159534454,-0.0022047922995385677,130496.7760118798
832.026349067688,0.0,130497.19841069182
832.1264021396637,0.0,130497.97856962265
832.2257714271545,-0.0012861288413974978,130498.18071266038
832.3262891769409,0.0008267971123269628,130497.36264139434
832.4265897274017,-0.0031234557576796376,130496.32637725491
832.5264775753021,-0.0008267971123269628,130494.99373952943
832.6265432834625,9.186634581410698e-05,130494.19436557648
832.7266898155212,0.0010105298039551768,130493.87492901884
832.8265314102173,-0.0004593317290705349,130493.68743611696
832.9257950782776,0.0011023961497692838,130494.71869250527
833.0260462760925,0.0013779951872116046,130494.54682325474
833.1264147758484,0.00036746538325642793,130495.29214092926
833.2262597084045,0.00027559903744232096,130495.06292683634
833.3264458179474,0.0016535942246539257,130495.65663415272
833.4261050224304,-9.186634581410698e-05,130496.19097073746
833.5259127616882,-0.0010105298039551768,130496.27187366372
833.6264646053314,-0.0019291932620962467,130495.74468629736
833.7264676094055,0.0010105298039551768,130496.47021766762
833.8266994953156,-0.0020210596079103535,130496.62319590086
833.9259672164917,0.0004593317290705349,130496.56087631077
834.0261056423187,-0.0005511980748846419,130496.8047886797
834.1264269351959,-0.00036746538325642793,130496.72430981173
834.2258989810944,-0.0017454605704680327,130497.55187883056
834.3263392448425,0.00018373269162821396,130497.4966909475
834.4260687828064,0.0008267971123269628,130495.34702185277
834.5275230407715,-0.0019291932620962467,130496.01231966748
834.6258924007416,0.0005511980748846419,130496.81108770074
834.7267060279846,-0.0014698615330257117,130497.42997893067
834.8262796401978,-0.00036746538325642793,130497.78698103761
834.9265823364258,-0.0006430644206987489,130498.00828293385
835.0261540412903,-0.00036746538325642793,130496.60745464047
835.1265294551849,-0.0015617278788398188,130497.34670917643
835.2265331745148,0.0006430644206987489,130497.0120382588
835.3263320922852,0.0030315894118655303,130497.61083443293
835.4266107082367,-0.0006430644206987489,130497.64975098964
835.5260493755341,0.00018373269162821396,130498.48477589068
835.6260998249054,-0.0010105298039551768,130498.73629830162
835.7267055511475,-0.0011942624955833907,130496.96266847146
835.8267915248871,-0.0010105298039551768,130496.66640162433
835.9263372421265,-0.00018373269162821396,130496.59976146191
836.026439666748,0.0008267971123269628,130496.43978531573
836.1258015632629,0.00027559903744232096,130495.99580678415
836.226612329483,9.186634581410698e-05,130496.79622610574
836.326406955719,-0.003674653832564279,130496.41660349518
836.4261429309845,-0.0012861288413974978,130494.67494314566
836.5262932777405,0.0020210596079103535,130495.20744883109
836.6261475086212,-0.0020210596079103535,130495.08670394798
836.7264363765717,-0.0011942624955833907,130495.77803355319
836.8264887332916,-0.0011023961497692838,130497.20023019786
836.9264404773712,0.0010105298039551768,130495.58020717809
837.0262393951416,9.186634581410698e-05,130495.82218646028
837.1265811920166,-0.00036746538325642793,130497.23996781425
837.2265026569366,0.0020210596079103535,130496.81597103283
837.3266124725342,0.0006430644206987489,130495.63437392956
837.4268329143524,0.0006430644206987489,130494.7709365366
837.5259435176849,-0.0009186634581410698,130495.09384288295
837.6260724067688,-0.0022047922995385677,130496.28445859466
837.7259328365326,-0.0014698615330257117,130496.05601273521
837.8264129161835,0.00018373269162821396,130495.55041146169
837.9259376525879,0.00027559903744232096,130495.49537031552
838.0259988307953,-0.0011023961497692838,130497.44583328397
838.1260459423065,-0.0010105298039551768,130498.10124995557
838.2260048389435,-0.00036746538325642793,130497.99112496001
838.3267259597778,-0.0025722576827949956,130498.79201246402
838.4265565872192,0.0008267971123269628,130499.31281121762
838.526193857193,0.0009186634581410698,130500.28153009588
838.6262605190277,-0.0013779951872116046,130500.1533770863
838.7263474464417,0.0004593317290705349,130500.03803937769
838.825915813446,0.0009186634581410698,130500.03423543992
838.9267072677612,-0.00036746538325642793,130499.83081189592
839.026109457016,9.186634581410698e-05,130499.44773070634
839.1260986328125,-0.0018373269162821396,130498.80295763571
839.2266592979431,0.0006430644206987489,130498.62266187214
839.3267080783844,0.00036746538325642793,130497.36039568494
839.426590681076,9.186634581410698e-05,130498.42435611645
839.5259895324707,-0.0004593317290705349,130499.7819205048
839.6264543533325,-0.0006430644206987489,130499.00372845432
839.7260904312134,0.0010105298039551768,130498.6033556089
839.8258831501007,-0.0015617278788398188,130499.043020048
839.9261293411255,0.0008267971123269628,130498.53871804322
840.0265700817108,-0.0015617278788398188,130498.5848462389
840.1268010139465,0.0004593317290705349,130497.72636161502
840.2259149551392,-0.0009186634581410698,130498.1537254535
840.326673746109,-0.0006430644206987489,130496.63835290816
840.4259750843048,-0.0005511980748846419,130495.57451761735
840.5264091491699,-0.0006430644206987489,130496.21706585561
840.6264069080353,-0.0004593317290705349,130496.29535927005
840.7261247634888,-0.0009186634581410698,130496.06582334306
840.8263499736786,-0.0009186634581410698,130495.75924100875
840.9258255958557,-0.0023885249911667814,130495.28331690788
841.0261204242706,-0.00027559903744232096,130494.8549852171
841.1261923313141,-0.0020210596079103535,130495.76948669538
841.2263674736023,0.0005511980748846419,130496.19253802585
841.3265991210938,0.0012861288413974978,130497.77328422327
841.426863193512,-0.0006430644206987489,130497.59595580095
841.5258767604828,0.00027559903744232096,130497.03636022085
841.6265866756439,0.0008267971123269628,130496.63272419877
841.725967168808,0.00036746538325642793,130495.86945177891
841.8266088962555,-0.0004593317290705349,130496.48250660102
841.9261193275452,-0.0017454605704680327,130495.53425594092
842.0262105464935,0.00027559903744232096,130495.48083034683
842.1261601448059,0.00027559903744232096,130495.23274731215
842.2259840965271,0.0015617278788398188,130497.10947258095
842.3257653713226,-0.00027559903744232096,130496.79852532287
842.4266645908356,0.0,130496.61867279059
842.5264291763306,0.0028478567202373166,130496.45680551154
842.625816822052,-0.0007349307665128559,130496.01112496038
842.726122379303,-0.0020210596079103535,130497.11001246434
842.8267214298248,-9.186634581410698e-05,130497.89901121792
842.9266219139099,0.0025722576827949956,130497.20911009613
843.026139497757,-9.186634581410698e-05,130497.08819908652
843.1267502307892,0.0,130496.87937917787
843.2266552448273,-0.00018373269162821396,130496.2914412601
843.3263554573059,0.0014698615330257117,130495.56229713408
843.426609992981,-0.0022966586453526745,130495.70606742067
843.5265603065491,0.0024803913369808887,130495.3354606786
843.626621723175,-0.0004593317290705349,130494.00191461074
843.7261214256287,9.186634581410698e-05,130493.30172314966
843.8261079788208,-0.0022047922995385677,130493.4715508347
843.926266670227,-0.00036746538325642793,130493.42439575124
844.0264866352081,-0.00018373269162821396,130494.78195617611
844.1264808177948,0.0011023961497692838,130495.2037605585
844.2259283065796,-0.0010105298039551768,130494.98338450266
844.326723575592,0.0009186634581410698,130494.8850460524
844.4261291027069,0.0004593317290705349,130493.39654144716
844.5261476039886,0.00018373269162821396,130494.45688730245
844.6260602474213,0.0007349307665128559,130495.91119857223
844.7263042926788,-0.0023885249911667814,130495.92007871502
844.8262224197388,0.00036746538325642793,130497.32807084352
844.9261019229889,0.00027559903744232096,130497.89526375917
845.0259685516357,-0.0014698615330257117,130497.60573738326
845.1258325576782,-0.0020210596079103535,130498.34516364493
845.2266030311584,-9.186634581410698e-05,130498.51064728045
845.325868844986,-9.186634581410698e-05,130499.0595825524
845.4266691207886,0.0005511980748846419,130499.75362429717
845.5262258052826,-0.0004593317290705349,130500.17826186746
845.6260621547699,0.0005511980748846419,130499.96043568072
845.7260332107544,-0.0011023961497692838,130500.56439211266
845.8258409500122,-0.00027559903744232096,130499.10795290141
845.9260096549988,0.0004593317290705349,130499.89715761127
846.0258591175079,0.0,130499.70744185014
846.1264839172363,-0.00027559903744232096,130500.13669766512
846.2262759208679,-0.0015617278788398188,130499.5230278986
846.3262193202972,0.0007349307665128559,130499.17072510875
846.4261591434479,0.0009186634581410698,130498.75365259788
846.5262384414673,-0.0017454605704680327,130497.8782873381
846.6265501976013,-0.0004593317290705349,130497.09045860429
846.7263770103455,0.0005511980748846419,130496.58141274386
846.8264701366425,-0.0014698615330257117,130496.62327146948
846.9266014099121,-0.0005511980748846419,130495.66094432253
847.026353597641,0.0005511980748846419,130495.6948498903
847.126620054245,0.0007349307665128559,130495.42536490127
847.2263803482056,-0.0007349307665128559,130494.78282841115
847.3258383274078,0.0006430644206987489,130495.00454557003
847.426234960556,0.00027559903744232096,130493.40409101304
847.525940656662,-0.0006430644206987489,130493.36368191174
847.6267638206482,-0.0018373269162821396,130494.82731372057
847.7258920669556,0.0007349307665128559,130495.7445823485
847.8262512683868,0.00036746538325642793,130497.17012411366
847.9268524646759,-0.0006430644206987489,130497.5531117023
848.0259158611298,-0.00018373269162821396,130497.49780053207
848.1267261505127,-0.0013779951872116046,130496.84802047888
848.2264587879181,0.0,130497.563218431
848.3266923427582,-0.0025722576827949956,130497.1068965879
848.426308631897,-0.00036746538325642793,130495.8962069291
848.5267667770386,-0.0007349307665128559,130495.1065862362
848.626101732254,-0.0015617278788398188,130495.79592761258
848.7267088890076,0.0005511980748846419,130497.01633485133
848.8259720802307,0.0007349307665128559,130496.8147013662
848.9262063503265,-0.00036746538325642793,130497.23323122958
849.0262670516968,0.00027559903744232096,130497.30990810662
849.1265804767609,0.0006430644206987489,130498.17891729597
849.226113319397,-0.0004593317290705349,130497.36102556638
849.3267509937286,0.00018373269162821396,130497.92492300975
849.425968170166,0.0006430644206987489,130497.93243070878
849.5263001918793,0.0011942624955833907,130498.23918763791
849.625904083252,0.00036746538325642793,130498.21526887412
849.7260076999664,-0.0007349307665128559,130497.69374198672
849.8267245292664,0.0009186634581410698,130498.92436778804
849.9265029430389,-0.0009186634581410698,130499.33193100925
850.0261580944061,0.0009186634581410698,130500.59873790832
850.125940322876,9.186634581410698e-05,130499.93886411749
850.2262299060822,0.0021129259537244604,130500.04497770575
850.3262720108032,-9.186634581410698e-05,130499.94047993518
850.4259071350098,-0.0009186634581410698,130500.24643194166
850.5261533260345,0.00018373269162821396,130499.9217887475
850.6266973018646,0.0023885249911667814,130498.22960987275
850.7259957790375,0.0009186634581410698,130497.40664888547
850.8265111446381,0.0013779951872116046,130498.26598399693
850.9259560108185,-0.0013779951872116046,130498.73938559723
851.0259919166565,0.00027559903744232096,130498.96544703752
851.1263382434845,-0.00018373269162821396,130498.56890233378
851.2265906333923,0.0024803913369808887,130498.0120121004
851.3259217739105,-0.0015617278788398188,130498.11081089036
851.425954580307,-0.00018373269162821396,130498.39972980133
851.5260887145996,0.00018373269162821396,130498.1597568212
851.6265511512756,-0.0009186634581410698,130497.6437811391
851.7259614467621,-0.0010105298039551768,130495.9794030252
851.8262240886688,-0.0006430644206987489,130495.88146272268
851.9266035556793,-0.0010105298039551768,130494.89331645043
852.0265729427338,-0.0011942624955833907,130494.60398480538
852.1259377002716,-0.00018373269162821396,130495.94358632485
852.2263808250427,-0.0013779951872116046,130495.34922769236
852.3261163234711,-0.0013779951872116046,130495.11430492313
852.4264392852783,-0.0023885249911667814,130495.70287443083
852.5266907215118,-0.00027559903744232096,130494.93258698775
852.6259727478027,-0.0019291932620962467,130493.83932828897
852.7259571552277,0.0004593317290705349,130494.15539546008
852.8259851932526,-9.186634581410698e-05,130494.43985591407
852.9267930984497,-0.0011023961497692838,130493.09587032266
853.0261359214783,0.0011942624955833907,130493.08628329041
853.1267554759979,-0.0023885249911667814,130492.67765496139
853.2258839607239,0.0016535942246539257,130493.50988946526
853.3260962963104,-0.0006430644206987489,130494.25890051875
853.4260725975037,0.0013779951872116046,130496.33301046687
853.5264089107513,-0.0008267971123269628,130496.39970942018
853.6267108917236,0.0014698615330257117,130494.85973847816
853.7262332439423,0.00027559903744232096,130494.07376463035
853.8265519142151,-0.0014698615330257117,130493.96638816732
853.9260687828064,0.0005511980748846419,130493.36974935059
854.0267367362976,-0.0010105298039551768,130493.03277441554
854.1262521743774,-0.0010105298039551768,130493.629496974
854.2267632484436,9.186634581410698e-05,130493.8665472766
854.3267607688904,-0.0005511980748846419,130494.07989254895
854.4265823364258,0.00027559903744232096,130494.17190329406
854.5260765552521,-0.0006430644206987489,130492.75471296466
854.6265263557434,-0.00018373269162821396,130492.47924166819
854.7260551452637,0.0011942624955833907,130492.93131750137
854.8266642093658,-0.0004593317290705349,130492.83818575123
854.9264092445374,-0.00027559903744232096,130493.35436717611
855.0265667438507,0.0004593317290705349,130492.91893045852
855.1266729831696,0.0004593317290705349,130492.52703741266
855.2259199619293,-0.00036746538325642793,130492.5743336714
855.3266808986664,0.00018373269162821396,130491.51690030425
855.4263410568237,0.00027559903744232096,130489.46521027383
855.5264909267426,0.0014698615330257117,130490.01868924646
855.6261720657349,-0.00018373269162821396,130490.41682032181
855.7262222766876,-0.0023885249911667814,130490.57513828963
855.8266735076904,-0.00018373269162821396,130489.71762446067
855.9264013767242,0.0004593317290705349,130489.2458620146
856.0266089439392,-0.0020210596079103535,130489.92127581315
856.1258957386017,-0.00018373269162821396,130490.52914823184
856.2266886234283,-0.0017454605704680327,130490.67623340865
856.3263101577759,0.0023885249911667814,130491.2086100678
856.426908493042,-0.0025722576827949956,130491.18774906102
856.5266547203064,-0.0016535942246539257,130491.06897415491
856.6264407634735,-0.0020210596079103535,130490.86207673943
856.7264082431793,-0.0004593317290705349,130489.67586906548
856.8265242576599,9.186634581410698e-05,130489.00828215895
856.9262120723724,0.00018373269162821396,130488.60745394306
857.0260856151581,0.0009186634581410698,130489.04670854876
857.1265225410461,0.0004593317290705349,130487.64203769389
857.226485490799,0.0021129259537244604,130487.47783392451
857.3264064788818,-0.00036746538325642793,130487.03005053206
857.4267234802246,0.00027559903744232096,130487.42704547886
857.5265963077545,-0.0011942624955833907,130487.68434093098
857.6265215873718,0.0018373269162821396,130487.51590683789
857.7263312339783,-0.0011023961497692838,130487.4643161541
857.8264944553375,0.0015617278788398188,130486.2178845387
857.9268543720245,0.0013779951872116046,130485.69609608484
858.0267512798309,-0.00027559903744232096,130485.72648647636
858.1265914440155,-0.0004593317290705349,130485.55383782872
858.2264461517334,0.00018373269162821396,130485.99845404585
858.3264427185059,0.0008267971123269628,130486.09860864127
858.4264035224915,-0.00027559903744232096,130485.98874777716
858.5263290405273,0.0008267971123269628,130486.68987299944
858.6266694068909,-0.0017454605704680327,130486.5208856995
858.7267186641693,-0.0017454605704680327,130486.76879712957
858.8265199661255,-0.0005511980748846419,130488.09191741662
858.9265236854553,-0.0020210596079103535,130488.08272567496
859.0263612270355,-0.00036746538325642793,130488.77445310747
859.1262745857239,-0.0008267971123269628,130489.89700779672
859.2265360355377,0.0007349307665128559,130491.20730701706
859.3267676830292,0.0009186634581410698,130490.68657631536
859.4262397289276,0.0012861288413974978,130491.41791868383
859.5259556770325,0.0009186634581410698,130492.17612681544
859.6260817050934,-0.00018373269162821396,130492.45851413389
859.7263300418854,-0.0017454605704680327,130491.6126627205
859.8259401321411,0.0011942624955833907,130491.05139644846
859.9266693592072,-0.0017454605704680327,130491.8462568036
860.0265026092529,0.00027559903744232096,130491.36163112325
860.1262376308441,-0.0010105298039551768,130490.42546801092
860.2260451316833,0.0021129259537244604,130489.68292120982
860.3258490562439,0.00018373269162821396,130488.91462908885
860.4264204502106,-0.0012861288413974978,130488.42316617997
860.5260233879089,-0.0006430644206987489,130487.18084956198
860.6260466575623,-0.0014698615330257117,130487.26276460578
860.7259659767151,0.0012861288413974978,130487.83648814521
860.8258721828461,0.0010105298039551768,130486.35283933069
860.9267468452454,-0.0008267971123269628,130486.91755539762
861.026460647583,-0.0022966586453526745,130488.32579985786
861.1260104179382,0.0006430644206987489,130488.79321987208
861.2261044979095,-0.0010105298039551768,130488.71389788488
861.3264572620392,-0.0029397230660514234,130488.9425080964
861.4268281459808,0.0005511980748846419,130488.54825728676
861.5267984867096,-0.0011023961497692838,130488.39343155808
861.6262543201447,0.0010105298039551768,130489.05408840228
861.7262680530548,0.00018373269162821396,130489.44867956206
861.8259375095367,-9.186634581410698e-05,130488.60381160586
861.9262881278992,-0.0005511980748846419,130487.94343044527
862.0260329246521,9.186634581410698e-05,130487.84908740074
862.1262013912201,0.0030315894118655303,130487.66417866068
862.2262008190155,-0.0007349307665128559,130489.39776079461
862.3262128829956,-0.0005511980748846419,130489.55798471517
862.4264204502106,0.0012861288413974978,130490.00218624366
862.5259010791779,-0.0009186634581410698,130490.70196761929
862.6264424324036,-9.186634581410698e-05,130489.73177085737
862.7260475158691,9.186634581410698e-05,130490.25859377164
862.8259465694427,0.0016535942246539257,130490.53273439448
862.9262022972107,0.0004593317290705349,130490.57946095504
863.0264108181,-0.0004593317290705349,130490.82151485953
863.125941991806,0.0011942624955833907,130491.73936337358
863.2258870601654,-0.0017454605704680327,130492.56542703623
863.3267104625702,0.0020210596079103535,130492.50888433261
863.4262461662292,-0.0008267971123269628,130491.55799589935
863.5258202552795,-0.0006430644206987489,130492.8021963094
863.6265044212341,9.186634581410698e-05,130493.62197667848
863.7262876033783,-0.0008267971123269628,130493.35977901064
863.8260972499847,-0.0020210596079103535,130494.12380110958
863.9265713691711,-0.0010105298039551768,130494.81142099864
864.0261082649231,0.00018373269162821396,130493.83027889878
864.1261734962463,-0.0006430644206987489,130493.5472510089
864.2262156009674,-0.0011942624955833907,130493.99252590802
864.3264791965485,-0.0022047922995385677,130493.99327331723
864.4265902042389,-9.186634581410698e-05,130493.69394598552
864.5267367362976,0.00018373269162821396,130493.32455138698
864.6264264583588,0.0007349307665128559,130492.99209624829
864.7267611026764,-0.00036746538325642793,130492.29288662347
864.826550245285,0.0010105298039551768,130492.26359796112
864.9267427921295,0.0013779951872116046,130491.53723816501
865.0263459682465,-0.0008267971123269628,130492.5835143485
865.1259872913361,-0.0005511980748846419,130492.42516291366
865.2259833812714,-0.0011023961497692838,130492.1826466223
865.3263518810272,-0.0007349307665128559,130492.96438196008
865.4261741638184,-0.0011023961497692838,130493.26794376408
865.5267174243927,0.0008267971123269628,130493.34114938768
865.6264011859894,0.0,130494.10703444891
865.7259678840637,-0.0007349307665128559,130493.69633100403
865.8264980316162,-0.0009186634581410698,130493.82669790363
865.9260671138763,-0.0004593317290705349,130492.84402811326
866.0267696380615,-0.0018373269162821396,130491.05962530195
866.126362323761,-0.0011023961497692838,130489.75366277176
866.2263469696045,-0.0012861288413974978,130489.5782964946
866.3264167308807,0.0007349307665128559,130490.12046684514
866.4260790348053,-0.0011942624955833907,130489.10842016063
866.5261740684509,0.0012861288413974978,130488.69757814457
866.6260747909546,-0.0008267971123269628,130487.72782033012
866.7266840934753,-0.0013779951872116046,130486.45503829712
866.8263447284698,-0.0011023961497692838,130486.7095344674
866.9264931678772,-9.186634581410698e-05,130486.13858102067
867.0260999202728,-0.0009186634581410698,130487.62472291861
867.1262567043304,0.0004593317290705349,130487.26225062675
867.2267551422119,0.0009186634581410698,130488.23602556408
867.326046705246,-0.0011942624955833907,130488.81242300768
867.4260244369507,0.0011023961497692838,130489.73118070692
867.5263025760651,-0.0016535942246539257,130490.55806263624
867.6262183189392,-0.0022966586453526745,130491.00225637261
867.7259681224823,0.0004593317290705349,130490.70203073535
867.8262941837311,-9.186634581410698e-05,130490.33182766182
867.9262731075287,-0.0012861288413974978,130490.39864489564
868.0259757041931,-0.0024803913369808887,130491.55878040608
868.1263754367828,-0.0021129259537244604,130492.40290236547
868.2258951663971,-0.0012861288413974978,130492.36261212893
868.326653957367,-0.0017454605704680327,130492.12635091603
868.4261054992676,-0.0006430644206987489,130492.31371582442
868.526468038559,9.186634581410698e-05,130493.18234424198
868.6265006065369,0.0021129259537244604,130493.4641098178
868.7264471054077,0.0019291932620962467,130493.11769883602
868.8267674446106,-0.0027559903744232093,130494.70592895243
868.9265360832214,0.0005511980748846419,130494.73533605719
869.0264303684235,-0.0008267971123269628,130495.96180245146
869.1258192062378,-0.00018373269162821396,130496.46562220632
869.2261402606964,0.0010105298039551768,130495.1190599857
869.326071023941,-0.00018373269162821396,130494.10715398712
869.4260077476501,-0.0017454605704680327,130493.79643858841
869.526002407074,0.0,130494.61679472958
869.6261796951294,-0.00027559903744232096,130496.15511525662
869.7265791893005,0.0022047922995385677,130495.73960373097
869.8266191482544,0.0004593317290705349,130494.96564335788
869.9266641139984,0.00036746538325642793,130494.5690790221
870.0263237953186,0.0009186634581410698,130493.1121711199
870.1260945796967,-0.0035827874867501723,130493.0009540079
870.2262506484985,-0.0009186634581410698,130492.40085860711
870.3259644508362,-0.00027559903744232096,130493.6607727464
870.4263508319855,0.0011942624955833907,130494.29469547176
870.5264217853546,-0.0011942624955833907,130493.66522592459
870.6264591217041,-0.0029397230660514234,130493.59870333213
870.7264978885651,0.0013779951872116046,130494.83883299892
870.8258662223816,-0.0009186634581410698,130494.65494969903
870.9266800880432,0.0010105298039551768,130495.48945472913
871.0264978408813,-0.0011942624955833907,130495.14050925622
871.1257650852203,-0.0020210596079103535,130495.6264583306
871.226567029953,0.0007349307665128559,130496.06381249755
871.3264436721802,-9.186634581410698e-05,130495.95743124779
871.4263815879822,0.0004593317290705349,130495.86168812301
871.5263998508453,-0.0006430644206987489,130495.87551931072
871.6255762577057,0.0,130495.08796737966
871.7256870269775,-0.0008267971123269628,130494.97917064169
871.8265337944031,-0.0030315894118655303,130495.58125357753
871.9264237880707,0.0011023961497692838,130495.52312821978
872.0258090496063,-0.00036746538325642793,130495.9708153978
872.1265132427216,0.0,130495.87373385802
872.2266001701355,-0.0011023961497692838,130495.98636047222
872.3256630897522,0.0015617278788398188,130495.98772442501
872.4261295795441,-0.00018373269162821396,130494.78895198251
872.5265212059021,0.0006430644206987489,130495.21005678427
872.6256630420685,-0.0018373269162821396,130494.38905110584
872.7265660762787,0.0007349307665128559,130494.05014599526
872.8259596824646,0.0008267971123269628,130495.24513139574
872.9266481399536,-0.0017454605704680327,130495.22061825616
873.0256876945496,-0.0005511980748846419,130496.39855643055
873.1262657642365,-0.00036746538325642793,130496.3587007875
873.2258155345917,-0.0005511980748846419,130496.32283070876
873.3264815807343,0.0005511980748846419,130496.39054763789
873.4257881641388,-0.0004593317290705349,130495.8514928741
873.5256667137146,0.0013779951872116046,130494.7663435867
873.6258504390717,-0.0005511980748846419,130492.68970922803
873.7262032032013,0.0009186634581410698,130492.42073830523
873.8264105319977,-0.0005511980748846419,130492.97866447471
873.9260320663452,-0.0019291932620962467,130493.28079802725
874.0259737968445,-0.00027559903744232096,130492.25271822452
874.1263008117676,0.0,130491.52744640208
874.226536989212,-0.0008267971123269628,130490.37470176187
874.3261375427246,-0.00018373269162821396,130489.53723158568
874.4260427951813,-0.0012861288413974978,130489.38350842711
874.5260105133057,0.00027559903744232096,130488.7451575844
874.6258518695831,-0.0009186634581410698,130488.37064182597
874.7263739109039,0.0032153221034937444,130488.63357764338
874.8259334564209,-0.0011023961497692838,130488.97021987905
874.9260785579681,0.0005511980748846419,130488.77319789115
875.0259563922882,0.0012861288413974978,130488.89587810203
875.1258442401886,0.0010105298039551768,130488.20629029183
875.2260038852692,0.0010105298039551768,130488.48566126265
875.3260536193848,9.186634581410698e-05,130489.13709513638
875.4262313842773,-0.0010105298039551768,130488.72338562274
875.5257787704468,-0.0011023961497692838,130488.75104706048
875.6262848377228,-0.0011942624955833907,130488.97594235443
875.7264251708984,-0.0028478567202373166,130488.77834811898
875.826530456543,0.0010105298039551768,130489.5005133071
875.9268436431885,-0.0005511980748846419,130489.35046197638
876.0260493755341,-0.0011942624955833907,130489.91541577874
876.1262044906616,-0.0022966586453526745,130489.82387420087
876.2260954380035,-0.0004593317290705349,130489.54148678078
876.3259747028351,0.0011942624955833907,130488.38733810271
876.4265644550323,-0.0030315894118655303,130489.44860429244
876.5261116027832,0.0021129259537244604,130489.8037438632
876.6258838176727,0.0004593317290705349,130490.22336947688
876.7263116836548,-0.0004593317290705349,130490.90103252919
876.826687335968,-0.0017454605704680327,130491.31092927627
876.9264194965363,0.00036746538325642793,130491.67983634865
877.0261945724487,-0.0009186634581410698,130491.51185271378
877.1265435218811,-0.0030315894118655303,130490.46066744241
877.2260835170746,-0.00018373269162821396,130491.01460069818
877.3262257575989,-0.00027559903744232096,130491.41314062837
877.4265947341919,0.0014698615330257117,130491.27182656554
877.5264358520508,-0.0022966586453526745,130490.544643909
877.6260657310486,-0.0004593317290705349,130490.6901795181
877.72629570961,-0.0011023961497692838,130490.7211615663
877.8258612155914,-0.0004593317290705349,130492.34904540966
877.9267361164093,-0.0020210596079103535,130492.9141408687
878.0262124538422,-9.186634581410698e-05,130492.52272678184
878.1258208751678,0.0004593317290705349,130492.87045410367
878.226124048233,0.0006430644206987489,130491.98340869331
878.3259909152985,-0.00018373269162821396,130491.78506782398
878.4260768890381,-9.186634581410698e-05,130490.40656104159
878.5261623859406,0.0004593317290705349,130490.76590493743
878.6265532970428,0.0011942624955833907,130491.7893144437
878.7267606258392,-0.0026641240286091024,130490.81038299932
878.8258855342865,-0.0011023961497692838,130492.12934469938
878.9267172813416,0.0007349307665128559,130490.91641022945
879.0262928009033,9.186634581410698e-05,130490.92476920651
879.1263523101807,0.00036746538325642793,130491.03229228586
879.2267119884491,9.186634581410698e-05,130492.22906305728
879.3261108398438,0.0,130492.90615675156
879.4267287254333,-0.0010105298039551768,130493.4155410764
879.5262331962585,0.0027559903744232093,130493.97398696878
879.6267502307892,-0.0011023961497692838,130493.7765882719
879.725790977478,-0.0015617278788398188,130494.0989294447
879.8262927532196,0.0006430644206987489,130493.88903650023
879.9264280796051,-0.00018373269162821396,130494.30013285021
880.0265550613403,-0.0004593317290705349,130493.5701195652
880.1261715888977,0.0005511980748846419,130493.31310760869
880.2266294956207,0.0006430644206987489,130493.18179684781
880.3258039951324,-9.186634581410698e-05,130493.56361716303
880.4259805679321,0.0005511980748846419,130494.40725544673
880.526288986206,-0.0004593317290705349,130494.66652990205
880.6259150505066,0.00018373269162821396,130493.49987691185
880.7266843318939,-0.0011023961497692838,130493.34988922067
880.8266794681549,-0.0011942624955833907,130493.1149002986
880.9263966083527,-0.0025722576827949956,130492.80341026875
881.0263497829437,-0.00027559903744232096,130492.72306924188
881.1260447502136,-0.0005511980748846419,130494.35076231768
881.2261168956757,0.0021129259537244604,130493.71568608592
881.3260188102722,-0.0008267971123269628,130493.24411747733
881.4261121749878,0.0039502528700066,130493.6197057296
881.5267634391785,-9.186634581410698e-05,130493.55773515665
881.6266117095947,-0.0008267971123269628,130493.90196164098
881.7260448932648,-0.0014698615330257117,130495.21176547688
881.8267023563385,0.0012861288413974978,130495.8905889292
881.9262008666992,-0.00036746538325642793,130495.30153003627
882.0265152454376,0.00036746538325642793,130494.57137703265
882.1264944076538,-0.00027559903744232096,130494.81423932938
882.2258408069611,-9.186634581410698e-05,130494.93281539645
882.3258707523346,-0.0014698615330257117,130495.0395338568
882.4263417720795,0.0014698615330257117,130495.13558047113
882.5261108875275,-0.0015617278788398188,130496.12202242402
882.6262021064758,-0.0022966586453526745,130495.60982018163
882.7263858318329,9.186634581410698e-05,130496.44883816349
882.8262541294098,-9.186634581410698e-05,130496.80395434714
882.9262406826019,-0.0011023961497692838,130496.42355891243
883.0266482830048,-0.0011023961497692838,130497.1812030212
883.1260151863098,0.0008267971123269628,130497.96308271908
883.2259714603424,-0.0008267971123269628,130497.46677444718
883.3259763717651,0.0008267971123269628,130498.22009700247
883.4260587692261,-0.0012861288413974978,130498.49808730223
883.5266470909119,0.00036746538325642793,130498.24827857202
883.6265826225281,9.186634581410698e-05,130498.92345071482
883.7266576290131,9.186634581410698e-05,130498.03110564334
883.8263807296753,-0.00027559903744232096,130498.32799507902
883.9266521930695,0.0019291932620962467,130498.59519557112
884.0264501571655,-0.0027559903744232093,130498.33567601402
884.1261684894562,-0.00018373269162821396,130498.10210841263
884.226149559021,-0.0015617278788398188,130497.59189757137
884.3264467716217,-0.0009186634581410698,130497.33270781423
884.4267067909241,-0.0011023961497692838,130495.89943703281
884.5260181427002,0.0020210596079103535,130496.00949332953
884.6267955303192,0.0004593317290705349,130495.3085439966
884.7259290218353,-0.0019291932620962467,130494.77768959694
884.8267769813538,-0.0012861288413974978,130495.79992063725
884.9259855747223,0.0021129259537244604,130497.11992857352
885.0266642570496,-0.0004593317290705349,130497.80793571618
885.126583814621,0.00018373269162821396,130498.82714214457
885.2262332439423,-0.0008267971123269628,130500.8444279301
885.3264107704163,-0.0007349307665128559,130500.3599851371
885.4259734153748,-0.0017454605704680327,130500.9239866234
885.5258901119232,-0.0009186634581410698,130500.23158796105
885.6261467933655,-0.0015617278788398188,130500.10842916495
885.7264468669891,0.00036746538325642793,130500.29758624845
885.8262791633606,-0.00018373269162821396,130500.8678276236
885.9258606433868,0.0006430644206987489,130501.08104486125
886.0261709690094,-0.0021129259537244604,130501.57294037513
886.126255273819,0.00036746538325642793,130502.31564633764
886.2264246940613,-0.0021129259537244604,130503.28408170387
886.3256914615631,-0.00036746538325642793,130503.55567353348
886.4260761737823,-0.0013779951872116046,130503.70010618014
886.5262041091919,0.0016535942246539257,130502.43009556213
886.6262171268463,0.0005511980748846419,130502.98708600592
886.7260310649872,-0.0022966586453526745,130502.68837740533
886.8264799118042,-0.00018373269162821396,130502.2195396648
886.9264922142029,-0.0029397230660514234,130501.59758569833
887.0262296199799,0.0005511980748846419,130500.9378271285
887.125780582428,0.0008267971123269628,130501.24404441565
887.2266805171967,-0.0004593317290705349,130501.41963997409
887.326601266861,0.0016535942246539257,130501.97767597668
887.4264004230499,0.0013779951872116046,130501.57990837902
887.5263457298279,0.00027559903744232096,130501.02191754112
887.6266660690308,0.0006430644206987489,130500.01972578702
887.7266643047333,0.0016535942246539257,130500.11775320832
887.8265397548676,-0.0010105298039551768,130500.10597788749
887.9267175197601,-0.0026641240286091024,130499.99538009876
888.0258846282959,-0.0009186634581410698,130499.5958420889
888.1262562274933,0.0009186634581410698,130500.73625788001
888.2265868186951,-0.00018373269162821396,130502.76263209201
888.3258008956909,-0.00018373269162821396,130503.08636888281
888.4264285564423,-0.0028478567202373166,130503.27773199453
888.5266196727753,-0.0018373269162821396,130502.54995879509
888.6265137195587,-0.0017454605704680327,130501.59496291558
888.7266750335693,-0.00036746538325642793,130501.33546662403
888.8262848854065,0.0015617278788398188,130500.90191996163
888.9265201091766,0.0,130499.41172796547
889.0261061191559,-0.0011942624955833907,130500.67055516892
889.1259486675262,0.0004593317290705349,130500.10349965203
889.2263314723969,0.0007349307665128559,130500.39314968683
889.3266551494598,-0.0007349307665128559,130501.65383471815
889.4263968467712,-0.00018373269162821396,130502.38845124634
889.5265600681305,-0.00036746538325642793,130501.74960612171
889.6261382102966,-0.0013779951872116046,130501.87464550954
889.7266864776611,-9.186634581410698e-05,130500.98718095859
889.8262715339661,0.0005511980748846419,130500.18846286273
889.9262962341309,0.0013779951872116046,130500.16961657646
890.0266902446747,-0.0013779951872116046,130499.65265491881
890.1261994838715,-0.0009186634581410698,130500.28738942694
890.2261831760406,-0.0011942624955833907,130499.75865048425
890.3265106678009,0.0005511980748846419,130499.98278543582
890.4265098571777,-9.186634581410698e-05,130500.68450689223
890.525933265686,-0.00027559903744232096,130499.61605620301
890.6262063980103,-0.0017454605704680327,130501.45445058272
890.7265341281891,0.0025722576827949956,130501.50900552445
890.8266067504883,0.0010105298039551768,130502.058104972
890.9264664649963,0.0018373269162821396,130500.7522944748
891.0258333683014,-9.186634581410698e-05,130499.77706502733
891.1260781288147,-0.00036746538325642793,130498.4993585246
891.2262663841248,0.0006430644206987489,130498.74942267215
891.326441526413,0.0006430644206987489,130498.07448040493
891.4268159866333,-0.0020210596079103535,130497.86703236445
891.5265362262726,-0.00027559903744232096,130497.380329128
891.6266739368439,-0.00018373269162821396,130497.44229621522
891.726621389389,0.0007349307665128559,130496.4980665937
891.8264350891113,-0.0009186634581410698,130497.44825993435
891.9266042709351,9.186634581410698e-05,130497.10343394091
892.0264103412628,-0.0020210596079103535,130497.19309054682
892.1264064311981,-0.0007349307665128559,130498.27378149214
892.2259140014648,-0.0005511980748846419,130496.74640334293
892.3263263702393,0.0006430644206987489,130496.97176300865
892.4263820648193,9.186634581410698e-05,130497.0745867078
892.5264518260956,-0.0008267971123269628,130496.66712803702
892.6261215209961,-0.0004593317290705349,130496.00041523333
892.7266409397125,0.0009186634581410698,130496.70037371
892.8263931274414,0.00036746538325642793,130496.330336339
892.9262335300446,0.0010105298039551768,130496.6973027051
893.0260605812073,0.0009186634581410698,130495.62757243459
893.1260757446289,0.0020210596079103535,130494.76481519113
893.2268030643463,-0.00018373269162821396,130495.08833367201
893.3259716033936,-0.0013779951872116046,130495.37950030481
893.4266488552094,-0.0022966586453526745,130495.04155027433
893.5260319709778,9.186634581410698e-05,130495.0373952469
893.6258399486542,-0.0010105298039551768,130495.43365572221
893.7261288166046,0.0006430644206987489,130496.09029015
893.8266537189484,-0.0004593317290705349,130495.18126113499
893.9268012046814,0.0019291932620962467,130494.46313502149
894.0265471935272,-0.0019291932620962467,130494.01682151934
894.126345872879,0.0007349307665128559,130493.61513936741
894.2263624668121,-9.186634581410698e-05,130493.65362543068
894.3261134624481,-0.0005511980748846419,130493.88826288763
894.4267554283142,-0.0011023961497692838,130494.19943659886
894.5264041423798,0.0022966586453526745,130494.17949293897
894.6263790130615,-9.186634581410698e-05,130495.76154364507
894.7267124652863,0.0005511980748846419,130496.18538928057
894.8260369300842,0.0010105298039551768,130496.66685035251
894.9260053634644,0.00018373269162821396,130497.20016531726
895.0261137485504,-0.0007349307665128559,130497.08014878555
895.1258902549744,-0.0019291932620962467,130497.172133907
895.2263498306274,-0.0011942624955833907,130497.25492051631
895.325845003128,-9.186634581410698e-05,130497.52942846468
895.426718711853,-0.00018373269162821396,130497.87648561822
895.5260610580444,0.00036746538325642793,130496.7888370564
895.6266300678253,0.0,130496.70995335077
895.7259669303894,-0.00036746538325642793,130496.4389580157
895.8262257575989,0.00027559903744232096,130496.69506221413
895.9264175891876,0.00027559903744232096,130496.62555599272
896.0259993076324,0.0006430644206987489,130498.16300039346
896.1267111301422,0.0010105298039551768,130498.64670035412
896.2267305850983,-0.0005511980748846419,130499.5820303187
896.3267319202423,-0.0007349307665128559,130499.02382728684
896.4265067577362,-0.00018373269162821396,130499.22144455816
896.525979757309,0.0005511980748846419,130499.19930010234
896.6263852119446,-0.0006430644206987489,130498.17937009211
896.7268071174622,0.0011942624955833907,130498.6614330829
896.826315164566,-0.0008267971123269628,130498.09528977462
896.9265947341919,0.0018373269162821396,130498.68576079715
897.0258841514587,-0.0004593317290705349,130498.71718471745
897.1263208389282,-0.0009186634581410698,130498.34546624571
897.2261292934418,0.0008267971123269628,130497.61091962115
897.3264319896698,-0.0009186634581410698,130498.14982765904
897.4261729717255,-0.00036746538325642793,130497.03484489313
897.5262608528137,-0.00036746538325642793,130497.23136040382
897.625951051712,0.00027559903744232096,130496.50822436344
897.7260324954987,-0.0007349307665128559,130496.25740192711
897.826696395874,-0.0011023961497692838,130496.3316617344
897.9261605739594,0.00027559903744232096,130496.59849556096
898.0257701873779,0.0004593317290705349,130496.43864600487
898.1260802745819,-0.0011023961497692838,130495.8947814044
898.2262074947357,0.0,130496.30530326396
898.326339006424,0.0006430644206987489,130496.57477293757
898.4265854358673,-0.0007349307665128559,130496.01729564382
898.5266926288605,0.0010105298039551768,130497.31556607943
898.6265218257904,-0.0027559903744232093,130497.78400947149
898.7264771461487,0.0012861288413974978,130496.60560852435
898.8266303539276,-0.00027559903744232096,130496.84504767193
898.9265532493591,-0.0007349307665128559,130497.46054290474
899.0267143249512,-0.00018373269162821396,130496.71448861426
899.126401424408,-0.00027559903744232096,130496.34303975284
899.2267191410065,-0.0009186634581410698,130497.70873577756
899.3265900611877,-0.0019291932620962467,130497.7378621998
899.426370382309,-0.00027559903744232096,130496.96407597983
899.5266835689545,0.0008267971123269628,130496.76766838186
899.626617193222,-0.0010105298039551768,130497.19090154368
899.7264804840088,-0.0027559903744232093,130496.67181138931
899.8262593746185,-0.0031234557576796376,130497.20463025039
899.9266967773438,-0.0008267971123269628,130497.68416722535
900.0261299610138,-0.0016535942246539257,130498.61575050281
900.125969171524,0.0006430644206987489,130499.45417545253
900.2267107963562,-0.00018373269162821396,130498.30875790727
900.3260626792908,-0.0008267971123269628,130499.27788211656
900.4268803596497,-0.0004593317290705349,130499.9500939049
900.5266349315643,0.0006430644206987489,130500.15508451441
900.6259818077087,-0.0009186634581410698,130500.33957606296
900.7266733646393,0.00018373269162821396,130499.10561845667
900.8263492584229,-0.00018373269162821396,130498.195056611
900.9264283180237,-9.186634581410698e-05,130497.1755509499
901.026490688324,0.00036746538325642793,130496.35799585492
901.1267812252045,-0.0015617278788398188,130496.62219626943
901.2263569831848,0.00018373269162821396,130496.55997664249
901.325855255127,0.00018373269162821396,130496.20397897824
901.425948381424,0.0006430644206987489,130496.88358108043
901.5261454582214,0.0014698615330257117,130496.99522297239
901.6259822845459,-0.0008267971123269628,130497.89570067516
901.726395368576,-9.186634581410698e-05,130496.90613060765
901.8258438110352,0.0,130497.31551754689
901.9267992973328,-0.0010105298039551768,130497.3839657922
902.0264744758606,-0.0005511980748846419,130496.64556921298
902.1259796619415,-0.00027559903744232096,130496.48101229168
902.2259821891785,-0.0005511980748846419,130497.13291106252
902.3260216712952,0.0008267971123269628,130496.41961995627
902.4260740280151,0.0008267971123269628,130496.17765796065
902.5260751247406,-0.0010105298039551768,130496.05989216459
902.6265456676483,-9.186634581410698e-05,130495.35390294812
902.7258625030518,-0.0010105298039551768,130495.91851265331
902.8267648220062,-0.0017454605704680327,130495.32666138798
902.926789522171,0.0005511980748846419,130496.79399524919
903.0260813236237,0.0004593317290705349,130496.81459572427
903.1262881755829,-0.0007349307665128559,130495.63313615184
903.2265200614929,9.186634581410698e-05,130496.66982253666
903.3258492946625,-0.0010105298039551768,130496.802840283
903.4264028072357,0.0016535942246539257,130495.4225562547
903.526074886322,-0.0019291932620962467,130494.38030062924
903.6257915496826,-0.00027559903744232096,130494.24227056632
903.7258622646332,-0.0017454605704680327,130493.11804350969
903.8265817165375,-0.00036746538325642793,130492.90623915874
903.9259881973267,-0.0010105298039551768,130492.61561524286
904.0260188579559,0.0010105298039551768,130493.55405371857
904.1261548995972,-0.0022966586453526745,130493.69864834672
904.2266578674316,0.0010105298039551768,130493.92878351205
904.325966835022,9.186634581410698e-05,130494.03590516084
904.4263787269592,0.0028478567202373166,130493.63231464475
904.5263204574585,-0.00036746538325642793,130494.46908318027
904.6263592243195,-0.0021129259537244604,130494.52217486224
904.7261807918549,-0.0006430644206987489,130494.16995737603
904.826158285141,-0.0021129259537244604,130493.95296163842
904.9260203838348,-0.0011023961497692838,130493.65766547459
905.0267186164856,-0.0004593317290705349,130493.49189892712
905.126339673996,0.0011023961497692838,130493.24270903441
905.2263493537903,0.0014698615330257117,130494.51843813098
905.3262000083923,0.0010105298039551768,130495.26659431789
905.4259946346283,0.00027559903744232096,130495.53993488611
905.5266470909119,-0.0006430644206987489,130495.38594139752
905.6263446807861,0.0004593317290705349,130496.24734725777
905.7262411117554,-0.0012861288413974978,130495.922612532
905.8259770870209,0.0005511980748846419,130496.5303512788
905.9265897274017,-0.00036746538325642793,130496.87731615092
906.0265302658081,0.0006430644206987489,130496.78958453583
906.1260502338409,0.0005511980748846419,130496.51062608225
906.225816488266,0.0023885249911667814,130496.75956347404
906.3258140087128,-0.0010105298039551768,130496.78360712664
906.4268651008606,0.0005511980748846419,130497.20524641399
906.5265510082245,-0.0011942624955833907,130497.3847217726
906.6261677742004,-0.0015617278788398188,130496.54624959535
906.7267458438873,-0.0011023961497692838,130495.29162463584
906.8261623382568,-0.0011942624955833907,130494.16246217224
906.9265599250793,-0.0014698615330257117,130493.34621595503
907.0260987281799,0.0009186634581410698,130493.01159435953
907.1259014606476,-9.186634581410698e-05,130492.61043492358
907.2259798049927,0.00027559903744232096,130492.84939143123
907.3260235786438,-0.00027559903744232096,130492.96445228811
907.4267406463623,-0.0007349307665128559,130493.2680070593
907.5258119106293,-0.0008267971123269628,130493.54120635339
907.6261217594147,0.0012861288413974978,130494.58708571806
907.7259891033173,0.0014698615330257117,130494.62837714625
907.8261852264404,0.00027559903744232096,130494.36553943162
907.9266421794891,-0.0006430644206987489,130492.82898548845
908.0267658233643,-0.0012861288413974978,130492.84608693961
908.1263384819031,0.00036746538325642793,130493.46147824565
908.2262976169586,-0.0009186634581410698,130492.61533042109
908.3259265422821,-0.0008267971123269628,130492.65379737898
908.4268112182617,0.0007349307665128559,130493.28841764107
908.526668548584,0.0004593317290705349,130493.55957587698
908.6264283657074,0.0006430644206987489,130492.50361828928
908.7262272834778,-9.186634581410698e-05,130492.15325646035
908.82581615448,0.0006430644206987489,130490.63793081432
908.9263219833374,-0.0005511980748846419,130491.5741377329
909.0262396335602,-0.0004593317290705349,130492.01672395962
909.1261007785797,-0.0006430644206987489,130494.51505156366
909.2259709835052,-0.0011942624955833907,130494.96354640729
909.3265335559845,-0.0035827874867501723,130495.36719176656
909.4260547161102,-0.00018373269162821396,130494.8304725899
909.5265944004059,-0.00036746538325642793,130495.74742533092
909.6258389949799,-0.00018373269162821396,130495.97268279783
909.7263193130493,0.0019291932620962467,130496.17541451805
909.8258194923401,0.0004593317290705349,130495.45787306625
909.9260866641998,-0.0011023961497692838,130495.91208575963
910.0261454582214,-0.0006430644206987489,130494.92087718367
910.1265816688538,0.0022966586453526745,130494.22878946531
910.2259757518768,-0.0008267971123269628,130494.2059105188
910.3259086608887,-0.0018373269162821396,130494.08531946692
910.4264392852783,0.0018373269162821396,130494.27678752024
910.5265784263611,-0.0008267971123269628,130493.04910876822
910.6264970302582,-0.0009186634581410698,130492.9441978914
910.7268166542053,0.0004593317290705349,130493.24977810227
910.8262236118317,0.0028478567202373166,130493.72480029205
910.926059961319,-0.0016535942246539257,130494.65232026286
911.0264110565186,9.186634581410698e-05,130494.68708823658
911.1264591217041,-0.0032153221034937444,130494.01837941293
911.2257831096649,0.0006430644206987489,130494.01654147165
911.3263297080994,-0.0005511980748846419,130492.41488732448
911.4265923500061,-0.0005511980748846419,130492.07339859204
911.5258281230927,0.00018373269162821396,130491.66605873284
911.6266357898712,0.0012861288413974978,130490.29945285956
911.7260463237762,0.0020210596079103535,130489.16950757362
911.8264653682709,-9.186634581410698e-05,130488.35255681627
911.9264180660248,-0.0016535942246539257,130487.41730113464
912.0263936519623,0.00018373269162821396,130488.37557102118
912.1261401176453,-0.0016535942246539257,130488.83801391907
912.2263691425323,-0.0011023961497692838,130489.55421252717
912.326652765274,-0.00027559903744232096,130490.39879127446
912.4261186122894,-0.0012861288413974978,130490.35891214701
912.5258247852325,-9.186634581410698e-05,130490.5230209323
912.6261706352234,-0.00036746538325642793,130490.87071883908
912.7259151935577,9.186634581410698e-05,130490.68364695518
912.8260390758514,-0.0005511980748846419,130491.81528225966
912.9260730743408,-0.0009186634581410698,130491.4337540337
913.02654504776,0.0004593317290705349,130490.49037863033
913.1264600753784,9.186634581410698e-05,130490.9413407673
913.2263004779816,9.186634581410698e-05,130489.74720669058
913.3261322975159,0.0,130490.27248602152
913.4266381263733,-0.0008267971123269628,130489.64523741938
913.5261881351471,-0.0009186634581410698,130489.08071367745
913.6258358955383,0.0005511980748846419,130488.47264230972
913.7262535095215,-0.0010105298039551768,130488.52537807875
913.8261487483978,0.00018373269162821396,130488.47284027087
913.9266490936279,-0.0021129259537244604,130487.82555624378
914.0265598297119,-0.0011942624955833907,130487.34300061941
914.1264474391937,-0.0016535942246539257,130487.80870055746
914.226321220398,-0.0016535942246539257,130488.22783050171
914.3259303569794,-0.0004593317290705349,130488.90504745154
914.4264571666718,-9.186634581410698e-05,130490.21454270638
914.5266070365906,-0.0016535942246539257,130490.49308843575
914.6265985965729,0.00018373269162821396,130491.14377959217
914.7262997627258,9.186634581410698e-05,130491.92940163295
914.8260366916656,-0.0012861288413974978,130491.23646146966
914.9266171455383,0.0004593317290705349,130491.0128153227
915.0266032218933,0.0011942624955833907,130490.71153379044
915.126499414444,0.0,130490.7403804114
915.2262103557587,-0.0017454605704680327,130490.26634237026
915.3265659809113,-0.0015617278788398188,130489.73970813323
915.4263501167297,-0.0004593317290705349,130492.2657373199
915.5264902114868,-0.0011942624955833907,130492.63916358793
915.626401424408,-0.0010105298039551768,130492.37524722914
915.7267227172852,-0.00018373269162821396,130492.43772250623
915.8260450363159,-0.0017454605704680327,130492.89395025562
915.9264640808105,0.0013779951872116046,130494.20455523007
916.0264568328857,-0.0006430644206987489,130495.38409970707
916.1262993812561,0.00018373269162821396,130496.24568973636
916.2258384227753,-0.0005511980748846419,130496.82112076272
916.3263273239136,0.00027559903744232096,130497.43900868644
916.4267394542694,-0.0006430644206987489,130497.6951078178
916.5264108181,-0.0006430644206987489,130497.32559703602
916.626683473587,-9.186634581410698e-05,130496.79303733242
916.726377248764,-0.0011942624955833907,130497.11373359918
916.8258655071259,9.186634581410698e-05,130497.50236023928
916.9265887737274,0.0018373269162821396,130496.45212421534
917.0261771678925,0.0,130497.50691179381
917.126214504242,-0.0005511980748846419,130497.65622061444
917.2262480258942,0.00018373269162821396,130498.490598553
917.3264575004578,0.0004593317290705349,130497.4415386977
917.4265360832214,0.0005511980748846419,130497.99738482793
917.5259990692139,0.0008267971123269628,130498.19764634514
917.6261491775513,-0.0022966586453526745,130497.97788171064
917.7266354560852,-0.0011942624955833907,130498.28009353958
917.8260354995728,0.0009186634581410698,130498.05208418563
917.9269480705261,-0.0005511980748846419,130497.44687576707
918.0267095565796,-0.0019291932620962467,130496.20218819036
918.1259713172913,-0.0023885249911667814,130497.08196937133
918.2260572910309,0.0,130497.07377243419
918.3258717060089,-0.0015617278788398188,130496.96639519077
918.4260604381561,-0.0018373269162821396,130497.6697556717
918.5261507034302,0.0022047922995385677,130497.50278010454
918.6258127689362,0.0009186634581410698,130498.45250209408
918.7260143756866,-0.0004593317290705349,130498.40725188468
918.8262276649475,0.0004593317290705349,130498.26652669621
918.9261026382446,-0.003674653832564279,130497.63987402659
919.0264904499054,-0.0008267971123269628,130497.27588662395
919.12593126297,-0.0016535942246539257,130495.84829796155
919.2264561653137,-0.0007349307665128559,130496.0634681654
919.3263485431671,-0.0015617278788398188,130496.25712134887
919.4267575740814,-9.186634581410698e-05,130497.23140921399
919.5260570049286,0.00027559903744232096,130497.60826829259
919.6264226436615,0.0011023961497692838,130496.94744146334
919.7265665531158,0.0,130497.15269731701
919.8260078430176,-0.00036746538325642793,130496.23742758532
919.9263916015625,-0.00018373269162821396,130494.9136848268
920.0265839099884,0.0,130494.02231634413
920.12650847435,0.0006430644206987489,130494.22008470973
920.2261638641357,0.0004593317290705349,130494.69807623877
920.3264360427856,-0.00027559903744232096,130494.5282686149
920.426558971405,-0.0014698615330257117,130494.27544175342
920.5258328914642,0.00027559903744232096,130493.94789757808
920.6266121864319,-0.00036746538325642793,130494.15310782028
920.7259340286255,0.0016535942246539257,130494.03779703825
920.8264496326447,0.00018373269162821396,130492.23401733444
920.9267303943634,-0.0010105298039551768,130491.910615601
921.0264999866486,0.0012861288413974978,130492.0195540409
921.1257820129395,0.0,130492.41759863682
921.2268013954163,-0.0006430644206987489,130493.17583877314
921.3263430595398,0.0004593317290705349,130493.25825489583
921.4260029792786,0.0,130494.23242940626
921.5259952545166,0.0023885249911667814,130494.70918646562
921.6267433166504,0.0019291932620962467,130494.53826781907
921.7261962890625,0.0011023961497692838,130495.18444103717
921.8267929553986,0.00578757978628874,130494.36599693345
921.9259016513824,0.004225851907448921,130494.72939724011
922.0260813236237,-0.0020210596079103535,130494.1564575161
922.1258494853973,0.0033071884493078513,130495.0408117645
922.2266550064087,0.004042119215820707,130494.53673058805
922.3259422779083,0.0043177182532630285,130493.08305752925
922.4268894195557,0.0032153221034937444,130491.67475177633
922.5262339115143,0.0005511980748846419,130490.5072765987
922.6261692047119,0.0007349307665128559,130490.45654893883
922.7262969017029,0.0005511980748846419,130488.81089404496
922.826498746872,0.0004593317290705349,130488.02980464048
922.9266378879547,0.00018373269162821396,130488.92682417644
923.0265204906464,-0.0008267971123269628,130488.1341417588
923.1260850429535,0.0011023961497692838,130488.12072758292
923.2265188694,-0.0005511980748846419,130488.70865482464
923.3259375095367,-0.0027559903744232093,130490.03778934218
923.4265213012695,0.0023885249911667814,130490.63401040797
923.526517868042,0.0016535942246539257,130492.37060936718
923.6263203620911,-0.0010105298039551768,130492.43354843046
923.7267518043518,0.0011023961497692838,130493.29019358743
923.8261790275574,0.0012861288413974978,130492.36117422869
923.9265413284302,0.0013779951872116046,130492.42505680582
924.026171207428,0.0006430644206987489,130493.28255112524
924.1263272762299,0.0,130493.45429601273
924.2261216640472,0.0009186634581410698,130493.00886641146
924.3260004520416,-0.00018373269162821396,130493.60797977031
924.4266030788422,0.0011942624955833907,130493.34718179329
924.5261979103088,0.0017454605704680327,130491.51246361397
924.6261160373688,-9.186634581410698e-05,130490.76121725258
924.7262289524078,-0.0006430644206987489,130490.98509552733
924.8259599208832,-0.0005511980748846419,130489.8865859746
924.9262833595276,0.0,130489.89792737714
925.0263814926147,-0.0009186634581410698,130490.40813463942
925.1264176368713,0.0006430644206987489,130489.66732117548
925.2266235351562,0.0017454605704680327,130489.60058905793
925.3262541294098,0.00027559903744232096,130489.74053015214
925.4259841442108,0.0021129259537244604,130492.26647713693
925.5267553329468,9.186634581410698e-05,130493.13982942325
925.6260783672333,0.00027559903744232096,130492.72584648093
925.7258145809174,0.0011942624955833907,130492.95326183284
925.8258299827576,0.0009186634581410698,130493.95793564955
925.9262733459473,-0.00027559903744232096,130494.6621420846
926.0258483886719,0.0004593317290705349,130495.49592787615
926.1261856555939,0.0011023961497692838,130495.24633508854
926.2262794971466,0.00018373269162821396,130495.8217015797
926.3264548778534,0.0012861288413974978,130495.33953142173
926.4266657829285,0.00036746538325642793,130495.90557827956
926.5259613990784,-0.0011023961497692838,130495.41502045162
926.6262695789337,-0.0005511980748846419,130495.67351840646
926.7263667583466,0.0005511980748846419,130495.60616656582
926.8259353637695,-9.186634581410698e-05,130493.84554990924
926.9263997077942,0.0023885249911667814,130494.56099491833
927.0266408920288,0.0005511980748846419,130495.50489542651
927.1262013912201,0.0011942624955833907,130496.15440588386
927.226312160492,0.00018373269162821396,130495.13896529548
927.3263573646545,-9.186634581410698e-05,130496.12506876593
927.4263432025909,0.00018373269162821396,130495.11256188934
927.5267214775085,-0.0016535942246539257,130494.60130570042
927.6261184215546,0.0005511980748846419,130494.94117513039
927.7263035774231,0.0016535942246539257,130494.64705761735
927.8261168003082,-0.0007349307665128559,130493.38235185562
927.9265148639679,0.0014698615330257117,130492.84411667006
928.0260984897614,-0.0016535942246539257,130492.35970500307
928.1264042854309,0.0018373269162821396,130491.72373450277
928.2267496585846,-0.00027559903744232096,130491.6513610525
928.3262493610382,-0.0009186634581410698,130492.18622494725
928.4263792037964,0.00018373269162821396,130491.86760245252
928.526148557663,0.0015617278788398188,130491.68084220726
928.6266314983368,0.00036746538325642793,130492.41275798655
928.7259435653687,-0.0030315894118655303,130492.2714821879
928.826774597168,-0.0023885249911667814,130492.54433396911
928.9262318611145,-0.0011023961497692838,130492.5899005722
929.0264580249786,-0.0007349307665128559,130493.83091051498
929.1261310577393,-0.00018373269162821396,130494.14781946348
929.226603269577,0.0014698615330257117,130494.23303751714
929.3262748718262,0.0019291932620962467,130495.30973376543
929.4265811443329,0.0011023961497692838,130496.07876038889
929.5262997150421,-0.0006430644206987489,130495.57088435
929.6260488033295,-0.00018373269162821396,130495.313795915
929.7264838218689,-0.0006430644206987489,130495.58241632351
929.8262867927551,-0.0004593317290705349,130493.72417469116
929.9268503189087,-0.0007349307665128559,130493.95175722205
930.0266735553741,-0.00018373269162821396,130494.45658149984
930.1262023448944,0.0,130494.61092334986
930.2265033721924,0.0,130494.74983101488
930.3266804218292,0.0016535942246539257,130494.67484791338
930.4268846511841,0.0015617278788398188,130494.70736312204
930.5258774757385,-0.00036746538325642793,130496.13662680984
930.6263318061829,-0.0016535942246539257,130496.62296412887
930.7262303829193,0.0012861288413974978,130495.56066771598
930.8266358375549,-0.0014698615330257117,130495.70460094439
930.9268100261688,-0.0011942624955833907,130496.43414084996
931.026784658432,0.00018373269162821396,130495.69072676497
931.1262547969818,0.0013779951872116046,130496.12165408848
931.2258112430573,0.0020210596079103535,130495.60948867963
931.3263826370239,0.0032153221034937444,130495.34853981168
931.426176071167,9.186634581410698e-05,130497.41368583051
931.5260922908783,9.186634581410698e-05,130498.07231724745
931.6266553401947,0.0010105298039551768,130498.86508552272
931.7263419628143,-0.0024803913369808887,130498.77857697045
931.8264045715332,-0.00036746538325642793,130500.00071927342
931.9266638755798,0.0004593317290705349,130500.60064734609
932.0261437892914,0.0010105298039551768,130500.34058261149
932.1257684230804,-0.00027559903744232096,130500.40652435034
932.2267951965332,-0.0015617278788398188,130501.36587191532
932.3257713317871,-0.0011942624955833907,130501.22928472378
932.4268100261688,-0.0014698615330257117,130501.3063562514
932.5257480144501,0.0023885249911667814,130500.57572062625
932.6267762184143,0.0005511980748846419,130500.01814856363
932.725866317749,-0.0011023961497692838,130500.81633370728
932.826030254364,0.0011942624955833907,130500.13470033655
932.9260704517365,0.0006430644206987489,130500.72123030291
933.0259375572205,-0.00027559903744232096,130500.64910727262
933.1259229183197,-0.0017454605704680327,130500.48419654535
933.2258415222168,-0.00036746538325642793,130501.33577689083
933.3261880874634,-0.0004593317290705349,130500.60219920176
933.4259119033813,0.0010105298039551768,130500.1419792816
933.5262529850006,-0.0020210596079103535,130500.22778135345
933.6268002986908,0.0013779951872116046,130499.7050032181
933.7260279655457,-0.0020210596079103535,130499.73450289629
933.8260350227356,0.0018373269162821396,130499.06105260666
933.9259305000305,-9.186634581410698e-05,130498.754947346
934.0265967845917,-0.0014698615330257117,130497.87945261139
934.1262888908386,0.00018373269162821396,130496.59150735025
934.226309299469,0.0,130496.13235661523
934.3262267112732,0.0012861288413974978,130495.2191209537
934.4262011051178,-0.00018373269162821396,130494.89720885833
934.5261197090149,-0.0024803913369808887,130494.10748797249
934.6262073516846,0.0006430644206987489,130494.59673917523
934.7266688346863,0.0006430644206987489,130495.03706525773
934.8262891769409,0.0015617278788398188,130495.43335873197
934.9267179965973,0.0009186634581410698,130495.89002285877
935.0263130664825,-0.00036746538325642793,130496.3010205729
935.1259760856628,-0.0019291932620962467,130496.27091851561
935.2262654304504,-0.0006430644206987489,130496.44382666405
935.3259429931641,-0.0019291932620962467,130495.99944399764
935.4264075756073,0.0025722576827949956,130495.39949959789
935.5266690254211,0.0027559903744232093,130495.45954963811
935.6265470981598,-0.0011942624955833907,130495.6135946743
935.7265968322754,-0.0005511980748846419,130496.15223520689
935.8262844085693,0.0007349307665128559,130495.7370116862
935.9262199401855,0.0010105298039551768,130495.36331051758
936.0260291099548,-0.0008267971123269628,130496.92697946583
936.1257793903351,-0.0013779951872116046,130497.53428151926
936.2265141010284,-0.0007349307665128559,130498.78085336734
936.3259887695312,-0.0020210596079103535,130500.1027680306
936.4267213344574,0.00027559903744232096,130501.39249122754
936.5258374214172,0.0007349307665128559,130501.1532421048
936.6265997886658,-0.0004593317290705349,130501.73791789432
936.726375579834,0.00018373269162821396,130501.56412610489
936.826176404953,-0.0028478567202373166,130500.0077134944
936.9261486530304,-0.0020210596079103535,130500.00694214496
937.0262801647186,0.0010105298039551768,130499.30624793046
937.1260516643524,0.00027559903744232096,130499.47562313742
937.2263901233673,9.186634581410698e-05,130499.02806082368
937.3266451358795,0.00018373269162821396,130498.32525474131
937.426739692688,0.00027559903744232096,130497.69272926718
937.5259490013123,-0.00027559903744232096,130498.22345634046
937.6266009807587,-0.0007349307665128559,130498.80111070641
937.7259695529938,-0.0005511980748846419,130500.12099963576
937.826758146286,-0.0018373269162821396,130500.4088996722
937.9259819984436,0.0011023961497692838,130501.26800970497
938.0264899730682,0.00027559903744232096,130500.14120873448
938.1260912418365,-0.0010105298039551768,130500.02708786103
938.2263646125793,0.0027559903744232093,130501.02437907494
938.3261907100677,-0.0011942624955833907,130500.12194116744
938.4263026714325,-0.0012861288413974978,130500.4097470507
938.5264418125153,0.0006430644206987489,130499.76877234562
938.626336812973,0.0013779951872116046,130499.29189511106
938.7265682220459,-0.00036746538325642793,130499.16270559996
938.8261959552765,-0.0022047922995385677,130499.34643503997
938.9264733791351,0.0020210596079103535,130500.51179153599
939.0260128974915,-0.0004593317290705349,130501.46061238239
939.1260237693787,0.0006430644206987489,130502.51455114415
939.2265169620514,0.0010105298039551768,130502.66309602975
939.3266460895538,0.00036746538325642793,130501.99678642678
939.4267387390137,0.0012861288413974978,130501.1971077841
939.5258612632751,-0.00018373269162821396,130500.47739700568
939.6266872882843,0.00027559903744232096,130500.32965730512
939.7259314060211,-0.0007349307665128559,130499.89669157461
939.8263845443726,0.0010105298039551768,130498.20702241716
939.9267609119415,0.0,130497.08632017544
940.0265238285065,0.00027559903744232096,130496.5776881579
940.1263835430145,-9.186634581410698e-05,130497.31991934212
940.2262923717499,9.186634581410698e-05,130495.4879274079
940.32652759552,-0.0005511980748846419,130494.13913466712
940.426548242569,-0.0008267971123269628,130493.02522120041
940.5263075828552,0.0010105298039551768,130492.82269908038
940.6264567375183,-0.0017454605704680327,130493.24042917234
940.7265303134918,-0.0013779951872116046,130493.01638625511
940.8264734745026,0.0016535942246539257,130492.71474762961
940.9266302585602,-0.0034909211409360655,130492.74327286665
941.0265109539032,-0.0011023961497692838,130491.66894557998
941.1267240047455,0.00027559903744232096,130491.50205102198
941.2266759872437,0.0011942624955833907,130491.55184591978
941.3267014026642,0.00036746538325642793,130490.99666132781
941.4266154766083,-0.00018373269162821396,130491.69699519503
941.5257699489594,0.0005511980748846419,130490.92729567553
941.625857591629,-0.00036746538325642793,130490.73456610797
941.7266416549683,-0.0004593317290705349,130490.06110949718
941.8263092041016,-0.00027559903744232096,130489.95499854747
941.9266743659973,-0.0012861288413974978,130489.25949869273
942.0258271694183,0.003674653832564279,130489.53354882346
942.1260590553284,0.0015617278788398188,130489.88019394112
942.2266125679016,0.0011942624955833907,130488.89217454701
942.3265604972839,-9.186634581410698e-05,130488.40295709233
942.4265434741974,0.0005511980748846419,130488.2626613831
942.5266234874725,0.0009186634581410698,130487.93639524479
942.6266386508942,-0.0012861288413974978,130487.44275572032
942.7259237766266,-0.0013779951872116046,130488.0984801483
942.8264534473419,0.0007349307665128559,130488.08863213347
942.9263217449188,0.0007349307665128559,130488.27976892013
943.0258028507233,0.00027559903744232096,130489.05179202813
943.1256203651428,-0.0004593317290705349,130488.94661282533
943.2259876728058,0.0013779951872116046,130489.8519515428
943.3257985115051,0.0021129259537244604,130490.06675638852
943.4259712696075,-0.0007349307665128559,130489.76008074966
943.5256719589233,0.00036746538325642793,130490.0840726747
943.6258211135864,0.0017454605704680327,130490.47566540723
943.7258894443512,0.00018373269162821396,130490.92809886651
943.8263986110687,0.0018373269162821396,130492.03528897987
943.9257245063782,-9.186634581410698e-05,130492.53176008188
944.0260057449341,-0.0017454605704680327,130493.8785840737
944.1263489723206,-0.0016535942246539257,130494.29072566633
944.2259089946747,0.0011942624955833907,130494.8616530997
944.3259651660919,0.0022047922995385677,130494.77548778974
944.4267551898956,0.00036746538325642793,130495.19793901077
944.5261585712433,-0.00036746538325642793,130495.0781451097
944.6260192394257,-0.0010105298039551768,130494.67033059873
944.7258052825928,-0.0011942624955833907,130494.00329753886
944.8265163898468,-0.00018373269162821396,130494.20296778498
944.9262137413025,0.0013779951872116046,130494.28267100648
945.0262846946716,0.0015617278788398188,130495.95440390584
945.1268289089203,0.00018373269162821396,130497.15896351526
945.2263684272766,0.0023885249911667814,130498.14306716374
945.3258030414581,9.186634581410698e-05,130497.92876044736
945.4266188144684,0.0007349307665128559,130498.73588440263
945.5261671543121,9.186634581410698e-05,130498.96229596238
945.6264581680298,-0.0007349307665128559,130497.96606636615
945.7268760204315,-0.0004593317290705349,130497.46945972955
945.826580286026,0.0027559903744232093,130498.12251375659
945.9269905090332,-0.0014698615330257117,130499.41026238094
946.0259850025177,0.00027559903744232096,130501.06923614285
946.1263236999512,0.0005511980748846419,130500.86231252857
946.2268838882446,0.0004593317290705349,130501.37608127572
946.3267028331757,0.0011942624955833907,130500.53847314816
946.4262325763702,-0.0004593317290705349,130500.18462583334
946.5265913009644,0.0015617278788398188,130499.06616325001
946.6267545223236,0.0007349307665128559,130498.75954692502
946.7262377738953,0.0013779951872116046,130498.48359223253
946.826623916626,0.0005511980748846419,130497.93523300928
946.9265475273132,0.0007349307665128559,130498.54170970837
947.0266532897949,0.0009186634581410698,130497.78753873754
947.1263339519501,0.0022047922995385677,130497.4087848638
947.2264325618744,-0.0006430644206987489,130497.46790637742
947.326611995697,0.00027559903744232096,130498.52111573968
947.4259512424469,0.0004593317290705349,130496.76900416572
947.5259876251221,-0.0008267971123269628,130497.19210374916
947.6263151168823,-0.0025722576827949956,130499.17289337424
947.7260353565216,0.0023885249911667814,130500.05560403682
947.82670378685,0.0014698615330257117,130500.15004363316
947.9257965087891,9.186634581410698e-05,130499.93503926984
948.0261161327362,0.0020210596079103535,130499.14153534286
948.1263194084167,-0.0012861288413974978,130500.02738180858
948.2264430522919,-0.0014698615330257117,130500.52464362772
948.3260214328766,-0.0009186634581410698,130500.07217926496
948.4258196353912,-0.00018373269162821396,130498.26496133846
948.5264563560486,-0.00027559903744232096,130497.63846520461
948.6259229183197,9.186634581410698e-05,130498.37461868415
948.7264051437378,0.00027559903744232096,130498.33715681573
948.8266670703888,0.0023885249911667814,130500.20344113416
948.9266948699951,-0.0006430644206987489,130500.88309702075
949.0265533924103,0.0011023961497692838,130500.59478731868
949.1257171630859,0.0019291932620962467,130500.53530858681
949.2267298698425,-0.0005511980748846419,130501.18177772812
949.3266263008118,-9.186634581410698e-05,130500.86359995532
949.426515340805,0.0010105298039551768,130501.27723995979
949.5265159606934,-0.0006430644206987489,130499.74951596382
949.6264367103577,-0.0020210596079103535,130500.67456436745
949.7266185283661,-0.0011942624955833907,130500.80710793071
949.8265752792358,0.0021129259537244604,130499.92639713763
949.9257817268372,-0.00027559903744232096,130500.83375742388
950.0260508060455,0.0,130500.8503816815
950.1264600753784,-0.0011942624955833907,130501.36534351336
950.2267043590546,0.0023885249911667814,130502.22880916203
950.3261322975159,-0.00018373269162821396,130501.20592824582
950.4262199401855,0.0016535942246539257,130503.28533542124
950.5267007350922,-0.0004593317290705349,130502.75680187912
950.626056432724,0.0010105298039551768,130502.4811216912
950.7257921695709,0.0005511980748846419,130501.53300952209
950.8265743255615,-0.0009186634581410698,130501.57970856987
950.9258677959442,-0.0005511980748846419,130500.82173771289
951.026741027832,-0.0019291932620962467,130499.6395639416
951.1259262561798,-0.0006430644206987489,130498.47560754744
951.2260398864746,0.00018373269162821396,130497.9280467927
951.3262696266174,-0.0005511980748846419,130497.03524211343
951.4260666370392,0.0014698615330257117,130497.23171790209
951.5258140563965,-0.00036746538325642793,130495.9085461119
951.6264312267303,-0.0004593317290705349,130494.91769150071
951.7258439064026,-0.0004593317290705349,130494.62592235063
951.8263776302338,0.0011942624955833907,130494.06333011558
951.9257349967957,0.0011023961497692838,130493.85699710401
952.026424407959,0.0014698615330257117,130494.17129739361
952.126547574997,0.00027559903744232096,130495.45416765424
952.2268190383911,0.0009186634581410698,130496.40875088882
952.3267476558685,-0.0013779951872116046,130496.96787579994
952.4263331890106,0.0017454605704680327,130497.77108821995
952.5267791748047,-9.186634581410698e-05,130498.69397939795
952.6264660358429,-0.0014698615330257117,130498.82458145816
952.7267067432404,-0.0022047922995385677,130499.84212331235
952.8266055583954,-0.0008267971123269628,130499.75791098113
952.926043510437,-0.0011942624955833907,130499.98211988302
953.0261161327362,0.0010105298039551768,130498.18390789471
953.1264281272888,-0.00018373269162821396,130496.66551710524
953.2261383533478,-0.0022966586453526745,130496.09896539472
953.3262314796448,-0.0008267971123269628,130496.38906885526
953.4263365268707,-0.0008267971123269628,130495.35016196975
953.5260322093964,0.0014698615330257117,130494.61514577278
953.6264140605927,-0.00027559903744232096,130494.05363119551
953.726320028305,-0.0008267971123269628,130493.84826807596
953.826788187027,0.0,130494.26344126837
953.9260828495026,-0.00018373269162821396,130494.73709714154
954.0268144607544,-0.0008267971123269628,130494.56338742739
954.1268353462219,0.0018373269162821396,130496.10704868466
954.2264759540558,-0.0010105298039551768,130495.69634381619
954.3263285160065,-0.0006430644206987489,130496.42670943457
954.4263739585876,-0.0012861288413974978,130496.38403849112
954.526002407074,-0.00036746538325642793,130496.945634642
954.6259477138519,0.0006430644206987489,130498.1510711778
954.7260572910309,-0.0012861288413974978,130497.93596406003
954.8265101909637,-0.00036746538325642793,130498.04236765404
954.9265773296356,0.0019291932620962467,130499.63813088863
955.0263841152191,0.0009186634581410698,130499.47431779977
955.1261625289917,-0.0006430644206987489,130500.5268860198
955.2263224124908,-0.0007349307665128559,130500.27419741782
955.3267025947571,0.0016535942246539257,130501.24677767605
955.4266881942749,9.186634581410698e-05,130501.12209990845
955.526047706604,-0.00036746538325642793,130502.40988991762
955.6260635852814,0.0016535942246539257,130501.96890092586
955.7267944812775,9.186634581410698e-05,130502.37201083328
955.8261842727661,-9.186634581410698e-05,130502.43480974996
955.9262793064117,0.00036746538325642793,130501.69132877496
956.0259354114532,0.0013779951872116046,130501.62219589748
956.1266729831696,0.0014698615330257117,130500.15997630772
956.2259199619293,0.0016535942246539257,130501.24397867695
956.3260252475739,-0.0008267971123269628,130502.01958080925
956.4260730743408,0.0010105298039551768,130501.51762272832
956.5266325473785,0.0029397230660514234,130501.26586045549
956.6262292861938,0.0011023961497692838,130502.23927440995
956.726232290268,0.0009186634581410698,130501.71534696895
956.8260288238525,-0.0007349307665128559,130502.44381227205
956.9264407157898,-0.0010105298039551768,130501.39943104485
957.0262749195099,0.0004593317290705349,130500.55948794037
957.1261796951294,-0.0020210596079103535,130500.10353914634
957.2259101867676,0.0014698615330257117,130499.9931852317
957.3267431259155,-0.00036746538325642793,130499.89386670853
957.4266521930695,0.00036746538325642793,130500.40448003769
957.5266575813293,0.0012861288413974978,130499.66403203392
957.6261677742004,-0.0006430644206987489,130498.89762883053
957.7265572547913,-0.0027559903744232093,130499.00786594748
957.826642036438,0.0004593317290705349,130498.00707935274
957.9261898994446,-0.0024803913369808887,130498.20637141747
958.0265045166016,-0.0015617278788398188,130498.48573427573
958.1267220973969,0.0027559903744232093,130498.83716084815
958.2259020805359,0.0013779951872116046,130498.65344476333
958.3258843421936,-9.186634581410698e-05,130497.488100287
958.4266173839569,0.0009186634581410698,130497.3392902583
958.5261046886444,-0.0007349307665128559,130497.50536123247
958.6263496875763,-0.0005511980748846419,130498.25482510922
958.7261693477631,-0.0014698615330257117,130498.02934259831
958.826611995697,-0.0004593317290705349,130498.92640833848
958.9265289306641,-0.00018373269162821396,130499.03376750463
959.0266871452332,-0.0009186634581410698,130500.23039075418
959.1260421276093,0.0010105298039551768,130499.90735167876
959.2265541553497,0.0019291932620962467,130499.91661651089
959.3268508911133,-0.0012861288413974978,130500.02495485981
959.4265460968018,-0.0006430644206987489,130501.02245937382
959.5268666744232,0.0,130500.92021343645
959.6260492801666,-0.0004593317290705349,130501.0281920928
959.7259237766266,0.00036746538325642793,130500.32537288353
959.8262224197388,-0.00036746538325642793,130500.59283559518
959.9258570671082,9.186634581410698e-05,130500.33355203566
960.0259954929352,0.0016535942246539257,130501.1001968321
960.1258053779602,-0.0006430644206987489,130500.9901771489
960.226823091507,-0.0018373269162821396,130501.091159434
960.3258180618286,-0.0005511980748846419,130501.4820434906
960.426266670227,-0.0009186634581410698,130502.33383914155
960.5263893604279,0.00036746538325642793,130501.6004552274
960.625962972641,0.0005511980748846419,130500.54040970467
960.726086139679,0.0011023961497692838,130500.4863687342
960.8262128829956,-0.0021129259537244604,130500.23773186079
960.926744222641,-0.0008267971123269628,130499.81395867471
961.0262446403503,-0.00027559903744232096,130498.73256280724
961.1258163452148,0.0019291932620962467,130498.75930652651
961.2260894775391,0.00036746538325642793,130497.78337587387
961.3261613845825,-0.0012861288413974978,130498.00503828649
961.4262137413025,-0.0013779951872116046,130496.70453445784
961.5261516571045,-0.00036746538325642793,130496.83408101206
961.6266536712646,0.0020210596079103535,130497.05067291085
961.7263004779816,0.0,130497.24560561977
961.825959444046,-0.00018373269162821396,130497.3210450578
961.9263825416565,-0.0011023961497692838,130497.58894055203
962.0259823799133,-0.0011942624955833907,130497.83004649683
962.1257030963898,0.0010105298039551768,130498.44704184716
962.2262377738953,-0.00018373269162821396,130497.80233766245
962.3262979984283,0.00018373269162821396,130497.12210389621
962.426308631897,0.0014698615330257117,130496.30989350658
962.5264225006104,0.0006430644206987489,130495.97890415593
962.6263778209686,0.0009186634581410698,130494.28101374034
962.7263691425323,0.0005511980748846419,130493.65291236632
962.8262810707092,-0.00018373269162821396,130494.0876211297
962.9262325763702,0.00027559903744232096,130493.77885901673
963.0265066623688,-0.0008267971123269628,130494.50097311506
963.1263680458069,0.00027559903744232096,130495.15087580356
963.2260730266571,-0.0011023961497692838,130496.23578822322
963.3266966342926,-0.0010105298039551768,130496.51220940091
963.4259517192841,-0.0012861288413974978,130496.16098846083
963.5260741710663,0.00018373269162821396,130494.64488961476
963.6263568401337,0.0016535942246539257,130495.2804006533
963.7267429828644,-0.0006430644206987489,130496.35236058797
963.8264102935791,0.0013779951872116046,130497.51712452919
963.9263124465942,-0.0007349307665128559,130496.06541207628
964.0254623889923,-0.0013779951872116046,130496.75887086865
964.1257996559143,0.0004593317290705349,130496.98298378178
964.2258312702179,0.0015617278788398188,130496.7846854036
964.3264758586884,0.0007349307665128559,130497.30621686325
964.4275476932526,0.0012861288413974978,130496.87559517693
964.5259034633636,0.0007349307665128559,130496.58803565922
964.6266031265259,-0.0007349307665128559,130496.02923209331
964.7256464958191,-9.186634581410698e-05,130496.12630888398
964.8265721797943,0.0026641240286091024,130496.91367799559
964.9264440536499,0.00018373269162821396,130496.62231019602
965.0265040397644,0.0017454605704680327,130495.36007917643
965.126659154892,9.186634581410698e-05,130496.02407125878
965.2263584136963,0.0010105298039551768,130495.62166413291
965.3257622718811,0.0,130495.55949771962
965.4259121417999,-0.0018373269162821396,130497.60354794766
965.5258738994598,0.0,130497.6431931529
965.6260900497437,-0.0011942624955833907,130497.0788738376
965.7264006137848,0.0007349307665128559,130497.27098645383
965.8267533779144,-0.00027559903744232096,130497.04388780845
965.9261622428894,0.0,130497.63949902762
966.0257353782654,0.0021129259537244604,130496.77554912487
966.1258792877197,-0.00018373269162821396,130497.39799421238
966.2259390354156,0.00027559903744232096,130497.25819479115
966.3261396884918,0.0014698615330257117,130496.63237531205
966.4264042377472,-0.0005511980748846419,130495.76913778085
966.5262315273285,0.0,130496.19222400276
966.6259963512421,-0.0014698615330257117,130496.3730016025
966.7260596752167,-0.00036746538325642793,130495.63570144225
966.8263447284698,0.00018373269162821396,130494.87213129803
966.9267022609711,-0.0028478567202373166,130494.68491816823
967.026266336441,-0.0015617278788398188,130493.81642635142
967.1260075569153,0.0,130492.53478371628
967.2261023521423,-9.186634581410698e-05,130493.18130534465
967.3260061740875,-0.0011942624955833907,130493.6631748102
967.4266285896301,-0.0025722576827949956,130492.69685732917
967.5259907245636,-0.0012861288413974978,130492.52717159626
967.6266431808472,0.0013779951872116046,130492.07445443663
967.7267665863037,-0.0007349307665128559,130491.36700899297
967.8260042667389,0.0008267971123269628,130491.23030809367
967.9262742996216,-9.186634581410698e-05,130491.8072772843
968.0263633728027,-0.0011942624955833907,130491.32654955587
968.1260740756989,0.0008267971123269628,130491.09389460029
968.2263748645782,-0.00027559903744232096,130490.88450514027
968.3263604640961,-0.0014698615330257117,130490.99605462624
968.4264516830444,0.0006430644206987489,130491.69644916363
968.5266644954681,0.00027559903744232096,130492.32680424728
968.626091003418,0.0012861288413974978,130493.19412382256
968.7259962558746,0.0007349307665128559,130493.0747114403
968.8261153697968,-0.0006430644206987489,130492.86724029628
968.9264616966248,-0.0030315894118655303,130492.18051626666
969.026561498642,0.0020210596079103535,130492.66246463999
969.1267373561859,-0.0022047922995385677,130494.39621817599
969.2268152236938,0.0019291932620962467,130495.5565963584
969.3261153697968,-0.0005511980748846419,130495.90093672255
969.4268524646759,-0.0022966586453526745,130496.2108430503
969.5266499519348,-0.0018373269162821396,130496.68975874528
969.6262950897217,-0.0017454605704680327,130497.62078287077
969.7266147136688,0.00036746538325642793,130498.75870458368
969.8267512321472,-0.0014698615330257117,130499.68283412533
969.9260809421539,-0.0008267971123269628,130500.8145507128
970.0261385440826,-0.0011023961497692838,130501.03309564153
970.1263544559479,-0.00036746538325642793,130501.52978607739
970.2261643409729,-0.0017454605704680327,130501.47680746966
970.3263356685638,0.0018373269162821396,130502.1291267227
970.4261109828949,0.00018373269162821396,130501.81621405043
970.5261256694794,0.00027559903744232096,130501.53459264539
970.6259796619415,0.0019291932620962467,130500.38113338086
970.7263464927673,9.186634581410698e-05,130501.14302004277
970.825846195221,-0.0025722576827949956,130500.42871803849
970.9260206222534,0.0011942624955833907,130500.58584623464
971.0266759395599,-0.00018373269162821396,130500.62726161118
971.1267321109772,-0.0004593317290705349,130500.76453545006
971.2263567447662,0.0011023961497692838,130500.28808190506
971.3259084224701,0.0,130500.45927371456
971.4261200428009,0.00027559903744232096,130499.31334634311
971.5260214805603,0.0005511980748846419,130498.1820117088
971.6261279582977,-0.0012861288413974978,130497.66381053792
971.726772069931,-0.00027559903744232096,130497.39742948413
971.8263959884644,0.0020210596079103535,130497.85768653572
971.9259378910065,-0.0014698615330257117,130497.87191788215
972.026123046875,0.0027559903744232093,130498.88472609394
972.1261811256409,0.0009186634581410698,130498.89625348453
972.2258780002594,-0.0004593317290705349,130498.90662813609
972.3258366584778,0.0008267971123269628,130499.91596532249
972.4263525009155,0.0010105298039551768,130499.82436879026
972.5262141227722,0.00027559903744232096,130498.94193191123
972.6258993148804,0.00036746538325642793,130498.84773872011
972.7264049053192,0.00018373269162821396,130497.06296484811
972.8266232013702,0.0012861288413974978,130497.1566683633
972.9265568256378,0.0008267971123269628,130497.14100152696
973.0262343883514,0.0013779951872116046,130496.82690137427
973.1262965202332,0.0014698615330257117,130495.24421123684
973.2264637947083,-0.0007349307665128559,130496.71979011316
973.3258144855499,-0.0004593317290705349,130496.14781110185
973.4266712665558,-0.00036746538325642793,130495.93302999166
973.5258097648621,-0.0010105298039551768,130496.13972699251
973.6261982917786,-0.00027559903744232096,130496.02575429325
973.7258388996124,-0.0005511980748846419,130495.52317886394
973.8263835906982,0.0011942624955833907,130495.57086097755
973.9268319606781,-0.0018373269162821396,130494.9137748798
974.026204586029,-9.186634581410698e-05,130495.02239739182
974.1266415119171,-0.0013779951872116046,130494.22015765264
974.2258117198944,0.0021129259537244604,130493.99814188738
974.3264317512512,0.0007349307665128559,130494.19832769864
974.4266259670258,-0.0010105298039551768,130494.67849492878
974.5261986255646,0.0009186634581410698,130495.5106454359
974.6265318393707,-0.0014698615330257117,130493.65958089232
974.7260453701019,-0.00036746538325642793,130493.59362280309
974.8259902000427,0.00036746538325642793,130493.8342605228
974.9266831874847,9.186634581410698e-05,130493.75083447053
975.026549577713,0.0004593317290705349,130492.97575102348
975.1258616447449,-0.0008267971123269628,130492.57817592114
975.2264912128448,0.0007349307665128559,130492.12035832903
975.3261420726776,-0.003399054795121958,130491.40832249614
975.426340341568,-0.0012861288413974978,130490.86749024653
975.52605676651,0.00018373269162821396,130489.48074122188
975.6262984275818,-0.0011023961497692838,130488.9326670997
975.7260990142822,0.0011942624955833907,130489.43940038973
975.8257229328156,-0.0010105298039551768,130490.29546035077
975.9263966083527,0.00018373269162821396,130489.96591431569
976.0261147022247,0.0011942624955833907,130490.56932288413
976.1266660690308,-0.0016535942246539257,130491.51239059572
976.2259049415588,0.00036746538325642793,130491.46115153615
976.3257119655609,-0.0005511980748846419,130492.11503638254
976.426020860672,0.0007349307665128559,130491.5035327443
976.5259974002838,0.0006430644206987489,130491.85317946988
976.6260235309601,0.0027559903744232093,130491.5678615229
976.7264959812164,0.00036746538325642793,130492.81107537061
976.8264720439911,-0.0016535942246539257,130493.52996783356
976.9262347221375,-0.00018373269162821396,130493.4769710502
977.0260543823242,-0.0004593317290705349,130492.5292739452
977.1260669231415,-0.00027559903744232096,130492.77634655069
977.226190328598,-0.0011942624955833907,130493.09871189563
977.3261346817017,0.0018373269162821396,130493.28884070607
977.4264235496521,0.0013779951872116046,130492.65995663546
977.5259385108948,0.0004593317290705349,130492.5939609719
977.6263501644135,-0.0028478567202373166,130493.03456487472
977.726499080658,0.0020210596079103535,130492.83110838725
977.8267199993134,0.0016535942246539257,130494.04799754854
977.9259860515594,-9.186634581410698e-05,130493.44319779369
978.0267765522003,0.0,130493.69887801433
978.1257939338684,-0.0004593317290705349,130492.92899021291
978.2262289524078,-0.0030315894118655303,130494.23609119163
978.3267681598663,-0.0031234557576796376,130493.91248207248
978.4268004894257,0.0014698615330257117,130493.62123386524
978.5261089801788,0.0007349307665128559,130493.95911047871
978.6266193389893,0.0011023961497692838,130492.86319943084
978.7266185283661,0.0006430644206987489,130492.47687948775
978.8259742259979,0.0009186634581410698,130493.72919153898
978.926450252533,-0.0004593317290705349,130492.45627238508
979.0264072418213,0.00036746538325642793,130492.41064514658
979.1262476444244,0.0005511980748846419,130493.66958063192
979.2263383865356,0.0011023961497692838,130492.70262256873
979.3263132572174,-0.0008267971123269628,130492.83236031185
979.4261963367462,0.0008267971123269628,130492.54912428066
979.5261352062225,0.00018373269162821396,130492.0942118526
979.6265153884888,0.0008267971123269628,130491.88479066735
979.7261955738068,-0.0016535942246539257,130492.19631160061
979.8261785507202,-0.0006430644206987489,130492.67668044055
979.9264059066772,-0.00027559903744232096,130492.2090123965
980.0266263484955,0.0017454605704680327,130492.18811115685
980.1258733272552,-0.00027559903744232096,130491.56930004117
980.2263536453247,0.003674653832564279,130490.51237003706
980.3261778354645,-0.0008267971123269628,130491.06113303336
980.4262597560883,0.00018373269162821396,130489.05501973003
980.5261590480804,0.0011942624955833907,130489.94951775704
980.6265816688538,-0.0007349307665128559,130489.75456598133
980.7265646457672,0.00027559903744232096,130489.6791093832
980.8263261318207,0.0011023961497692838,130489.21119844489
980.9261205196381,-0.0011023961497692838,130489.2900786004
981.0259919166565,0.0013779951872116046,130490.36107074037
981.126033782959,0.0007349307665128559,130490.02496366634
981.2265646457672,-0.0016535942246539257,130488.3224672997
981.3265249729156,0.0012861288413974978,130487.59022056973
981.4262700080872,-0.0012861288413974978,130487.23119851277
981.5263154506683,-0.0005511980748846419,130487.3080786615
981.6259887218475,-0.0012861288413974978,130486.17727079536
981.7264966964722,-0.00036746538325642793,130488.25954371583
981.8264145851135,-0.0007349307665128559,130489.43358934425
981.925977230072,-0.0005511980748846419,130488.69023040982
982.0260760784149,-0.00036746538325642793,130488.12120736884
982.1266810894012,-0.0010105298039551768,130487.80908663195
982.2262110710144,0.0016535942246539257,130488.02817796876
982.3258426189423,-0.0025722576827949956,130487.62536017189
982.4263474941254,0.0008267971123269628,130487.16282415472
982.5263595581055,-0.00027559903744232096,130487.04654173926
982.6261320114136,0.0023885249911667814,130488.34188756533
982.7262854576111,0.0022047922995385677,130489.0076988088
982.8261392116547,-0.00027559903744232096,130489.40692892793
982.9260203838348,0.0004593317290705349,130490.16623603513
983.0265555381775,0.0013779951872116046,130490.34961243162
983.1266539096832,-0.00027559903744232096,130490.01465118845
983.2267482280731,0.0004593317290705349,130489.71318606961
983.3266923427582,-0.0010105298039551768,130489.54186746266
983.4263908863068,-0.00018373269162821396,130490.78768071638
983.5264286994934,0.0019291932620962467,130490.10891264476
983.6265008449554,-0.0013779951872116046,130491.09802138028
983.7267472743988,0.0021129259537244604,130490.68821924225
983.826233625412,-0.0021129259537244604,130489.91939731802
983.9266953468323,0.0010105298039551768,130489.62745758622
984.0263559818268,0.0004593317290705349,130489.4647118276
984.1260299682617,0.00036746538325642793,130489.31824064485
984.2263419628143,0.0004593317290705349,130488.78641658038
984.3263165950775,-0.0021129259537244604,130489.70777492234
984.426572561264,0.0006430644206987489,130489.43699743011
984.5261335372925,-0.0012861288413974978,130488.39329768711
984.626451253891,0.00027559903744232096,130489.8539679184
984.7259378433228,-0.0022047922995385677,130489.56857112657
984.826470375061,0.0010105298039551768,130488.71171401392
984.92622590065,-0.0005511980748846419,130487.84054261252
985.0258591175079,0.0011942624955833907,130488.15648835128
985.1266398429871,0.0020210596079103535,130489.44083951616
985.2260904312134,-0.0006430644206987489,130490.09675556455
985.3266990184784,0.00018373269162821396,130488.88708000809
985.4263362884521,0.00027559903744232096,130487.69837200727
985.5267579555511,0.0011942624955833907,130489.72853480655
985.6259973049164,-0.0008267971123269628,130490.9556813259
985.726479768753,0.0008267971123269628,130491.66011319331
985.8260519504547,0.0011023961497692838,130491.49410187398
985.9265518188477,-0.00027559903744232096,130490.04469168658
986.026269197464,0.0006430644206987489,130490.94022251794
986.1267266273499,0.0010105298039551768,130490.94620026615
986.225955247879,-0.0005511980748846419,130491.85158023953
986.3263549804688,0.0025722576827949956,130491.76642221559
986.4261224269867,0.0005511980748846419,130493.58977999403
986.5265233516693,-9.186634581410698e-05,130493.03080199462
986.6260015964508,0.0007349307665128559,130492.52772179517
986.726336479187,-0.0008267971123269628,130491.47494961564
986.8259539604187,-0.00018373269162821396,130491.32745465408
986.9261863231659,0.0022966586453526745,130491.79470918867
987.0259764194489,0.0029397230660514234,130490.71523826981
987.1267011165619,0.00036746538325642793,130490.24371444284
987.2259705066681,0.0017454605704680327,130490.31934299857
987.3265128135681,9.186634581410698e-05,130490.48740869871
987.4263479709625,0.0009186634581410698,130489.63866782884
987.526558637619,0.0006430644206987489,130489.57480104596
987.6258819103241,0.0008267971123269628,130489.21732094137
987.7263402938843,-0.0005511980748846419,130490.49558884723
987.8262915611267,0.0025722576827949956,130490.24602996251
987.9260969161987,0.0009186634581410698,130491.12142696627
988.0261301994324,-0.00036746538325642793,130490.90928426964
988.125955581665,-0.0004593317290705349,130490.41835584269
988.2265100479126,0.0018373269162821396,130491.47652025842
988.325930595398,0.0007349307665128559,130491.62886823258
988.4259083271027,0.0007349307665128559,130492.36598140933
988.5260879993439,0.0019291932620962467,130491.6293832684
988.6264278888702,-0.0011942624955833907,130491.86644494155
988.726137638092,0.0006430644206987489,130490.8798004474
988.8267023563385,0.0012861288413974978,130490.69182040266
988.9263138771057,0.0012861288413974978,130491.4226383624
989.0265135765076,-0.00018373269162821396,130491.88037452617
989.1260764598846,-0.0012861288413974978,130491.19233707356
989.2261996269226,-0.0004593317290705349,130491.6731033662
989.3264186382294,-0.00036746538325642793,130491.70579302959
989.4265174865723,-0.0004593317290705349,130491.93521372663
989.5259222984314,-0.0015617278788398188,130491.24169235397
989.626188993454,-0.0012861288413974978,130491.01752311859
989.7266118526459,-0.00018373269162821396,130491.31577080674
989.826488494873,9.186634581410698e-05,130490.08419372607
989.9268293380737,0.0011023961497692838,130489.37577435347
990.0259165763855,-0.0006430644206987489,130489.03819691813
990.1259348392487,0.0018373269162821396,130488.63437722632
990.2258846759796,-0.0011942624955833907,130487.6709395037
990.3263354301453,0.0006430644206987489,130487.50384555334
990.4266600608826,-0.0010105298039551768,130487.453460998
990.5262014865875,9.186634581410698e-05,130488.20811489821
990.6266219615936,-9.186634581410698e-05,130487.7873034084
990.7260267734528,9.186634581410698e-05,130487.70857306756
990.8259918689728,-9.186634581410698e-05,130488.23771576081
990.9266307353973,0.0013779951872116046,130489.11394418473
991.0265786647797,-9.186634581410698e-05,130489.40254976627
991.1266596317291,0.0004593317290705349,130489.46229478964
991.2265357971191,0.0,130488.51606531069
991.3263218402863,-0.0004593317290705349,130488.66445877962
991.4263753890991,-0.0005511980748846419,130488.79801290167
991.5265851020813,0.0010105298039551768,130489.3182116115
991.6260907649994,-0.0022047922995385677,130491.98639045036
991.7260756492615,-0.0011023961497692838,130492.28775140533
991.8258867263794,0.0005511980748846419,130493.3589762648
991.9260995388031,0.00027559903744232096,130493.62307863834
992.0264911651611,0.00018373269162821396,130494.06077077451
992.1260313987732,-0.0004593317290705349,130494.75469369706
992.2264077663422,0.0011023961497692838,130494.07922432736
992.326450586319,0.0006430644206987489,130494.97130189463
992.426070690155,9.186634581410698e-05,130492.87417170519
992.5265295505524,0.00036746538325642793,130492.28675453467
992.6261279582977,0.0011023961497692838,130491.9580790812
992.7265193462372,0.0011023961497692838,130492.46227117308
992.8263731002808,-9.186634581410698e-05,130491.91604405578
992.9266076087952,0.00027559903744232096,130492.02443965021
993.0260121822357,0.0021129259537244604,130492.0219956852
993.1258132457733,0.0017454605704680327,130491.51979611667
993.2262895107269,0.0011942624955833907,130491.36781650501
993.3260321617126,-0.0022047922995385677,130490.63103485451
993.4258790016174,0.0019291932620962467,130490.86793136907
993.526216506958,0.0011942624955833907,130491.28113823217
993.6261417865753,0.0019291932620962467,130491.05302440896
993.726145029068,-0.0010105298039551768,130490.64772196807
993.8264467716217,-0.0009186634581410698,130490.48294977128
993.9264204502106,0.00018373269162821396,130491.23465479416
994.0267078876495,0.0007349307665128559,130492.21118931475
994.1267204284668,-0.0004593317290705349,130491.89007038329
994.226133108139,-0.0014698615330257117,130492.50106334497
994.3262951374054,0.0017454605704680327,130492.95095701047
994.4261779785156,0.0012861288413974978,130492.75586130943
994.526487827301,9.186634581410698e-05,130493.0802751785
994.6264817714691,0.0016535942246539257,130494.27224766064
994.7267043590546,9.186634581410698e-05,130494.84502289459
994.8265681266785,-0.0012861288413974978,130494.86052060513
994.9267070293427,-0.0005511980748846419,130493.37446854461
995.0259099006653,0.0010105298039551768,130493.43702169016
995.1266117095947,-0.0008267971123269628,130493.69331952115
995.2257814407349,9.186634581410698e-05,130493.22398756904
995.3265743255615,-0.00036746538325642793,130492.00158881214
995.426435470581,9.186634581410698e-05,130490.30142993093
995.5260510444641,-0.00036746538325642793,130489.47128693784
995.6258928775787,-9.186634581410698e-05,130489.62415824407
995.7260775566101,0.0018373269162821396,130489.56174241967
995.8259825706482,0.0,130488.70556817771
995.9260911941528,-9.186634581410698e-05,130488.93501135995
996.0266442298889,-0.0012861288413974978,130488.84151022397
996.1264824867249,-0.00018373269162821396,130488.25735920157
996.2266898155212,0.0009186634581410698,130488.63162328141
996.326494216919,0.0016535942246539257,130488.46846095327
996.4265887737274,0.0011023961497692838,130487.82161485794
996.5259115695953,0.0009186634581410698,130488.33945337214
996.6257164478302,-0.0004593317290705349,130489.30550803493
996.7267065048218,0.00036746538325642793,130488.97495723145
996.8260998725891,0.0011023961497692838,130488.2774615083
996.9269068241119,-0.0008267971123269628,130488.14971535747
997.0259261131287,0.0006430644206987489,130487.93474382174
997.1259169578552,-0.0008267971123269628,130488.64126943957
997.2259781360626,0.0025722576827949956,130488.57714249562
997.326169013977,0.0005511980748846419,130487.71942824606
997.4266414642334,-0.0007349307665128559,130488.34748542146
997.5258347988129,0.0010105298039551768,130488.31273687932
997.6265351772308,-0.00018373269162821396,130489.5814631914
997.7260549068451,-0.0009186634581410698,130489.22331687226
997.8266274929047,0.00036746538325642793,130490.40098518504
997.9268188476562,0.0009186634581410698,130491.16088666655
998.0267324447632,0.0011023961497692838,130491.1447979999
998.1263637542725,-0.0009186634581410698,130492.23031819992
998.2265639305115,0.0030315894118655303,130492.00728637993
998.3265838623047,0.00027559903744232096,130492.00655774193
998.4260671138763,0.0008267971123269628,130492.70590196774
998.5263235569,-9.186634581410698e-05,130492.83531177096
998.6260817050934,0.0013779951872116046,130492.15178059388
998.7258954048157,-0.0007349307665128559,130491.63660253449
998.8266637325287,-0.0011942624955833907,130490.57294228105
998.9260320663452,0.00018373269162821396,130489.71564805295
999.026210308075,0.0015617278788398188,130490.14408324767
999.126003742218,0.0023885249911667814,130489.5296749229
999.2260022163391,0.0014698615330257117,130488.57670743062
999.3264546394348,0.0009186634581410698,130490.21903668756
999.4269287586212,-0.0004593317290705349,130490.0971330188
999.5260615348816,0.00018373269162821396,130489.98741971693
999.626302242279,0.0010105298039551768,130490.48867774523
999.7265274524689,0.0007349307665128559,130491.43980997072
999.8267076015472,0.0030315894118655303,130491.49582897364
999.9266285896301,0.0011942624955833907,130491.34624607628
1000.0264060497284,0.0004593317290705349,130491.51162146866
1000.1267502307892,0.0016535942246539257,130491.26045932178
1000.2260065078735,-0.0006430644206987489,130490.8344133896
1000.3261406421661,-0.0022966586453526745,130491.05097205065
1000.4261236190796,0.0008267971123269628,130491.7458748456
1000.5267896652222,-0.00036746538325642793,130492.87128736105
1000.6266803741455,0.0004593317290705349,130493.08415862494
1000.7263669967651,-0.0005511980748846419,130492.67574276245
1000.8264946937561,0.0005511980748846419,130494.30816848623
1000.9265923500061,0.0019291932620962467,130494.87735163761
1001.0264980792999,0.00036746538325642793,130495.28961647386
1001.1263267993927,0.0004593317290705349,130495.06065482648
1001.2260453701019,-0.00036746538325642793,130494.95458934383
1001.3266267776489,0.0012861288413974978,130494.55913040946
1001.4260506629944,0.00027559903744232096,130493.90321736851
1001.5267069339752,0.0012861288413974978,130492.01289563166
1001.6262445449829,-0.00027559903744232096,130491.9116060685
1001.7259166240692,-0.0011942624955833907,130492.52044546166
1001.8263101577759,0.0008267971123269628,130493.3684009155
1001.926186800003,-0.0016535942246539257,130492.33156082395
1002.0267844200134,0.00027559903744232096,130493.99840474155
1002.126791715622,-0.00018373269162821396,130495.29856426739
1002.2262632846832,0.0011942624955833907,130495.16870784064
1002.3261811733246,0.0010105298039551768,130494.85183705657
1002.426201581955,0.00018373269162821396,130495.26665335093
1002.5259733200073,-0.0011942624955833907,130494.23998801585
1002.625857591629,-9.186634581410698e-05,130494.81598921427
1002.7266139984131,-0.00036746538325642793,130494.53439029284
1002.8265790939331,0.00018373269162821396,130494.68095126357
1002.9267280101776,0.0016535942246539257,130494.31285613721
1003.0262327194214,-0.0014698615330257117,130494.58157052349
1003.126715183258,0.0023885249911667814,130494.82341347114
1003.2260639667511,0.0021129259537244604,130493.64107212402
1003.3267984390259,-0.0004593317290705349,130494.47696491162
1003.4262719154358,0.0007349307665128559,130493.92926842047
1003.5259177684784,-0.0026641240286091024,130492.83634157843
1003.6259508132935,0.0006430644206987489,130491.9527074206
1003.7258825302124,0.00018373269162821396,130491.45743667854
1003.8262732028961,-0.00036746538325642793,130492.01169301069
1003.9259653091431,0.0005511980748846419,130492.01052370961
1004.0261225700378,0.0004593317290705349,130492.00947133865
1004.1262996196747,-0.00018373269162821396,130490.50852420478
1004.2262511253357,0.0009186634581410698,130490.2576717843
1004.3257863521576,0.0018373269162821396,130489.43190460587
1004.4260814189911,-0.0028478567202373166,130488.48871414528
1004.5263030529022,-0.0016535942246539257,130488.73984273076
1004.62637758255,0.0,130488.26585845769
1004.7266104221344,-0.0015617278788398188,130487.83927261192
1004.8262059688568,-0.00018373269162821396,130489.55534535073
1004.9261751174927,-0.0005511980748846419,130489.59981081566
1005.0259845256805,0.00018373269162821396,130488.0398297341
1005.126219034195,-0.00027559903744232096,130488.5358467607
1005.2259163856506,-0.0011023961497692838,130487.68226208464
1005.3268086910248,-0.0016535942246539257,130487.31403587619
1005.4262685775757,0.0022047922995385677,130487.28263228857
1005.5264937877655,0.0005511980748846419,130487.55436905971
1005.6260941028595,0.0020210596079103535,130487.99893215374
1005.725771188736,0.0011023961497692838,130488.39903893837
1005.8258621692657,-0.0011023961497692838,130488.35913504453
1005.9261245727539,0.0008267971123269628,130488.92322154008
1006.0258650779724,-0.00018373269162821396,130490.23089938608
1006.1261789798737,-0.00036746538325642793,130490.20780944747
1006.22585272789,0.0,130489.78702850273
1006.3259799480438,0.00027559903744232096,130489.90832565246
1006.4259698390961,-0.00036746538325642793,130490.01749308722
1006.5259141921997,0.00018373269162821396,130489.71574377849
1006.6260027885437,-0.0009186634581410698,130490.84416940065
1006.7262010574341,0.0008267971123269628,130491.35975246059
1006.8260626792908,0.0010105298039551768,130490.72377721453
1006.9267816543579,-0.00018373269162821396,130490.95139949309
1007.0266857147217,0.00018373269162821396,130491.55625954378
1007.1264507770538,0.0022047922995385677,130491.1006335894
1007.2261793613434,-9.186634581410698e-05,130491.69057023046
1007.326226234436,0.0026641240286091024,130490.12151320743
1007.4268624782562,0.0016535942246539257,130491.00936188668
1007.5266246795654,-0.00018373269162821396,130491.50842569802
1007.6263196468353,-0.0004593317290705349,130491.75758312823
1007.7259991168976,0.0005511980748846419,130491.38182481541
1007.8267643451691,-0.0018373269162821396,130491.54364233388
1007.9261498451233,-0.0011023961497692838,130491.8892781005
1008.0260446071625,-0.0020210596079103535,130491.30035029046
1008.1258900165558,-0.00018373269162821396,130492.17031526142
1008.226669549942,0.00036746538325642793,130490.45328373527
1008.326268196106,0.00018373269162821396,130491.30795536176
1008.4260845184326,-9.186634581410698e-05,130491.97715982559
1008.5260019302368,-0.0008267971123269628,130491.47944384303
1008.6267952919006,-0.0006430644206987489,130492.63149945873
1008.7266964912415,0.0,130492.56834951286
1008.8260569572449,0.0,130493.01151456157
1008.9265875816345,0.0,130492.61036310543
1009.0260102748871,0.0006430644206987489,130492.7493267949
1009.1263749599457,-0.0013779951872116046,130491.37439411541
1009.2259993553162,-0.0006430644206987489,130489.73695470387
1009.3263161182404,0.0005511980748846419,130490.26325923348
1009.4265322685242,0.0007349307665128559,130490.63693331013
1009.5260746479034,-0.00027559903744232096,130491.57323997912
1009.626011133194,-0.00018373269162821396,130491.21591598121
1009.7264828681946,0.0010105298039551768,130490.6943243831
1009.8264927864075,0.00018373269162821396,130490.0248919448
1009.9259121417999,-0.0011023961497692838,130490.12240275033
1010.0266547203064,0.0008267971123269628,130488.91016247531
1010.1258745193481,0.0014698615330257117,130488.21914622778
1010.2264151573181,0.00036746538325642793,130487.99723160501
1010.3265950679779,-9.186634581410698e-05,130487.39750844451
1010.4267914295197,-9.186634581410698e-05,130487.05775760007
1010.526198387146,-0.0022966586453526745,130487.85198184007
1010.6262819766998,-0.0011942624955833907,130487.66678365607
1010.7266972064972,-0.0008267971123269628,130486.90010529046
1010.8260037899017,-0.0025722576827949956,130486.01009476143
1010.9264543056488,-9.186634581410698e-05,130485.80908528529
1011.0258622169495,-0.00036746538325642793,130485.92817675676
1011.1266498565674,0.0012861288413974978,130485.63535908109
1011.2263131141663,0.0013779951872116046,130487.27182317298
1011.326500415802,0.0,130486.44464085568
1011.4263899326324,-0.00036746538325642793,130486.00017677012
1011.5266237258911,0.0015617278788398188,130486.00015909312
1011.626448392868,-0.00018373269162821396,130486.50014318382
1011.7263202667236,0.0007349307665128559,130487.35012886544
1011.8266224861145,-0.0008267971123269628,130488.7151159789
1011.926595211029,0.0006430644206987489,130489.84360438102
1012.0259590148926,-0.0012861288413974978,130490.45924394293
1012.1264305114746,0.0016535942246539257,130491.91331954864
1012.2265133857727,-0.0009186634581410698,130493.12198759377
1012.3260390758514,0.0009186634581410698,130492.9097888344
1012.4266407489777,0.0008267971123269628,130492.21880995097
1012.5258576869965,0.0019291932620962467,130492.79692895587
1012.6261389255524,-0.0006430644206987489,130493.01723606029
1012.7266933917999,9.186634581410698e-05,130494.11551245427
1012.8263709545135,0.0019291932620962467,130494.80396120885
1012.9268906116486,-0.0004593317290705349,130494.72356508797
1013.0259325504303,-0.00036746538325642793,130495.05120857919
1013.1264944076538,0.0018373269162821396,130495.24608772127
1013.2265257835388,-0.0005511980748846419,130495.22147894914
1013.3261415958405,0.0021129259537244604,130493.89933105423
1013.4259312152863,0.0007349307665128559,130494.7093979488
1013.5261528491974,-0.00036746538325642793,130495.13845815393
1013.6259524822235,0.0011023961497692838,130494.92461233854
1013.7258553504944,0.0010105298039551768,130494.43215110469
1013.8258216381073,0.00018373269162821396,130494.28893599422
1013.9265522956848,0.0020210596079103535,130495.2600423948
1014.0266683101654,9.186634581410698e-05,130495.53403815533
1014.1265950202942,0.0007349307665128559,130495.0806343398
1014.2263159751892,0.0010105298039551768,130496.67257090582
1014.3260810375214,-0.00018373269162821396,130496.80531381525
1014.4261083602905,0.0018373269162821396,130496.52478243373
1014.5264401435852,0.00027559903744232096,130497.77230419035
1014.6265437602997,0.0005511980748846419,130498.09507377133
1014.7266044616699,0.0018373269162821396,130498.38556639421
1014.8255774974823,-0.0025722576827949956,130498.4470097548
1014.9264750480652,0.00018373269162821396,130497.50230877934
1015.0261619091034,-0.0018373269162821396,130498.3520779014
1015.1265347003937,-0.0007349307665128559,130497.21687011127
1015.226485490799,-0.0014698615330257117,130496.69518310014
1015.3265378475189,-0.0011023961497692838,130498.72566479012
1015.4262101650238,0.0011942624955833907,130498.7530983111
1015.5263113975525,-0.0004593317290705349,130498.57778847999
1015.6265435218811,0.00027559903744232096,130498.620009632
1015.7258658409119,0.00027559903744232096,130498.9580086688
1015.8263292312622,-0.0008267971123269628,130498.26220780192
1015.9269609451294,9.186634581410698e-05,130498.53598702174
1016.0266783237457,-0.0010105298039551768,130497.98238831956
1016.126380443573,0.0004593317290705349,130497.88414948761
1016.2257940769196,0.0009186634581410698,130497.49573453885
1016.3262927532196,-0.0020210596079103535,130498.14616108497
1016.425954580307,0.0005511980748846419,130498.03154497647
1016.5258367061615,0.0005511980748846419,130497.32839047884
1016.6262736320496,-0.0011023961497692838,130497.59555143096
1016.7259221076965,-0.0010105298039551768,130497.13599628786
1016.8262796401978,0.0025722576827949956,130495.62239665908
1016.9268624782562,0.0011942624955833907,130494.76015699317
1017.0262579917908,0.0011942624955833907,130493.28414129386
1017.1264851093292,-9.186634581410698e-05,130492.25572716448
1017.2260320186615,-0.0015617278788398188,130490.53015444803
1017.326005935669,-0.00018373269162821396,130490.67713900322
1017.4265117645264,0.0021129259537244604,130490.3094251029
1017.5258116722107,0.00036746538325642793,130491.2784825926
1017.626451253891,-0.0018373269162821396,130492.05063433334
1017.7263565063477,-0.0020210596079103535,130491.54557090001
1017.8262679576874,0.0011942624955833907,130492.09101381
1017.9266381263733,-0.0006430644206987489,130492.681912429
1018.0261075496674,0.0012861288413974978,130492.1137211861
1018.1258707046509,0.0004593317290705349,130492.3023490675
1018.226099729538,-0.00018373269162821396,130492.17211416076
1018.3262686729431,-0.00027559903744232096,130491.85490274467
1018.4263155460358,-0.00036746538325642793,130492.26941247021
1018.5266582965851,0.0007349307665128559,130492.8424712232
1018.6260359287262,0.0004593317290705349,130493.15822410089
1018.7267665863037,9.186634581410698e-05,130492.0424016908
1018.8259477615356,9.186634581410698e-05,130490.83816152172
1018.9267220497131,-9.186634581410698e-05,130491.35434536956
1019.0267460346222,0.00036746538325642793,130490.51891083262
1019.1264207363129,0.00036746538325642793,130489.86701974936
1019.2263088226318,0.00018373269162821396,130489.38031777443
1019.3267004489899,0.00027559903744232096,130488.94228599699
1019.426183462143,0.0012861288413974978,130489.54805739729
1019.52583527565,0.0022966586453526745,130489.69325165756
1019.6264872550964,-0.00018373269162821396,130491.2239264918
1019.7258334159851,-0.0016535942246539257,130491.30153384262
1019.8258633613586,0.0026641240286091024,130492.77138045836
1019.9258959293365,0.0004593317290705349,130492.89424241253
1020.0258190631866,0.0012861288413974978,130493.20481817129
1020.1265487670898,0.0014698615330257117,130494.38433635417
1020.2261772155762,-0.0008267971123269628,130494.64590271875
1020.3267886638641,-0.0026641240286091024,130494.58131244688
1020.4268343448639,-0.0016535942246539257,130494.8231812022
1020.5263395309448,-0.0009186634581410698,130494.74086308197
1020.6259577274323,0.0020210596079103535,130494.06677677378
1020.7260272502899,0.00018373269162821396,130492.56009909642
1020.8258666992188,0.00027559903744232096,130492.50408918677
1020.9268355369568,-0.00036746538325642793,130492.1536802681
1021.0258157253265,0.0004593317290705349,130491.93831224128
1021.1266303062439,-0.0009186634581410698,130491.84448101716
1021.225930929184,0.0004593317290705349,130491.46003291545
1021.3265895843506,0.0016535942246539257,130490.5140296239
1021.4261341094971,-0.0009186634581410698,130489.46262666151
1021.5258390903473,-0.0007349307665128559,130488.11636399536
1021.6262609958649,0.0005511980748846419,130487.80472759582
1021.7266726493835,-0.0019291932620962467,130486.92425483625
1021.8265256881714,-0.0018373269162821396,130487.03182935264
1021.9260413646698,0.0017454605704680327,130486.82864641737
1022.0267446041107,9.186634581410698e-05,130486.74578177564
1022.126256942749,-0.0011942624955833907,130486.07120359807
1022.2266852855682,0.0004593317290705349,130485.86408323827
1022.3259782791138,0.0015617278788398188,130485.27767491444
1022.4267189502716,-9.186634581410698e-05,130487.049907423
1022.525919675827,-9.186634581410698e-05,130487.94491668072
1022.6266903877258,-0.0008267971123269628,130489.85042501264
1022.725875377655,0.0024803913369808887,130490.2653825114
1022.8259034156799,0.00018373269162821396,130489.23884426025
1022.9260575771332,0.0011023961497692838,130489.21495983424
1023.0263459682465,-0.00018373269162821396,130488.29346385082
1023.1261253356934,0.0013779951872116046,130487.76411746573
1023.2267737388611,-0.00036746538325642793,130486.98770571916
1023.3268055915833,0.00018373269162821396,130485.58893514726
1023.4258964061737,-0.0004593317290705349,130485.03004163253
1023.5260820388794,-0.0008267971123269628,130484.52703746928
1023.6261119842529,0.0024803913369808887,130485.57433372235
1023.7267696857452,0.00036746538325642793,130486.11690035013
1023.826251745224,0.0011942624955833907,130486.9052103151
1023.9267539978027,-0.0007349307665128559,130487.1146892836
1024.026329278946,0.0005511980748846419,130486.80322035524
1024.1265850067139,0.00018373269162821396,130486.52289831973
1024.2264032363892,0.0011023961497692838,130486.17060848777
1024.3258075714111,0.0007349307665128559,130485.55354763899
1024.426323890686,-9.186634581410698e-05,130486.0981928751
1024.5265049934387,0.0006430644206987489,130486.18837358759
1024.6259424686432,0.0004593317290705349,130486.76953622884
1024.7263612747192,0.0022966586453526745,130486.99258260595
1024.8259725570679,-0.00027559903744232096,130488.09332434536
1024.9267196655273,-0.0012861288413974978,130487.18399191083
1025.0261023044586,-0.0007349307665128559,130487.36559271975
1025.126534461975,-0.0004593317290705349,130488.22903344779
1025.226732969284,-0.0006430644206987489,130487.40613010302
1025.3262627124786,0.0007349307665128559,130487.96551709271
1025.4261660575867,-0.0011942624955833907,130487.36896538344
1025.526524066925,-0.0022047922995385677,130487.73206884511
1025.626137971878,0.0022966586453526745,130487.35886196062
1025.7264547348022,0.00027559903744232096,130486.52297576456
1025.8266441822052,0.00027559903744232096,130485.5706781881
1025.92631149292,0.0007349307665128559,130484.5136103693
1026.0265345573425,9.186634581410698e-05,130484.76224933236
1026.125973701477,9.186634581410698e-05,130483.78602439913
1026.2262179851532,0.0008267971123269628,130484.10742195921
1026.3268163204193,-0.00018373269162821396,130483.4966797633
1026.4263813495636,-0.0008267971123269628,130483.34701178696
1026.5265154838562,9.186634581410698e-05,130482.61231060827
1026.6259455680847,0.0015617278788398188,130483.25107954745
1026.7267763614655,-0.00018373269162821396,130483.82597159271
1026.8260395526886,-0.00027559903744232096,130483.14337443344
1026.926390171051,-0.0009186634581410698,130483.4290369901
1027.0266153812408,0.0,130483.58613329109
1027.1267747879028,0.0010105298039551768,130484.92751996197
1027.2266924381256,0.0009186634581410698,130486.03476796579
1027.3267312049866,0.0029397230660514234,130485.83129116922
1027.4268436431885,0.0015617278788398188,130486.34816205231
1027.526594877243,0.0009186634581410698,130486.61334584709
1027.6267914772034,0.0029397230660514234,130485.75201126239
1027.726604938507,0.00027559903744232096,130484.97681013616
1027.8266234397888,-0.00027559903744232096,130486.57912912255
1027.9260957241058,9.186634581410698e-05,130487.7212162103
1028.0259501934052,-0.0029397230660514234,130488.84909458927
1028.1267833709717,0.0018373269162821396,130489.76418513035
1028.2260100841522,-0.0020210596079103535,130489.78776661732
1028.326161146164,-0.0005511980748846419,130489.00898995559
1028.426784992218,-0.00027559903744232096,130488.80809096002
1028.5259008407593,-9.186634581410698e-05,130489.12728186403
1028.6266741752625,-0.0022966586453526745,130489.61455367762
1028.7261066436768,0.0005511980748846419,130490.75309830987
1028.8264379501343,0.0022047922995385677,130490.7777884789
1028.9261481761932,0.0011023961497692838,130491.60000963102
1029.0268201828003,-0.0008267971123269628,130492.04000866793
1029.1265244483948,0.0012861288413974978,130491.73600780114
1029.226396560669,0.0004593317290705349,130492.36240702104
1029.325930595398,0.0010105298039551768,130493.22616631894
1029.4267172813416,0.0004593317290705349,130492.50354968706
1029.526559829712,0.00027559903744232096,130491.85319471835
1029.6264069080353,0.0007349307665128559,130491.26787524653
1029.7259330749512,0.0016535942246539257,130491.54108772188
1029.8264124393463,0.00018373269162821396,130490.9869789497
1029.9260909557343,0.0008267971123269628,130490.88828105474
1030.0265028476715,0.0014698615330257117,130489.89945294928
1030.1261909008026,-0.0009186634581410698,130488.40950765435
1030.2266380786896,-0.0020210596079103535,130487.86855688892
1030.3266155719757,-0.0008267971123269628,130486.68170120004
1030.426113128662,0.0005511980748846419,130486.21353108004
1030.5265619754791,-0.00027559903744232096,130487.09217797204
1030.6260600090027,-0.0016535942246539257,130486.88296017483
1030.7260823249817,-0.0011023961497692838,130487.89466415734
1030.82594871521,0.0004593317290705349,130487.90519774161
1030.92649435997,-0.0016535942246539257,130488.21467796745
1031.0265078544617,-0.0007349307665128559,130487.5932101707
1031.1266915798187,0.0007349307665128559,130488.63388915363
1031.2262930870056,0.0012861288413974978,130489.17050023828
1031.326192855835,0.0024803913369808887,130488.35345021446
1031.4262208938599,-9.186634581410698e-05,130486.918105193
1031.5262739658356,0.0019291932620962467,130486.82629467371
1031.625948190689,0.0007349307665128559,130486.24366520635
1031.726538658142,-0.00027559903744232096,130485.41929868572
1031.8265011310577,-9.186634581410698e-05,130485.27736881716
1031.9259898662567,0.0011942624955833907,130484.74963193544
1032.025942325592,0.0009186634581410698,130483.9746687419
1032.1262667179108,0.0006430644206987489,130482.9772018677
1032.226726770401,-0.0013779951872116046,130481.87948168094
1032.3260612487793,-0.00036746538325642793,130482.19153351284
1032.4263517856598,0.0009186634581410698,130481.97238016156
1032.5267148017883,0.0006430644206987489,130482.6751421454
1032.6258354187012,0.00036746538325642793,130482.90762793086
1032.726071357727,0.0007349307665128559,130482.71686513779
1032.8261172771454,0.0021129259537244604,130483.845178624
1032.9266521930695,0.0016535942246539257,130484.4606607616
1033.0262405872345,9.186634581410698e-05,130484.11459468545
1033.126363992691,-0.0013779951872116046,130484.40313521691
1033.2263300418854,0.0019291932620962467,130485.66282169522
1033.3264210224152,-0.00027559903744232096,130485.59653952571
1033.4267983436584,-0.0004593317290705349,130484.43688557314
1033.526154756546,9.186634581410698e-05,130484.99319701584
1033.6263930797577,0.0,130485.49387731425
1033.7258713245392,0.0009186634581410698,130485.94448958282
1033.826652765274,0.0011942624955833907,130485.55004062454
1033.9260702133179,-0.0004593317290705349,130485.79503656209
1034.0260074138641,0.0016535942246539257,130485.3155329059
1034.1267726421356,9.186634581410698e-05,130485.98397961531
1034.2266161441803,-0.00027559903744232096,130485.48558165379
1034.3266656398773,0.00018373269162821396,130486.03702348842
1034.426809310913,-0.0007349307665128559,130487.03332113958
1034.5263223648071,0.00036746538325642793,130488.12998902562
1034.6265425682068,0.0005511980748846419,130488.21699012307
1034.7267487049103,-0.0006430644206987489,130489.29529111076
1034.8258254528046,-0.0004593317290705349,130490.76576199968
1034.9266872406006,0.0008267971123269628,130490.68918579971
1035.0259845256805,0.0,130491.52026721975
1035.1266300678253,-0.0005511980748846419,130490.86824049777
1035.2263624668121,9.186634581410698e-05,130491.381416448
1035.3260869979858,0.0020210596079103535,130491.14327480321
1035.4267189502716,0.0022966586453526745,130491.42894732289
1035.5259563922882,-0.0012861288413974978,130490.3860525906
1035.6260282993317,0.0006430644206987489,130490.54744733154
1035.7259168624878,0.0022047922995385677,130489.89270259839
1035.8266882896423,0.0015617278788398188,130490.00343233856
1035.9267206192017,-0.0011942624955833907,130489.7030891047
1036.0258462429047,0.0004593317290705349,130491.13278019422
1036.1261191368103,0.0004593317290705349,130492.01950217481
1036.2262303829193,0.0019291932620962467,130491.21755195732
1036.326195716858,0.0015617278788398188,130492.2957967616
1036.4264464378357,0.0008267971123269628,130493.66621708544
1036.52645277977,0.00018373269162821396,130493.2995953769
1036.6264579296112,0.0024803913369808887,130492.96963583921
1036.7262320518494,0.0007349307665128559,130493.37267225528
1036.8266353607178,0.0012861288413974978,130492.33540502976
1036.9267644882202,0.00018373269162821396,130492.60186452679
1037.0262751579285,0.0006430644206987489,130492.0416780741
1037.1265602111816,-0.0006430644206987489,130492.63751026671
1037.2265264987946,0.0,130493.47375924005
1037.325914144516,-0.0005511980748846419,130494.62638331605
1037.4267191886902,0.0011023961497692838,130493.56374498445
1037.5266554355621,-0.0008267971123269628,130493.20737048601
1037.6259214878082,0.0017454605704680327,130492.1866334374
1037.7260310649872,-0.0008267971123269628,130491.96797009367
1037.8266253471375,0.00018373269162821396,130491.0711730843
1037.9266226291656,-0.0019291932620962467,130489.66405577587
1038.0262789726257,-0.0009186634581410698,130489.89765019828
1038.1261141300201,-0.0007349307665128559,130489.70788517846
1038.226083278656,-9.186634581410698e-05,130490.33709666062
1038.326503276825,-0.0015617278788398188,130489.90338699456
1038.4260878562927,-0.0004593317290705349,130489.6130482951
1038.526320695877,-0.0004593317290705349,130489.25174346559
1038.6265275478363,0.0019291932620962467,130488.12656911903
1038.726772069931,0.0025722576827949956,130488.81391220713
1038.825924396515,0.0012861288413974978,130487.83252098641
1038.9264740943909,-0.0014698615330257117,130488.14926888778
1039.0267391204834,-0.0024803913369808887,130487.634341999
1039.1266956329346,0.0007349307665128559,130487.7709077991
1039.2259204387665,0.00036746538325642793,130487.69381701919
1039.3264119625092,0.0004593317290705349,130488.22443531727
1039.4265985488892,0.0009186634581410698,130488.30199178556
1039.5261144638062,-0.0013779951872116046,130487.971792607
1039.6260409355164,0.0010105298039551768,130487.3746133463
1039.7260098457336,0.0004593317290705349,130488.33715201166
1039.8259813785553,0.0008267971123269628,130488.5034368105
1039.9268040657043,0.0006430644206987489,130489.95309312946
1040.0262625217438,0.0007349307665128559,130491.55778381652
1040.1267309188843,0.0011023961497692838,130491.30200543487
1040.226081609726,0.0006430644206987489,130491.7718048914
1040.3264803886414,-0.00018373269162821396,130490.69462440227
1040.4260275363922,0.0,130489.42516196205
1040.5265309810638,-0.00027559903744232096,130488.88264576584
1040.6263885498047,0.0015617278788398188,130490.39438118925
1040.7264626026154,-0.0010105298039551768,130490.25494307032
1040.8263177871704,-0.00018373269162821396,130491.1294487633
1040.9263837337494,0.0,130492.61650388698
1041.025925397873,-0.0005511980748846419,130493.05485349828
1041.1265733242035,0.0005511980748846419,130492.54936814845
1041.2263345718384,0.00018373269162821396,130492.4944313336
1041.3262581825256,-0.0016535942246539257,130491.24498820024
1041.4264941215515,-0.0008267971123269628,130491.52048938023
1041.5265629291534,9.186634581410698e-05,130490.16844044221
1041.6258108615875,0.0015617278788398188,130490.15159639799
1041.7267608642578,-0.0020210596079103535,130490.2364367582
1041.8259959220886,0.0014698615330257117,130489.8127930824
1041.9267373085022,0.0031234557576796376,130490.83151377416
1042.0260410308838,0.0022047922995385677,130491.84836239675
1042.1262736320496,0.0008267971123269628,130492.06352615709
1042.2264831066132,-0.0021129259537244604,130491.35717354139
1042.326361656189,0.0009186634581410698,130492.32145618726
1042.4262042045593,-0.0010105298039551768,130492.48931056855
1042.5261096954346,-0.0004593317290705349,130492.4403795117
1042.6257982254028,-0.0004593317290705349,130492.79634156053
1042.7262229919434,0.0012861288413974978,130491.6167074045
1042.8259663581848,0.0007349307665128559,130491.75503666405
1042.9265038967133,0.0005511980748846419,130489.77953299765
1043.0265407562256,0.0007349307665128559,130489.60157969789
1043.125881910324,-0.0011023961497692838,130489.4414217281
1043.226482629776,0.0016535942246539257,130489.69727955529
1043.3260569572449,-0.0005511980748846419,130489.72755159976
1043.4262924194336,0.0013779951872116046,130490.15479643978
1043.5259802341461,-9.186634581410698e-05,130489.3393167958
1043.625970840454,0.0004593317290705349,130489.00538511622
1043.7265441417694,0.00018373269162821396,130488.40484660461
1043.82652425766,0.00036746538325642793,130487.16436194416
1043.9267253875732,0.0010105298039551768,130488.14792574974
1044.0262913703918,0.0030315894118655303,130486.93313317478
1044.126062631607,-0.00018373269162821396,130486.33981985731
1044.226390361786,0.0015617278788398188,130488.60583787158
1044.3261637687683,-0.0010105298039551768,130488.94525408442
1044.4261672496796,0.0011023961497692838,130487.35072867599
1044.525973558426,0.0020210596079103535,130487.01565580838
1044.626250743866,0.0023885249911667814,130487.21409022756
1044.7264187335968,-0.0010105298039551768,130486.29268120481
1044.8258266448975,0.00036746538325642793,130484.16341308433
1044.9265723228455,9.186634581410698e-05,130484.1470717759
1045.026183128357,0.0014698615330257117,130482.93236459831
1045.126758813858,0.0014698615330257117,130482.53912813848
1045.226628780365,-0.00018373269162821396,130482.28521532463
1045.3263010978699,0.0023885249911667814,130482.95669379216
1045.4266123771667,-0.0016535942246539257,130482.76102441296
1045.5267124176025,-0.01249382303071855,130482.68492197167
1045.6261575222015,-0.020578061462359964,130482.4164297745
1045.725899219513,0.0011942624955833907,130481.37478679705
1045.8267517089844,0.010472763422808196,130482.43730811734
1045.926825761795,0.055211673834278295,130482.3935773056
1046.0267038345337,0.12144730916624943,130482.85421957503
1046.1262583732605,0.22194909148688247,130483.66879761755
1046.2264637947083,0.21009833287686266,130484.7019178558
1046.326200246811,0.00881916919815427,130485.53172607023
1046.4265463352203,-0.14413829658233385,130486.27855346321
1046.5267555713654,-0.1933786579386952,130486.05069811689
1046.626224040985,-0.22351081936572229,130485.8456283052
1046.7265198230743,-0.21634524439222194,130486.56106547469
1046.8264846801758,-0.09306060830969037,130486.70495892722
1046.926566362381,0.03610347390494405,130487.63446303451
1047.0265369415283,0.11418986784693498,130486.77101673107
1047.1266775131226,0.1318282062432435,130486.59391505797
1047.22656583786,0.09838885636690858,130485.73452355218
1047.326446056366,0.1209879774371789,130485.26107119698
1047.4259932041168,0.15608092153816777,130485.03496407728
1047.5265295505524,0.10564629768622302,130485.73146766955
1047.62664437294,-0.0763409333715229,130486.2583209026
1047.7261974811554,-0.22011176457060033,130485.63248881235
1047.8259465694427,-0.25345924810112114,130485.56923993112
1047.9261004924774,-0.2591549615415958,130485.31231593802
1048.0260417461395,0.009554099964667126,130484.58108434422
1048.1266963481903,0.17675084934634183,130485.32297590979
1048.2266962528229,0.22268402225339531,130485.9906783188
1048.3259739875793,0.15690771865049472,130485.49161048693
1048.4261438846588,-0.1275104879899805,130486.04244943825
1048.5264246463776,-0.27073012111417327,130487.53820449443
1048.6268436908722,-0.21340552132617052,130487.18438404499
1048.7267804145813,0.07845385932524736,130486.7659456405
1048.8267130851746,0.18511068681542556,130486.68935107645
1048.9260873794556,0.20302462424917644,130484.7204159688
1049.0267651081085,0.11262813996809516,130485.34837437193
1049.1268610954285,-0.2129461895971,130486.81353693473
1049.2258672714233,-0.33586336029637515,130487.23218324127
1049.3259508609772,-0.029948428735398876,130487.90896491715
1049.42622756958,0.2129461895971,130489.31806842543
1049.5263562202454,0.22148975975781193,130487.8862615829
1049.6261785030365,-0.09324434100131859,130488.7976354246
1049.726511478424,-0.35699261983361974,130489.01787188216
1049.8261306285858,-0.23471851355504333,130490.11608469395
1049.9265196323395,0.19126573198497074,130490.40447622456
1050.0263271331787,0.23214625587224835,130490.16402860211
1050.1260409355164,-0.13789138506697457,130489.9476257419
1050.226124048233,-0.42047226479116767,130488.45286316771
1050.326590538025,-0.06274471419103507,130488.10757685095
1050.426209449768,0.25345924810112114,130487.09681916586
1050.5259418487549,0.07009402185616363,130488.28713724928
1050.626297235489,-0.3737122947717872,130488.25842352436
1050.7263956069946,-0.29727949505445017,130489.63258117191
1050.8265058994293,0.15571345615491133,130490.86932305472
1050.9268562793732,0.3363226920254457,130489.58239074926
1051.0258185863495,0.28111101819116735,130488.82415167433
1051.1261959075928,0.0670624324442981,130488.2417365069
1051.226390838623,-0.05484420845102187,130488.31756285622
1051.3264434337616,-0.005603847094660526,130488.0858065706
1051.4262490272522,-0.0015617278788398188,130487.77722591354
1051.5263154506683,-0.0023885249911667814,130489.2995033222
1051.6263236999512,-0.0018373269162821396,130489.06955298998
1051.726520061493,-0.00027559903744232096,130488.562597691
1051.8267130851746,-0.0037665201783783865,130489.6063379219
1051.9261949062347,-0.0015617278788398188,130489.74570412972
1052.0263690948486,-0.0010105298039551768,130489.27113371674
1052.1263465881348,0.0,130488.94402034508
1052.2259950637817,9.186634581410698e-05,130489.14961831058
1052.3260293006897,0.0,130488.93465647951
1052.426197052002,-0.0011942624955833907,130488.54119083156
1052.5267810821533,-0.0014698615330257117,130489.7870717484
1052.6267182826996,-0.0010105298039551768,130491.70836457357
1052.7262902259827,-0.0005511980748846419,130491.63752811622
1052.8260657787323,-0.0008267971123269628,130491.5737753046
1052.92635846138,0.0,130492.51639777415
1053.0260853767395,-0.0027559903744232093,130492.66475799674
1053.126774072647,0.0017454605704680327,130493.19828219707
1053.226553440094,0.00036746538325642793,130493.97845397737
1053.3257248401642,0.0008267971123269628,130494.28060857963
1053.4264874458313,9.186634581410698e-05,130494.35254772168
1053.5259370803833,-0.00018373269162821396,130494.01729294952
1053.6263401508331,-0.0006430644206987489,130494.21556365458
1053.7267339229584,0.0022966586453526745,130493.59400728912
1053.8262515068054,0.0011023961497692838,130492.83460656022
1053.925899028778,0.0011942624955833907,130492.9511459042
1054.026263475418,0.0016535942246539257,130493.45603131378
1054.1265535354614,0.0029397230660514234,130493.5104281824
1054.2266280651093,-0.00018373269162821396,130493.35938536417
1054.3263709545135,0.0004593317290705349,130494.12344682775
1054.4260909557343,0.00027559903744232096,130494.31110214499
1054.5266199111938,0.00036746538325642793,130494.67999193049
1054.626758813858,0.0016535942246539257,130494.01199273745
1054.7263612747192,0.0,130494.5107934637
1054.826232433319,0.00027559903744232096,130495.65971411734
1054.9261932373047,0.0014698615330257117,130496.7937427056
1055.0260527133942,0.00036746538325642793,130496.41436843504
1055.1258857250214,0.0022047922995385677,130498.07293159154
1055.2267780303955,0.0012861288413974978,130497.3656384324
1055.325715303421,0.0011942624955833907,130497.62907458916
1055.4260802268982,-0.0005511980748846419,130498.76616713023
1055.5259990692139,0.0014698615330257117,130499.18955041721
1055.625975370407,0.00036746538325642793,130499.3705953755
1055.726422071457,0.0029397230660514234,130499.03353583795
1055.8266198635101,0.0024803913369808887,130498.33018225415
1055.9267253875732,0.0016535942246539257,130498.49716402874
1056.0266604423523,0.0006430644206987489,130499.04744762587
1056.1267206668854,0.0006430644206987489,130499.7427028633
1056.225796699524,0.0025722576827949956,130499.86843257697
1056.3263623714447,0.0005511980748846419,130499.28158931929
1056.4260663986206,0.0005511980748846419,130499.95343038737
1056.5267262458801,-0.00036746538325642793,130499.95808734863
1056.6261355876923,0.0016535942246539257,130498.96227861376
1056.726568698883,0.0013779951872116046,130500.46605075238
1056.8258845806122,0.0006430644206987489,130501.31944567716
1056.9267332553864,0.0009186634581410698,130500.98750110946
1057.026760339737,0.0014698615330257117,130500.3887509985
1057.1267149448395,0.0016535942246539257,130498.94987589866
1057.2258253097534,0.004133985561634814,130499.05488830879
1057.3263635635376,0.0028478567202373166,130499.34939947791
1057.4261634349823,0.004593317290705349,130498.91445953012
1057.5260124206543,0.0018373269162821396,130498.22301357711
1057.625987291336,0.0022047922995385677,130498.6007122194
1057.7258982658386,0.0006430644206987489,130498.14064099747
1057.8264219760895,0.0010105298039551768,130498.42657689773
1057.9267814159393,0.0022966586453526745,130497.48391920797
1058.0265715122223,0.0008267971123269628,130498.03552728718
1058.1257631778717,0.0017454605704680327,130497.23197455847
1058.2257859706879,0.0008267971123269628,130496.40877710262
1058.3258361816406,0.0004593317290705349,130496.66789939237
1058.4267489910126,0.0028478567202373166,130496.20110945313
1058.5258438587189,0.0008267971123269628,130495.68099850783
1058.626383304596,0.0021129259537244604,130494.11289865705
1058.7266356945038,0.0021129259537244604,130495.10160879136
1058.8268563747406,-0.0006430644206987489,130494.29144791223
1058.9266691207886,0.004501450944891242,130493.362303121
1059.0263907909393,0.0015617278788398188,130492.12607280891
1059.1258265972137,0.0004593317290705349,130492.31346552802
1059.2258670330048,0.0009186634581410698,130493.58211897522
1059.3267109394073,0.0013779951872116046,130494.8239070777
1059.4262475967407,0.004409584599077135,130494.34151636994
1059.526062488556,0.00027559903744232096,130495.10736473295
1059.6260874271393,0.0015617278788398188,130494.99662825966
1059.7266764640808,0.0034909211409360655,130495.49696543369
1059.8266191482544,0.0018373269162821396,130495.04726889032
1059.926599740982,0.0032153221034937444,130494.74254200129
1060.0261898040771,0.0029397230660514234,130495.16828780115
1060.1263279914856,0.0022966586453526745,130495.05145902105
1060.2258384227753,0.0013779951872116046,130495.04631311895
1060.3261933326721,0.0011942624955833907,130494.74168180705
1060.425865650177,0.0012861288413974978,130493.96751362634
1060.5265772342682,0.0011023961497692838,130492.47076226372
1060.6267976760864,0.003674653832564279,130491.42368603735
1060.7265179157257,0.0011942624955833907,130490.78131743362
1060.8260469436646,0.0021129259537244604,130489.80318569027
1060.9265403747559,0.0,130489.82286712124
1061.02601146698,-0.0014698615330257117,130489.04058040911
1061.1263961791992,0.0021129259537244604,130489.23652236821
1061.2259356975555,0.0029397230660514234,130488.1128701314
1061.3262166976929,0.0027559903744232093,130486.90158311826
1061.4260566234589,0.0025722576827949956,130486.71142480643
1061.525785446167,0.0022047922995385677,130487.04028232579
1061.6266946792603,-0.0009186634581410698,130486.43625409322
1061.7258167266846,0.0006430644206987489,130487.39262868391
1061.8260219097137,0.0006430644206987489,130487.05336581552
1061.9265158176422,-0.00027559903744232096,130487.04802923396
1062.0264484882355,0.0013779951872116046,130486.74322631056
1062.1266648769379,-0.00036746538325642793,130486.46890367952
1062.2259440422058,0.004225851907448921,130486.62201331157
1062.326551437378,0.0022047922995385677,130486.45981198041
1062.4262764453888,0.0025722576827949956,130487.61383078237
1062.526031255722,0.0016535942246539257,130487.45244770414
1062.625986814499,0.00027559903744232096,130488.10720293372
1062.7264242172241,0.0018373269162821396,130487.69648264034
1062.8258945941925,0.0007349307665128559,130488.32683437632
1062.9266765117645,-9.186634581410698e-05,130488.79415093869
1063.026615858078,0.0028478567202373166,130488.71473584483
1063.1265461444855,0.0005511980748846419,130488.54326226034
1063.225842475891,0.0010105298039551768,130489.48893603431
1063.3263003826141,0.0012861288413974978,130489.94004243088
1063.4268951416016,-0.00027559903744232096,130489.4460381878
1063.5260076522827,0.0031234557576796376,130489.00143436903
1063.6266405582428,0.00018373269162821396,130487.90129093213
1063.7264304161072,0.0029397230660514234,130487.31116183892
1063.8259181976318,0.00036746538325642793,130487.28004565503
1063.9269304275513,0.0017454605704680327,130485.45204108953
1064.0263905525208,0.0019291932620962467,130485.3068369806
1064.125919342041,0.0004593317290705349,130484.87615328254
1064.2265512943268,0.0016535942246539257,130484.58853795429
1064.3265686035156,0.0007349307665128559,130486.22968415887
1064.426640033722,-0.0008267971123269628,130488.10671574298
1064.5259568691254,0.0009186634581410698,130487.8960441687
1064.62646651268,0.0029397230660514234,130486.60643975182
1064.7265906333923,0.0022047922995385677,130487.24579577665
1064.8264079093933,0.0017454605704680327,130487.52121619898
1064.926441669464,0.0011023961497692838,130486.46909457908
1065.0261371135712,0.0018373269162821396,130485.52218512117
1065.1264383792877,0.0014698615330257117,130485.66996660906
1065.226776599884,0.0007349307665128559,130487.50296994817
1065.3266694545746,0.0006430644206987489,130487.45267295335
1065.4266653060913,0.00036746538325642793,130486.60740565803
1065.5259902477264,-0.0005511980748846419,130486.44666509223
1065.6267700195312,0.00036746538325642793,130487.90199858301
1065.726632118225,-0.0022966586453526745,130488.31179872471
1065.8258335590363,0.0017454605704680327,130487.78061885224
1065.9265673160553,0.0016535942246539257,130489.20255696701
1066.0267913341522,0.00036746538325642793,130488.48230127031
1066.1258234977722,0.0020210596079103535,130488.33407114328
1066.2261822223663,0.0020210596079103535,130488.20066402895
1066.3265993595123,0.0012861288413974978,130487.58059762605
1066.4263739585876,0.0020210596079103535,130487.72253786345
1066.5265545845032,0.00018373269162821396,130486.2502840771
1066.6265766620636,0.0022966586453526745,130485.5252556694
1066.726383447647,0.0018373269162821396,130484.57273010247
1066.826439857483,0.0016535942246539257,130483.71545709223
1066.926434993744,0.00036746538325642793,130483.14391138301
1067.0258464813232,0.0027559903744232093,130480.82952024472
1067.1264307498932,0.0022966586453526745,130480.44656822024
1067.226500749588,0.0012861288413974978,130481.40191139822
1067.3264451026917,-0.0016535942246539257,130481.86172025841
1067.4268362522125,0.00036746538325642793,130481.67554823257
1067.5267896652222,0.0013779951872116046,130481.7079934093
1067.6262323856354,0.0012861288413974978,130482.13719406839
1067.7264358997345,0.0008267971123269628,130481.72347466156
1067.8262193202972,0.0013779951872116046,130481.45112719541
1067.926590204239,0.00018373269162821396,130480.10601447588
1068.0261459350586,0.0019291932620962467,130481.3954130283
1068.1265349388123,0.0022966586453526745,130482.05587172548
1068.226479291916,0.0009186634581410698,130481.85028455293
1068.3262259960175,-0.0011023961497692838,130481.86525609763
1068.426501750946,0.0011942624955833907,130481.97873048787
1068.5264399051666,9.186634581410698e-05,130481.78085743908
1068.6268174648285,-0.0008267971123269628,130482.10277169518
1068.726458311081,0.0028478567202373166,130481.89249452566
1068.8262724876404,0.0009186634581410698,130482.5032450731
1068.926365852356,0.0010105298039551768,130482.3529205658
1069.0264103412628,0.0031234557576796376,130481.71762850923
1069.125982284546,0.0011023961497692838,130482.34586565831
1069.226124048233,0.00018373269162821396,130481.91127909248
1069.3257937431335,0.00027559903744232096,130482.22015118324
1069.4262142181396,0.0006430644206987489,130482.59813606492
1069.5264401435852,0.0013779951872116046,130480.23832245843
1069.6263625621796,0.0009186634581410698,130479.3144902126
1069.7267060279846,0.0005511980748846419,130478.88304119134
1069.8258397579193,-9.186634581410698e-05,130478.49473707221
1069.9268321990967,0.0035827874867501723,130478.94526336499
1070.026178598404,0.0016535942246539257,130478.6507370285
1070.126009464264,0.0023885249911667814,130478.48566332564
1070.2267844676971,-0.0011023961497692838,130478.73709699309
1070.3261494636536,0.0004593317290705349,130478.76338729379
1070.4268014431,0.0,130479.28704856441
1070.5266242027283,0.004409584599077135,130479.25834370797
1070.6260542869568,0.0013779951872116046,130479.33250933718
1070.726139307022,0.0024803913369808887,130480.19925840347
1070.826742887497,0.0015617278788398188,130480.97933256313
1070.926724433899,0.0030315894118655303,130482.08139930682
1071.0262277126312,0.0007349307665128559,130482.87325937614
1071.1262512207031,-0.0016535942246539257,130482.78593343853
1071.226243019104,0.0020210596079103535,130483.00734009467
1071.3261637687683,0.0024803913369808887,130482.80660608521
1071.4265217781067,0.0019291932620962467,130484.72594547669
1071.5258674621582,0.0017454605704680327,130485.35335092903
1071.6263496875763,0.0008267971123269628,130485.71801583612
1071.7262651920319,0.0005511980748846419,130486.14621425251
1071.8262796401978,0.0015617278788398188,130485.53159282726
1071.9261004924774,0.0005511980748846419,130485.47843354454
1072.0260536670685,0.0019291932620962467,130486.63059019009
1072.125981092453,0.0014698615330257117,130487.0675311711
1072.2267713546753,0.0019291932620962467,130487.66077805399
1072.3266716003418,0.0017454605704680327,130487.6947002486
1072.4261679649353,0.0016535942246539257,130488.42523022374
1072.5259840488434,0.0006430644206987489,130488.28270720138
1072.6259095668793,9.186634581410698e-05,130487.65443648124
1072.7264108657837,0.0024803913369808887,130487.38899283312
1072.8265235424042,0.0029397230660514234,130488.0500935498
1072.9263637065887,0.0027559903744232093,130488.34508419482
1073.026576757431,-0.0006430644206987489,130488.71057577535
1073.126050233841,0.0037665201783783865,130488.63951819782
1073.2260076999664,-0.0017454605704680327,130488.37556637805
1073.3266286849976,-0.00027559903744232096,130488.83800974024
1073.426210641861,-0.00018373269162821396,130489.55420876622
1073.526577949524,0.0020210596079103535,130489.7987878896
1073.625970363617,0.0013779951872116046,130490.01890910063
1073.7258338928223,-0.0011023961497692838,130489.61701819058
1073.826443195343,0.00036746538325642793,130488.75531637152
1073.9264855384827,-0.0006430644206987489,130489.77978473436
1074.0262298583984,0.0009186634581410698,130489.90180626094
1074.1266131401062,0.0008267971123269628,130490.81162563484
1074.2262938022614,-0.00018373269162821396,130490.73046307136
1074.326651096344,-0.00036746538325642793,130489.65741676422
1074.4266066551208,0.0024803913369808887,130489.9916750878
1074.5266680717468,0.0007349307665128559,130488.69250757902
1074.6267113685608,0.0026641240286091024,130489.12325682113
1074.7261998653412,-0.0010105298039551768,130489.51093113903
1074.82626247406,0.0011942624955833907,130490.25983802513
1074.9267387390137,0.0010105298039551768,130489.73385422262
1075.0265839099884,0.0016535942246539257,130490.46046880036
1075.1266613006592,-0.0008267971123269628,130491.01442192034
1075.225911140442,0.0013779951872116046,130490.51297972832
1075.3259489536285,0.0005511980748846419,130490.0616817555
1075.4262034893036,0.00027559903744232096,130490.55551357995
1075.526043176651,0.0007349307665128559,130491.09996222197
1075.6261901855469,0.00027559903744232096,130490.48996599978
1075.7266891002655,0.0019291932620962467,130490.1409693998
1075.826495885849,0.0016535942246539257,130490.22687245983
1075.9262244701385,-0.00036746538325642793,130490.30418521386
1076.026052236557,0.0022047922995385677,130490.67376669246
1076.1261212825775,0.0007349307665128559,130490.00639002322
1076.2262103557587,0.0013779951872116046,130489.6057510209
1076.3264920711517,0.0017454605704680327,130489.44517591882
1076.4260656833649,-0.0027559903744232093,130489.80065832695
1076.5261352062225,-0.0014698615330257117,130490.22059249427
1076.626044511795,0.0006430644206987489,130491.39853324484
1076.726185798645,0.0005511980748846419,130492.25867992036
1076.8260972499847,0.0031234557576796376,130492.53281192832
1076.9266879558563,0.0011023961497692838,130491.3795307355
1077.0265276432037,0.0012861288413974978,130491.64157766197
1077.1260573863983,0.0011023961497692838,130490.87741989578
1077.226054430008,0.0025722576827949956,130491.38967790622
1077.3267061710358,0.0012861288413974978,130490.8507101156
1077.4267184734344,0.0008267971123269628,130490.16563910403
1077.526255607605,-0.0009186634581410698,130491.14907519364
1077.6262233257294,0.0007349307665128559,130492.53416767427
1077.7263491153717,0.0020210596079103535,130491.98075090683
1077.826289176941,0.0021129259537244604,130491.78267581615
1077.9266157150269,0.0004593317290705349,130491.10440823455
1078.0258650779724,0.0,130491.19396741109
1078.1261987686157,0.0021129259537244604,130491.87457066998
1078.2262253761292,0.0016535942246539257,130491.08711360299
1078.3262934684753,-0.0006430644206987489,130489.7784022427
1078.4262826442719,0.0028478567202373166,130488.30056201843
1078.5267503261566,-0.00027559903744232096,130487.3705058166
1078.6267025470734,0.0022966586453526745,130485.53345523495
1078.7258598804474,0.0011942624955833907,130485.38010971146
1078.826334953308,0.0011942624955833907,130485.44209874033
1078.9262731075287,0.0025722576827949956,130485.1978888663
1079.0263469219208,0.0011023961497692838,130484.87809997967
1079.1267595291138,0.0038583865241924933,130484.6902899817
1079.2266099452972,0.0038583865241924933,130484.02126098354
1079.3266983032227,0.0005511980748846419,130484.61913488519
1079.426787853241,0.0015617278788398188,130484.45722139667
1079.5266592502594,-0.0006430644206987489,130484.21149925701
1079.6259875297546,0.0024803913369808887,130483.59034933132
1079.7266697883606,-0.0014698615330257117,130482.93131439819
1079.826690196991,0.0014698615330257117,130483.03818295838
1079.9268689155579,-0.0009186634581410698,130483.43436466253
1080.0263566970825,0.0010105298039551768,130484.19092819629
1080.1260516643524,-0.0006430644206987489,130483.87183537666
1080.22647023201,0.0021129259537244604,130483.984651839
1080.3265993595123,-0.0011023961497692838,130484.2861866551
1080.426017999649,0.0022966586453526745,130483.35756798959
1080.5261871814728,0.0021129259537244604,130482.82181119063
1080.6266016960144,0.0020210596079103535,130482.23963007156
1080.7260601520538,0.0032153221034937444,130482.4156670644
1080.82639169693,0.0012861288413974978,130482.97410035797
1080.9260365962982,0.0011023961497692838,130481.77669032218
1081.0259175300598,-0.00027559903744232096,130483.09902128996
1081.1260333061218,0.0014698615330257117,130483.68911916096
1081.2261774539948,0.0,130484.32020724486
1081.3266656398773,0.0014698615330257117,130485.28818652037
1081.4267721176147,0.00018373269162821396,130485.25936786833
1081.5266463756561,0.0009186634581410698,130485.03343108151
1081.625824213028,0.0015617278788398188,130485.13008797336
1081.7261192798615,0.0007349307665128559,130484.61707917602
1081.8263375759125,0.0027559903744232093,130484.95537125843
1081.9263472557068,0.0009186634581410698,130485.0598341326
1082.0264627933502,0.0016535942246539257,130484.75385071934
1082.1264169216156,0.0014698615330257117,130484.77846564741
1082.2265300750732,-0.0009186634581410698,130485.70061908267
1082.3264088630676,-0.0009186634581410698,130486.3305571744
1082.426822423935,0.0006430644206987489,130485.79750145697
1082.5262188911438,0.0022966586453526745,130486.01775131127
1082.6262719631195,0.00027559903744232096,130486.41597618014
1082.7266142368317,0.0019291932620962467,130487.07437856213
1082.8259558677673,0.0005511980748846419,130487.76694070591
1082.9262475967407,0.0032153221034937444,130488.19024663532
1083.0260875225067,-0.0013779951872116046,130487.87122197179
1083.1264777183533,0.0020210596079103535,130487.48409977462
1083.2258253097534,-0.0012861288413974978,130486.83568979717
1083.3262763023376,-0.0005511980748846419,130486.75212081746
1083.4261264801025,0.0023885249911667814,130485.67690873572
1083.5260126590729,0.0011023961497692838,130484.60921786215
1083.6260514259338,0.0017454605704680327,130485.04829607593
1083.7258598804474,0.0018373269162821396,130486.84346646834
1083.82644033432,-9.186634581410698e-05,130484.35911982151
1083.925992012024,-0.0010105298039551768,130484.62320783937
1084.0267198085785,-0.0004593317290705349,130484.16088705543
1084.1260738372803,0.0009186634581410698,130484.64479834988
1084.226574420929,0.0004593317290705349,130484.88031851489
1084.3265118598938,0.004777049982333563,130484.2922866634
1084.4262676239014,0.00027559903744232096,130484.36305799706
1084.5265309810638,-9.186634581410698e-05,130484.72675219736
1084.626685142517,0.0005511980748846419,130486.05407697763
1084.7265474796295,0.0011942624955833907,130486.94866927987
1084.8263034820557,-0.0004593317290705349,130488.35380235189
1084.9265820980072,0.0006430644206987489,130489.3184221167
1085.0263471603394,0.0027559903744232093,130488.88657990504
1085.1260707378387,0.0013779951872116046,130487.99792191453
1085.2266936302185,9.186634581410698e-05,130487.49812972308
1085.325760602951,0.0014698615330257117,130487.44831675077
1085.4265580177307,0.00027559903744232096,130486.3034850757
1085.5258810520172,0.0006430644206987489,130488.17313656813
1085.6266000270844,-0.00018373269162821396,130487.65582291133
1085.7260477542877,-9.186634581410698e-05,130488.1902406202
1085.8261666297913,0.0008267971123269628,130489.27121655818
1085.9266846179962,0.0022966586453526745,130489.94409490237
1086.0258920192719,-0.0022047922995385677,130490.04968541214
1086.126587152481,0.0007349307665128559,130488.24471687093
1086.2260053157806,0.0026641240286091024,130488.12024518383
1086.3264713287354,9.186634581410698e-05,130488.90822066546
1086.4268827438354,-0.00018373269162821396,130487.51739859891
1086.5266835689545,-0.00018373269162821396,130486.36565873903
1086.626488685608,0.0011023961497692838,130485.62909286513
1086.726018190384,0.0011023961497692838,130485.76618357861
1086.8264014720917,-9.186634581410698e-05,130485.88956522076
1086.926652431488,0.0005511980748846419,130485.90060869869
1087.026253938675,0.00018373269162821396,130484.91054782883
1087.1263585090637,0.0011023961497692838,130484.51949304595
1087.2261939048767,0.0018373269162821396,130483.76754374136
1087.3259181976318,0.0010105298039551768,130483.09078936723
1087.4260053634644,0.0024803913369808887,130483.18171043051
1087.5266687870026,-0.00036746538325642793,130482.76353938747
1087.6264207363129,0.0014698615330257117,130483.28718544873
1087.7263460159302,0.0022966586453526745,130483.25846690386
1087.826396226883,0.0024803913369808887,130484.33262021348
1087.9263517856598,0.0016535942246539257,130484.29935819213
1088.0262732505798,-0.0029397230660514234,130485.66942237293
1088.1266603469849,0.0011942624955833907,130485.70248013565
1088.2267138957977,0.0011942624955833907,130484.83223212208
1088.3265092372894,0.0018373269162821396,130484.74900890989
1088.426645040512,-0.0012861288413974978,130484.0741080189
1088.526279449463,0.0010105298039551768,130483.86669721702
1088.6261854171753,9.186634581410698e-05,130484.28002749532
1088.726438999176,9.186634581410698e-05,130483.9520247458
1088.8259670734406,-0.0011023961497692838,130483.75682227121
1088.9264352321625,0.0017454605704680327,130482.88114004409
1089.0262565612793,0.0012861288413974978,130482.79302603968
1089.1262230873108,0.0028478567202373166,130482.01372343571
1089.2265977859497,0.0007349307665128559,130482.01235109214
1089.3266906738281,0.0019291932620962467,130481.61111598293
1089.4261667728424,0.0007349307665128559,130481.35000438464
1089.525966644287,0.0006430644206987489,130483.01500394619
1089.625902414322,0.0015617278788398188,130482.61350355158
1089.7265021800995,0.00027559903744232096,130483.55215319642
1089.825854063034,0.00036746538325642793,130483.39693787678
1089.926155090332,0.0020210596079103535,130483.9572440891
1090.0262315273285,0.00036746538325642793,130484.8615196802
1090.1267049312592,0.0012861288413974978,130484.7753677122
1090.2266130447388,0.0009186634581410698,130484.89783094099
1090.3264462947845,0.0013779951872116046,130484.30804784689
1090.4263179302216,0.0008267971123269628,130484.27724306221
1090.5260970592499,0.0006430644206987489,130484.249518756
1090.626716375351,0.0011942624955833907,130484.22456688041
1090.726711988449,-9.186634581410698e-05,130484.80211019237
1090.8264558315277,-0.0009186634581410698,130484.62189917313
1090.926926612854,0.0021129259537244604,130483.95970925583
1091.0267579555511,9.186634581410698e-05,130482.46373833023
1091.1266674995422,9.186634581410698e-05,130482.7173644972
1091.2264330387115,0.0009186634581410698,130483.44562804748
1091.326077222824,0.00027559903744232096,130484.30106524273
1091.4265942573547,0.00018373269162821396,130484.27095871847
1091.5266046524048,0.00027559903744232096,130485.14386284663
1091.6263933181763,0.00036746538325642793,130485.42947656197
1091.7259633541107,0.0023885249911667814,130486.78652890577
1091.826178073883,-0.0011023961497692838,130487.10787601519
1091.926052570343,0.0011942624955833907,130486.89708841367
1092.025856256485,0.0034909211409360655,130486.9073795723
1092.1262123584747,0.0014698615330257117,130486.31664161508
1092.2267272472382,0.00018373269162821396,130484.88497745356
1092.3259680271149,0.00027559903744232096,130484.79647970822
1092.426200389862,0.0018373269162821396,130484.91683173741
1092.5265226364136,0.0005511980748846419,130484.72514856368
1092.6263642311096,0.00018373269162821396,130484.45263370732
1092.726474761963,-0.0012861288413974978,130484.20737033659
1092.8264019489288,0.0014698615330257117,130483.28663330294
1092.9263265132904,0.0005511980748846419,130482.95796997265
1093.026204109192,-0.0004593317290705349,130482.36217297538
1093.1258554458618,0.0006430644206987489,130482.42595567784
1093.2266833782196,0.0022966586453526745,130481.68336011007
1093.3261620998383,-0.0006430644206987489,130482.31502409907
1093.426037311554,0.0,130481.48352168917
1093.5262818336487,0.0020210596079103535,130481.63516952026
1093.6261672973633,0.0007349307665128559,130482.27165256823
1093.7258837223053,-0.00027559903744232096,130482.14448731142
1093.8260581493378,0.0023885249911667814,130481.83003858029
1093.9260351657867,0.0011942624955833907,130482.24703472227
1094.0260908603668,0.0011023961497692838,130482.52233125005
1094.126053094864,0.0012861288413974978,130482.97009812504
1094.2264301776886,0.0005511980748846419,130481.97308831253
1094.3263802528381,0.0006430644206987489,130481.07577948128
1094.426233291626,0.0,130480.96820153315
1094.5260128974915,0.0013779951872116046,130481.57138137984
1094.626169681549,0.0009186634581410698,130480.71424324186
1094.725933790207,0.0006430644206987489,130481.04281891769
1094.826583623886,0.0011023961497692838,130481.33853702593
1094.926208972931,0.00018373269162821396,130480.90468332334
1095.026776790619,0.0013779951872116046,130481.21421499102
1095.1258902549744,-0.0012861288413974978,130482.49279349193
1095.2265794277191,0.0012861288413974978,130482.14351414275
1095.326459646225,0.0011023961497692838,130482.42916272848
1095.4267497062683,0.0028478567202373166,130481.08624645564
1095.5265381336212,0.00036746538325642793,130480.77762181008
1095.6266260147095,0.0,130480.89985962906
1095.7260100841522,-0.0016535942246539257,130481.70987366617
1095.82603597641,0.0029397230660514234,130481.03888629956
1095.926173210144,0.0019291932620962467,130480.43499766961
1096.0267736911774,0.0025722576827949956,130480.09149790264
1096.126225233078,0.0012861288413974978,130479.68234811239
1096.2266674041748,0.0011942624955833907,130479.41411330114
1096.3262515068054,0.0018373269162821396,130480.27270197103
1096.4269170761108,0.0012861288413974978,130479.74543177393
1096.5261442661285,-0.00027559903744232096,130479.77088859654
1096.6267173290253,-0.0010105298039551768,130480.69379973688
1096.7258479595184,0.00027559903744232096,130480.42441976319
1096.8266625404358,0.0006430644206987489,130481.98197778688
1096.9262115955353,0.0019291932620962467,130482.3837800082
1097.0259799957275,0.0023885249911667814,130482.74540200738
1097.126529932022,0.0004593317290705349,130482.47086180664
1097.2265555858612,0.0017454605704680327,130482.92377562597
1097.3264219760895,0.0014698615330257117,130482.93139806337
1097.4264557361603,0.0009186634581410698,130483.73825825704
1097.5260922908783,0.0004593317290705349,130485.46443243134
1097.6257815361023,0.0011942624955833907,130486.31798918822
1097.7263357639313,0.0030315894118655303,130486.9861902694
1097.8260900974274,0.0015617278788398188,130486.58757124246
1097.9262800216675,0.0010105298039551768,130486.32881411823
1098.0258820056915,0.00027559903744232096,130485.89593270641
1098.1265950202942,-0.0005511980748846419,130486.10633943578
1098.2264699935913,-0.0012861288413974978,130486.4957054922
1098.3265705108643,0.0007349307665128559,130485.14613494299
1098.4260833263397,-0.0006430644206987489,130486.4315214487
1098.5265083312988,-0.0006430644206987489,130486.08836930383
1098.6259806156158,0.0016535942246539257,130486.17953237346
1098.7265350818634,0.0006430644206987489,130486.66157913611
1098.826336145401,0.00027559903744232096,130487.1954212225
1098.925901889801,0.00018373269162821396,130486.07587910026
1099.0259006023407,-0.0007349307665128559,130485.36829119024
1099.1263480186462,-0.0007349307665128559,130486.13146207122
1099.2267363071442,-0.00027559903744232096,130486.2183158641
1099.3259444236755,0.0017454605704680327,130485.49648427768
1099.426792383194,-0.0009186634581410698,130486.34683584992
1099.5259602069855,0.0013779951872116046,130485.51215226494
1099.6262476444244,0.0014698615330257117,130485.16093703845
1099.726142168045,-0.0004593317290705349,130485.74484333461
1099.8266260623932,9.186634581410698e-05,130486.17035900116
1099.926276922226,0.0021129259537244604,130486.65332310105
1100.0266139507294,-0.00027559903744232096,130486.58799079095
1100.1261866092682,0.00036746538325642793,130487.42919171187
1100.225998878479,0.0017454605704680327,130487.08627254068
1100.3261020183563,-0.0013779951872116046,130486.07764528661
1100.4265127182007,0.0012861288413974978,130485.46988075796
1100.5258073806763,0.0017454605704680327,130486.22289268217
1100.6267609596252,-0.00036746538325642793,130485.40060341396
1100.7261118888855,-0.0010105298039551768,130484.06054307257
1100.8262498378754,0.0021129259537244604,130484.15448876531
1100.9264507293701,0.00036746538325642793,130483.33903988879
1101.025936126709,-0.0015617278788398188,130482.9051358999
1101.1264481544495,0.0011023961497692838,130483.1146223099
1101.2268171310425,0.0009186634581410698,130482.2031600789
1101.3257794380188,0.0009186634581410698,130481.28284407101
1101.4264323711395,0.0004593317290705349,130480.45455966392
1101.526639699936,-0.0008267971123269628,130480.60910369753
1101.6266136169434,0.00027559903744232096,130480.64819332778
1101.7261686325073,0.0015617278788398188,130480.983373995
1101.8266496658325,-0.0009186634581410698,130481.6850365955
1101.9268112182617,0.0025722576827949956,130482.41653293595
1102.026062965393,-9.186634581410698e-05,130482.37487964236
1102.1263971328735,0.0006430644206987489,130482.33739167813
1102.225946187973,-9.186634581410698e-05,130482.20365251032
1102.3261942863464,0.0011942624955833907,130483.08328725929
1102.426630973816,0.0013779951872116046,130483.07495853337
1102.5265533924103,0.00018373269162821396,130484.06746268003
1102.6264872550964,-0.0006430644206987489,130483.56071641203
1102.726396560669,0.0017454605704680327,130483.30464477083
1102.8266851902008,0.00018373269162821396,130483.27418029375
1102.926718711853,0.0016535942246539257,130482.84676226438
1103.0266723632812,0.0013779951872116046,130484.46208603794
1103.1263437271118,0.0015617278788398188,130484.91587743413
1103.2266097068787,0.0016535942246539257,130485.52428969073
1103.3261921405792,0.0018373269162821396,130485.37186072167
1103.4266061782837,0.0012861288413974978,130485.63467464951
1103.526206254959,0.0007349307665128559,130485.87120718457
1103.6265444755554,-0.0006430644206987489,130486.08408646611
1103.7267968654633,0.0030315894118655303,130487.37567781951
1103.825954914093,0.00018373269162821396,130487.53811003757
1103.9259386062622,0.0008267971123269628,130487.6842990338
1104.0265431404114,0.0029397230660514234,130488.41586913043
1104.1258311271667,0.0015617278788398188,130487.97428221739
1104.2266228199005,-0.00027559903744232096,130488.17685399565
1104.3262016773224,-0.0004593317290705349,130488.05916859608
1104.4269268512726,0.0014698615330257117,130486.05325173648
1104.526439666748,0.0006430644206987489,130486.54792656284
1104.6262822151184,0.0005511980748846419,130486.09313390656
1104.7258610725403,0.0020210596079103535,130487.58382051591
1104.8261942863464,0.0037665201783783865,130487.82543846432
1104.926287651062,0.00018373269162821396,130487.34289461789
1105.0263125896454,0.0,130487.7086051561
1105.126369714737,0.00027559903744232096,130488.0377446405
1105.2257993221283,0.00027559903744232096,130489.13397017645
1105.3259422779083,0.0016535942246539257,130488.9205731588
1105.426395893097,0.0012861288413974978,130488.42851584291
1105.5258252620697,-9.186634581410698e-05,130488.58566425863
1105.6261403560638,0.00027559903744232096,130488.62709783277
1105.726710319519,0.00027559903744232096,130488.3643880495
1105.82595038414,0.0020210596079103535,130487.72794924454
1105.9259355068207,0.0007349307665128559,130487.25515432008
1106.0263457298279,0.0021129259537244604,130486.32963888808
1106.1264774799347,-0.00027559903744232096,130486.09667499928
1106.2262947559357,-0.0015617278788398188,130484.58700749936
1106.326419353485,0.0018373269162821396,130484.62830674942
1106.4259448051453,0.0022966586453526745,130483.5654760745
1106.5265583992004,0.0022047922995385677,130483.00892846705
1106.6265442371368,0.00036746538325642793,130484.40803562035
1106.7261459827423,0.0029397230660514234,130484.36723205831
1106.8264367580414,0.0022966586453526745,130483.63050885248
1106.9266247749329,0.0005511980748846419,130485.06745796723
1107.026110649109,0.0017454605704680327,130485.16071217052
1107.1263508796692,-0.00036746538325642793,130484.44464095347
1107.2259390354156,-0.00036746538325642793,130483.30017685813
1107.3261413574219,0.0017454605704680327,130481.97015917231
1107.426320552826,0.0018373269162821396,130481.97314325508
1107.5266165733337,0.0020210596079103535,130482.17582892958
1107.626574754715,0.0012861288413974978,130482.85824603663
1107.726542711258,0.0015617278788398188,130482.37242143297
1107.8266577720642,-0.00036746538325642793,130481.73517928968
1107.9269762039185,-0.00027559903744232096,130481.36166136072
1108.0261342525482,0.0009186634581410698,130480.92549522464
1108.1264333724976,-0.0015617278788398188,130480.83294570218
1108.2259192466736,0.0011023961497692838,130479.54965113197
1108.326510667801,0.00018373269162821396,130480.29468601877
1108.4264364242554,0.0004593317290705349,130481.0652174169
1108.526614189148,0.0015617278788398188,130481.2586956752
1108.6267094612122,0.0007349307665128559,130481.33282610768
1108.7263746261597,0.0011023961497692838,130481.69954349691
1108.8264453411102,0.0011023961497692838,130481.72958914722
1108.9258642196655,0.0005511980748846419,130481.8566302325
1109.0258407592773,0.0011023961497692838,130482.07096720926
1109.1260662078857,0.0027559903744232093,130482.56387048833
1109.2261497974396,0.0008267971123269628,130482.4074834395
1109.3262238502502,-0.0011023961497692838,130481.86673509555
1109.4259951114655,0.0006430644206987489,130482.380061586
1109.5266168117523,-0.0004593317290705349,130481.7420554274
1109.6262438297272,-0.0011942624955833907,130481.46784988468
1109.7266216278076,0.0011023961497692838,130481.7210648962
1109.8266379833221,0.0016535942246539257,130482.9489584066
1109.9268915653229,0.0004593317290705349,130483.15406256594
1110.0261089801788,-0.00018373269162821396,130483.43865630936
1110.12615275383,0.0006430644206987489,130483.49479067844
1110.226285457611,0.0015617278788398188,130483.6453116106
1110.3259251117706,-0.00027559903744232096,130483.08078044954
1110.4266872406006,0.0025722576827949956,130482.8727024046
1110.5263295173645,0.00036746538325642793,130483.28543216414
1110.626256942749,-9.186634581410698e-05,130483.55688894773
1110.7265765666962,0.0011942624955833907,130484.50120005297
1110.8267748355865,9.186634581410698e-05,130485.85108004768
1110.9268238544464,-0.0007349307665128559,130486.4659720429
1111.02671957016,0.0026641240286091024,130486.2193748386
1111.1261839866638,-0.0009186634581410698,130486.59743735475
1111.2264242172241,-0.00036746538325642793,130487.33769361928
1111.326503276825,-0.00036746538325642793,130488.30392425736
1111.4262471199036,0.0009186634581410698,130487.47353183162
1111.5261256694794,0.0023885249911667814,130488.12617864847
1111.6257932186127,0.0012861288413974978,130489.01356078363
1111.725863456726,0.0026641240286091024,130490.31220470526
1111.8259315490723,-0.0011942624955833907,130490.78098423473
1111.9259781837463,-9.186634581410698e-05,130491.60288581127
1112.0263187885284,9.186634581410698e-05,130491.64259723014
1112.1259303092957,0.0014698615330257117,130492.27833750713
1112.2268016338348,0.0010105298039551768,130493.45050375641
1112.3264696598053,0.0012861288413974978,130494.30545338077
1112.4268980026245,0.0017454605704680327,130494.77490804269
1112.526365995407,0.0015617278788398188,130495.09741723843
1112.625920534134,0.0021129259537244604,130494.88767551459
1112.7263815402985,0.0005511980748846419,130494.79890796312
1112.826093673706,0.0014698615330257117,130495.31901716681
1112.9263744354248,0.0024803913369808887,130495.98711545013
1113.0267107486725,0.0005511980748846419,130495.68840390512
1113.126792192459,-0.0014698615330257117,130495.51956351462
1113.2267816066742,0.0009186634581410698,130495.86760716318
1113.325781583786,0.0025722576827949956,130495.28084644687
1113.4268255233765,-0.0018373269162821396,130495.05276180219
1113.5259320735931,-0.00036746538325642793,130494.84748562197
1113.6264686584473,-0.0013779951872116046,130493.86273705977
1113.7266209125519,-0.0007349307665128559,130494.0764633538
1113.826801776886,0.0005511980748846419,130495.36881701842
1113.9265956878662,-0.00027559903744232096,130494.53193531657
1114.0259370803833,0.0020210596079103535,130493.77874178492
1114.126348733902,0.0015617278788398188,130493.00086760643
1114.2264549732208,0.0017454605704680327,130492.6007808458
1114.3261184692383,-0.0007349307665128559,130492.64070276121
1114.4268136024475,0.0007349307665128559,130492.1766324851
1114.526636838913,0.0013779951872116046,130492.4589692366
1114.6266787052155,-0.0007349307665128559,130493.01307231294
1114.7263028621674,0.00018373269162821396,130493.11176508164
1114.8266055583954,-0.00027559903744232096,130492.50058857349
1114.9258518218994,-0.0006430644206987489,130492.85052971615
1115.0264542102814,0.0008267971123269628,130493.06547674454
1115.125925540924,-0.0006430644206987489,130493.45892907008
1115.226818561554,0.0013779951872116046,130493.51303616309
1115.3261902332306,0.00027559903744232096,130492.96173254678
1115.42636179924,0.0021129259537244604,130493.1655592921
1115.5258650779724,-0.0006430644206987489,130491.9490033629
1115.6267156600952,0.0009186634581410698,130492.05410302662
1115.7258422374725,0.0017454605704680327,130492.14869272396
1115.826173067093,0.0015617278788398188,130492.53382345157
1115.926552772522,0.0,130492.48044110641
1116.0264780521393,-0.0004593317290705349,130492.43239699576
1116.1260514259338,0.0016535942246539257,130491.88915729619
1116.2258603572845,-0.0008267971123269628,130491.80024156658
1116.3258423805237,0.00018373269162821396,130492.12021740993
1116.426265001297,-0.00018373269162821396,130492.10819566893
1116.525821685791,-0.0012861288413974978,130491.09737610204
1116.6263735294342,-0.0009186634581410698,130490.68763849184
1116.7258522510529,-0.0011942624955833907,130490.51887464267
1116.8265182971954,0.0015617278788398188,130490.06698717842
1116.9259960651398,0.0023885249911667814,130490.56028846058
1117.026213169098,-0.0011942624955833907,130489.70425961452
1117.1266813278198,-0.0013779951872116046,130489.93383365306
1117.2267842292786,0.0013779951872116046,130490.04045028776
1117.3263087272644,0.0,130490.53640525899
1117.4259643554688,0.0,130491.4827647331
1117.5266888141632,0.0008267971123269628,130491.53448825979
1117.6260750293732,0.0009186634581410698,130492.0810394338
1117.7264173030853,0.0017454605704680327,130492.87293549042
1117.8263914585114,0.0006430644206987489,130492.28564194137
1117.9268882274628,9.186634581410698e-05,130492.15707774724
1118.0259046554565,0.0015617278788398188,130491.24136997251
1118.1262946128845,-0.00027559903744232096,130491.71723297526
1118.226036787033,0.00027559903744232096,130491.44550967775
1118.3267455101013,0.00027559903744232096,130491.40095870999
1118.426215171814,0.0004593317290705349,130491.06086283899
1118.5258469581604,0.00018373269162821396,130490.6547765551
1118.6263709068298,-0.0013779951872116046,130490.4892988996
1118.726657629013,0.0035827874867501723,130491.54036900964
1118.8262856006622,0.0007349307665128559,130492.48633210869
1118.9267570972443,0.0019291932620962467,130492.53769889782
1119.026329278946,0.0017454605704680327,130492.78392900804
1119.1264610290527,0.0016535942246539257,130493.00553610724
1119.226214170456,-0.0013779951872116046,130493.90498249652
1119.3259251117706,0.00027559903744232096,130494.71448424687
1119.4260172843933,0.0021129259537244604,130493.94303582219
1119.526405096054,-0.0004593317290705349,130493.74873223997
1119.6266396045685,0.0014698615330257117,130494.37385901598
1119.726310968399,0.0008267971123269628,130494.13647311438
1119.8264245986938,0.0029397230660514234,130493.32282580296
1119.9260005950928,0.0006430644206987489,130492.59054322267
1120.0266835689545,0.0014698615330257117,130492.83148890041
1120.126562833786,0.0009186634581410698,130492.04834001037
1120.2257359027863,0.0004593317290705349,130492.14350600934
1120.325692653656,0.0009186634581410698,130491.8291554084
1120.4258568286896,-0.0004593317290705349,130491.04623986757
1120.526217699051,0.0012861288413974978,130491.64161588081
1120.626522064209,0.0009186634581410698,130491.07745429274
1120.725827217102,0.0027559903744232093,130492.16970886347
1120.8257360458374,-0.0008267971123269628,130491.65273797711
1120.9261512756348,0.0013779951872116046,130491.4874641794
1121.0260784626007,0.0008267971123269628,130490.73871776147
1121.1265707015991,0.0020210596079103535,130489.96484598533
1121.2267098426819,0.00036746538325642793,130489.2683613868
1121.3261187076569,0.0031234557576796376,130490.54152524812
1121.426715373993,0.0015617278788398188,130490.4873727233
1121.5260181427002,0.0011023961497692838,130490.13863545097
1121.6261613368988,0.0006430644206987489,130491.32477190587
1121.7266056537628,-0.00036746538325642793,130491.09229471529
1121.8262102603912,0.0006430644206987489,130491.28306524377
1121.9266166687012,-0.0004593317290705349,130491.65475871939
1122.0267186164856,0.0019291932620962467,130491.78928284746
1122.126253604889,0.0006430644206987489,130491.41035456271
1122.2258529663086,0.0015617278788398188,130492.46931910644
1122.3263292312622,0.0016535942246539257,130493.12238719579
1122.426283121109,0.0017454605704680327,130493.21014847621
1122.5263304710388,0.0008267971123269628,130492.9891336286
1122.626275062561,0.0021129259537244604,130494.69022026574
1122.726224899292,0.0026641240286091024,130493.72119823916
1122.825842142105,0.0020210596079103535,130492.94907841526
1122.92662191391,-0.0005511980748846419,130491.55417057374
1123.0265090465546,0.0011023961497692838,130490.39875351638
1123.126535654068,-0.00036746538325642793,130491.35887816474
1123.2266626358032,-0.0007349307665128559,130491.62299034826
1123.3265364170074,0.0015617278788398188,130490.86069131343
1123.426023721695,0.0006430644206987489,130489.77462218209
1123.526603460312,0.0015617278788398188,130489.79715996388
1123.626583814621,0.0015617278788398188,130490.31744396749
1123.7260234355927,0.0013779951872116046,130490.58569957074
1123.8268678188324,-0.0007349307665128559,130491.32712961368
1123.9260478019714,0.0011023961497692838,130490.69441665232
1124.0261118412018,0.0019291932620962467,130491.62497498709
1124.1263518333435,0.00036746538325642793,130490.06247748839
1124.2263917922974,0.0017454605704680327,130490.05622973955
1124.3266732692719,0.0008267971123269628,130492.8506067656
1124.4262628555298,0.0,130492.76554608904
1124.5260400772095,-0.00018373269162821396,130492.58899148014
1124.6258380413055,0.0009186634581410698,130491.93009233213
1124.7267756462097,-0.0012861288413974978,130492.13708309893
1124.825889825821,0.0011942624955833907,130492.52337478905
1124.9261400699615,0.0006430644206987489,130492.27103731014
1125.0264704227448,-0.00036746538325642793,130493.24393357913
1125.1258511543274,0.0032153221034937444,130491.61954022122
1125.226235628128,0.0006430644206987489,130491.8575861991
1125.3259844779968,0.00036746538325642793,130491.2718275792
1125.4262323379517,0.0020210596079103535,130491.04464482129
1125.5258784294128,0.0022966586453526745,130490.74018033917
1125.6266322135925,0.0017454605704680327,130489.86616230525
1125.726059436798,0.00027559903744232096,130489.67954607472
1125.8257172107697,-0.0009186634581410698,130490.01159146725
1125.9259572029114,-0.0012861288413974978,130490.81043232053
1126.0263986587524,0.0014698615330257117,130491.12938908848
1126.1261365413666,0.00018373269162821396,130492.21645017964
1126.2262279987335,0.0012861288413974978,130492.99480516168
1126.3262894153595,0.0020210596079103535,130495.19532464551
1126.4259629249573,0.0019291932620962467,130494.97579218097
1126.5267074108124,0.0009186634581410698,130494.77821296288
1126.6264343261719,0.0015617278788398188,130494.20039166659
1126.7259311676025,0.0007349307665128559,130494.98035249993
1126.826551914215,-0.0009186634581410698,130494.38231724995
1126.926780462265,0.0005511980748846419,130494.34408552496
1127.0264012813568,-9.186634581410698e-05,130494.20967697247
1127.126071691513,0.0027559903744232093,130493.78870927524
1127.226227760315,0.00027559903744232096,130492.60983834771
1127.3262875080109,0.0016535942246539257,130492.14885451294
1127.4268090724945,0.0012861288413974978,130492.13396906164
1127.5264785289764,0.00027559903744232096,130491.42057215548
1127.6265060901642,-9.186634581410698e-05,130491.17851493994
1127.7263696193695,0.0028478567202373166,130492.86066344594
1127.8261034488678,0.0008267971123269628,130492.17459710136
1127.927252292633,0.0004593317290705349,130492.35713739123
1128.0263109207153,0.0008267971123269628,130491.3214236521
1128.1264157295227,0.0011942624955833907,130491.2892812869
1128.2261371612549,0.0023885249911667814,130491.26035315821
1128.3262639045715,0.0010105298039551768,130492.2343178424
1128.4264838695526,-0.0006430644206987489,130492.91088605818
1128.5262875556946,0.0017454605704680327,130494.51979745238
1128.626532793045,0.0014698615330257117,130494.36781770714
1128.726360797882,0.0011942624955833907,130493.83103593643
1128.8260068893433,0.0019291932620962467,130492.74793234278
1128.9264998435974,0.0011023961497692838,130493.47313910851
1129.0266511440277,0.0022047922995385677,130493.12582519765
1129.1262319087982,0.0005511980748846419,130493.31324267789
1129.2264184951782,0.0017454605704680327,130492.58191841011
1129.3262567520142,-0.0006430644206987489,130492.2237265691
1129.4265565872192,0.0016535942246539257,130491.70135391218
1129.5264511108398,0.0011942624955833907,130492.13121852097
1129.6262881755829,0.0015617278788398188,130493.01809666888
1129.726343870163,0.0029397230660514234,130493.316287002
1129.825822353363,-0.00027559903744232096,130492.58465830181
1129.926685810089,-0.00018373269162821396,130492.52619247163
1130.02654337883,-9.186634581410698e-05,130491.47357322447
1130.1263241767883,9.186634581410698e-05,130491.82621590202
1130.2261905670166,0.0008267971123269628,130492.24359431183
1130.3266508579254,0.0016535942246539257,130493.31923488065
1130.4267148971558,-0.0008267971123269628,130494.18731139258
1130.5263276100159,0.0016535942246539257,130493.86858025333
1130.6259171962738,0.00027559903744232096,130493.681722228
1130.726490020752,0.0022047922995385677,130494.4135500052
1130.8264980316162,0.0018373269162821396,130494.0721950047
1130.9260425567627,0.0017454605704680327,130494.16497550423
1131.0258526802063,0.0021129259537244604,130493.7484779538
1131.126261472702,-0.0004593317290705349,130494.67363015843
1131.2266829013824,0.0004593317290705349,130493.5062671426
1131.3264524936676,0.0009186634581410698,130493.25564042835
1131.4259896278381,0.0,130493.33007638552
1131.5261373519897,-0.0004593317290705349,130493.19706874697
1131.6264698505402,0.0011942624955833907,130493.57736187227
1131.7267875671387,0.0006430644206987489,130493.01962568505
1131.8264327049255,9.186634581410698e-05,130492.41766311655
1131.9260046482086,-0.0005511980748846419,130491.4758968049
1132.0266234874725,0.0007349307665128559,130490.32830712441
1132.1265444755554,0.0014698615330257117,130490.19547641196
1132.2260568141937,0.0011023961497692838,130490.37592877077
1132.3267166614532,0.0012861288413974978,130490.2383358937
1132.4260246753693,0.0006430644206987489,130490.91450230432
1132.5260016918182,0.0016535942246539257,130491.62305207389
1132.6263208389282,-0.0014698615330257117,130492.1607468665
1132.7268042564392,0.0012861288413974978,130492.64467217986
1132.8259103298187,0.0006430644206987489,130491.48020496187
1132.9262039661407,0.0008267971123269628,130490.83218446569
1133.0263583660126,0.0032153221034937444,130490.34896601913
1133.1265125274658,0.0010105298039551768,130489.71406941721
1133.2263462543488,0.0009186634581410698,130490.04266247549
1133.3258213996887,0.0015617278788398188,130489.13839622795
1133.4263019561768,-9.186634581410698e-05,130488.52455660516
1133.5259625911713,0.0009186634581410698,130489.47210094465
1133.626363992691,9.186634581410698e-05,130488.92489085018
1133.7259347438812,0.0012861288413974978,130488.53240176516
1133.825911283493,0.0012861288413974978,130488.57916158866
1133.9267299175262,0.0007349307665128559,130488.7212454298
1134.0258860588074,-0.0020210596079103535,130489.34912088682
1134.1265530586243,0.0039502528700066,130489.51420879815
1134.226621389389,0.0009186634581410698,130489.66278791835
1134.3260381221771,0.0021129259537244604,130489.69650912652
1134.426771402359,-0.0004593317290705349,130490.22685821386
1134.5266561508179,0.0004593317290705349,130490.30417239248
1134.6258554458618,0.00036746538325642793,130490.57375515324
1134.7265138626099,-0.00018373269162821396,130490.41637963793
1134.8264844417572,0.0011942624955833907,130491.07474167414
1134.9265069961548,0.0020210596079103535,130491.86726750672
1135.025797843933,0.00027559903744232096,130491.98054075605
1135.1261417865753,-9.186634581410698e-05,130491.68248668045
1135.2265212535858,0.0011023961497692838,130492.01423801242
1135.3261635303497,0.0022966586453526745,130492.61281421118
1135.4261419773102,-0.00027559903744232096,130493.15153279007
1135.526528596878,0.0016535942246539257,130493.33637951106
1135.626003742218,0.00036746538325642793,130495.50274155996
1135.7258677482605,0.0037665201783783865,130495.25246740397
1135.8259720802307,0.0016535942246539257,130494.62722066359
1135.9265656471252,-0.0009186634581410698,130493.26449859724
1136.0266888141632,0.0005511980748846419,130492.23804873752
1136.1267538070679,-0.0005511980748846419,130492.81424386377
1136.2262241840363,0.0007349307665128559,130492.0328194774
1136.326426267624,0.0011023961497692838,130492.52953752967
1136.42635679245,0.0007349307665128559,130491.87658377671
1136.5265641212463,0.00036746538325642793,130491.98892539904
1136.6261818408966,0.00018373269162821396,130492.79003285913
1136.7265400886536,0.0010105298039551768,130492.41102957324
1136.8264429569244,-0.0008267971123269628,130492.46992661592
1136.9264540672302,-0.0014698615330257117,130491.72293395433
1137.0266327857971,0.0009186634581410698,130490.9506405589
1137.1265006065369,0.0,130489.75557650303
1137.2262589931488,0.0028478567202373166,130489.98001885273
1137.326627254486,0.0013779951872116046,130489.08201696747
1137.4267556667328,0.0026641240286091024,130488.57381527073
1137.526388168335,0.0009186634581410698,130488.31643374368
1137.6259233951569,0.0021129259537244604,130488.58479036932
1137.7261064052582,0.0011023961497692838,130489.02631133239
1137.82670712471,0.0010105298039551768,130488.72368019915
1137.9268505573273,-0.0011942624955833907,130488.65131217924
1138.0258226394653,-0.0014698615330257117,130488.68618096132
1138.1265280246735,0.0005511980748846419,130488.6175628652
1138.226027727127,0.0005511980748846419,130488.75580657869
1138.3260946273804,0.00018373269162821396,130488.18022592082
1138.4264755249023,0.0011942624955833907,130487.76220332875
1138.5259075164795,-0.0006430644206987489,130487.08598299588
1138.6264474391937,-9.186634581410698e-05,130487.67738469629
1138.7259585857391,0.0009186634581410698,130487.70964622666
1138.8259675502777,0.0020210596079103535,130489.33868160401
1138.926466703415,0.0026641240286091024,130488.10481344361
1139.026180267334,0.00018373269162821396,130489.59433209925
1139.1263418197632,-0.0008267971123269628,130489.63489888933
1139.226182937622,-9.186634581410698e-05,130488.6714090004
1139.3259971141815,-0.00027559903744232096,130489.60426810036
1139.4262855052948,0.0009186634581410698,130490.64384129032
1139.526150226593,0.0007349307665128559,130491.27945716129
1139.626024723053,0.0011023961497692838,130491.35151144516
1139.7262632846832,0.0006430644206987489,130491.01636030065
1139.8260617256165,0.0008267971123269628,130489.3147242706
1139.9261388778687,0.0008267971123269628,130488.28325184356
1140.0265982151031,0.0008267971123269628,130489.95492665921
1140.1265981197357,0.0018373269162821396,130490.35943399329
1140.2260723114014,0.0013779951872116046,130489.02349059396
1140.326604604721,0.0011023961497692838,130488.62114153456
1140.4262011051178,0.0023885249911667814,130488.55902738111
1140.526644706726,0.0004593317290705349,130487.903124643
1140.6264626979828,0.0008267971123269628,130485.8128121787
1140.7260265350342,0.00027559903744232096,130487.23153096084
1140.826064825058,0.0020210596079103535,130487.60837786476
1140.9268350601196,0.0007349307665128559,130487.34754007829
1141.0262916088104,0.0024803913369808887,130488.41278607046
1141.1261231899261,0.0005511980748846419,130489.67150746343
1141.2264103889465,0.0008267971123269628,130488.90435671709
1141.3260986804962,0.0018373269162821396,130489.71392104538
1141.4263081550598,9.186634581410698e-05,130490.34252894085
1141.5265808105469,0.0022047922995385677,130490.00827604676
1141.626053094864,-9.186634581410698e-05,130488.70744844209
1141.7258570194244,0.0007349307665128559,130490.13670359789
1141.8262796401978,0.0,130491.22303323812
1141.926717042923,0.0014698615330257117,130491.70072991432
1142.026214838028,-0.0004593317290705349,130492.03065692289
1142.1259262561798,-9.186634581410698e-05,130491.8275912306
1142.2263691425323,0.0018373269162821396,130490.74483210755
1142.3265597820282,0.0008267971123269628,130490.17034889679
1142.4261755943298,-0.0008267971123269628,130490.55331400712
1142.5266871452332,0.0007349307665128559,130489.8979826064
1142.6267023086548,0.0014698615330257117,130490.30818434578
1142.7262473106384,0.00036746538325642793,130489.7773659112
1142.826147556305,0.0011023961497692838,130489.99962932008
1142.9268317222595,0.0009186634581410698,130491.29966638808
1143.0261590480804,0.0008267971123269628,130491.56969974926
1143.1263139247894,-0.0004593317290705349,130493.11272977434
1143.2262344360352,0.0014698615330257117,130494.0014567969
1143.3259010314941,0.0006430644206987489,130493.40131111722
1143.4259572029114,0.00027559903744232096,130493.66118000551
1143.5264489650726,-9.186634581410698e-05,130493.09506200497
1143.6258244514465,0.00018373269162821396,130492.78555580447
1143.7263951301575,0.0024803913369808887,130492.70700022402
1143.8263444900513,0.0007349307665128559,130493.43630020162
1143.9265251159668,0.0032153221034937444,130493.89267018146
1144.025927066803,0.0021129259537244604,130494.80340316333
1144.1261982917786,0.0006430644206987489,130494.72306284701
1144.2262375354767,0.0006430644206987489,130495.25075656231
1144.326020002365,0.0020210596079103535,130495.12568090609
1144.42653298378,0.00018373269162821396,130496.01311281548
1144.5266242027283,0.0024803913369808887,130495.31180153394
1144.6263177394867,0.0030315894118655303,130494.58062138055
1144.7259755134583,-0.0007349307665128559,130494.62255924249
1144.8259341716766,-0.00036746538325642793,130494.56030331826
1144.9260966777802,-0.0015617278788398188,130493.70427298643
1145.0259640216827,0.0008267971123269628,130493.4338456878
1145.1259529590607,0.0,130493.39046111902
1145.2261650562286,-0.0006430644206987489,130493.35141500713
1145.3261642456055,0.0029397230660514234,130492.31627350643
1145.426159620285,-0.0019291932620962467,130491.08464615578
1145.5261225700378,0.0016535942246539257,130490.07618154021
1145.6271541118622,-0.00018373269162821396,130490.16856338619
1145.726098060608,0.0022966586453526745,130489.35170704758
1145.8260915279388,-0.0007349307665128559,130488.81653634281
1145.9263682365417,-0.00036746538325642793,130489.23488270854
1146.0257370471954,0.0022966586453526745,130489.91139443769
1146.1263682842255,0.0015617278788398188,130490.42025499392
1146.2267458438873,0.0014698615330257117,130492.07822949452
1146.32608127594,0.0024803913369808887,130492.27040654508
1146.426322221756,0.0025722576827949956,130492.84336589059
1146.5259878635406,0.00036746538325642793,130493.25902930152
1146.6254789829254,0.0034909211409360655,130493.33312637138
